tree
version=v4
num_class=1
num_tree_per_iteration=1
label_index=0
max_feature_idx=439
objective=binary sigmoid:1
feature_names=TransactionDT TransactionAmt ProductCD card1 card2 card3 card4 card5 card6 addr1 addr2 dist1 dist2 P_emaildomain R_emaildomain C1 C2 C3 C4 C5 C6 C7 C8 C9 C10 C11 C12 C13 C14 D1 D2 D3 D4 D5 D6 D7 D8 D9 D10 D11 D12 D13 D14 D15 M1 M2 M3 M4 M5 M6 M7 M8 M9 V1 V2 V3 V4 V5 V6 V7 V8 V9 V10 V11 V12 V13 V14 V15 V16 V17 V18 V19 V20 V21 V22 V23 V24 V25 V26 V27 V28 V29 V30 V31 V32 V33 V34 V35 V36 V37 V38 V39 V40 V41 V42 V43 V44 V45 V46 V47 V48 V49 V50 V51 V52 V53 V54 V55 V56 V57 V58 V59 V60 V61 V62 V63 V64 V65 V66 V67 V68 V69 V70 V71 V72 V73 V74 V75 V76 V77 V78 V79 V80 V81 V82 V83 V84 V85 V86 V87 V88 V89 V90 V91 V92 V93 V94 V95 V96 V97 V98 V99 V100 V101 V102 V103 V104 V105 V106 V107 V108 V109 V110 V111 V112 V113 V114 V115 V116 V117 V118 V119 V120 V121 V122 V123 V124 V125 V126 V127 V128 V129 V130 V131 V132 V133 V134 V135 V136 V137 V138 V139 V140 V141 V142 V143 V144 V145 V146 V147 V148 V149 V150 V151 V152 V153 V154 V155 V156 V157 V158 V159 V160 V161 V162 V163 V164 V165 V166 V167 V168 V169 V170 V171 V172 V173 V174 V175 V176 V177 V178 V179 V180 V181 V182 V183 V184 V185 V186 V187 V188 V189 V190 V191 V192 V193 V194 V195 V196 V197 V198 V199 V200 V201 V202 V203 V204 V205 V206 V207 V208 V209 V210 V211 V212 V213 V214 V215 V216 V217 V218 V219 V220 V221 V222 V223 V224 V225 V226 V227 V228 V229 V230 V231 V232 V233 V234 V235 V236 V237 V238 V239 V240 V241 V242 V243 V244 V245 V246 V247 V248 V249 V250 V251 V252 V253 V254 V255 V256 V257 V258 V259 V260 V261 V262 V263 V264 V265 V266 V267 V268 V269 V270 V271 V272 V273 V274 V275 V276 V277 V278 V279 V280 V281 V282 V283 V284 V285 V286 V287 V288 V289 V290 V291 V292 V293 V294 V295 V296 V297 V298 V299 V300 V301 V302 V303 V304 V305 V306 V307 V308 V309 V310 V311 V312 V313 V314 V315 V316 V317 V318 V319 V320 V321 V322 V323 V324 V325 V326 V327 V328 V329 V330 V331 V332 V333 V334 V335 V336 V337 V338 V339 id_01 id_02 id_03 id_04 id_05 id_06 id_07 id_08 id_09 id_10 id_11 id_12 id_13 id_14 id_15 id_16 id_17 id_18 id_19 id_20 id_21 id_22 id_23 id_24 id_25 id_26 id_27 id_28 id_29 id_30 id_31 id_32 id_33 id_34 id_35 id_36 id_37 id_38 DeviceType DeviceInfo hour day TransactionAmt_zscore_card1 TransactionAmt_to_mean_card1 TransactionAmt_diff_mean_card1 card1_fq_enc card2_fq_enc P_emaildomain_fq_enc
feature_infos=[10091550:13111497] [0.36399999260902405:5279.9501953125] [0:4] [1006:18395] [100:600] [100:229] [-1:3] [100:237] [-1:3] [104:536] [10:98] [0:6466] [0:10237] [-1:58] [-1:59] [0:1377] [0:1520] [0:25] [0:1019] [0:335] [0:1037] [0:92] [0:532] [0:199] [0:487] [0:1088] [0:178] [0:945] [0:737] [0:638] [0:638] [0:749] [-74:835] [0:819] [-74:837] [0:801] [0:1638.875] [0:0.95833301544189453] [0:837] [-29:637] [-74:634] [0:818] [0:838] [-74:843] [-1:1] [-1:1] [-1:1] [-1:2] [-1:1] [-1:1] [-1:1] [-1:1] [-1:1] [0:1] [0:8] [0:8] [0:6] [0:6] [0:9] [0:9] [0:8] [0:8] [0:4] [0:4] [0:3] [0:6] [0:1] [0:3] [0:5] [0:6] [0:6] [0:4] [0:6] [0:3] [0:7] [0:10] [0:10] [0:3] [0:5] [0:1] [0:2] [0:4] [0:5] [0:3] [0:5] [0:3] [0:5] [0:3] [0:3] [0:21] [0:42] [0:9] [0:24] [0:1] [0:4] [0:6] [0:33] [0:37] [0:4] [0:6] [0:4] [0:5] [0:4] [0:4] [0:6] [0:3] [0:3] [0:12] [0:22] [0:5] [0:7] [0:9] [0:11] [0:6] [0:7] [0:7] [0:7] [0:1] [0:4] [0:5] [0:2] [0:4] [0:5] [0:5] [0:7] [0:4] [0:5] [0:3] [0:3] [0:21] [0:25] [0:7] [0:14] [0:14] [0:4] [0:7] [0:7] [0:7] [0:19] [0:19] [0:1] [0:1] [0:4] [0:5] [0:4] [0:7] [0:2] [0:18] [0:105] [0:29] [0:5] [0:59] [0:21] [0:14] [0:43] [0:22] [0:10] [0:30] [0:21] [0:1] [0:4] [0:4] [0:4] [0:6] [0:6] [0:6] [0:6] [0:6] [0:6] [0:2] [0:2] [0:2] [0:2] [0:3] [0:2] [0:10] [0:10] [0:10] [0:160000] [0:160000] [0:160000] [0:4159.89990234375] [0:30250] [0:4489.89990234375] [0:57600] [0:57600] [0:57600] [0:90750] [0:90750] [0:90750] [0:7] [0:15] [0:15] [0:3] [0:5] [0:11] [0:9] [0:22] [0:7] [0:7] [0:5] [0:5] [1:120] [1:19] [1:59] [0:4] [0:4] [0:5] [0:5] [0:5] [0:6] [0:2100] [0:30250] [0:525] [0:1140] [0:525] [0:12080] [0:12080] [0:90750] [0:36] [0:60] [0:18] [0:37] [0:61] [0:6] [0:3] [0:4] [0:9] [0:25] [0:36] [0:60] [0:60] [0:32] [0:8] [0:23] [0:15] [0:8] [0:8] [0:17] [0:62] [0:18] [0:19] [0:22] [0:6] [0:25] [0:13] [0:5] [0:8] [0:10] [0:6] [0:14] [0:36] [0:36] [0:55] [0:64800] [0:90750] [0:64800] [0:2100] [0:2100] [0:3250] [0:675] [0:4725] [0:1825] [0:12080] [0:12080] [0:12080] [0:64800] [0:64800] [0:64800] [0:36] [0:64] [0:40] [0:25] [0:54] [0:54] [0:5] [0:24] [0:19] [0:192] [0:50] [0:25] [0:38] [0:35] [0:36] [0:56] [0:39] [0:63] [0:8] [0:8] [0:8] [0:8] [0:8] [0:2] [0:2] [0:17] [0:19] [0:18] [0:46] [0:22] [0:5] [0:5] [0:5] [0:5] [0:5] [0:6] [0:18] [0:17] [0:31] [0:31] [0:36] [0:36] [0:46] [0:5] [0:18] [0:9] [0:153600] [0:153600] [0:153600] [0:2100] [0:2100] [0:2100] [0:2100] [0:575] [0:785] [0:575] [0:51200] [0:51200] [0:51200] [0:64800] [0:64800] [0:64800] [0:47] [0:257] [0:13] [0:14] [0:22] [0:7] [0:80] [0:3] [0:21] [0:10] [0:12] [1:47] [1:858] [1:252] [0:47] [0:885] [0:257] [0:38] [0:10] [0:34] [0:26] [0:7] [0:10] [0:9] [0:14] [0:11] none [0:108800] [0:121000] [0:108800] [0:4159.89990234375] [0:30250] [0:4159.89990234375] [0:4159.89990234375] [0:4159.89990234375] [0:7519.8701171875] [0:4159.89990234375] [0:57600] [0:62595.3828125] [0:57600] [0:90750] [0:90750] [0:90750] [0:12] [0:40] [0:16] [0:4] [0:33] [0:14] [0:8] [0:15] [0:11] [0:160000] [0:160000] [0:160000] [0:2100] [0:2100] [0:2100] [0:64800] [0:64800] [0:64800] [-100:0] [1:994720] [-13:6] [-13:0] [-33:47] [-100:0] [-31:39] [-100:0] [-31:17] [-100:0] [90:100] [-1:1] [11:64] [-600:600] [-1:2] [-1:1] [100:225] [11:29] [100:669] [100:657] [101:854] [12:41] [-1:2] [11:26] [100:548] [100:216] [-1:1] [-1:1] [-1:1] [-1:73] [-1:125] [16:32] [-1:258] [-1:3] [-1:1] [-1:1] [-1:1] [-1:1] [-1:1] [-1:1784] [0:23] [0:6] [-4.8828125045474735:26.247163754129616] [0.0029907390544060062:44.866758287926146] [-2009.9849999999999:5075.3018807371836] [1:14932] [0:48935] [0:228355]
tree_sizes=3397 3427 3419 3418 3427 3422 3447 3426 3465 3443 3441 3472 3467 3477 3481 3478 3471 3482 3477 3473 3508 3457 3482 3475 3486 3469 3470 3501 3468 3486 3489 3468 3483 3484 3477 3472 3487 3480 3499 3480 3476 3497 3476 3506 3477 3461 3493 3501 3484 3485 3426 3404 3438 3390 3424 3439 3413 3437 3444 3444 3449 3474 3436 3452 3468 3456 3475 3452 3434 3471 3455 3475 3472 3464 3463 3473 3476 3469 3477 3486 3444 3452 3485 3478 3472 3475 3461 3471 3502 3473 3466 3470 3479 3487 3480 3498 3506 3489 3463 3473 3464 3452 3465 3453 3449 3463 3464 3462 3484 3494 3500 3490 3493 3486 3499 3480 3468 3482 3482 3509 3514 3504 3482 3492 3497 3512 3504 3511 3515 3474 3492 3470 3463 3474 3481 3479 3503 3489 3485 3533 3502 3501 3502 3521 3503 3511 3508 3479 3496 3491 3451 3458 3467 3435 3478 3460 3482 3469 3456 3456 3458 3461 3466 3480 3464 3490 3515 3442 3455 3447 3476 3487 3502 3461 3458 3490 3476 3481 3469 3474 3460 3491 3492 3493 3467 3495 3444 3501 3481 3508 3467 3481 3471 3507 3482 3500 3493 3477 3489 3493 3430 3445 3435 3433 3424 3442 3435 3463 3458 3455 3448 3483 3481 3467 3439 3461 3474 3459 3478 3482 3502 3483 3480 3501 3474 3504 3485 3475 3514 3493 3491 3461 3507 3485 3510 3486 3480 3476 3488 3491 3491 3491 3485 3480 3530 3531 3522 3520 3497 3488

Tree=0
num_leaves=31
num_cat=0
split_feature=253 97 375 21 208 224 109 311 369 105 30 207 343 43 435 96 28 5 251 437 396 267 69 434 287 296 16 27 15 106
split_gain=6862.7 2363.41 1766.12 1656.29 1625.62 1256.04 1224.44 945.553 914.011 950.722 1226.91 657.632 534.837 461.926 429.376 422.72 403.364 679.281 381.64 323.594 314.658 309.735 308.716 296.115 280.696 267.117 263.955 254.409 252.554 250.462
threshold=2.5000000000000004 3.5000000000000004 1.5000000000000002 2.5000000000000004 2.5000000000000004 1.0000000180025095e-35 1.0000000180025095e-35 2.5000000000000004 249.89565277099612 1.5000000000000002 51.500000000000007 1.5000000000000002 12.500000000000002 76.500000000000014 0.20149040276503552 1.5000000000000002 1.0000000180025095e-35 174.00000000000003 1.5000000000000002 1371.5000000000002 -6.4999999999999991 48.490999221801765 2.5000000000000004 -0.50580042106010981 1.0000000180025095e-35 1.5000000000000002 2.5000000000000004 20.500000000000004 3.5000000000000004 1.0000000180025095e-35
decision_type=10 10 10 2 10 8 10 10 10 10 10 10 8 10 2 10 2 10 10 2 10 10 10 2 8 10 2 2 2 10
left_child=1 3 5 4 8 28 19 12 11 14 -11 16 15 26 23 -8 17 -1 -19 20 -5 -7 -18 -10 -20 -13 -3 29 -2 -16
right_child=2 13 -4 6 -6 21 7 -9 9 10 -12 25 -14 -15 27 -17 22 18 24 -21 -22 -23 -24 -25 -26 -27 -28 -29 -30 -31
leaf_value=-3.6311883888500298 -2.9606239998170301 -3.3417428893188701 -3.6086357689396422 -3.3690657508824211 -2.5425491885850056 -3.5289335579031968 -3.5757060926895261 -2.6720421122718347 -3.4179927355427324 -3.5281812388113343 -2.4674113192852412 -3.4456769117370829 -2.6242207856499675 -3.6696172280814801 -3.6253760506377786 -3.2732141986946122 -3.6562751521367551 -3.4904649750059624 -2.6442063058729235 -3.5253525190259318 -2.5861477053391901 -2.8280730919241135 -3.0255783483692089 -2.6061273856848066 -3.3459464064824926 -2.9264353935528962 -2.6176870578847709 -3.6603050211969239 -2.5743691403525215 -3.5150666872898411
leaf_weight=126.46751638501883 1.9464219175279103 0.54899079725146283 3.4436695463955393 0.59889905154705125 1.1977981030940998 2.3456879518926157 41.848071226850152 1.1728439759463061 1.0730274673551319 2.5453209690749636 1.597064137458801 2.5453209690749641 0.57394492439925571 0.5739449243992566 31.192658934742212 4.6165135223418465 2156.3360350951552 19.089907268062237 0.84844032302498762 0.62385317869484413 2.0212842989712945 0.74862381443381298 0.69871556013822456 0.64880730584263702 1.2976146116852758 1.3724769931286571 2.5952292233705521 32.215778147801757 7.0121097285300493 45.616144426167011
leaf_count=5068 78 22 138 24 48 94 1677 47 43 102 64 102 23 23 1250 185 86412 765 34 25 81 30 28 26 52 55 104 1291 281 1828
internal_value=-3.63883 -3.64276 -3.00947 -3.6439 -3.64747 -2.83828 -3.47547 -3.51343 -3.64802 -3.56543 -3.11921 -3.65213 -3.53441 -2.88697 -3.58212 -3.54565 -3.65279 -3.60483 -3.44782 -2.9113 -2.7651 -3.35937 -3.65607 -3.11207 -3.06851 -3.26378 -2.74411 -3.58954 -2.65829 -3.55986
internal_weight=2495.41 2479.92 15.4965 2476.2 2424.74 12.0528 51.4554 48.2114 2423.54 114.889 4.14239 2308.66 47.0385 3.71816 110.746 46.4646 2304.74 147.703 21.236 3.24404 2.62018 3.09431 2157.03 1.72183 2.14605 3.9178 3.14422 109.025 8.95853 76.8088
internal_count=100000 99379 621 99230 97168 483 2062 1932 97120 4604 166 92516 1885 149 4438 1862 92359 5919 851 130 105 124 86440 69 86 157 126 4369 359 3078
is_linear=0
shrinkage=1


Tree=1
num_leaves=31
num_cat=0
split_feature=241 26 369 139 438 208 48 25 365 97 28 5 30 337 27 430 130 87 4 43 30 27 232 436 16 327 439 119 43 25
split_gain=3905.46 1426.7 959.507 732.043 637.975 561.955 531.318 479.29 418.566 371.909 321.871 391.693 317.374 315.054 307.295 247.697 200.765 425.059 323.722 235.743 185.697 182.99 171.96 163.68 161.737 160.809 156.34 267.243 399.27 149.405
threshold=1.5000000000000002 2.5000000000000004 108.70270156860353 1.5000000000000002 47063.000000000007 1.5000000000000002 1.0000000180025095e-35 2.5000000000000004 170.98500061035159 2.5000000000000004 1.0000000180025095e-35 181.50000000000003 472.50000000000006 3.5000000000000004 1.0000000180025095e-35 1.0000000180025095e-35 2.5000000000000004 1.0000000180025095e-35 474.50000000000006 25.500000000000004 5.5000000000000009 2.5000000000000004 1.0000000180025095e-35 -106.45180406211075 7.5000000000000009 112.25524902343751 164644.50000000003 1.5000000000000002 11.500000000000002 5.5000000000000009
decision_type=10 2 10 8 2 10 2 2 2 10 2 10 8 10 2 2 10 10 8 10 8 2 10 2 2 10 2 10 10 2
left_child=1 2 5 9 16 10 23 14 13 21 11 -1 -5 -8 -2 -7 26 -18 -19 -20 -12 29 -14 -6 -10 -13 -4 -28 -29 -3
right_child=7 3 4 12 6 15 8 -9 24 -11 20 25 22 -15 -16 -17 17 18 19 -21 -22 -23 -24 -25 -26 -27 27 28 -30 -31
leaf_value=0.0058735252353569814 0.33997178175765363 0.13976746699454895 0.0076644119595641134 0.088471244498884175 0.51183101298558065 0.089049147405416085 -0.008141911065991915 0.37504622136276439 0.95722448510903546 0.39983741308873111 0.022125920569148708 0.12313943086065413 0.39504470936379227 0.38287723776957427 0.082737227828208026 0.44022015461169062 0.0067608212230417268 0.048825644772325594 0.25475266451970036 0.92923106973708791 -0.020646720766990902 0.033750767910437962 -0.0031249817950387213 0.00048490939023272748 0.41251053220241812 0.51385026993873273 0.053496077534824944 0.03461854202867725 0.69647034569493138 0.53348665890560831
leaf_weight=121.08440056815743 6.3771793656051186 4.7469664271920911 102.0865595433861 5.2657539546489742 0.60810009203851212 3.9901944473385802 2.6299816165119392 23.737839443609118 1.2448066379874956 2.9185126814991227 95.829560741782188 22.580503409728411 12.304544400423763 6.2895955219864845 12.129248732700942 3.3049741387367249 4.7910252958536139 1.1278739068657162 0.73348494246602092 1.2807519976049659 1954.8081299830228 49.659290574491024 1.0603057164698828 7.6624413710087538 0.80969124659895886 0.98962372168898483 54.416703363880515 1.8329516984522336 1.484880832955241 1.0613774284720419
leaf_count=4815 144 180 3952 170 23 120 96 491 45 59 3892 762 299 124 424 73 188 41 19 41 79609 1843 28 296 14 20 2085 69 55 23
internal_value=-0.000189836 -0.00508824 -0.00918432 0.122 0.0560583 -0.0147234 0.219659 0.285823 0.356503 0.0697541 -0.0155969 0.0276539 0.285734 0.267583 0.171378 0.248142 0.0372901 0.184597 0.455758 0.68362 -0.0186479 0.0523862 0.363456 0.0380822 0.742549 0.139544 0.0299782 0.0694335 0.330827 0.211713
internal_weight=2508.85 2466.6 2389.59 77.0168 186.999 2202.59 19.2446 42.2443 10.9741 58.3861 2195.29 144.655 18.6306 8.91958 18.5064 7.29517 167.754 7.93314 3.14211 2.01424 2050.64 55.4676 13.3649 8.27054 2.0545 23.5701 159.821 57.7345 3.31783 5.80834
internal_count=100000 98941 96339 2602 7048 89291 598 1059 279 2105 89098 5597 497 220 568 193 6450 289 101 60 83501 2046 327 319 59 782 6161 2209 124 203
is_linear=0
shrinkage=0.03


Tree=2
num_leaves=31
num_cat=0
split_feature=297 22 369 27 15 252 27 25 47 15 105 25 119 32 372 435 30 105 318 362 97 130 48 250 27 108 138 208 48 3
split_gain=2706.36 1289.3 822.041 478.42 404.536 363.91 343.249 315.266 307.555 284.719 278.532 254.634 204.624 187.809 204.748 180.76 178.476 169.566 169.033 155.597 149.069 147.305 150.813 146.494 140.762 133.54 128.691 121.606 119.501 139.932
threshold=1.5000000000000002 2.5000000000000004 108.70270156860353 1.5000000000000002 2.5000000000000004 1.5000000000000002 1.0000000180025095e-35 8.5000000000000018 1.5000000000000002 2.5000000000000004 1.5000000000000002 747.50000000000011 1.5000000000000002 478.50000000000006 49.975000381469734 0.24187939095370919 5.5000000000000009 1.5000000000000002 152.50000000000003 115.92499923706056 1.5000000000000002 4.5000000000000009 -1.0000000180025095e-35 1.5000000000000002 1.0000000180025095e-35 2.5000000000000004 1.5000000000000002 1.5000000000000002 1.0000000180025095e-35 13343.500000000002
decision_type=10 2 10 2 2 8 2 2 2 2 10 2 10 10 10 2 8 8 8 10 10 10 2 10 2 10 8 10 2 2
left_child=1 2 6 9 24 20 8 -7 23 -3 12 -9 15 14 -14 28 -8 26 -6 -12 27 -17 -23 -1 -2 -16 -10 -5 -4 -30
right_child=4 3 10 5 18 7 16 11 17 -11 19 -13 13 -15 25 21 -18 -19 -20 -21 -22 22 -24 -25 -26 -27 -28 -29 29 -31
leaf_value=0.006715775099994512 0.22384312890299757 0.081566150666187179 0.026146093275305791 0.021636417414461418 0.28513092983633703 0.013439360213259994 0.021255789644740206 0.31872423218658552 0.072320630512692052 0.40203152471776915 -0.030877763014914593 0.081092771589926074 0.056531594987868021 0.53259953790870573 0.057411755815743634 0.020604738431372963 -0.020503144517771795 0.51613637835258275 -0.031479789900516121 0.26730439598266797 0.14955032862193812 -0.030792234019316717 0.43939192558862922 0.27533250499657785 0.03389052602674017 0.47943712546432471 0.24511880381619824 0.25289516472711016 0.32467701851853242 -0.030874254204461517
leaf_weight=125.47239176183939 5.0412409268319633 3.9997691232711059 3.6825377736240608 76.003471788018942 33.883437691256404 8.0908372327685374 96.820338740944862 12.035472044721248 16.246964391320951 6.6329208556562662 1.9803995750844459 6.1230729259550563 10.599477581679819 1.063094213604926 1.0196137707680457 157.30977005697787 1894.8087961431593 0.98518188297748466 1.5887754969298828 7.6939628086984158 10.24911132827401 1.0269930399954321 1.5266309864819039 1.8542424682527769 11.56728179939091 1.9953939039260147 5.0954698715358964 2.1030727215111247 4.4529403038322926 1.2833297252655027
leaf_count=4890 102 144 137 2901 521 276 3844 185 509 135 72 163 346 20 38 5871 78547 21 44 127 237 41 24 37 419 43 126 41 92 47
internal_value=-0.000267488 -0.00479793 -0.0098277 0.0889765 0.213739 0.0711167 -0.0151806 0.169195 0.028637 0.28148 0.0493664 0.238595 0.0411152 0.148568 0.11858 0.0317985 -0.0184731 0.131338 0.27095 0.206265 0.0419787 0.0242738 0.250298 0.0106276 0.0915475 0.336717 0.113576 0.0278632 0.159514 0.245132
internal_weight=2512.24 2460.16 2334.92 125.238 52.0807 114.605 2141.28 26.2494 149.654 10.6327 193.634 18.1585 183.96 14.6776 13.6145 169.282 1991.63 22.3276 35.4722 9.67436 88.3557 159.863 2.55362 127.327 16.6085 3.01501 21.3424 78.1065 9.41881 5.73627
internal_count=100000 98914 94832 4082 1086 3803 87974 624 5583 279 6858 348 6659 447 427 6212 82391 656 565 199 3179 5936 65 4927 521 81 635 2942 276 139
is_linear=0
shrinkage=0.03


Tree=3
num_leaves=31
num_cat=0
split_feature=241 22 369 438 27 28 10 139 15 65 15 30 208 96 27 439 435 369 333 26 359 307 15 138 303 9 106 3 3 365
split_gain=2263.35 1113.08 745.683 366.013 363.032 341.347 296.868 226.627 225.219 216.883 193.462 168.409 146.83 148.004 142.48 137.32 162.26 166.747 150.231 112.874 112.691 111.538 106.336 102.791 100.431 97.4017 93.8173 92.168 92.1156 154.56
threshold=1.5000000000000002 2.5000000000000004 108.70270156860353 47063.000000000007 2.5000000000000004 1.0000000180025095e-35 80.500000000000014 1.5000000000000002 3.5000000000000004 1.0000000180025095e-35 2.5000000000000004 5.5000000000000009 1.5000000000000002 1.5000000000000002 20.500000000000004 164644.50000000003 1.239403820061012 521.58715820312511 1.5000000000000002 4.5000000000000009 379.12500000000006 1.5000000000000002 1.5000000000000002 1.5000000000000002 1.5000000000000002 203.50000000000003 1.0000000180025095e-35 7803.0000000000009 6328.5000000000009 54.50525093078614
decision_type=10 2 10 2 2 2 10 10 2 10 2 8 10 10 2 2 2 10 2 2 10 10 2 10 10 10 10 2 2 2
left_child=1 2 5 14 8 6 22 12 -3 -5 21 -7 13 -6 15 -4 17 27 25 -9 -11 -2 23 -1 -8 -19 -22 28 -17 -30
right_child=10 4 3 9 7 11 24 19 -10 20 -12 -13 -14 -15 -16 16 -18 18 -20 -21 26 -23 -24 -25 -26 -27 -28 -29 29 -31
leaf_value=0.068375258279582699 0.036115902705182105 0.086438892384859037 0.019629515792738941 -0.025120614334903438 0.021564925982660729 0.019751995328117038 0.0029885385105291539 -0.019566747473588365 0.27051879034397208 -0.004754111622817617 0.20408086681622178 -0.020505613174599448 0.22674214365122208 0.18952093094790279 -0.018672042547653062 0.096076809811377617 0.010156055324983988 -0.030974368518502264 0.58128515414570736 0.19553675696703038 -0.030804292087034977 0.22778897860916186 0.21387294387503594 0.37333077189468966 0.25198551029730792 0.22403920212550593 0.2362609982257472 0.02899532881500335 0.10088748780573925 0.5900992391794706
leaf_weight=25.626342285424474 11.554717501625417 11.208783624693753 80.05715623870492 5.0890456326305893 85.647189980372787 98.480481004342437 119.78435361199081 2.6257358863949802 12.827593700960277 2.2989738695323494 49.256401842460036 1857.2812871560454 3.5787316206842652 4.9975255485624066 41.816770454868674 7.781881174072625 18.956246003508568 1.6088177338242502 0.93086509592831213 13.40101965330541 1.2710457053035522 3.5786711890250436 6.7040073089301577 1.0349520780146111 1.4758406691253174 8.314080869778989 17.253314916044474 15.016196819022296 1.3631738498806956 1.0132574960589407
leaf_count=763 343 347 2897 173 3107 3834 4673 89 173 88 646 78553 53 89 1597 257 651 54 29 210 50 70 138 19 29 186 277 532 45 28
internal_value=-0.000312477 -0.00493154 -0.00980617 0.0451446 0.0790366 -0.015086 0.0278238 0.0560051 0.184678 0.150444 0.175257 -0.0184785 0.0382661 0.0308249 0.0297167 0.0447007 0.0812042 0.118586 0.216878 0.160295 0.193351 0.0814418 0.107069 0.0802132 0.00601905 0.182693 0.217936 0.0762083 0.145999 0.309477
internal_weight=2511.83 2447.44 2313.16 202.771 134.287 2110.39 154.625 110.25 24.0364 25.9124 64.3898 1955.76 94.2234 90.6447 176.858 135.042 54.9845 36.0283 10.8538 16.0268 20.8233 15.1334 33.3653 26.6613 121.26 9.9229 18.5244 25.1745 10.1583 2.37643
internal_count=100000 98941 94873 6864 4068 88009 5622 3548 520 588 1059 82387 3249 3196 6276 4679 1782 1131 269 299 415 413 920 782 4702 240 327 862 330 73
is_linear=0
shrinkage=0.03


Tree=4
num_leaves=31
num_cat=0
split_feature=26 208 369 310 28 438 97 10 14 8 65 25 27 15 393 119 3 30 119 27 436 366 4 4 249 9 138 365 359 1
split_gain=1893.95 1055.22 719.192 433.086 315.64 275.51 253.591 215.442 183.47 160.546 159.295 153.841 140.819 136.259 135.109 131.997 126.148 117.405 113.257 103.179 98.029 173.384 108.805 81.7682 81.3648 78.6694 78.5074 75.4151 71.8843 70.4605
threshold=1.5000000000000002 1.5000000000000002 108.70270156860353 2.5000000000000004 1.0000000180025095e-35 47063.000000000007 1.5000000000000002 80.500000000000014 1.5000000000000002 1.5000000000000002 1.0000000180025095e-35 2.5000000000000004 20.500000000000004 4.5000000000000009 102893.00000000001 1.5000000000000002 9404.0000000000018 4.5000000000000009 3.5000000000000004 8.5000000000000018 -114.18648960717597 87.969997406005874 404.50000000000006 181.50000000000003 1.5000000000000002 419.00000000000006 1.5000000000000002 70.255050659179702 379.12500000000006 76.974998474121108
decision_type=2 10 10 10 2 2 8 10 2 2 10 2 2 2 8 10 2 8 8 2 2 2 8 10 10 10 8 2 10 2
left_child=1 2 4 6 7 12 9 23 -3 14 -7 -9 15 -8 -2 20 27 29 -11 -15 21 -4 -23 26 -19 28 -1 -17 -12 -6
right_child=3 8 5 -5 17 10 13 11 -10 18 25 -13 -14 19 -16 16 -18 24 -20 -21 -22 22 -24 -25 -26 -27 -28 -29 -30 -31
leaf_value=0.091212075114951441 0.19002386073593042 -0.0058001698463312499 0.016610792058232602 0.18792762095932111 -0.005855726765990373 -0.019903147880418387 0.061963628819029712 0.0026079102249182634 0.2006246371684057 0.0060396389354554145 0.00058106684809222414 0.32649273923823796 -0.017892403503740353 0.22536180143713747 0.057746787917386029 0.25407850404986704 -0.021258714751340314 -0.020396869188075897 0.38413899981293348 0.11337515150920127 0.026578196221728519 0.087675567383315348 0.36204780151453347 0.066432046491755103 0.16579994843627674 -0.016656924640546245 0.28743537262117536 0.034775196449803009 0.19314708220085564 0.048637755124257699
leaf_weight=4.1670443285256615 9.2822674736380559 4.5712437797337797 6.8851515594869834 35.454738408327103 56.437328480184078 5.405737183988097 17.999914487823844 120.25519360974431 25.446012955158949 56.648603428155184 1.9084734562784493 1.3345245011150826 43.96457127854228 14.104996111243965 27.653379335999489 6.2717257142066938 3.0649709273129693 1837.3050745390356 0.72210084460675616 15.587544383481143 116.1374756321311 2.2728588785976171 3.0415537469089031 29.667575262486935 2.1146287079900494 2.0719159916043273 3.2791052088141441 1.8210458457469938 20.329371493309736 34.353948717936873
leaf_count=118 206 105 227 353 2149 186 551 4675 314 1981 73 25 1700 177 918 104 99 79106 20 239 3992 73 63 738 43 64 53 55 278 1315
internal_value=-0.00034515 -0.00753425 -0.00983857 0.0941345 -0.0151952 0.0426512 0.0707159 0.0254741 0.169189 0.0422058 0.127394 0.00616275 0.0289252 0.127092 0.0909892 0.0436807 0.142653 -0.018539 0.0107986 0.166573 0.035076 0.115974 0.244705 0.0887406 -0.0201828 0.160148 0.177624 0.204731 0.176621 0.0147637
internal_weight=2509.56 2332.11 2302.09 177.454 2088.91 213.175 141.999 158.703 30.0173 94.3064 29.7155 121.59 183.459 47.6925 36.9356 139.495 11.1577 1930.21 57.3707 29.6925 128.337 12.1996 5.31441 37.1137 1839.42 24.3098 7.44615 8.09277 22.2378 90.7913
internal_count=100000 95555 95136 4445 88222 6914 4092 5609 419 3125 601 4700 6313 967 1124 4613 258 82613 2001 416 4355 363 136 909 79149 415 171 159 351 3464
is_linear=0
shrinkage=0.03


Tree=5
num_leaves=31
num_cat=0
split_feature=26 208 369 438 28 30 438 408 346 14 27 15 65 30 24 439 59 333 119 90 437 9 18 310 129 4 160 90 15 249
split_gain=1658.13 882.067 665.018 324.969 298.923 276.486 221.993 182.392 130.977 130.609 125.701 124.934 121.779 113.005 110.245 104.538 107.661 105.875 100.908 102.901 114.391 114.749 98.908 93.4406 87.264 86.0537 78.0237 72.4439 69.4262 69.0075
threshold=1.5000000000000002 1.5000000000000002 108.70270156860353 5462.0000000000009 1.0000000180025095e-35 4.5000000000000009 47063.000000000007 170.50000000000003 13.500000000000002 1.5000000000000002 20.500000000000004 2.5000000000000004 1.0000000180025095e-35 4.5000000000000009 1.5000000000000002 164644.50000000003 2.5000000000000004 1.5000000000000002 1.5000000000000002 4.5000000000000009 12.500000000000002 259.00000000000006 455.50000000000006 2.5000000000000004 1.5000000000000002 181.50000000000003 1.5000000000000002 2.5000000000000004 1.5000000000000002 1.5000000000000002
decision_type=2 10 10 2 2 10 2 10 8 2 2 2 10 8 2 2 10 2 10 10 2 10 2 10 8 10 2 8 2 10
left_child=1 2 4 5 7 11 10 14 23 -3 15 -2 -8 -6 -1 16 -4 18 19 20 21 -17 -13 26 -19 -9 -5 -24 -23 -15
right_child=3 9 6 8 13 -7 12 25 -10 -11 -12 22 -14 29 -16 17 -18 24 -20 -21 -22 28 27 -25 -26 -27 -28 -29 -30 -31
leaf_value=0.0046038293065857354 0.052223019509999358 -0.0056552582585340742 0.014392870581663645 0.013602112059621878 0.01410503244245041 0.010660727409481815 -0.019674787186427345 0.18384475866691571 0.18324764960653342 0.16703019965897856 -0.017656200836519441 0.17228833716609143 0.13733361565468197 -0.020179249524296072 0.19675090311999588 -0.030958484189907889 0.29074952901757356 0.24430848099021998 0.16050701358264188 0.21789411165981223 0.015936407903629362 0.21604708381712801 0.05750014544480056 0.12355949466072427 0.034845793535054841 0.063046199065441164 0.2360304261209836 0.20015833789004847 0.61697597356063816 0.14000550807191753
leaf_weight=128.57641453295946 12.594111187383531 4.5480834972113362 81.982351606711745 67.541306659579277 92.095306063070893 17.826283296570182 5.3059445992112151 6.7885222341865328 5.3559846840798846 29.573809411376715 43.227376133203506 60.434816895052791 27.432165844365954 1801.9434833712876 2.7447668202221385 1.0100767146795981 1.2886544689536084 5.2154972516000262 7.0984627306461325 2.7294856235384932 41.528041649609804 0.97133634798228718 13.427404612302782 8.5242248103022558 2.7254766225814819 24.32749735750258 1.4498156085610379 4.2075984179973593 0.64805950224399567 2.4237066097557536
leaf_count=4867 418 105 2838 2135 3464 564 186 124 57 314 1700 768 415 79106 70 34 17 122 94 23 1353 31 349 90 82 548 21 43 19 43
internal_value=-0.000370402 -0.00738831 -0.00965408 0.0844989 -0.0149642 0.118667 0.03978 0.024094 0.039768 0.144013 0.0272517 0.139903 0.111887 -0.0183096 0.00861993 0.0406214 0.0186696 0.0701394 0.0550948 0.039136 0.0280865 0.219976 0.154048 0.0298541 0.172417 0.0894006 0.0182763 0.0915375 0.376493 -0.0199641
internal_weight=2505.55 2314.18 2280.06 191.362 2058.9 108.49 221.163 162.437 82.8713 34.1219 188.425 90.6639 32.7381 1896.46 131.321 145.197 83.271 61.9264 53.9855 46.887 44.1575 2.62947 78.0698 77.5153 7.94097 31.116 68.9911 17.635 1.6194 1804.37
internal_count=100000 95555 95136 4445 88222 2142 6914 5609 2303 419 6313 1578 601 82613 4937 4613 2855 1758 1554 1460 1437 84 1160 2246 204 672 2156 392 50 79149
is_linear=0
shrinkage=0.03


Tree=6
num_leaves=31
num_cat=0
split_feature=26 208 346 28 15 27 438 5 110 48 311 109 25 47 249 27 48 8 43 367 108 366 356 366 439 400 8 127 139 263
split_gain=1467.9 756.165 554.111 294.676 267.85 316.37 200.311 158.205 137.459 126.056 123.685 114.786 112.396 102.993 122.028 102.448 110.414 200.754 127.199 123.968 96.2967 83.307 76.6918 71.9358 132.698 69.457 68.7737 67.951 67.8082 64.1214
threshold=1.5000000000000002 1.5000000000000002 1.5000000000000002 1.0000000180025095e-35 3.5000000000000004 8.5000000000000018 47063.000000000007 174.00000000000003 1.5000000000000002 1.0000000180025095e-35 2.5000000000000004 3.5000000000000004 2.5000000000000004 -1.0000000180025095e-35 1.5000000000000002 20.500000000000004 -1.0000000180025095e-35 1.5000000000000002 54.500000000000007 216.44999694824222 2.5000000000000004 224.97499847412112 1.5000000000000002 149.97499847412112 73092.000000000015 4.5000000000000009 1.5000000000000002 1.5000000000000002 2.5000000000000004 500.80659484863287
decision_type=2 10 10 2 2 2 2 10 8 2 10 8 2 2 10 2 2 2 10 2 8 2 10 2 2 10 2 10 10 8
left_child=1 2 3 7 11 -6 15 12 10 -8 28 -2 25 14 22 16 -4 18 19 -18 -19 -11 -5 -24 -25 -1 -9 -17 -7 -3
right_child=4 29 6 13 5 8 9 26 -10 21 -12 -13 -14 -15 -16 27 17 20 -20 -21 -22 -23 23 24 -26 -27 -28 -29 -30 -31
leaf_value=0.0033646488133373402 0.017736142106766769 0.13815227553152221 -0.0066448140627812921 -0.024093373129288553 0.14643900864721049 0.017438446718168001 0.010559333728343213 0.11970205061182915 0.17142392835540504 0.10929328660574672 0.14805566493327485 0.24649854363417675 0.22880601529402714 -0.0085252272817742218 0.19045278793392365 -0.022408491555484918 0.21243281919848356 0.020042991957732102 -0.010823443765650172 0.033002401121463992 0.15639699150808953 0.23700653608472949 0.018323654519344409 0.055382150813294229 0.57689613694764219 0.33343568305745513 0.038917870125832227 0.21964950193795427 0.15343440709262271 0.0023414665133920957
leaf_weight=132.42342467792332 60.774936620146036 34.377261951565742 34.568127367645502 1161.0835322588682 67.682582519948483 53.185450410470366 8.6033316589891928 18.142291905358434 8.3194195069372636 16.235838582739238 8.586053214967249 2.0403419788926831 2.0468468181788912 715.91572178527713 2.4062891434878102 39.382865922525525 13.886982290074235 62.209169706329703 4.4598638620227566 4.6177889183163634 5.0389995798468581 6.4122232720255843 7.3285246789455396 1.3908243272453549 0.64171151630580414 0.57627502642571826 19.874424573034048 1.0721736513078202 3.5179460272192946 3.442070120945572
leaf_count=5035 2026 344 1210 51682 721 1446 255 348 115 176 57 36 27 31256 36 1602 238 2021 149 127 77 66 293 51 24 20 419 24 44 75
internal_value=-0.000390015 -0.00724346 -0.00947135 -0.0140588 0.076709 0.0996237 0.0386664 0.0234087 0.0565775 0.108317 0.0419434 0.0251667 0.00819006 -0.0174918 -0.0229651 0.0254933 0.0389436 0.0564124 0.132995 0.167657 0.0302602 0.145452 -0.0234038 0.0621204 0.220034 0.00479482 0.0774696 -0.0159933 0.0258758 0.125792
internal_weight=2500.24 2296.14 2258.32 2061.83 204.107 141.291 196.487 173.063 73.6089 31.2514 65.2894 62.8153 135.047 1888.77 1172.85 165.236 124.781 90.2128 22.9646 18.5048 67.2482 22.6481 1170.44 9.36106 2.03254 133 38.0167 40.455 56.7034 37.8193
internal_count=100000 95555 95136 89191 4445 2383 5945 5849 1662 497 1547 2062 5082 83342 52086 5448 3822 2612 514 365 2098 242 52050 368 75 5055 767 1626 1490 419
is_linear=0
shrinkage=0.03


Tree=7
num_leaves=31
num_cat=0
split_feature=26 208 346 28 438 48 4 30 10 43 65 30 355 18 14 15 4 5 437 341 7 127 7 29 367 436 139 392 43 9
split_gain=1311.37 659.237 522.755 285.425 224.739 189.93 218.72 188.447 131.744 102.846 102.312 99.9829 98.6803 97.5031 87.0224 83.4739 82.361 74.6225 70.8299 70.8559 106.88 103.779 90.6193 89.733 88.4537 71.1378 68.0408 66.2071 63.0153 61.1086
threshold=1.5000000000000002 1.5000000000000002 1.0000000180025095e-35 1.0000000180025095e-35 5462.0000000000009 1.0000000180025095e-35 302.50000000000006 5.5000000000000009 80.500000000000014 162.50000000000003 2.5000000000000004 4.5000000000000009 2.5000000000000004 1.5000000000000002 1.5000000000000002 1.5000000000000002 554.50000000000011 149.50000000000003 16.500000000000004 1.5000000000000002 103.00000000000001 1.5000000000000002 225.50000000000003 6.5000000000000009 134.99500274658206 -148.46640996747757 2.5000000000000004 -28.999999999999996 361.50000000000006 337.50000000000006
decision_type=2 10 10 2 2 2 8 10 10 10 10 8 8 2 2 2 10 10 2 2 8 8 10 2 2 2 10 8 10 8
left_child=1 2 3 8 7 10 -7 17 -1 16 -4 -5 26 -10 -3 28 18 -2 -8 20 23 -22 25 -20 -24 -21 -6 -19 -11 -23
right_child=4 14 5 11 12 6 9 -9 13 15 -12 -13 -14 -15 -16 -17 -18 27 19 22 21 29 24 -25 -26 -27 -28 -29 -30 -31
leaf_value=0.070232152074422544 -0.023367775829457559 -0.0075188448137319137 0.0054863346329311717 0.014979484311852819 0.015468381257038874 -0.002121122785260761 0.27706963781806671 0.0065141877399900548 0.0040706207448621586 -0.030927291806474862 0.34703511530184061 -0.020066470858733299 0.12857105624001705 0.23596652662622944 0.12770842156832674 -0.018128736129454048 0.012616141303209406 0.17609495557563029 0.10002049874192205 0.27923932626918407 0.027418073591882787 0.10533470139021341 0.34691371651442893 0.58607955362028363 0.15408933009585166 -0.022828627890096813 0.11864134165447818 0.10625446707192258 0.18493949722060482 0.273906182372815
leaf_weight=40.667540889233351 3.5923608150333157 4.8547444473952046 180.85278476588428 76.577804045751691 74.378557214513421 41.661266978830099 2.2347859460860482 18.112991645932198 113.33600044064224 1.7637878414243484 0.79280052334070106 1693.1931081470102 8.9266711138188821 1.6556674372404803 36.365316115319729 14.078991822898386 8.7117885854095203 14.124984471127389 0.68707655742764362 0.8681030049920081 20.775984779000282 13.880832117050888 2.6116324197500953 0.68029696121811867 11.883546492084859 3.6599003374576577 6.2350583001971236 90.39421583339572 3.9264804814010859 2.2490110993385306
leaf_count=809 96 105 6328 2864 2133 1542 56 547 4323 65 22 77045 105 25 314 532 275 144 23 20 612 168 56 19 133 121 65 1355 53 45
internal_value=-0.000406479 -0.00710185 -0.0092927 -0.0151245 0.0702809 0.0267753 0.0545086 0.0960683 0.0238225 0.0813148 0.00697704 -0.01855 0.0339284 0.00740949 0.111782 0.0210619 0.0987694 0.111072 0.111377 0.104914 0.0813943 0.0717445 0.152235 0.341845 0.188831 0.0350835 0.0234483 0.115693 0.118028 0.128839
internal_weight=2493.73 2277.97 2236.75 1925.43 215.765 311.319 129.673 126.225 155.659 88.0122 181.646 1769.77 89.5403 114.992 41.2201 19.7693 68.243 108.112 59.5312 57.2964 38.2732 36.9058 19.0232 1.36737 14.4952 4.528 80.6136 104.519 5.69027 16.1298
internal_count=100000 95555 95136 85066 4445 10070 3720 2142 5157 2178 6350 79909 2303 4348 419 650 1528 1595 1253 1197 867 825 330 42 189 141 2198 1499 118 213
is_linear=0
shrinkage=0.03


Tree=8
num_leaves=31
num_cat=0
split_feature=22 47 250 105 8 30 27 65 25 400 185 335 27 424 3 27 365 378 27 438 408 114 119 3 27 315 33 3 182 71
split_gain=1205.04 443.323 434.179 312.951 279.008 239.461 212.113 168.349 166.814 136.185 140.157 127.235 107.223 106.749 172.012 100.676 92.71 88.8485 84.8968 75.388 71.8416 71.7908 71.6777 82.3265 68.3786 67.6089 66.5424 66.3044 64.7725 62.1021
threshold=2.5000000000000004 -1.0000000180025095e-35 1.5000000000000002 1.5000000000000002 1.5000000000000002 138.50000000000003 274.50000000000006 2.5000000000000004 4.5000000000000009 1.0000000180025095e-35 15.078999996185305 1.5000000000000002 1.0000000180025095e-35 248.00000000000003 6328.5000000000009 1.5000000000000002 705.97500610351574 6.5000000000000009 22.500000000000004 6287.5000000000009 101.00000000000001 1.0000000180025095e-35 1.5000000000000002 10726.500000000002 1.0000000180025095e-35 54.230150222778327 156.50000000000003 5811.5000000000009 97.424999237060561 2.5000000000000004
decision_type=2 2 10 8 2 10 2 10 2 10 2 2 2 2 2 2 2 10 2 2 8 10 10 2 2 8 8 2 2 10
left_child=1 2 13 4 9 6 8 11 15 10 12 24 -3 20 -15 -2 22 -17 19 28 -1 -5 -13 27 -6 -11 -8 -24 -12 -26
right_child=5 3 -4 21 7 -7 26 -9 -10 25 18 16 -14 14 -16 17 -18 -19 -20 -21 -22 -23 23 -25 29 -27 -28 -29 -30 -31
leaf_value=0.34632573932104926 0.11083631758451899 0.075575742931933643 0.10089501154881617 0.13684270186752109 0.027321113187685285 -0.022507373443531084 0.066404409356337749 0.52677006290083117 0.12391415279332997 0.40644876740736785 0.093318746453141657 0.0079244333056144815 0.010372689632323106 0.51141276973147831 -0.030728150266382835 0.0098460555129144412 0.16006092438171063 0.32039260550019433 -0.030743484183150791 0.12482418536289218 -0.021970442521459032 0.028150518874941289 0.0074859672392592683 -0.021217323685079149 -0.013986213460638273 0.067660490086436501 0.0069512179589168261 0.15502324402095416 -0.026777728537807747 0.31290692196584285
leaf_weight=0.47686181403696437 17.078341137617826 26.390465211123228 26.669247595593333 20.163039682433013 39.275522558018565 24.550337363034487 31.009130274876952 0.53731775656342406 85.322483951225877 1.3013740684837096 9.5267707630991953 133.13509479723871 162.24666189402342 0.88256322592496816 1.3063510078936813 28.11575830355287 4.115693572908639 0.85435707680880923 5.7637190781533709 25.141291122883558 1228.676387693733 7.5046804510056964 3.8776037264615324 6.1268018148839465 541.99700597301126 0.89455011300742615 37.351375261321664 9.3564334195107204 7.0200825016945592 0.52354821935295959
leaf_count=14 262 585 284 225 1161 876 517 14 808 36 234 4707 6840 29 57 856 44 36 245 508 55705 205 120 208 23870 19 1109 173 233 20
internal_value=-0.000419334 -0.00699334 -0.018861 0.00786359 0.00504659 0.0659097 0.0767776 -0.00405617 0.0990792 0.0332752 0.0310879 -0.00444244 0.0194946 -0.0214548 0.187861 0.0530628 0.0195597 0.0190044 0.0771748 0.0920954 -0.0218276 0.107361 0.0157678 0.0697025 -0.0109035 0.268437 0.0339199 0.111794 0.0423672 -0.0136708
internal_weight=2487.19 2262.91 1258.01 1004.9 977.23 224.282 199.731 738.945 131.371 238.285 236.089 738.408 188.637 1231.34 2.18891 46.0485 156.612 28.9701 47.4519 41.6881 1229.15 27.6677 152.496 19.3608 581.796 2.19592 68.3605 13.234 16.5469 542.521
internal_count=100000 95536 56089 39447 39017 4464 3588 30317 1962 8700 8645 30303 7425 55805 86 1154 5252 892 1220 975 55719 430 5208 501 25051 55 1626 293 467 23890
is_linear=0
shrinkage=0.03


Tree=9
num_leaves=31
num_cat=0
split_feature=22 369 239 28 30 27 15 28 30 438 15 408 27 36 48 436 122 439 435 378 369 267 4 59 14 15 438 392 362 26
split_gain=1089.73 450.918 458.028 251.839 207.309 175.333 140.943 137.617 131.672 125.614 112.338 86.1603 85.3678 83.6162 74.3117 76.442 73.852 72.759 76.2208 64.3093 62.457 61.6909 62.9979 61.3943 57.0427 73.732 54.9431 55.5561 49.7886 49.2333
threshold=2.5000000000000004 108.70270156860353 1.5000000000000002 1.0000000180025095e-35 138.50000000000003 274.50000000000006 8.5000000000000018 1.5000000000000002 5.5000000000000009 47063.000000000007 2.5000000000000004 170.50000000000003 20.500000000000004 153.70833587646487 1.0000000180025095e-35 -136.86081119851755 1.0000000180025095e-35 164644.50000000003 1.239403820061012 6.5000000000000009 275.99499511718756 48.490999221801765 202.50000000000003 2.5000000000000004 1.0000000180025095e-35 2.5000000000000004 9069.0000000000018 -28.999999999999996 167.97499847412112 1.5000000000000002
decision_type=2 10 10 2 10 2 2 2 8 2 2 10 2 10 2 2 8 2 2 10 10 10 8 10 2 2 2 8 10 2
left_child=1 2 3 10 5 6 7 24 29 12 11 -1 17 21 15 -11 -10 23 20 -9 -19 22 -4 -3 -2 -26 27 -7 -16 -5
right_child=4 9 13 8 -6 26 -8 19 16 14 -12 -13 -14 -15 28 -17 -18 18 -20 -21 -22 -23 -24 -25 25 -27 -28 -29 -30 -31
leaf_value=0.0038951256091717345 0.26192993466674236 0.0099669413902223995 0.15576039834630265 0.0096896698773176245 -0.022302982286612826 0.12050305728871787 0.1202663480289235 0.0046906512342873878 -0.011703017862409015 0.23552655893606506 0.12885812075509473 0.056689153668156661 -0.017921904399943289 -0.022615032904272071 -0.020633821812828475 -0.015688728266341295 -0.02455284747610046 0.034362123743213069 0.0072893165039868849 0.23578584995683516 0.10137715330246565 0.1234547079014561 0.026366484585442978 0.18261030353462809 0.021220520319996852 0.1157378284257144 -0.0059220941332682395 0.035408839812985024 0.11583687032837452 0.089751831990867045
leaf_weight=130.15739112719893 1.8133977726101864 90.457702696323395 4.2659437209367779 96.902501998469234 24.039817672222853 8.4030795563012344 69.84929733350873 30.013786584138874 677.6315256934613 1.2279313094913948 8.2118815183639509 35.38512266241014 39.253046395257115 6.6744515672326079 2.6380102708935764 9.7148838955908996 991.57995571754873 21.416087191551924 22.443517053499818 1.124362003058194 30.119290826842189 24.412878751754761 16.425090365111828 1.892620876431464 10.265369828790424 26.874721705913544 23.072055565193295 38.736955162137747 27.355213908478618 7.4436945524066678
leaf_count=4819 26 2912 66 3596 876 106 582 809 31114 16 107 655 1597 223 69 299 47259 616 667 35 526 233 307 17 286 224 630 890 210 228
internal_value=-0.00043109 -0.00685342 -0.0115742 -0.0139157 0.0611508 0.0706973 0.090107 0.0600519 -0.0172926 0.0314286 0.0205526 0.01518 0.0218726 0.0764891 0.0794192 0.012501 -0.0193363 0.0312639 0.0534329 0.0130352 0.0735283 0.0911544 0.0530441 0.0135051 0.0976355 0.0896136 0.0320115 0.0505775 0.103834 0.015401
internal_weight=2479.8 2245.61 1999.09 1947.31 234.193 210.153 139.941 70.0916 1773.56 246.518 173.754 165.543 205.582 51.7784 40.936 10.9428 1669.21 166.329 73.9789 31.1381 51.5354 45.1039 20.691 92.3503 38.9535 37.1401 70.2121 47.14 29.9932 104.346
internal_count=100000 95536 88607 87778 4464 3588 1962 1380 82197 6929 5581 5474 6335 829 594 315 78373 4738 1809 844 1142 606 373 2929 536 510 1626 996 279 3824
is_linear=0
shrinkage=0.03


Tree=10
num_leaves=31
num_cat=0
split_feature=26 369 208 27 97 27 5 8 47 25 48 8 437 366 108 436 43 24 408 356 249 311 29 110 393 436 24 114 348 36
split_gain=982.903 490.781 452.621 234.895 153.56 107.496 99.677 96.758 87.9086 85.6166 103.1 84.993 71.1513 102.239 68.4033 69.185 65.7765 63.3623 58.5313 58.365 58.7698 57.533 56.4152 54.5663 51.5673 51.4051 50.6793 50.5385 49.6418 48.1223
threshold=1.5000000000000002 108.70270156860353 1.5000000000000002 1.0000000180025095e-35 1.5000000000000002 20.500000000000004 174.00000000000003 1.5000000000000002 -1.0000000180025095e-35 2.5000000000000004 1.0000000180025095e-35 1.5000000000000002 12.500000000000002 159.95500183105472 2.5000000000000004 -57.527847222222221 41.500000000000007 1.5000000000000002 218.50000000000003 1.5000000000000002 1.5000000000000002 2.5000000000000004 131.50000000000003 1.5000000000000002 120892.50000000001 17.953110939112488 3.5000000000000004 1.5000000000000002 1.0000000180025095e-35 46.145832061767585
decision_type=2 10 10 2 8 2 10 2 2 2 2 2 2 2 10 2 10 2 8 10 10 10 2 8 8 2 2 8 2 8
left_child=1 2 3 6 7 9 17 24 19 10 -3 16 -11 27 15 -13 -12 -1 -6 20 -5 23 -20 -9 -2 -21 -27 -14 29 -8
right_child=4 5 -4 8 18 -7 28 21 -10 12 11 14 13 -15 -16 -17 -18 -19 22 25 -22 -23 -24 -25 -26 26 -28 -29 -30 -31
leaf_value=0.0021358660173077361 0.10061349672534232 0.011410454741480074 0.086951849458431929 -0.023548383427704152 -0.032210902443765871 -0.008015300651760553 0.11294370937096902 -0.0051241914095405293 -0.0087267571813255118 0.28203492172582267 0.1363008078412139 0.07814664936238537 0.068528147420346908 -0.012644789843733937 0.12844870574522937 0.0015970442790643395 -0.031141332322115852 0.1244590827648302 0.093297683996930697 0.019342778778241136 0.11418627244207837 0.10185641057032943 0.017922649378677859 0.083448647283568461 0.042071510323490692 0.080490582565197158 0.42657879991333331 0.14820490644168757 -0.031924972855225518 0.044389156474573969
leaf_weight=126.32303090207279 21.403550205752254 94.560342064127326 40.906393066048622 1064.4925433080643 3.8722069840878239 48.397081315517426 14.189463049173353 60.716584134846926 675.75472767837346 1.5170539785176504 16.10661845467985 15.97977024130523 18.183272911235694 9.5797710027545673 6.877279555425047 31.715814795345068 2.4300222229212514 3.929702201858162 98.87982277572155 7.7633588481694442 2.795433670282363 5.877712568268179 9.8248053118586522 6.9794585797935715 36.868644028902054 1.075362281873822 0.58958292566239823 11.823638841509817 4.9832982122898093 26.289044745266438
leaf_count=4763 309 2900 327 51488 81 1816 161 1870 30788 21 242 303 276 266 68 914 73 70 969 294 30 36 172 147 861 35 16 127 92 485
internal_value=-0.00043741 -0.00670716 -0.0117976 -0.0138926 0.0566691 0.032269 0.0191752 0.0346965 -0.0172082 0.0416076 0.0320955 0.0588496 0.0804091 0.0726823 0.0399978 0.027244 0.11435 0.00582634 0.0824025 -0.0225311 -0.0231876 0.0118247 0.0864852 0.00400766 0.0635742 0.0517829 0.203046 0.0999232 0.0574211 0.0684205
internal_weight=2470.69 2226.26 1969.09 1928.19 244.423 257.171 175.715 131.846 1752.47 208.774 167.67 73.1095 41.1037 39.5867 54.5729 47.6956 18.5366 130.253 112.577 1076.72 1067.29 73.5738 108.705 67.696 58.2722 9.4283 1.66495 30.0069 45.4618 40.4785
internal_count=100000 95555 88549 88222 4445 7006 5571 3223 82651 5190 4500 1600 690 669 1285 1217 315 4833 1222 51863 51518 2053 1141 2017 1170 345 51 403 738 646
is_linear=0
shrinkage=0.03


Tree=11
num_leaves=31
num_cat=0
split_feature=26 369 208 28 15 74 438 400 14 47 439 28 0 127 421 393 408 3 9 392 48 7 38 397 430 405 4 59 138 24
split_gain=895.704 457.436 411.627 223.151 139.166 148.131 96.1865 91.3954 88.2944 86.3425 78.7288 74.6797 71.8426 66.8165 65.1538 61.52 57.0071 53.5553 56.9405 53.4836 53.2914 52.2123 51.3994 51.3492 66.0225 80.0127 50.1101 49.1488 49.1265 48.2557
threshold=1.5000000000000002 108.70270156860353 1.5000000000000002 1.0000000180025095e-35 3.5000000000000004 1.5000000000000002 47063.000000000007 4.5000000000000009 15.500000000000002 -1.0000000180025095e-35 164644.50000000003 1.0000000180025095e-35 1783694.5000000002 1.0000000180025095e-35 63.500000000000007 95501.000000000015 104.00000000000001 12451.500000000002 203.50000000000003 -28.999999999999996 1.0000000180025095e-35 223.50000000000003 49.500000000000007 -7.4999999999999991 1.0000000180025095e-35 -329.99999999999994 396.50000000000006 2.5000000000000004 1.5000000000000002 2.5000000000000004
decision_type=2 10 10 2 2 8 2 10 2 2 2 2 2 8 2 8 8 2 10 8 2 10 10 8 2 10 10 10 10 2
left_child=1 2 3 7 11 -6 10 8 16 29 27 -2 14 -12 23 -7 -1 18 -15 -17 -8 -16 -20 24 -10 -26 -27 -3 -25 -5
right_child=4 6 -4 9 5 15 20 -9 12 -11 13 -13 -14 17 21 19 -18 -19 22 -21 -22 -23 -24 28 25 26 -28 -29 -30 -31
leaf_value=0.30353031106353279 0.11271477895912131 0.003813072561489543 0.080224047175973354 -0.023397081465639919 0.09382132701366043 0.084117608039870881 0.016227698958632533 0.23019212078923526 0.028954273588748539 -0.0085568839665820743 -0.0035392475297466902 0.007821973509610964 -0.0040979624057518463 -0.00072212417286813874 0.092592565323807774 0.089038145753415565 -0.0064329731785051749 0.0077205492961301796 0.09716226018554272 0.014662493792737362 0.090469138702724786 0.47137668345717915 0.020089264242282998 0.022793011726702374 0.11254854918994565 0.17797436262156283 0.522008585130181 0.14578002153055247 0.10259581720557723 0.016753572385207149
leaf_weight=0.53715977817773719 6.7408839762210837 120.17739130742848 42.973229590803385 1026.0243108589202 91.616347448900342 21.317601604387164 11.855373401194809 1.8098224364221085 5.3816607072949392 668.1476236730814 21.77368675917387 65.144271112978458 26.061688374727964 8.8028045613318664 0.72501410357653984 10.228248933330176 91.131146013736725 16.067453153431416 39.809494417160749 58.301510939374566 32.712396752089262 0.59736831486225128 9.6813133135437948 39.259811755269766 4.9570481665432453 0.71731783822178818 0.81277485378086567 2.2355545740574589 8.4340451471507532 27.666974823921919
leaf_count=13 97 4057 327 50766 795 248 324 26 145 30750 715 1965 716 247 24 122 3329 464 651 1218 279 23 251 1113 97 24 24 18 75 1097
internal_value=-0.000442108 -0.00657141 -0.011593 -0.0136672 0.0529849 0.0669792 0.0305535 0.0180748 0.0159255 -0.0169933 0.0223624 0.0176581 0.0375832 0.0426807 0.0554247 0.0396087 -0.00461664 0.0562144 0.0695808 0.0257633 0.0707203 0.263703 0.0820854 0.0508006 0.106638 0.171084 0.360723 0.00640573 0.0369051 -0.0223428
internal_weight=2461.7 2208.35 1945.24 1902.26 253.349 181.464 263.115 180.425 178.615 1721.84 218.548 71.8852 86.9467 96.1348 60.885 89.8474 91.6683 74.3611 58.2936 68.5298 44.5678 1.32238 49.4908 59.5627 11.8688 6.48714 1.53009 122.413 47.6939 1053.69
internal_count=100000 95555 88549 88222 4445 2383 7006 5609 5583 82613 6403 2062 2241 2328 1525 1588 3342 1613 1149 1340 603 47 902 1478 290 145 48 4075 1188 51863
is_linear=0
shrinkage=0.03


Tree=12
num_leaves=31
num_cat=0
split_feature=22 47 201 8 105 30 335 24 25 400 12 185 424 3 128 28 316 250 365 7 365 437 438 3 0 71 29 438 114 28
split_gain=838.38 380.663 330.732 237.322 166.623 158.262 117.721 116.357 98.2673 93.75 93.2167 92.4002 88.1041 87.6549 85.1967 75.8747 73.0529 71.8744 66.2661 66.5903 95.9991 99.4928 80.6101 98.1206 103.511 84.8463 75.7437 56.4329 56.2213 55.7699
threshold=2.5000000000000004 -1.0000000180025095e-35 1.5000000000000002 1.5000000000000002 1.5000000000000002 148.50000000000003 1.5000000000000002 287.50000000000006 8.5000000000000018 1.0000000180025095e-35 311.50000000000006 24.083999633789066 248.00000000000003 6328.5000000000009 2.5000000000000004 1.0000000180025095e-35 122.46279907226564 2.5000000000000004 48.960000991821296 225.50000000000003 70.255050659179702 9144.5000000000018 10718.000000000002 10876.500000000002 1641919.0000000002 1.0000000180025095e-35 22.500000000000004 4700.5000000000009 1.0000000180025095e-35 1.0000000180025095e-35
decision_type=2 2 10 2 8 10 2 2 2 10 8 2 2 2 10 2 10 10 2 10 2 2 2 2 2 8 2 2 10 2
left_child=1 2 12 9 6 7 -5 8 10 11 -2 15 17 -14 18 -3 -12 29 -8 -20 22 -22 23 24 -21 26 -24 -13 -6 -1
right_child=5 3 -4 4 28 -7 14 -9 -10 -11 16 27 13 -15 -16 -17 -18 -19 19 20 21 -23 25 -25 -26 -27 -28 -29 -30 -31
leaf_value=-0.0014705123014726003 0.002587771642026455 0.060647036455032749 0.083688992338472351 -0.010528366263957048 0.10045494844778849 -0.023431701443523273 -0.0043210371013076088 0.02730957882049221 0.096879519082185853 0.18402740666895284 0.042485910003563145 0.022594521048834682 0.34076526385844153 -0.0092989711018103601 0.34506729564875976 0.011481146424050086 0.11183192824411296 0.11653408848633355 0.0043083935270126607 0.17571781286981183 -0.0089187079802670929 0.10962702087492876 -0.030857804602034196 0.011409384127644003 0.49969657121374944 -0.031299605994378067 0.2537209062020247 0.084879489805856662 -0.013070837084675609 -0.023595641898268457
leaf_weight=113.90153127349913 25.825982835143805 34.067012388259172 28.046830292791128 569.22087604366243 18.769519267603759 23.539994396269321 73.806526031345129 74.849788160994649 77.471253991127014 3.5843536406755439 32.74377454444766 20.161076495423913 1.2087553404271596 1.3772604223340748 0.71464434266090293 165.43003915995359 23.473493371158838 3.410730004310607 39.001415640115738 6.9672297090291995 23.080152774229649 8.8017120379954559 1.2955907341092801 2.8301218282431364 1.0171330571174619 5.5728110522031793 2.4029858615249395 37.339010069146752 4.9644509833306065 1027.4426607564092
leaf_count=4158 579 624 238 25053 160 855 2445 1584 534 59 683 557 28 58 11 6897 229 20 1330 126 799 140 49 101 32 188 43 680 153 51587
internal_value=-0.000445926 -0.00645937 -0.0180935 0.00695994 -0.00152614 0.0507203 -0.00405342 0.0581683 0.0726482 0.0316594 0.0497672 0.0295343 -0.0205816 0.154328 0.0182178 0.0198769 0.0714413 -0.0209767 0.0168002 0.0339367 0.0561725 0.0238085 0.107543 0.16319 0.21699 0.0426346 0.154035 0.0630407 0.0767087 -0.0213876
internal_weight=2452.32 2194.41 1175.39 1019.03 758.445 257.904 734.711 234.364 159.515 260.581 82.0433 256.997 1147.34 2.58602 165.49 199.497 56.2173 1144.75 164.776 90.9692 51.9677 31.8819 20.0859 10.8145 7.98436 9.27139 3.69858 57.5001 23.734 1141.34
internal_count=100000 95536 56089 39447 30630 4464 30317 3609 2025 8817 1491 8758 55851 86 5264 7521 912 55765 5253 2808 1478 939 539 259 158 280 92 1237 313 55745
is_linear=0
shrinkage=0.03


Tree=13
num_leaves=31
num_cat=0
split_feature=22 369 241 28 27 30 25 210 10 438 26 119 122 27 96 411 27 65 400 48 3 438 438 267 318 24 3 182 353 28
split_gain=770.432 345.871 346.842 208.844 144.968 134.329 110.083 109.571 85.2059 83.7934 76.9907 71.8779 69.4194 68.0228 59.6951 59.5471 56.4994 55.1207 51.5539 51.2237 71.1011 67.4454 79.3156 49.1304 48.4269 47.9549 47.513 45.6526 46.7951 41.0671
threshold=2.5000000000000004 108.70270156860353 1.5000000000000002 1.0000000180025095e-35 8.5000000000000018 5.5000000000000009 3.5000000000000004 1.5000000000000002 80.500000000000014 47063.000000000007 27.500000000000004 1.5000000000000002 1.0000000180025095e-35 27.500000000000004 1.5000000000000002 164.00000000000003 1.5000000000000002 1.0000000180025095e-35 5.5000000000000009 -1.0000000180025095e-35 1556.5000000000002 6287.5000000000009 7230.5000000000009 48.490999221801765 12.089299678802492 4.5000000000000009 15066.500000000002 114.25000000000001 1.0000000180025095e-35 4.5000000000000009
decision_type=2 10 10 2 2 8 2 8 10 2 2 8 8 2 8 8 2 10 10 2 2 2 2 10 10 2 2 2 2 2
left_child=1 2 3 8 6 -5 16 -8 26 13 15 14 -7 19 -12 -6 -2 -11 -10 20 -3 27 -23 -4 -9 -14 -1 28 -21 -24
right_child=4 9 23 5 10 12 7 24 18 17 11 -13 25 -15 -16 -17 -18 -19 -20 21 -22 22 29 -25 -26 -27 -28 -29 -30 -31
leaf_value=0.063391390226963718 0.07311823821855136 0.23363837106628579 0.032974811677913517 0.016562595837094626 0.12251744397778272 -0.011068239489920967 0.25790181800131373 0.085981748820187942 0.0024471320601957298 -0.025865739203761846 0.0068526769602848901 0.096454990646119773 -0.024026085410181683 -0.023819281596502317 0.066280722144464982 -0.019222359906360464 0.0045199584152500515 0.074160413550556928 0.29164841092472737 0.019811792299248218 -0.0070984525973060708 0.13311345342456124 0.036188232012273266 0.090807328182321526 -0.022402518649079377 0.27031354996480694 -0.00028011233690248974 -0.014896008165044059 0.11584208272026038 0.15115577606710806
leaf_weight=43.017644757404923 17.494928548112512 1.1299390122294415 24.161144342273474 104.87769059836864 2.8684219252318135 656.35110857337713 3.2778748273849478 86.587731024250388 127.8409812822938 5.6365662254393092 44.740342419594526 16.752547092735767 910.65262716077268 30.286407133564353 23.049663189798594 38.101067269220948 28.262346148490906 41.202860493212938 0.55717575550079246 27.349182007834315 48.407281585037708 9.7051481977105123 63.216194177046418 29.195989046245813 3.8762897346168748 0.49844336323439975 13.974368372932075 31.045424535870552 5.4824509080499402 2.9257319513708344
leaf_count=675 234 31 375 3834 60 31123 51 565 4689 179 1096 170 47405 1291 174 1179 895 415 13 749 1520 115 1586 223 40 25 245 911 73 59
internal_value=-0.000450848 -0.00632873 -0.0107926 -0.0129585 0.0478458 -0.0163075 0.0688924 0.0875115 0.0172521 0.025696 0.0244538 0.0408103 -0.0185067 0.0179244 0.0270591 -0.00929864 0.030748 0.0621235 0.0037021 0.0246045 -0.00160727 0.0338974 0.0530252 0.0646196 0.0813376 -0.0238651 0.0477792 0.0111853 0.0358476 0.0412737
internal_weight=2442.53 2177.51 1911.13 1857.77 265.011 1672.38 139.499 93.7419 185.39 266.387 125.512 84.5426 1567.5 219.548 67.79 40.9695 45.7573 46.8394 128.398 189.261 49.5372 139.724 75.8471 53.3571 90.464 911.151 56.992 63.8771 32.8316 66.1419
internal_count=100000 95536 88607 88009 4464 82387 1785 656 5622 6929 2679 1440 78553 6335 1270 1239 1129 594 4702 5044 1551 3493 1760 598 605 47430 920 1733 822 1645
is_linear=0
shrinkage=0.03


Tree=14
num_leaves=31
num_cat=0
split_feature=22 369 28 15 30 30 241 27 15 48 4 121 14 90 24 437 127 411 14 437 30 365 439 384 139 139 213 267 0 8
split_gain=709.81 323.965 325.439 156.677 132.097 127.39 114.403 103.681 89.242 76.8797 108.541 68.0304 64.1468 63.8459 48.5919 48.3176 46.8017 46.6812 46.3296 46.2958 45.8158 76.797 43.9465 42.9216 41.8472 41.5349 41.1055 39.682 37.1197 38.5612
threshold=2.5000000000000004 108.70270156860353 1.0000000180025095e-35 1.5000000000000002 148.50000000000003 5.5000000000000009 1.5000000000000002 8.5000000000000018 3.5000000000000004 1.0000000180025095e-35 302.50000000000006 1.0000000180025095e-35 1.0000000180025095e-35 2.5000000000000004 5.5000000000000009 588.50000000000011 1.0000000180025095e-35 164.00000000000003 15.500000000000002 180.50000000000003 44.500000000000007 59.116399765014656 164644.50000000003 18.500000000000004 3.5000000000000004 2.5000000000000004 42.500000000000007 48.490999221801765 1181066.5000000002 1.5000000000000002
decision_type=2 10 2 2 10 8 10 2 2 2 8 8 2 10 2 2 8 8 2 2 10 2 2 10 10 10 10 10 2 2
left_child=1 2 3 18 7 28 11 8 12 16 -11 24 -2 17 -13 19 -3 -9 -1 20 21 -12 -18 -5 -7 -19 -14 -8 29 -4
right_child=4 9 5 23 -6 6 27 13 -10 10 15 14 26 -15 -16 -17 22 25 -20 -21 -22 -23 -24 -25 -26 -27 -28 -29 -30 -31
leaf_value=-0.0067967663886436382 0.23957009790071523 -0.017514619586428967 0.069253866688481019 0.07892831825082787 -0.023296901319790637 -0.011244402777194776 0.0050113081807908666 0.11219312703249439 0.082869003995184792 -0.0048907250890738085 0.11317730351572684 -0.023843214473674948 0.0074820528503839467 0.081090425647210709 0.27468551756040044 0.072145405687890601 0.0022165802059848426 0.0086854682560973742 0.025676196357293263 -0.028215213533167294 -0.030996103995116066 -0.025462437186573223 0.042613266443362982 0.010020264561725497 0.16476249065645296 0.078095726583622169 0.13644563080559344 0.081283672782919578 -0.00041355388776115868 0.015366833430439601
leaf_weight=82.167901990935206 1.2159433737397183 41.896311705932021 18.52152363397181 46.822863899171352 23.130626851692796 650.30774921923876 11.229719266295435 4.7203407436609259 103.59057283960283 34.245506342500448 12.479934379458436 887.94753855839372 28.745482577010993 18.610026074573398 0.49099224805831809 64.786254363134503 53.92740554921329 80.425328601151705 76.222690392285585 9.5569703411310893 4.8447741195559493 5.0514335688203564 44.021558325737715 9.846144173294304 1.2180418949574221 8.5875385124236328 2.4109386522322884 13.542440481483935 57.813039939850569 33.692922469228506
leaf_count=3050 24 1383 626 466 855 31198 237 87 697 1144 183 47301 719 144 19 877 1757 1848 2005 270 182 139 994 267 35 59 31 125 2043 1235
internal_value=-0.000452614 -0.00619706 -0.0105945 0.0241465 0.0452731 -0.0150557 -0.0172497 0.0516606 0.069282 0.0244902 0.0410075 -0.0182785 0.0258041 0.0303344 -0.0236782 0.0572588 0.00902168 0.0202572 0.00883028 0.0270566 0.0506635 0.0732301 0.0203722 0.0669557 -0.0109154 0.0153818 0.0174615 0.0467079 0.0161463 0.0344817
internal_weight=2432.07 2160.63 1889.82 215.06 271.437 1674.76 1564.74 248.306 135.963 270.81 130.965 1539.96 32.3724 112.343 888.439 96.7194 139.845 93.7332 158.391 31.9331 22.3761 17.5314 97.949 56.669 651.526 89.0129 31.1564 24.7722 110.027 52.2144
internal_count=100000 95536 88607 5788 4464 82819 78915 3609 1471 6929 2795 78553 774 2138 47320 1651 4134 1994 5055 774 504 322 2751 733 31233 1907 750 362 3904 1861
is_linear=0
shrinkage=0.03


Tree=15
num_leaves=31
num_cat=0
split_feature=26 369 208 28 438 30 29 128 14 1 438 430 48 3 8 0 47 408 400 348 5 14 439 355 409 399 438 37 38 8
split_gain=663.51 355.074 307.165 184.239 106.281 89.8643 87.7167 69.1876 61.6831 59.5861 58.57 76.0692 56.82 90.4697 74.1973 56.2898 54.7846 54.0255 54.2546 52.2133 50.6091 52.1765 50.7535 49.5279 49.02 51.5059 48.3448 44.6312 40.9331 40.0136
threshold=1.5000000000000002 108.70270156860353 1.5000000000000002 1.0000000180025095e-35 5462.0000000000009 7.5000000000000009 129.50000000000003 1.0000000180025095e-35 15.500000000000002 76.974998474121108 6287.5000000000009 1.0000000180025095e-35 -1.0000000180025095e-35 1556.5000000000002 1.5000000000000002 1834929.5000000002 -1.0000000180025095e-35 101.00000000000001 5.5000000000000009 1.5000000000000002 149.50000000000003 1.0000000180025095e-35 4062.5000000000005 2.5000000000000004 13.500000000000002 -34.499999999999993 12925.500000000002 0.93749949336051952 33.500000000000007 1.5000000000000002
decision_type=2 10 10 2 2 8 2 8 2 2 2 2 2 2 2 2 2 8 10 2 10 2 2 10 10 8 2 10 8 2
left_child=1 2 3 8 6 9 20 -3 17 -5 11 28 13 -12 -14 24 -7 -1 -19 -16 -2 -22 -23 -6 25 -10 -26 -11 -9 -18
right_child=4 7 -4 5 23 16 -8 10 15 27 12 -13 14 -15 19 -17 29 18 -20 -21 21 22 -24 -25 26 -27 -28 -29 -30 -31
leaf_value=0.29357083018295915 -0.026397814391837405 -0.0086665402672358189 0.063739442508730162 -0.0082797276242386666 0.013016744201921952 -0.022584306818391197 -0.015035639417457971 0.023062452639638974 0.20518009354733516 0.031659616706868121 0.25944564953060656 0.1141907360004997 0.088056035820805872 -0.0027479633210737795 0.022297254300147597 -0.011904784248326266 0.0044291525211681594 -0.0066550623407993972 0.20547920881973192 0.075017015319662081 0.19154922586173892 -0.032786368773294328 0.068304246453379597 0.078369612855760024 0.048781829350836393 0.02825738521887516 0.16420234989012322 0.25107870940589 -0.02088744835686791 -0.014914030789122594
leaf_weight=0.55185394361615081 5.3314830921590319 45.352332353591919 48.383765267208219 69.088614447042346 97.154510382562876 930.68957165442407 13.5934537127614 42.902268536388874 1.5175608377903698 45.529306285083294 1.2316622510552395 6.0262668039649716 36.351835370063782 30.871654218062758 61.380655633285642 20.866443553939462 122.14295647852123 91.596903000026941 1.0980779826641072 23.335062466561794 2.9983353652060023 4.6144873257726422 142.53722411580384 11.692777410149573 8.0842054560780507 61.341833172366023 5.4800479225814334 0.84989315457641978 34.33653549477458 453.99886444024742
leaf_count=8 130 1572 327 2635 2204 50257 340 1046 38 1659 23 76 478 952 1499 545 5688 3336 11 183 37 97 1538 99 171 1371 129 27 1177 22347
internal_value=-0.000452977 -0.0061089 -0.0108604 -0.0128514 0.0431588 -0.0161291 0.0580441 0.025275 0.0150552 0.00937747 0.0317855 0.0115339 0.0427944 0.00731125 0.0522035 0.031766 -0.0180836 -0.00238016 -0.00414209 0.036819 0.0644333 0.0676585 0.0651342 0.0200372 0.0436898 0.0325287 0.0954125 0.0356804 0.00352451 -0.0108132
internal_weight=2420.93 2143.01 1861.22 1812.84 277.922 1622.3 169.075 281.788 190.537 115.468 236.436 83.2651 153.171 32.1033 121.068 97.2901 1506.83 93.2468 92.695 84.7157 155.482 150.15 147.152 108.847 76.4236 62.8594 13.5643 46.3792 77.2388 576.142
internal_count=100000 95555 88549 88222 4445 82613 2142 7006 5609 4321 5434 2299 3135 975 2160 2254 78292 3355 3347 1682 1802 1672 1635 2303 1709 1409 300 1686 2223 28035
is_linear=0
shrinkage=0.03


Tree=16
num_leaves=31
num_cat=0
split_feature=18 369 28 30 438 47 15 21 27 48 4 249 201 439 30 139 400 343 127 104 27 2 1 138 116 128 29 439 13 98
split_gain=615.205 315.038 245.613 132.027 115.501 112.009 102.867 75.2217 70.693 66.5831 71.142 66.5598 55.3018 54.2668 54.0349 62.0842 53.5062 49.6411 48.7266 48.203 55.9615 117.635 52.693 40.4412 40.0015 39.9653 40.8392 45.5418 41.6239 39.4368
threshold=1.5000000000000002 108.70270156860353 1.0000000180025095e-35 117.50000000000001 5275.5000000000009 -1.0000000180025095e-35 1.5000000000000002 1.5000000000000002 42.500000000000007 1.0000000180025095e-35 298.50000000000006 1.5000000000000002 1.5000000000000002 41124.000000000007 7.5000000000000009 3.5000000000000004 4.5000000000000009 8.5000000000000018 1.0000000180025095e-35 1.5000000000000002 1.5000000000000002 2.5000000000000004 15.020500183105471 1.5000000000000002 1.5000000000000002 2.5000000000000004 315.50000000000006 164644.50000000003 8.5000000000000018 1.5000000000000002
decision_type=2 10 2 10 2 2 2 2 2 2 8 10 10 2 8 10 10 8 8 10 2 2 2 10 8 10 2 2 2 10
left_child=1 2 6 4 13 12 16 14 9 18 29 17 -4 -2 -7 -16 -1 19 -3 20 21 -6 -21 -12 -15 26 27 -20 -28 -11
right_child=3 8 5 -5 11 7 -8 -9 -10 10 23 -13 -14 24 15 -17 -18 -19 25 22 -22 -23 -24 -25 -26 -27 28 -29 -30 -31
leaf_value=0.0054883183089591506 0.02154906076828136 -0.019052703653538627 -0.022733886516570299 -0.023775038482466065 0.032645835795796593 0.016781488210712979 0.055734284079868038 0.30039105915963604 -0.026908897444864688 -0.0054895772848883896 0.060033081331902709 0.083039207101467741 0.049153932775746992 0.057054967208902845 -0.010093015613329592 0.1118198343949596 0.17249724676042141 0.078540752663359276 -0.0024530317342745978 0.25613905755809901 -0.0089621804929062819 0.39634171187962758 0.045691122812408322 -0.031786148002483791 0.09225768593383965 0.18444065147703861 0.3382104996366937 0.039955550677224845 0.034413946691856913 0.19287822548154718
leaf_weight=158.84985888563097 28.440635353326797 32.305869121104479 902.87087017670274 28.882783433422446 17.491381350904707 81.046625643968582 52.333403477445245 0.72095924988388915 22.971478063613176 26.732477704063061 92.428236057981849 14.294278524816034 9.7348407208919507 103.99448590166867 594.16211720183492 3.7833891026675692 1.7454740740358818 9.930219888687132 45.912652214989066 1.2371943034231643 78.033561458811164 0.83877192065119643 7.9613960552960634 4.5286988019943228 40.312966907396913 1.3709103167057026 0.73078192025422939 45.252361441031098 0.9130226094275713 0.93348745442926784
leaf_count=5021 608 1052 49768 1132 416 2837 681 12 952 819 1354 98 102 1071 28714 48 22 60 1432 21 2202 13 99 108 362 15 21 911 28 21
internal_value=-0.000453378 -0.00650375 -0.0110538 0.0375069 0.0433574 -0.0151003 0.0192068 -0.00588068 0.0234652 0.0280734 0.0436365 0.021972 -0.0219671 0.0594244 -0.00620588 -0.00932163 0.0073035 0.0144139 0.0127396 0.00838149 0.00211812 0.0492882 0.073996 0.0557444 0.066889 0.0236451 0.0212699 0.0185977 0.169472 0.00120362
internal_weight=2410.75 2079.33 1805.25 331.418 302.535 1592.32 212.929 679.713 274.08 251.108 124.623 129.787 912.606 172.748 678.992 597.946 160.595 115.493 126.486 105.562 96.3637 18.3302 9.19859 96.9569 144.307 94.1797 92.8088 91.165 1.6438 27.666
internal_count=100000 93918 87205 6082 4950 81481 5724 31611 6713 5761 2302 2909 49870 2041 31599 28762 5043 2811 3459 2751 2631 429 120 1462 1433 2407 2392 2343 49 840
is_linear=0
shrinkage=0.03


Tree=17
num_leaves=31
num_cat=0
split_feature=22 47 201 8 369 27 25 29 424 438 246 26 210 400 369 25 364 27 119 106 119 3 37 49 27 32 27 353 19 9
split_gain=574.926 317.138 240.827 186.825 108.821 104.937 77.2396 72.2949 70.248 66.6543 63.0006 57.8262 57.699 56.6324 61.1954 54.6512 58.6277 57.5437 52.2426 52.052 50.3661 46.8834 46.6019 46.3964 46.2514 41.372 39.3965 38.0688 38.6464 39.5679
threshold=2.5000000000000004 -1.0000000180025095e-35 1.5000000000000002 1.5000000000000002 66.296699523925795 8.5000000000000018 4.5000000000000009 160.50000000000003 248.00000000000003 47063.000000000007 1.5000000000000002 27.500000000000004 1.5000000000000002 1.0000000180025095e-35 286.25000000000006 1.5000000000000002 746.50000000000011 1.0000000180025095e-35 1.5000000000000002 2.5000000000000004 2.5000000000000004 6328.5000000000009 0.60416650772094738 1.0000000180025095e-35 1.5000000000000002 488.50000000000006 1.0000000180025095e-35 1.0000000180025095e-35 1.0000000180025095e-35 203.50000000000003
decision_type=2 2 10 2 10 2 2 2 2 2 10 2 8 10 10 2 8 2 8 8 8 2 10 2 2 8 2 2 2 10
left_child=1 2 8 7 20 6 24 13 10 19 26 -7 -8 14 15 16 17 -3 22 -6 -5 -10 -13 -11 -2 -17 -1 28 29 -16
right_child=5 3 -4 4 9 11 12 -9 21 23 -12 18 -14 -15 27 25 -18 -19 -20 -21 -22 -23 -24 -25 -26 -27 -28 -29 -30 -31
leaf_value=-0.0042272496955913386 0.061609729081445616 0.047961697775153272 0.063318116586471032 -0.0090948742670738519 0.0064678219287314011 -0.0096484984261981776 0.19299928849463005 -0.018927781812297758 0.22600021445944474 0.064430232443757743 0.072391658525132033 0.0063240787969189886 0.068914390043538373 0.13763204787952973 0.026784298417573401 0.038324845883781392 0.30401356042931643 0.0035362609320514346 0.077272396000361954 0.16992078770237615 0.09356474135995474 -0.0091601627004346819 0.059182717734467344 -0.023019667930354711 0.0080462837721206378 0.11086376636487634 -0.022731811876002525 -0.02466878406919994 -0.031116569957821829 0.10009047193560319
leaf_weight=116.58744600601494 24.531679309904575 33.703467043116689 32.452753340825438 558.5251870136708 145.6630211956799 40.972209244966507 3.5051549486815921 27.607723915949464 1.7412989251315587 35.914606990292668 6.5895334165543309 51.888883966952562 89.227114569395781 4.5054321233183137 8.8886611685156804 41.613116703927517 0.62721820361912151 118.5102917868644 19.162488952279091 1.774817720055579 4.3345004972070447 1.3581323474645612 21.121451131999493 6.4391599968075743 35.510989407077432 8.5261761937290412 925.85546126775444 4.0046693775802842 2.9798075146973124 26.042203234508634
leaf_count=4144 263 570 238 25693 4375 1239 33 1160 28 346 57 1012 493 58 142 1057 26 5104 170 30 50 58 258 136 996 238 51564 81 103 278
internal_value=-0.000453192 -0.00585267 -0.0171736 0.00607218 -0.00168033 0.0394734 0.0564402 0.0271363 -0.0196564 0.0179642 -0.0200777 0.0200051 0.0736046 0.0322354 0.0302964 0.0234816 0.0145657 0.013373 0.0331866 0.00843543 -0.00830431 0.122956 0.0216158 0.051135 0.0299307 0.0506601 -0.0206623 0.0632976 0.0725899 0.0814367
internal_weight=2400.16 2114.24 1084.58 1029.66 752.651 285.92 152.775 277.009 1052.13 189.792 1049.03 133.145 92.7323 249.401 244.896 202.98 152.841 152.214 92.1728 147.438 562.86 3.09943 73.0103 42.3538 60.0427 50.1393 1042.44 41.9153 37.9107 34.9309
internal_count=100000 95536 56089 39447 30630 4464 1785 8817 55851 4887 55765 2679 526 7657 7599 6995 5700 5674 1440 4405 25743 86 1270 482 1259 1295 55708 604 523 420
is_linear=0
shrinkage=0.03


Tree=18
num_leaves=31
num_cat=0
split_feature=22 47 249 369 15 27 28 27 438 106 30 12 90 8 13 27 59 2 7 210 404 27 3 38 430 251 409 259 0 1
split_gain=534.953 314.771 177.582 158.223 153.632 178.297 125.022 88.7615 76.5259 72.5081 68.1062 55.3418 53.8401 50.5283 45.8485 45.3435 45.3386 41.7724 49.037 38.4683 125.983 38.0605 35.8525 121.562 35.3014 34.9331 34.8279 34.131 33.9869 40.3979
threshold=1.5000000000000002 -1.0000000180025095e-35 1.5000000000000002 286.25000000000006 3.5000000000000004 8.5000000000000018 1.0000000180025095e-35 1.5000000000000002 5072.5000000000009 2.5000000000000004 7.5000000000000009 438.50000000000006 2.5000000000000004 1.5000000000000002 1.0000000180025095e-35 42.500000000000007 2.5000000000000004 1.0000000180025095e-35 220.50000000000003 1.5000000000000002 47.000000000000007 1.0000000180025095e-35 18249.500000000004 29.500000000000004 1.0000000180025095e-35 1.5000000000000002 12.500000000000002 1.0000000180025095e-35 1267194.5000000002 78.95849990844728
decision_type=2 2 10 10 2 2 2 2 2 8 8 10 10 2 2 2 10 2 8 8 10 2 2 10 2 10 8 8 2 2
left_child=1 2 17 6 7 19 25 11 -5 10 28 14 27 22 -2 -10 -15 18 -1 20 -6 -19 -12 -24 -22 26 -3 -7 29 -8
right_child=4 3 -4 8 5 12 9 -9 15 -11 13 -13 -14 16 -16 -17 -18 21 -20 -21 24 -23 23 -25 -26 -27 -28 -29 -30 -31
leaf_value=-0.0064651327082595579 0.19572894179261779 0.21516825656341701 0.056631436433327485 0.00078581259268245649 0.41824400238519815 0.022997627205876375 0.013219409484028643 -0.013652050739139648 0.050989691728521219 0.20293203546763344 0.0057959652926826855 0.16483884975258342 0.06371994475243456 -0.013251559568328337 0.023943208889067556 -0.026675457023043317 0.27551266535453794 -0.0044385335004377465 0.29065519859636585 0.065778258476018869 0.020875568257554752 -0.023023556719832899 -0.0074963330174444235 0.56545240427724897 0.16485575517486442 0.068829137058916495 0.021098454967676445 -0.013256890785417736 -0.0010109488376575815 0.065546625975385311
leaf_weight=1.2344913855195039 1.4433231353759755 0.84114238619804382 27.534599801525474 47.968072673305869 1.1948176398873318 72.770446475595236 33.61489200219512 82.782787857577205 105.66885367780924 1.5169198978692282 138.41518034413457 2.8802961241453877 21.158731069415808 485.85725867189467 44.802653133869171 7.2283918950706711 0.48984843119978805 111.96122644469142 0.84014894627034653 122.93792463466525 3.6031215451657772 868.20920012518764 1.2619849182665337 0.45288399048149575 2.667030356824398 18.588137708604336 78.718989031389356 34.426642127335072 45.823102721944451 21.948351841419935
leaf_count=58 32 9 194 1350 22 1371 1079 3308 1586 24 5967 68 167 23661 1036 298 23 4022 40 743 87 49671 50 20 26 116 1901 890 1519 662
internal_value=-0.000452123 -0.00672942 -0.0185097 0.0053057 0.0316548 0.045087 1.3564e-05 0.00530554 0.0325297 -0.00426392 -0.00469573 0.037251 0.0199866 -0.00838743 0.0293046 0.0460171 -0.0129607 -0.020616 0.113857 0.0697934 0.135917 -0.0209007 0.007485 0.143815 0.082118 0.0318013 0.0231502 0.0113544 0.0181157 0.0338895
internal_weight=2388.84 1998.17 1009.78 988.394 390.668 258.759 827.529 131.909 160.865 729.38 727.864 49.1263 128.356 626.477 46.246 112.897 486.347 982.245 2.07464 130.403 7.46497 980.17 140.13 1.71487 6.27015 98.1483 79.5601 107.197 101.386 55.5632
internal_count=100000 92250 53985 38265 7750 3306 35031 4444 3234 33005 32981 1136 2428 29721 1068 1884 23684 53791 98 878 135 53693 6037 70 113 2026 1910 2261 3260 1741
is_linear=0
shrinkage=0.03


Tree=19
num_leaves=31
num_cat=0
split_feature=22 47 249 15 27 346 28 438 12 96 27 25 29 364 3 424 22 3 437 313 25 362 27 12 392 38 438 438 436 353
split_gain=498.347 302.058 166.847 142.182 136.928 135.752 111.999 77.0314 57.5048 52.0668 50.6368 50.2802 109.783 52.2924 173.792 46.708 45.876 43.7331 40.0608 38.8779 37.0671 82.3322 36.4692 39.7605 56.0141 36.261 45.1516 48.445 61.6685 54.0335
threshold=1.5000000000000002 -1.0000000180025095e-35 1.5000000000000002 2.5000000000000004 8.5000000000000018 1.5000000000000002 1.0000000180025095e-35 6287.5000000000009 194.50000000000003 1.5000000000000002 42.500000000000007 1.5000000000000002 19.500000000000004 721.25000000000011 16885.000000000004 248.00000000000003 12.500000000000002 12504.500000000002 10352.500000000002 4.5000000000000009 1.0000000180025095e-35 53.897300720214851 1.5000000000000002 477.50000000000006 -5.4999999999999991 42.500000000000007 2937.5000000000005 2558.0000000000005 -102.54749579124577 1.0000000180025095e-35
decision_type=2 2 10 2 2 10 2 2 8 10 2 2 2 10 2 2 2 2 2 10 2 8 2 10 10 8 2 2 2 2
left_child=1 2 15 19 8 6 -3 17 16 -6 18 13 -13 -8 -15 20 -5 25 -9 22 21 -1 23 -2 -25 26 27 28 -7 -30
right_child=3 5 -4 4 9 7 11 10 -10 -11 -12 12 -14 14 -16 -17 -18 -19 -20 -21 -22 -23 -24 24 -26 -27 -28 -29 29 -31
leaf_value=0.023442793966784559 0.013186146967789372 0.028975191956893437 0.053647941423696686 0.013275710175651328 0.0070683654457019329 0.14635370650432131 -0.010478896574289714 0.050482566111221233 0.070242394682965281 0.050109397184269884 -0.027595932010038002 0.038261722553994938 -0.011822274555924677 0.0033256084448738069 0.49515333963163743 0.097752424417518247 0.083437455276051092 -0.026857273933844315 -0.0052189821142967583 0.22186637149865518 -0.021144038650546277 0.46930396316631662 -0.016066655508547693 -0.006587871902522858 0.27951123750291362 -0.023823071917107051 -0.019472646697383349 0.16708040775884964 -0.011884508481107498 0.10965705853057786
leaf_weight=3.3252102378755803 34.490984044969082 99.874358259141445 28.183581059798598 34.222485046833754 98.542385436594486 4.0858666244894257 512.94950712099671 114.15984088927507 117.5989749841392 34.030629092827439 9.330286752432583 68.809362139552832 92.126084588468075 3.4678556993603697 0.7948183100670575 3.0015876758843651 11.110382400453089 28.90760544128716 12.937512921169398 0.702236108481883 956.23279970698059 0.41980502009391774 62.720092222094536 1.2192638926208021 1.2445752415806044 12.537195980548857 9.6722249835729581 3.1369799189269534 13.717139272019276 4.3314841426908961
leaf_count=165 921 2019 194 503 2301 43 24450 1827 961 232 392 2469 4472 128 18 77 52 999 305 15 53534 15 2707 36 22 455 253 49 356 30
internal_value=-0.000452392 -0.00659034 -0.0183 0.0302775 0.0407559 0.00512314 -0.000684494 0.0263549 0.0591768 0.0181167 0.0398606 -0.00505263 0.00959158 -0.00960932 0.0950318 -0.0204057 0.0304713 0.00223421 0.0448126 -0.000570408 -0.0207751 0.0734225 -0.00213753 0.0215031 0.137931 0.0199459 0.0356494 0.0567464 0.0411095 0.0172842
internal_weight=2377.88 1982 991.163 395.882 295.505 990.838 778.022 212.816 162.932 132.573 136.428 678.148 160.935 517.212 4.26267 962.979 45.3329 76.3885 127.097 100.377 959.978 3.74502 99.6749 36.9548 2.46384 47.4809 34.9437 25.2715 22.1345 18.0486
internal_count=100000 92250 53985 7750 4049 38265 33556 4709 1516 2533 2524 31537 6941 24596 146 53791 555 2185 2132 3701 53714 180 3686 979 58 1186 731 478 429 386
is_linear=0
shrinkage=0.03


Tree=20
num_leaves=31
num_cat=0
split_feature=18 47 201 8 30 369 438 43 38 423 438 27 439 40 27 343 97 439 114 337 435 408 411 410 411 421 30 27 49 369
split_gain=467.765 262.318 187.554 139.755 104.27 93.8754 88.3493 77.9373 78.3884 54.5182 53.8974 49.586 46.9578 46.8479 56.6011 46.3216 44.7691 41.3545 39.1254 45.5563 37.2958 37.1694 35.5066 74.9651 39.6326 39.6606 33.9496 36.2319 33.8503 34.6241
threshold=1.5000000000000002 -1.0000000180025095e-35 1.5000000000000002 1.5000000000000002 117.50000000000001 10.042950153350832 5275.5000000000009 56.500000000000007 16.500000000000004 28.000000000000004 47063.000000000007 1.0000000180025095e-35 164644.50000000003 1.0000000180025095e-35 1.0000000180025095e-35 1.5000000000000002 1.5000000000000002 41124.000000000007 2.5000000000000004 1.0000000180025095e-35 0.069814173476942118 218.50000000000003 558.50000000000011 632.50000000000011 569.00000000000011 15.500000000000002 7.5000000000000009 1.0000000180025095e-35 1.0000000180025095e-35 231.25000000000003
decision_type=2 2 10 2 10 10 2 10 10 10 2 2 2 10 2 10 8 2 8 8 2 8 10 10 8 2 8 2 2 10
left_child=1 2 11 7 6 26 17 8 12 13 18 22 16 14 -8 -10 -3 -2 -7 -20 -15 -14 -1 24 -24 -26 -5 -28 29 -12
right_child=4 3 -4 5 -6 10 9 -9 15 -11 28 -13 21 20 -16 -17 -18 -19 19 -21 -22 -23 23 -25 25 -27 27 -29 -30 -31
leaf_value=-0.0075745352516330125 0.017644820334513096 -0.0028339815659888974 0.052992499746515147 0.016520498932193269 -0.023653673296069141 0.0028875376239658598 0.081715586395277082 -0.0049765569915155546 0.021337999664793876 0.071937474384588071 -0.0093926740058172097 -0.021790879279085601 -0.031050649568348986 0.16991563833500567 -0.0087065736882034669 0.10078887156461036 0.038138639377610098 0.056135258801816995 0.19771724130761253 0.034440349583759612 0.032143707528273641 0.049645600386539111 0.23346136436991999 0.33734372472294749 0.12685804331058739 -0.0068556466955738745 0.012675223511386275 -0.014189933921973361 -0.01891826393636345 0.066596250929509743
leaf_weight=101.563123119995 29.967780319973826 67.678066324442625 33.435046143829823 42.976432619616389 28.279293678700924 162.90657448396087 6.7865990847349158 67.282217603176832 9.5577514208853263 15.04835285246372 6.4668564181774846 853.36882499791682 5.5754441432654849 1.8586040884256352 76.025045277550817 21.372630214318633 37.190317716449499 155.3730511572212 1.8038410171866388 10.433492623269558 36.437079546973109 65.346614832058549 0.7882652971893539 0.73039791733026582 2.3877795170992622 12.180262137204407 50.573614107444882 423.70804757997394 6.7098676934838286 32.608192145824432
leaf_count=3664 608 2416 233 1524 1132 5136 56 2634 355 280 175 50617 197 13 2112 267 1005 1433 19 159 448 1717 14 22 46 414 1237 21692 148 227
internal_value=-0.000451959 -0.00600677 -0.0168682 0.00477163 0.0315745 -0.00201992 0.0364324 0.0230686 0.0321966 0.0180839 0.0143498 -0.0192737 0.0244475 0.0113922 -0.00129628 0.0762379 0.0116965 0.0499117 0.00677376 0.0585081 0.0388302 0.0433018 -0.00101541 0.0403955 0.0262716 0.0150607 -0.00901168 -0.0113252 0.0433309 0.0540202
internal_weight=2366.42 2016.64 1004.45 1012.19 349.776 738.187 321.497 274.003 206.721 136.156 220.929 971.019 175.79 121.107 82.8116 30.9304 104.868 185.341 175.144 12.2373 38.2957 70.9221 117.65 16.0867 15.3563 14.568 517.258 474.282 45.7849 39.075
internal_count=100000 93918 55010 38908 6082 30317 4950 8591 5957 2909 5864 54777 5335 2629 2168 622 3421 2041 5314 178 461 1914 4160 496 474 460 24453 22929 550 402
is_linear=0
shrinkage=0.03


Tree=21
num_leaves=31
num_cat=0
split_feature=22 47 249 8 15 27 369 27 43 3 38 4 7 397 3 3 26 110 311 40 47 30 33 424 335 4 16 366 3 24
split_gain=438.176 278.269 149.255 129.569 122.857 144.3 89.8613 73.687 59.3948 84.1466 75.492 57.7634 55.6241 48.4716 46.6541 89.8911 46.0269 46.2864 43.3279 42.208 41.8509 46.587 91.2489 41.0204 39.5329 38.6705 38.5017 43.8408 38.2265 39.6785
threshold=1.5000000000000002 -1.0000000180025095e-35 1.5000000000000002 1.5000000000000002 3.5000000000000004 8.5000000000000018 10.042950153350832 1.5000000000000002 54.500000000000007 18249.500000000004 16.500000000000004 307.50000000000006 194.50000000000003 -23.499999999999996 5378.0000000000009 6599.0000000000009 27.500000000000004 1.5000000000000002 1.5000000000000002 1.5000000000000002 1.0000000180025095e-35 450.50000000000006 10.500000000000002 248.00000000000003 6.5000000000000009 553.50000000000011 1.5000000000000002 334.75000000000006 12500.500000000002 3.5000000000000004
decision_type=2 2 10 2 2 2 10 2 10 2 10 10 10 8 2 2 2 8 8 8 2 10 8 2 2 10 2 2 2 2
left_child=1 2 23 8 7 -6 -5 28 10 19 25 13 -13 -8 -14 -16 -7 18 -18 -10 21 -17 -23 -1 -22 -3 27 -12 29 -2
right_child=4 3 -4 6 5 16 11 -9 9 -11 26 12 14 -15 15 20 17 -19 -20 -21 24 22 -24 -25 -26 -27 -28 -29 -30 -31
leaf_value=-0.020372379292378142 0.042535530969153482 0.028673350481962769 0.048964511122172122 -0.0088637744078795839 0.061213687042970144 -0.012193401203986241 0.19398363036664051 -0.01338267299223295 0.10167744618832973 0.24812067234778892 -0.017939263563576724 -0.015235918010423679 -0.0099754330304857794 -0.012116990364019913 0.13884643653353551 0.041453645921626217 0.0047280715817394616 0.080103351402433937 0.05032651003762726 -0.013307330801464352 -0.023820001481970565 -0.030761530990115412 0.51018731447625787 0.085566414194730184 0.057757766322994154 -0.0094205758401669382 0.1034259901842908 0.086084750251177081 -0.0041675702196936068 0.18268846346372661
leaf_weight=923.87270595692098 33.191254004836082 148.26166502386332 29.135119892656803 502.98988369852304 137.18861720152199 34.957392124459147 1.043101232498884 81.426887392997742 3.0194244589656591 1.1787495557218779 6.8920358661562222 26.341848380863667 19.471936255693436 66.538518855348229 7.7595829237252465 71.427400311455131 56.881176337599754 13.224240295588968 27.980264857411385 59.302450489252806 18.299230657517914 0.56865154579281685 0.55411747470498096 3.3012768123298875 7.5530736297368994 28.611762188374996 17.053642077371478 7.7426681015640497 17.398549878969789 1.9233470447361458
leaf_count=53714 719 4230 194 24096 878 988 12 3308 41 26 263 840 567 2328 133 1295 1115 94 231 2450 519 24 16 77 79 1001 264 81 398 19
internal_value=-0.000449605 -0.00633947 -0.0178942 0.00477035 0.0279805 0.0396251 -0.00187391 0.0044868 0.0224163 -0.00298702 0.0301508 0.0141394 0.0244006 -0.00893589 0.0327113 0.0405407 0.0173639 0.027898 0.0197627 -0.00773645 0.0327888 0.0444677 0.236212 -0.0199952 1.39624e-05 0.0225111 0.0727926 0.0370959 0.0321952 0.0502122
internal_weight=2355.09 1950.92 956.309 994.61 404.172 270.232 722.547 133.94 272.062 63.5006 208.562 219.557 151.976 67.5816 125.634 106.162 133.043 98.0857 84.8614 62.3219 98.4025 72.5502 1.12277 927.174 25.8523 176.873 31.6883 14.6347 52.5132 35.1146
internal_count=100000 92250 53985 38265 7750 3306 29909 4444 8356 2517 5839 5813 3473 2340 2633 2066 2428 1440 1346 2491 1933 1335 40 53791 598 5231 608 344 1136 738
is_linear=0
shrinkage=0.03


Tree=22
num_leaves=31
num_cat=0
split_feature=22 81 297 369 15 27 27 438 30 27 26 32 7 437 38 110 20 437 15 311 25 364 436 64 164 40 367 72 373 15
split_gain=409.988 227.255 155.745 129.617 113.998 112.032 74.5419 58.3507 57.3033 53.2294 48.3582 45.6894 45.392 67.7042 43.466 41.0677 40.5338 44.8264 39.5501 39.4881 38.3254 60.7633 35.1908 42.22 35.1272 34.4898 32.7398 41.1376 39.4658 32.3343
threshold=1.5000000000000002 1.0000000180025095e-35 1.5000000000000002 107.38600158691408 2.5000000000000004 8.5000000000000018 1.0000000180025095e-35 6287.5000000000009 7.5000000000000009 1.0000000180025095e-35 27.500000000000004 194.50000000000003 117.50000000000001 36.500000000000007 33.500000000000007 1.5000000000000002 2.5000000000000004 156.50000000000003 1.0000000180025095e-35 1.5000000000000002 1.0000000180025095e-35 82.969997406005874 -125.42668877324964 1.5000000000000002 1.5000000000000002 366.50000000000006 159.95500183105472 2.5000000000000004 955.89498901367199 5.5000000000000009
decision_type=2 8 10 10 2 2 2 2 8 2 2 10 8 2 10 8 2 2 2 8 2 8 2 10 2 10 2 8 8 2
left_child=1 3 9 6 -2 11 18 14 -8 -3 -7 -6 13 -9 16 19 -5 -18 -1 -12 21 -11 -14 26 29 -13 27 28 -24 -10
right_child=4 2 -4 7 5 10 8 12 24 20 15 25 22 -15 -16 -17 17 -19 -20 -21 -22 -23 23 -25 -26 -27 -28 -29 -30 -31
leaf_value=0.19508197415364828 -0.00080531331386159513 0.00051409712051321674 0.052333824720535917 0.005091926398288176 0.056847839649867116 -0.013349267164973333 0.017140635788501321 0.27836968876733004 -0.01153068664633093 0.019604034511291599 0.004568102446729989 -0.030204573347765915 0.070300846797134428 0.061906688923166357 -0.024737347529034948 0.074897157425933295 0.10803437548763756 -0.016445065731922073 0.019498280860893245 0.047758441665676693 -0.022494515274691214 0.39636512108297461 -0.001206927484055445 0.063584811506964933 0.098997951335225501 0.073982857974613889 0.038697034522386591 0.14441255661591548 0.22501023328340228 0.020240538951239239
leaf_weight=1.1681663021445263 100.70186175592244 106.29343725927174 28.120928985998034 41.742201371118426 156.39146107248962 37.345365289598703 83.375691536813974 1.4433729071170081 562.7266235537827 1.7916142828762525 57.10344016738236 9.8476833552122098 15.723046083003281 13.132274067029355 32.997197132557631 13.711335960775612 8.0633127167820913 3.8452870119363061 99.227481938898563 28.590616764500737 769.48697822540998 0.49079570546746243 73.090142220258713 19.518348237499595 2.6778064202517262 4.0297495555132619 37.580550758168101 1.8436076547950495 0.70073871500790019 30.386357577517629
leaf_count=11 3701 3772 287 1035 1255 1093 2786 29 28834 93 1115 223 149 203 1199 94 81 97 2108 231 47402 11 1918 125 60 38 487 25 17 1521
internal_value=-0.00044806 -0.00620777 -0.0171635 0.00343804 0.0268929 0.0359779 -0.002587 0.0222497 -0.00615369 -0.0193892 0.0157564 0.0522186 0.0328226 0.0833422 0.00235625 0.0266911 0.0190198 0.06784 0.0215413 0.018978 -0.0221304 0.10062 0.0278625 0.0228354 -0.00941352 4.95275e-05 0.0158102 0.00443844 0.000941294 -0.00990298
internal_weight=2343.15 1935.43 906.184 1029.24 407.722 307.02 779.562 249.68 679.166 878.063 136.751 170.269 163.032 14.5756 86.648 99.4054 53.6508 11.9086 100.396 85.6941 771.769 2.28241 148.456 132.733 595.791 13.8774 113.215 75.6345 73.7909 593.113
internal_count=100000 92250 51565 40685 7750 4049 35320 5365 33201 51278 2533 1516 2953 232 2412 1440 1213 178 2119 1346 47506 104 2721 2572 30415 261 2447 1960 1935 30355
is_linear=0
shrinkage=0.03


Tree=23
num_leaves=31
num_cat=0
split_feature=295 47 8 24 119 2 348 36 4 3 43 32 364 40 275 423 424 436 56 438 365 3 3 3 437 135 137 27 14 4
split_gain=384.11 315.49 167.708 118.947 107.141 82.4449 70.8792 65.016 60.4086 74.0105 53.8788 60.5835 47.9639 47.0346 46.4039 46.0631 42.1529 40.8394 39.0954 38.2531 38.2291 36.7308 35.3139 36.425 34.9801 33.2717 33.1629 32.9279 32.4778 32.2093
threshold=1.5000000000000002 -1.0000000180025095e-35 1.5000000000000002 1.5000000000000002 1.5000000000000002 1.5000000000000002 2.5000000000000004 222.72917175292972 554.50000000000011 18249.500000000004 54.500000000000007 10.500000000000002 100.02140045166017 240.50000000000003 1.0000000180025095e-35 28.000000000000004 254.50000000000003 -186.46862461597539 1.5000000000000002 1562.0000000000002 705.97500610351574 9627.5000000000018 10726.500000000002 5811.5000000000009 13.500000000000002 2.5000000000000004 1.5000000000000002 1.0000000180025095e-35 1.5000000000000002 202.50000000000003
decision_type=10 2 2 2 8 2 2 10 10 2 10 8 8 8 10 10 2 2 10 2 2 2 2 2 2 10 10 2 2 8
left_child=1 3 8 16 6 12 20 14 10 18 11 -3 -5 26 28 -7 27 -17 -10 -13 25 -8 23 -6 -19 -4 -12 -1 -2 -16
right_child=7 2 4 5 22 15 21 -9 9 -11 13 19 -14 -15 29 17 -18 24 -20 -21 -22 -23 -24 -25 -26 -27 -28 -29 -30 -31
leaf_value=-0.0043589590730113105 -0.00068329233891886254 0.022394906779904224 -0.0068756202053405508 0.049651689170970868 0.0080752242277175416 -0.018336300956658683 -0.026285948412547167 -0.033116780710047325 -0.015699380278763116 0.19557310887812204 0.032432313267378679 0.018877515264984872 0.19395583740770819 -0.0077952323366529772 0.064416434566633082 0.23376825472067617 0.099434628188994109 0.13106198577071071 0.23685366716687498 0.062439694759605834 0.10219094186915809 0.055948726788455617 0.0077572799026714104 0.07933773288681864 0.011086034132304752 0.057814751198926907 0.15615775801927906 -0.022166081521856666 0.059394172142869933 -0.0016840190346558304
leaf_weight=106.05352607555687 8.6837829854339343 147.7567452378571 714.11051803641021 22.800564200617377 8.8790566045790893 44.30950381141156 6.0492785479873445 9.6256300751119834 49.813394473865628 1.580681400373577 9.1987048108130676 23.563105268403888 2.2803246136754742 53.622429022565484 9.0432799942791444 0.90514766424894588 2.665206776931881 2.5316397789865759 0.55782726220786472 78.859131298959255 2.9389789775013915 25.472131168469787 18.263371501117945 23.648572515696287 16.072443529032171 7.2278890609741202 2.474158836528658 786.95867189578712 120.1618004925549 24.909238869324327
leaf_count=3940 191 3813 30082 401 204 1895 244 288 1783 34 168 473 23 2023 113 31 50 49 14 1233 31 398 391 303 529 181 24 49678 932 481
internal_value=-0.000444929 -0.00388676 0.00661631 -0.0164107 -0.00103648 0.0166871 -0.00387089 0.0426438 0.023416 -0.00655948 0.0283524 0.0346862 0.0627717 0.00408445 0.0471232 -0.00142429 -0.0196958 0.0369864 -0.0129025 0.0524178 -0.00578747 0.0401671 0.0411411 0.0598852 0.0274123 -0.00622742 0.0586569 -0.0200513 0.0553451 0.0159219
internal_weight=2331.02 2158.59 1174.02 984.577 806.59 88.8996 755.799 172.424 367.426 51.9519 315.474 250.179 25.0809 65.2953 162.798 63.8187 895.677 19.5092 50.3712 102.422 724.277 31.5214 50.791 32.5276 18.6041 721.338 11.6729 893.012 128.846 33.9525
internal_count=100000 97995 41399 56596 31834 2928 30936 2005 9565 1831 7734 5519 424 2215 1717 2504 53668 609 1797 1706 30294 642 898 507 578 30263 192 53618 1123 594
is_linear=0
shrinkage=0.03


Tree=24
num_leaves=31
num_cat=0
split_feature=18 47 201 8 30 369 295 30 392 27 139 99 439 275 4 397 30 29 439 4 400 379 14 36 30 27 3 433 185 27
split_gain=362.454 221.874 152.322 107.52 85.3422 76.1363 59.811 51.7727 48.755 46.4763 45.3139 45.0574 42.5548 42.352 42.0725 45.3049 43.2519 40.0719 36.2163 52.1325 42.6972 33.4804 143.264 31.5599 30.7832 32.4209 29.4066 51.9017 28.875 27.4518
threshold=1.5000000000000002 -1.0000000180025095e-35 1.5000000000000002 1.5000000000000002 117.50000000000001 10.042950153350832 1.5000000000000002 180.50000000000003 -28.999999999999996 1.0000000180025095e-35 3.5000000000000004 1.5000000000000002 73092.000000000015 1.0000000180025095e-35 294.50000000000006 -23.499999999999996 453.50000000000006 153.50000000000003 73092.000000000015 553.50000000000011 1.0000000180025095e-35 1.5000000000000002 18.500000000000004 47.729166030883796 7.5000000000000009 1.0000000180025095e-35 1779.5000000000002 5.5000000000000009 44.037399291992195 1.0000000180025095e-35
decision_type=2 2 10 2 10 10 10 10 8 2 8 8 2 10 10 8 10 2 2 10 10 10 2 10 8 2 2 2 2 2
left_child=1 2 9 7 6 24 8 10 -2 26 18 -7 -10 -8 15 -13 -16 -12 -3 20 28 -11 -23 -14 -5 -26 27 -1 29 -20
right_child=4 3 -4 5 -6 11 13 -9 12 21 17 14 23 -15 16 -17 -18 -19 19 -21 -22 22 -24 -25 25 -27 -28 -29 -30 -31
leaf_value=0.021517432512030709 0.062249979546141893 0.0070838639966738564 0.045329290337151718 0.015574261998284831 -0.023519485864343291 0.0011825264300387027 0.058665795330606542 -0.02634806017755275 0.0048353257481093224 -0.021419862349618332 0.051439374859815527 0.1898210120140624 0.039366681763826503 0.0094525443196749725 0.037856647326148157 -0.011242215247609332 0.22018449341791846 0.23394366222595944 0.058739470893490471 -0.017479453450995067 0.15366952506414652 -0.01867290666924323 0.51883507521461736 -0.010178294374534764 0.011678513205781761 -0.01356818454715605 -0.0039109868977354294 0.26113585937002276 0.05895557229719061 0.013834771416554629
leaf_weight=3.9892535060644141 24.889898240566254 118.30775238014758 35.027930956333876 43.826681787148118 27.664700718596578 131.21950520575047 87.641962737776339 20.440721604973078 107.63608051277697 785.75940941367298 28.032860934734348 1.049716781824827 81.832881979644299 19.182781239040196 65.893763752654195 25.754148440435532 1.1921449154615391 1.1262717619538296 15.999069044366477 17.458995088934898 2.8218464627861968 2.4572418583557005 0.54532367922365654 13.476847711019216 51.556291431188583 408.46613417565823 111.01692739129066 1.0219619181007145 31.80058191716671 52.325058583170176
leaf_count=140 310 3800 233 1524 1132 3656 493 926 2360 50498 548 8 1166 233 1232 931 37 27 218 637 25 102 17 388 1237 21692 3996 24 405 2005
internal_value=-0.000441794 -0.00554452 -0.0160536 0.00416444 0.0271204 -0.00196935 0.0313066 0.0196728 0.0226223 -0.01843 0.0231846 0.0125357 0.0177622 0.0498285 0.0284028 -0.003368 0.0410967 0.0584886 0.0188722 0.0304551 0.0385844 -0.0210378 0.0789489 0.032361 -0.0084499 -0.0107387 -0.000702212 0.070384 0.035341 0.0243498
internal_weight=2319.41 1957.09 939.818 1017.27 362.325 728.958 334.66 288.313 227.836 904.79 267.872 225.109 202.946 106.825 93.8898 26.8039 67.0859 29.1591 238.713 120.406 102.947 788.762 3.00257 95.3097 503.849 460.022 116.028 5.01122 100.125 68.3241
internal_count=100000 93918 55010 38908 6082 30317 4950 8591 4224 54777 7665 5864 3914 726 2208 939 1269 575 7090 3290 2653 50617 119 1554 24453 22929 4160 164 2628 2223
is_linear=0
shrinkage=0.03


Tree=25
num_leaves=31
num_cat=0
split_feature=5 369 208 438 1 2 197 13 439 311 396 48 4 48 43 57 24 15 68 423 439 37 9 366 48 139 4 20 435 33
split_gain=342.074 239.206 183.033 122.568 92.4574 111.036 91.4535 63.3335 66.1134 59.3722 51.3508 49.6774 63.5107 47.2563 42.9449 45.9542 41.4222 41.1587 40.7567 38.8604 38.4582 47.3584 37.7461 37.3725 37.2475 38.9838 37.1141 36.9236 36.3625 35.7396
threshold=174.00000000000003 28.958399772644047 1.5000000000000002 5462.0000000000009 137.75749969482425 1.5000000000000002 132.50000000000003 1.0000000180025095e-35 73092.000000000015 1.5000000000000002 1.5000000000000002 1.0000000180025095e-35 302.50000000000006 -1.0000000180025095e-35 4.5000000000000009 1.5000000000000002 3.5000000000000004 4.5000000000000009 2.5000000000000004 28.000000000000004 164644.50000000003 0.89583298563957225 325.50000000000006 334.75000000000006 1.0000000180025095e-35 3.5000000000000004 553.50000000000011 1.5000000000000002 2.2977679337024197 1.0000000180025095e-35
decision_type=8 8 10 2 2 2 8 2 2 8 10 2 8 2 10 10 2 2 8 10 2 8 8 2 2 10 10 2 2 10
left_child=1 2 4 7 24 6 10 27 9 -9 28 16 -13 -7 15 23 22 -5 -19 -18 -12 -22 -3 -15 25 -1 -14 -2 -6 -25
right_child=3 11 -4 17 5 13 -8 8 -10 -11 20 12 26 14 -16 -17 19 18 -20 -21 21 -23 -24 29 -26 -27 -28 -29 -30 -31
leaf_value=-0.021173255183018228 0.20558264271357524 0.0090944766070628659 0.043388583852148964 -0.0063231956248932424 0.044471970793961181 -0.015186691469691708 -0.0057066483514175322 -0.00058484971161010821 0.048261576604028217 0.038192950274416493 0.076459976220979053 -0.0041828210856559456 0.043539850086240436 0.016948120425971228 -0.0078956960239405342 0.21933996686664542 0.014036580274391081 0.051198134386699637 0.0028332230663916441 0.09473055637540255 0.10141041353758583 0.31943989766700115 -0.020857216211744828 0.067786377736806597 -0.0050138222233604207 0.16061473056909228 -0.005502205335920528 0.055927472570915654 0.23308268973099863 0.31621201796429887
leaf_weight=866.4191532144323 3.0174008365720502 126.67648742441088 52.235554104670882 124.27899978961796 11.342808169312777 212.13525407761335 14.268510510213671 71.233364943414927 131.71493367571384 70.908413095399737 2.5792376147583118 44.151922766119242 112.97315725311637 61.004550786688924 77.743522992357612 1.0786541160196055 15.257172076031566 27.131653729826212 37.156710658222437 8.2893394026905298 1.5496386690065262 2.1277173124253754 54.01484770514071 2.123015513643622 155.67799383029342 1.062989056110381 15.834742821753023 2.9192541288211942 1.001146912574767 0.69077725708484639
leaf_count=51293 67 3768 309 4359 537 12827 685 1659 1896 972 91 1528 1723 2743 3939 38 247 213 713 62 45 50 1789 67 7867 21 423 26 23 20
internal_value=-0.000438881 -0.00626475 -0.0117567 0.0224516 -0.0137985 -0.00132138 0.0514282 0.0350505 0.032949 0.0187597 0.0952565 0.0150369 0.0268677 -0.0062085 0.00714389 0.0251606 0.00501802 0.0037574 0.0232447 0.0424442 0.165271 0.227562 0.000140887 0.0218786 -0.0185257 -0.0209505 0.037511 0.131992 0.0597691 0.128774
internal_weight=2308.6 1840.24 1463.04 468.361 1410.8 387.645 32.8691 279.793 273.857 142.142 18.6005 377.198 172.96 354.776 142.641 64.897 204.238 188.567 64.2884 23.5465 6.25659 3.67736 180.691 63.8183 1023.16 867.482 128.808 5.93665 12.344 2.81379
internal_count=100000 90095 80555 9905 80246 21065 1431 4620 4527 2631 746 9540 3674 19634 6807 2868 5866 5285 926 309 186 95 5557 2830 59181 51314 2146 93 560 87
is_linear=0
shrinkage=0.03


Tree=26
num_leaves=31
num_cat=0
split_feature=22 47 249 8 30 105 15 24 335 113 30 30 43 119 259 28 139 361 65 4 365 268 3 151 28 24 439 1 2 29
split_gain=323.351 228.473 118.404 96.963 95.4161 71.4466 71.0139 66.4372 64.77 51.318 44.0408 40.9315 40.6958 39.49 36.5503 36.2558 36.0234 33.7999 34.0003 33.4812 33.2294 32.9885 31.3575 50.7081 33.7849 43.9183 31.0762 38.0292 37.8491 30.7855
threshold=1.5000000000000002 -1.0000000180025095e-35 1.5000000000000002 1.5000000000000002 148.50000000000003 1.5000000000000002 2.5000000000000004 287.50000000000006 1.5000000000000002 2.5000000000000004 172.50000000000003 49.500000000000007 493.50000000000006 1.5000000000000002 1.0000000180025095e-35 1.0000000180025095e-35 3.5000000000000004 843.47500610351574 2.5000000000000004 203.50000000000003 48.960000991821296 47.514499664306648 12321.500000000002 2.5000000000000004 1.5000000000000002 3.5000000000000004 73092.000000000015 74.99499893188478 1.5000000000000002 7.5000000000000009
decision_type=2 2 10 2 10 8 2 2 2 8 10 8 10 10 10 2 8 8 10 10 2 10 2 2 2 2 2 2 2 2
left_child=1 2 15 10 6 8 22 14 9 21 16 -7 13 17 -8 -1 -3 18 20 -16 -10 -5 23 24 25 26 -2 -28 -29 -18
right_child=4 3 -4 5 -6 11 7 -9 12 -11 -12 -13 -14 -15 19 -17 29 -19 -20 -21 -22 -23 -24 -25 -26 -27 27 28 -30 -31
leaf_value=-0.0026564774877657475 -0.0068511533002988054 0.018021344651615086 0.04123053059996877 -0.010243559375143124 -0.024789165189416533 -0.03172219366513359 0.049017960807122375 0.013224082651482732 -0.014479243208224293 0.26887762870732046 -0.025867343828364149 0.062626145281116707 0.25080926179083995 0.044458854336839534 0.05762656421742883 -0.021341468295733808 0.030294339032078153 0.20581081849548752 0.14883196368256588 -0.0089204307357454229 0.014355709562023266 0.077431713790799397 -0.022010156969351616 0.27190255466986241 -0.023381872950337328 0.14065677989660183 0.0061819960991887695 0.13173436352216275 -0.030900233059920696 0.094350899776068739
leaf_weight=106.93293450400233 18.876663534902036 239.11095888353884 30.440903915092349 502.74376204051077 33.961454564705491 5.0644994378089931 178.33809454832226 91.943125011399388 60.924593605101109 0.59639836847782035 18.595237562432885 22.631287874653935 0.63871918618678947 26.820672804489732 10.254359209910037 741.90066721104085 18.866527011618022 0.75027773901820083 1.4437947645783413 20.224367845803499 87.810780566185713 3.8922462388873091 28.961017550900578 0.69125926867127319 15.92682049795985 2.9096483774483195 8.6132669635117072 6.1513965576887122 1.6289031580090521 10.516329556703566
leaf_count=4027 533 6918 194 24487 1517 123 1521 1584 2027 12 889 184 22 441 77 49764 427 10 11 302 2538 54 1030 19 700 44 241 114 68 122
internal_value=-0.000436828 -0.00574645 -0.0169028 0.00405908 0.0234123 -0.00186612 0.0276695 0.0344732 -0.00377437 -0.0092426 0.0187812 0.0453734 0.011774 0.0109151 0.0438292 -0.0189876 0.0218734 0.00495425 0.00395079 0.0134689 0.00254441 -0.00956999 0.00323928 0.0165837 0.0133218 0.0286329 0.0193913 0.0496087 0.0976848 0.0532206
internal_weight=2298.16 1879.68 879.275 1000.41 418.48 713.317 384.519 300.76 685.621 507.232 287.089 27.6958 178.389 177.75 208.817 848.834 268.494 150.929 150.179 30.4787 148.735 506.636 83.759 54.798 54.1067 38.1799 35.2702 16.3936 7.7803 29.3829
internal_count=100000 92250 53985 38265 7750 29909 6233 3484 29602 24553 8356 307 5049 5027 1900 53791 7467 4586 4576 379 4565 24541 2749 1719 1700 1000 956 423 182 549
is_linear=0
shrinkage=0.03


Tree=27
num_leaves=31
num_cat=0
split_feature=295 47 8 24 346 2 30 139 320 408 99 139 423 436 400 424 439 28 30 204 392 364 364 436 113 373 126 78 151 15
split_gain=305.619 263.093 129.145 103.531 68.5214 65.1601 50.9023 46.0204 44.0617 43.6026 42.4822 41.0902 40.7375 41.4035 40.3022 36.5512 32.0383 30.6979 30.5264 30.2886 30.083 29.0425 28.3802 27.8264 29.3217 28.7481 28.9365 27.7084 25.6265 25.0529
threshold=1.5000000000000002 -1.0000000180025095e-35 1.5000000000000002 1.5000000000000002 1.0000000180025095e-35 1.5000000000000002 180.50000000000003 2.5000000000000004 4.0054500102996835 218.50000000000003 1.5000000000000002 1.5000000000000002 28.000000000000004 -200.43803678613907 2.5000000000000004 254.50000000000003 73092.000000000015 1.0000000180025095e-35 7.5000000000000009 2.5000000000000004 -43.499999999999993 100.02140045166017 764.25000000000011 -106.45180406211075 1.0000000180025095e-35 1105.5000000000002 1.5000000000000002 1.0000000180025095e-35 1.5000000000000002 4451.0000000000009
decision_type=10 2 2 2 10 2 10 10 10 8 8 8 10 2 10 2 2 2 8 10 8 8 10 2 10 8 10 8 2 2
left_child=1 3 6 15 7 21 9 18 -2 -3 23 14 19 -14 16 17 22 -1 -4 -7 -15 -5 -11 24 -6 26 27 -25 -13 -18
right_child=8 2 4 5 10 12 -8 -9 -10 11 -12 28 13 20 -16 -17 29 -19 -20 -21 -22 -23 -24 25 -26 -27 -28 -29 -30 -31
leaf_value=-0.0040766013548029839 0.048850224764700079 -0.027485701802158927 0.014548282089098828 0.043583954762973671 0.18542950723672644 -0.021230482382025819 -0.024063622963490579 0.058681184331770143 0.017767172676908041 0.0043022043375167632 0.026867722869688582 0.043891731429359253 0.23063063359868183 0.12242730088414452 0.16760105959554056 0.087557230182863446 0.027075052368392919 -0.021448920620956668 -0.010383632790914718 0.18003951190725981 0.0099766142210303867 0.1453727750749364 0.098941912474605792 0.11820825888577682 0.030167197354778328 0.19562906873755179 0.060483371832396 -0.007585395119041805 -0.031205954582365612 0.17903768678292886
leaf_weight=104.72446782700717 111.98265113588423 14.914796663448213 48.545280916616321 23.763587044551972 1.2336269859224529 42.483396468684077 22.192222714424133 9.4343521986156684 64.792950009927154 121.0111138690263 101.68320264294744 98.807144645601511 0.91534006595611828 2.4502578899264336 1.6142598800361145 2.8929904699325553 117.84924310073256 727.42508034035563 493.59606303088367 0.68375152349471946 16.970408049412075 2.8223919384181491 2.9205786027014247 1.5956078805029381 9.7214904464781284 0.65892690047621627 6.1664812453091136 127.78970381990075 4.2661559507250777 0.98455352708697219
leaf_count=3940 765 457 1586 401 28 1889 1010 156 1240 3560 2283 1411 25 41 16 50 2935 49678 23890 6 543 23 29 37 163 15 86 3590 134 13
internal_value=-0.000433058 -0.00360735 0.00575249 -0.0155962 -0.00111226 0.0149581 0.0200408 -0.00700802 0.0374575 0.0227419 0.0119557 0.0248979 -0.00155031 0.0334575 0.0181978 -0.0188926 0.0172044 -0.0192626 -0.00815114 -0.0180424 0.0241642 0.0543899 0.00653249 0.00165238 0.0476509 -0.00204717 -0.00300809 -0.00603408 0.0407835 0.0283341
internal_weight=2286.89 2110.12 1184.98 925.132 800.425 90.0891 384.56 551.576 176.776 362.368 248.849 347.453 63.5032 20.336 244.38 835.043 242.765 832.15 542.141 43.1671 19.4207 26.586 123.932 147.166 10.9551 136.211 135.552 129.385 103.073 118.834
internal_count=100000 97995 41399 56596 31834 2928 9565 25632 2005 8555 6202 8098 2504 609 6553 53668 6537 53618 25476 1895 584 424 3589 3919 191 3728 3713 3627 1545 2948
is_linear=0
shrinkage=0.03


Tree=28
num_leaves=31
num_cat=0
split_feature=5 369 208 438 1 2 197 14 439 310 431 27 25 2 9 122 130 30 15 73 61 4 32 202 105 423 42 439 319 397
split_gain=287.919 207.214 155.022 102.555 89.9768 98.3714 74.9621 58.3875 55.3112 52.0989 44.6273 41.9142 41.4545 44.3535 40.4256 35.4587 35.2328 38.6209 34.9389 35.6149 33.2355 32.9709 31.9794 31.8926 31.766 30.1169 47.5383 46.479 36.2823 31.0891
threshold=174.00000000000003 28.958399772644047 1.5000000000000002 5462.0000000000009 137.75749969482425 1.5000000000000002 132.50000000000003 1.0000000180025095e-35 73092.000000000015 2.5000000000000004 1552.5000000000002 20.500000000000004 2.5000000000000004 2.5000000000000004 269.50000000000006 1.0000000180025095e-35 2.5000000000000004 476.50000000000006 4.5000000000000009 1.5000000000000002 1.5000000000000002 554.50000000000011 236.50000000000003 2030.5000000000002 1.0000000180025095e-35 28.000000000000004 254.00000000000003 164644.50000000003 100.02140045166017 -15.499999999999998
decision_type=8 8 10 2 2 2 8 2 2 10 2 2 2 2 10 8 8 10 2 8 10 10 10 8 8 10 8 2 8 10
left_child=1 2 4 7 -1 6 10 -2 9 24 -6 12 13 -3 23 20 17 -15 -5 -20 -7 -16 -10 -12 -9 -17 27 -27 -28 -29
right_child=3 11 -4 18 5 15 -8 8 22 -11 14 -13 -14 16 21 25 -18 -19 19 -21 -22 -23 -24 -25 -26 26 28 29 -30 -31
leaf_value=-0.018001513966888615 0.11832916658981667 -0.012743348153880129 0.038926594057857707 -0.0062788437785701078 0.014900835799319726 0.0035300609300253803 -0.005475196407207495 0.0030992674103392814 0.046196472691229694 0.05080162850762926 0.012280984085682109 -0.0081238702177394411 0.040104059748422842 0.01167132392116749 0.11079460982865326 -0.018368058457488606 0.043764076556097063 0.21404769144772243 0.045462037934791054 0.0010402234275169531 0.13162013464871106 0.23061033351817509 -0.024112738564991774 0.23548689634611744 0.070272175143157076 -0.030548821589588434 -0.0048595193055590343 0.38326507289686645 0.24401242239321663 0.12124607994162466
leaf_weight=981.18354797549546 6.8058658540248862 49.348629405722022 53.357148887589574 123.83606110792607 5.8143048286438015 153.27979593351483 13.998115657828746 107.08522883243859 130.97748249582946 31.255844853818417 4.1764629734680048 65.979456194676459 62.253715733997524 163.74661793094128 6.3660559700801951 170.54315435886383 41.123859964311123 0.85310471616685291 29.227710111066699 36.56477271951735 1.8450571140274394 3.0608688723295927 6.0930630397051564 0.6683247536420821 6.7344790808856478 0.91741738002747308 17.155263093300171 0.72323525510728359 0.54392779711633821 0.93371953628957272
leaf_count=59181 102 1628 309 4359 269 7458 685 2421 1757 155 167 2379 916 3969 209 10986 628 20 224 702 71 90 135 11 50 56 999 27 20 17
internal_value=-0.000428835 -0.00593343 -0.0112351 0.0202502 -0.0132014 -0.000807889 0.0478188 0.0315004 0.0294059 0.0164947 0.0849598 0.0136321 0.0181556 0.0127988 0.113502 -0.00559886 0.0189258 0.0127202 0.00310734 0.0207742 0.00505357 0.149698 0.0430711 0.0430716 0.00707375 -0.0142588 0.0203089 0.140762 0.00278876 0.235613
internal_weight=2276.45 1797.87 1414.57 478.581 1361.21 380.026 34.0841 288.952 282.146 145.076 20.086 383.305 317.326 255.072 14.2717 345.942 205.724 164.6 189.629 65.7925 155.125 9.42692 137.071 4.84479 113.82 190.817 20.2736 2.57437 17.6992 1.65695
internal_count=100000 90095 80555 9905 80246 21065 1431 4620 4518 2626 746 9540 7161 6245 477 19634 4617 3989 5285 926 7529 299 1892 178 2471 12105 1119 100 1019 44
is_linear=0
shrinkage=0.03


Tree=29
num_leaves=31
num_cat=0
split_feature=22 47 249 30 369 106 3 8 439 337 367 410 326 436 3 105 4 1 430 42 5 0 310 432 3 43 32 59 133 43
split_gain=273.105 203.896 102.709 83.0867 81.8532 64.0474 63.8991 56.8577 43.1273 42.8694 34.2005 34.0927 37.6812 31.3242 35.3152 34.8129 32.963 29.8477 63.7004 77.2494 47.6887 40.0773 29.3371 28.5442 26.5935 26.1607 25.623 24.9418 24.3189 24.5359
threshold=1.5000000000000002 -1.0000000180025095e-35 1.5000000000000002 148.50000000000003 286.25000000000006 2.5000000000000004 13465.500000000002 1.5000000000000002 73092.000000000015 8.5000000000000018 82.969997406005874 397.50000000000006 25.519499778747562 -57.527847222222221 12840.500000000002 1.0000000180025095e-35 320.50000000000006 149.98000335693362 1.0000000180025095e-35 254.00000000000003 141.50000000000003 523873.50000000006 3.5000000000000004 2.5000000000000004 1228.0000000000002 491.50000000000006 236.50000000000003 2.5000000000000004 1.5000000000000002 33.500000000000007
decision_type=2 2 10 10 10 8 2 2 2 10 2 10 10 2 2 8 10 2 2 8 10 2 10 2 2 10 10 10 10 10
left_child=1 2 17 6 5 7 8 28 11 13 27 12 -2 14 -6 -15 -17 -1 20 21 -19 -20 -8 -23 -12 -26 -10 -9 29 -3
right_child=3 4 -4 -5 9 -7 22 10 26 -11 24 -13 -14 15 -16 16 -18 18 19 -21 -22 23 -24 -25 25 -27 -28 -29 -30 -31
leaf_value=-0.021918901390149369 0.016358522531773299 0.015905996697573786 0.037128967873410086 -0.024565295216011723 0.05628315756558222 0.072456740087138191 -0.0012419558327463433 -0.0092326883431027851 0.046793994898294021 -0.02166895254169892 0.21023615526562059 -0.0015448318452673561 0.054203412299165435 -0.017798668959881674 -0.01814322060921195 -0.0084056356099818097 0.035679730787107337 0.28611617744524964 0.33948337603395407 0.011888144789178051 -0.016240195714040197 0.25987243489147704 0.050036955427883362 0.057525398499094819 0.010097727791048082 0.20263283917896155 -0.010221612663837726 0.1599199024095844 0.15326486942959683 -0.0068121559168045258
leaf_weight=588.10013671871275 64.737488930113614 179.57324924692512 31.141950454562902 32.81251716054976 44.079832009971142 10.755024313926695 89.258990203030407 508.85334958322346 137.49257719423622 18.053621223196387 0.61428201943635841 43.3891456509009 37.333541620522738 19.924283385276794 6.5965375397354356 19.529363917186856 69.896927425637841 0.47065412439405818 0.80680587887763966 26.561026426032189 188.61943966522813 0.81936049927026067 11.313874024897812 2.6785703208297491 66.290327467024326 0.64128717593848605 7.479818543419241 0.78574851900339027 1.078658441081642 56.168582752346992
leaf_count=40179 1275 5249 194 1517 426 90 1898 24967 1590 629 9 960 281 555 168 550 906 13 24 1436 11995 29 59 115 2330 19 170 28 10 2329
internal_value=-0.000425653 -0.00542151 -0.0163324 0.0212878 0.00370895 -0.000273654 0.0251357 -0.0012346 0.0322724 0.0221539 -0.00631332 0.0207314 0.0302007 0.0270979 0.0465951 0.0180623 0.0260521 -0.0183928 -0.0089649 0.0309947 -0.0154876 0.148885 0.00452663 0.104923 0.0137458 0.0119425 0.0438523 -0.00897189 0.0111434 0.0104931
internal_weight=2265.86 1842.04 839.198 423.818 1002.84 824.761 391.005 814.005 290.433 178.081 577.185 145.46 102.071 160.027 50.6764 109.351 89.4263 808.056 219.956 30.8658 189.09 4.30474 100.573 3.49793 67.5459 66.9316 144.972 509.639 236.82 235.742
internal_count=100000 92250 53985 7750 38265 35031 6233 34941 4276 3234 27353 2516 1556 2605 594 2011 1456 53791 13612 1604 12008 168 1957 144 2358 2349 1760 24995 7588 7578
is_linear=0
shrinkage=0.03


Tree=30
num_leaves=31
num_cat=0
split_feature=295 47 8 24 346 2 36 30 5 139 99 130 275 4 27 14 25 204 1 30 410 25 361 1 9 9 438 392 334 392
split_gain=258.405 231.593 107.834 93.2445 56.9903 54.8865 52.7192 44.3142 44.9259 40.4192 36.9739 34.7795 34.5295 34.2476 33.865 32.4639 29.7758 29.4729 28.992 28.632 27.8251 27.8031 32.9568 27.7465 31.5655 38.0399 30.8332 26.1872 42.8547 28.4385
threshold=1.5000000000000002 -1.0000000180025095e-35 1.5000000000000002 1.5000000000000002 1.0000000180025095e-35 1.5000000000000002 222.72917175292972 180.50000000000003 149.50000000000003 2.5000000000000004 1.5000000000000002 4.5000000000000009 1.0000000180025095e-35 294.50000000000006 1.0000000180025095e-35 34.500000000000007 1.5000000000000002 1.5000000000000002 99.664001464843764 7.5000000000000009 312.50000000000006 1.0000000180025095e-35 82.969997406005874 14.937500000000002 431.50000000000006 377.00000000000006 2190.0000000000005 -1.0000000180025095e-35 1.5000000000000002 -43.499999999999993
decision_type=10 2 2 2 10 2 10 10 8 10 8 8 10 10 2 2 2 8 2 8 8 2 8 2 8 10 2 10 2 8
left_child=1 3 7 14 9 18 12 8 -3 19 -6 16 -2 15 -1 -12 -10 27 -5 -4 -14 22 -16 -15 25 26 -25 29 -29 -7
right_child=6 2 4 5 10 17 -8 -9 11 -11 13 -13 20 23 21 -17 -18 -19 -20 -21 -22 -23 -24 24 -26 -27 -28 28 -30 -31
leaf_value=-0.0023656875292210368 0.045034643741345699 -0.026578035389158722 0.014133700724456169 0.0057706101450706922 0.0010038634193076893 0.05312301781336376 -0.033745899828342509 -0.023822538105446437 0.010842608467869988 0.053884585199925734 -0.010633153951552073 0.046686383664190916 0.030255203981308522 0.15300541334795317 0.01404875603124035 0.14333008180296516 0.029639131936232428 0.059823837907134345 0.070912814390903009 -0.0099426879833096112 -0.026341449107059791 -0.021136607592607323 0.235079542619062 -0.017657058493460911 -0.01012416545639278 0.11767537759904274 0.04339341079671951 0.0078309943697953202 0.19196775324984822 -0.023402772003533464
leaf_weight=104.24744111299515 133.82732071354985 17.401880132034421 48.962722782045603 9.247612885199489 149.02264214493334 4.8387692263349891 9.7327334359288198 21.485335754230618 172.55704647302628 9.7594177480787021 27.379855522885922 47.492734763771296 23.939052525907755 1.7450868822634209 2.6885497830808158 1.2906638346612442 135.33880359493196 6.3212139103561631 18.350170580670238 482.75406587310135 11.609474914148448 687.53506728075445 0.78422600030899037 8.8405963256955129 13.184279102832077 5.3236418906599274 47.174360198900104 5.4103476097807279 1.4403577959164975 45.164426854811609
leaf_count=3955 1123 556 1586 232 3919 148 288 1010 5250 156 943 655 290 28 152 9 2094 101 192 23890 304 49550 11 268 312 50 673 250 18 1987
internal_value=-0.000421478 -0.00340469 0.00524299 -0.0150164 -0.00111582 0.0137897 0.0341519 0.0180716 0.0204862 -0.00661519 0.0106095 0.0227907 0.0380535 0.0242504 -0.0183044 -0.00370217 0.0191048 -0.00162869 0.0490846 -0.00772563 0.0117718 -0.0207089 0.0639622 0.0347583 0.0319894 0.0410414 0.0337581 -0.0084612 0.0465457 -0.0159974
internal_weight=2254.85 2075.74 1189.71 886.028 795.437 90.7729 179.109 394.276 372.79 541.476 253.961 355.389 169.376 104.938 795.255 28.6705 307.896 63.1751 27.5978 531.717 35.5485 691.008 3.47278 76.268 74.5229 61.3386 56.015 56.8539 6.85071 50.0032
internal_count=100000 97995 41399 56596 31834 2928 2005 9565 8555 25632 6202 7999 1717 2283 53668 952 7344 2504 424 25476 594 49713 163 1331 1303 991 941 2403 268 2135
is_linear=0
shrinkage=0.03


Tree=31
num_leaves=31
num_cat=0
split_feature=22 47 201 8 27 27 15 106 367 28 59 367 365 365 367 365 5 435 400 90 27 1 3 197 411 410 3 411 14 3
split_gain=243.525 175.781 119.585 79.4681 50.2003 49.4477 51.9759 48.853 48.2694 45.8548 36.7228 36.5517 35.6165 50.698 52.597 36.3915 34.3425 34.0097 33.1543 32.887 32.5607 34.8186 29.7355 28.8666 34.8592 44.8147 28.4925 28.2635 36.0202 27.3164
threshold=2.5000000000000004 -1.0000000180025095e-35 1.5000000000000002 1.5000000000000002 1.0000000180025095e-35 8.5000000000000018 8.5000000000000018 1.5000000000000002 82.969997406005874 1.5000000000000002 2.5000000000000004 22.970099449157718 73.038448333740249 53.98500061035157 96.985000610351577 705.97500610351574 149.50000000000003 0.58830798213381008 1.0000000180025095e-35 2.5000000000000004 1.0000000180025095e-35 900.16000366210949 1228.0000000000002 132.50000000000003 558.50000000000011 632.50000000000011 5939.0000000000009 164.00000000000003 29.500000000000004 1779.5000000000002
decision_type=2 2 10 2 2 2 2 8 2 2 10 2 2 2 2 2 8 2 10 10 2 2 2 10 10 10 2 8 2 2
left_child=1 2 4 16 23 6 9 8 10 -2 20 -9 13 22 17 -14 -3 -15 -18 27 -5 -22 -10 24 29 -26 -11 28 -7 -1
right_child=5 3 -4 7 -6 19 -8 11 12 26 -12 -13 15 14 -16 -17 18 -19 -20 -21 21 -23 -24 -25 25 -27 -28 -29 -30 -31
leaf_value=0.076207052189550234 0.037030505152558853 -0.029013393428178873 0.037935686660651231 0.013306596980353547 -0.019764490220763736 0.032088586462057055 0.054195141099560487 0.04863680323672822 0.21278165333466889 0.0307968466780533 0.17136124277102877 -0.0064939905883166608 -0.0030920008720947802 0.36305663937416716 0.061142083623945097 0.070595366610866683 0.016823499358364587 0.10200193798398252 0.087526034407527278 0.04356796972382479 -0.010330302285645951 0.13883314635162874 -0.0017000203131947401 -0.029510574908446847 0.038110384863138405 0.25264790650148994 -0.0234001654065931 0.0015638340995799335 0.21162180483610457 -0.0029239269044954433
leaf_weight=4.1385952085256568 60.541171454824507 14.508199935778974 37.554319189861417 60.715953197330236 715.73519115149975 5.5886969324201337 72.089632850140333 29.055308481678367 0.60344769060612335 13.300470409914849 1.0352853052318085 17.248568719252944 67.079436929896474 0.91114316694438346 12.916113652288912 6.6279345136135808 305.29693597182631 0.88577870652079582 6.0881793722510329 23.672068374231458 513.72667777165771 1.4122805129736651 16.180512070655823 21.952529205009341 12.873291006311771 0.94031714648008424 25.406529047526419 117.89818918518722 1.2264970764517782 76.505269344896078
leaf_count=121 661 515 238 1452 51655 86 329 378 5 236 29 415 2229 23 205 45 8252 23 50 184 25349 61 416 894 360 21 559 2389 20 2800
internal_value=-0.00041673 -0.00444571 -0.0144296 0.00379018 -0.0167929 0.0238283 0.0348077 -0.00171905 -0.00374332 0.0207255 -0.00715136 0.0281001 0.0149448 0.0416472 0.0822988 0.00353413 0.0161038 0.234372 0.0182059 0.0111507 -0.0074723 -0.00992136 0.00601142 0.00147786 0.00867977 0.0527143 -0.00477703 0.00499754 0.0643983 0.00113703
internal_weight=2243.71 1923.99 869.7 1054.29 832.145 319.723 171.338 728.398 682.095 99.2482 576.89 46.3039 105.204 31.497 14.713 73.7074 325.893 1.79692 311.385 148.385 575.855 515.139 16.784 116.41 94.4575 13.8136 38.707 124.713 6.81519 80.6439
internal_count=100000 95536 56089 39447 55851 4464 1785 30630 29837 1456 26891 793 2946 672 251 2274 8817 46 8302 2679 26862 25410 421 4196 3302 381 795 2495 106 2921
is_linear=0
shrinkage=0.03


Tree=32
num_leaves=31
num_cat=0
split_feature=18 81 201 369 27 30 438 27 30 438 139 0 423 378 27 26 76 25 3 3 373 396 1 3 13 36 392 6 3 36
split_gain=231.517 136.651 100.692 76.2808 65.8338 59.5842 49.9708 46.2651 44.3899 44.0075 35.0027 34.5798 33.3809 31.9168 30.0258 40.3746 48.2928 29.6632 30.1544 30.3739 28.6261 28.2015 28.8625 27.7391 27.1399 26.7951 26.6435 26.3195 26.1725 26.0555
threshold=1.5000000000000002 1.0000000180025095e-35 1.5000000000000002 286.25000000000006 1.0000000180025095e-35 117.50000000000001 5275.5000000000009 1.0000000180025095e-35 7.5000000000000009 5072.5000000000009 3.5000000000000004 1276243.5000000002 28.000000000000004 6.5000000000000009 1.0000000180025095e-35 7.5000000000000009 2.5000000000000004 1.0000000180025095e-35 9634.0000000000018 10726.500000000002 10.118200302124025 6.5000000000000009 78.95849990844728 1447.0000000000002 1.5000000000000002 200.75000000000003 -88.999999999999986 1.5000000000000002 17759.500000000004 16.562499046325687
decision_type=2 8 10 10 2 10 2 2 8 2 10 2 10 10 2 2 8 2 2 2 10 10 2 2 2 10 8 2 2 8
left_child=1 3 7 4 20 6 25 -3 11 -5 26 21 14 17 -8 -16 -17 18 -9 -20 29 22 27 -13 -4 -2 -10 -6 -24 -1
right_child=5 2 24 9 8 -7 12 13 10 -11 -12 23 -14 -15 15 16 -18 -19 19 -21 -22 -23 28 -25 -26 -27 -28 -29 -30 -31
leaf_value=0.052843776920080049 0.036227883487627559 0.0017263873481135994 -0.037815772391946528 -0.0032477240616054009 0.19665189566511673 -0.022949348403763094 0.061185111146666249 -0.031022462080311446 0.082904956318737982 0.029390507448160415 0.065667590808441936 0.10447917361681727 0.049282961162129831 0.15268265958873875 -0.015761600977520825 0.058513391591283506 0.00084962187906336361 -0.020052740319718848 0.31709002247476931 0.044599711814611795 -0.026810561187039457 0.18852945161469589 0.042718651419118951 -0.010612735402183366 0.044145622976885991 -0.018336490302544896 -0.008766015581551519 0.004411447112542038 0.21022999607919438 0.016612211830670028
leaf_weight=22.772034147754312 194.72182060498744 108.84630384296179 4.1014169733971348 52.139759806916118 0.65196020156144996 25.752726596780121 8.1844983715563995 1.2168969595804804 2.8664106940850616 129.5914847124368 5.8025025110691777 1.9599504526704539 17.938877838663757 0.96872710064053436 59.456185071729124 19.097820829600096 41.422525532543659 653.87017542682588 0.684520613402128 0.79661525785923004 10.820922831073402 0.95443231612443824 26.062220971100036 49.096001376397908 32.047190457582474 8.4514429252594692 630.95628324989229 37.984878778457642 0.86739623546600242 82.87482245080173
leaf_count=195 1835 3887 50 1371 12 1132 62 55 40 1915 60 43 280 25 1743 103 721 48128 9 40 231 25 666 1497 177 206 32493 1131 20 1848
internal_value=-0.000412262 -0.00475224 -0.0140824 0.00234247 -0.00133594 0.0210886 0.0243356 -0.0163903 -0.0045657 0.0200264 -0.00767996 0.0123761 0.0109541 -0.0193893 0.00558919 0.00179658 0.019046 -0.0196431 0.0796255 0.170534 0.0196619 0.0266294 0.0242727 -0.00619455 0.0348463 0.0339582 -0.00835144 0.00765532 0.0481141 0.0244219
internal_weight=2232.96 1857.93 802.532 1055.4 873.67 375.026 349.273 766.383 757.202 181.731 639.625 117.577 146.1 657.537 128.161 119.977 60.5203 656.568 2.69803 1.48114 116.468 66.5209 65.5665 51.056 36.1486 203.173 633.823 38.6368 26.9296 105.647
internal_count=100000 93918 52371 41547 38261 6082 4950 52144 35987 3286 32593 3394 2909 48257 2629 2567 824 48232 104 49 2274 1854 1829 1540 227 2041 32533 1143 686 2043
is_linear=0
shrinkage=0.03


Tree=33
num_leaves=31
num_cat=0
split_feature=295 47 8 22 346 36 4 137 139 27 30 99 369 404 37 346 275 96 13 366 4 9 9 14 30 438 438 434 64 334
split_gain=219.933 201.882 90.0609 68.7788 49.1906 46.848 39.9177 38.7914 35.4953 35.0172 34.739 32.834 33.9575 30.7197 32.8906 30.4152 30.1773 29.3404 29.7786 29.1022 26.8769 28.6379 30.6854 28.4822 26.872 31.5982 26.6853 27.5473 29.393 34.038
threshold=1.5000000000000002 -1.0000000180025095e-35 1.5000000000000002 1.5000000000000002 1.0000000180025095e-35 222.72917175292972 554.50000000000011 2.5000000000000004 2.5000000000000004 1.0000000180025095e-35 180.50000000000003 1.5000000000000002 15.078999996185305 47.000000000000007 0.89583298563957225 6.5000000000000009 1.0000000180025095e-35 2.5000000000000004 13.500000000000002 149.97499847412112 307.50000000000006 431.50000000000006 344.00000000000006 34.500000000000007 453.50000000000006 2190.0000000000005 1562.0000000000002 -0.28174906995042709 1.0000000180025095e-35 1.0000000180025095e-35
decision_type=10 2 2 2 10 10 10 8 10 2 10 8 10 10 10 10 10 8 2 2 10 8 8 2 10 2 2 2 10 2
left_child=1 3 6 9 8 16 10 -5 -4 -1 15 -6 -13 19 -15 17 -2 18 -3 -9 23 22 24 -14 25 -22 -19 -28 -29 -30
right_child=5 2 4 7 11 -7 -8 13 -10 -11 -12 12 20 14 -16 -17 -18 26 -20 -21 21 -23 -24 -25 -26 -27 27 28 29 -31
leaf_value=-0.0013152804680433997 0.041479494693896383 -0.013857966136693751 -0.0074131680164084262 -0.029448987008129909 0.00060669270066365788 -0.033794827523103393 -0.007808249877855015 0.041666158115955358 0.049362867154870767 -0.020122748548186523 -0.021965455426333578 0.16288095320002557 -0.01026377326780446 0.0005017985176382822 0.080792766669731134 0.049774456031201959 0.010508201649944371 0.0035251181030486562 0.018210708466627513 0.20876918981825221 -0.027371956442801694 -0.011026844649411819 0.10472250299428164 0.11667736896594973 0.15181087738624544 0.037601853926052205 0.020635484842883831 0.050159032432633303 0.27772035187375665 0.091988764033796105
leaf_weight=103.38312144204974 134.77732096519321 29.868548855185509 523.79112913552672 19.08703713491559 150.04522777162492 9.4074445804581028 53.756556218490005 19.720511990599338 10.10135083645582 644.75878221075982 16.929577013477683 1.5262384191155423 28.959189880639318 54.859231070615351 5.0112310620024791 32.251570938155055 35.844456410035491 16.460590792819858 204.41642316617072 0.98483587428927322 7.8810429479926816 12.641698554158209 5.7201434858143321 1.683247847482561 1.6294169947504986 46.38099842518568 20.366820665076375 23.34851001389325 1.0606278534978617 5.4575769808143377
leaf_count=3933 1123 948 25476 914 3919 288 1831 408 156 49274 784 27 982 1925 129 240 594 344 4610 13 243 305 49 12 37 628 435 249 22 102
internal_value=-0.000407422 -0.00320975 0.00473771 -0.0144051 -0.00115168 0.0313795 0.0162617 0.00900623 -0.00633895 -0.0175238 0.0199569 0.00964676 0.0223924 0.0181156 0.00722225 0.0220868 0.034973 0.0191199 0.0141223 0.0496143 0.0203483 0.0301035 0.0385428 -0.00329065 0.0317697 0.028165 0.0366755 0.0475382 0.0658838 0.122211
internal_weight=2222.11 2042.08 1194.28 847.805 790.36 180.029 403.917 99.6628 533.892 748.142 350.16 256.467 106.422 80.5758 59.8705 333.231 170.622 300.979 234.285 20.7053 104.896 74.2533 61.6116 30.6424 55.8915 54.262 66.6941 50.2335 29.8667 6.5182
internal_count=100000 97995 41399 56596 31834 2005 9565 3389 25632 53207 7734 6202 2283 2475 2054 6950 1717 6710 5558 421 2256 1262 957 994 908 871 1152 808 373 124
is_linear=0
shrinkage=0.03


Tree=34
num_leaves=31
num_cat=0
split_feature=5 369 1 2 438 196 14 439 311 208 48 4 48 200 48 43 3 364 3 33 437 43 32 4 15 3 24 9 437 183
split_gain=207.967 156.525 125.052 127.249 76.0588 54.4097 42.5313 45.821 43.1859 39.7984 36.6865 43.9404 34.0326 31.36 36.4385 35.1602 44.5239 35.0875 41.0205 40.3994 42.5964 44.5806 35.9171 29.4281 28.786 29.2112 28.166 32.4975 28.0762 83.7958
threshold=174.00000000000003 28.958399772644047 137.75749969482425 1.5000000000000002 5462.0000000000009 28.500000000000004 1.0000000180025095e-35 73092.000000000015 1.5000000000000002 2.5000000000000004 1.0000000180025095e-35 302.50000000000006 1.0000000180025095e-35 1.5000000000000002 -1.0000000180025095e-35 4.5000000000000009 18249.500000000004 48.960000991821296 8118.5000000000009 1.0000000180025095e-35 2513.5000000000005 1.0000000180025095e-35 2.5000000000000004 553.50000000000011 1.5000000000000002 7678.0000000000009 3.5000000000000004 325.50000000000006 45.500000000000007 43.98500061035157
decision_type=8 8 2 2 2 8 2 2 8 10 2 8 2 10 2 10 2 10 2 8 2 10 8 10 2 2 2 8 2 2
left_child=1 2 9 5 6 -4 -2 8 -8 12 26 28 -1 14 -5 17 -17 -16 -19 -20 22 -22 -21 -13 -6 -26 27 -3 29 -12
right_child=4 10 3 13 24 -7 7 -9 -10 -11 11 23 -14 -15 15 16 -18 18 19 20 21 -23 -24 -25 25 -27 -28 -29 -30 -31
leaf_value=-0.019361036486936253 0.095059485182331385 0.0067874530871559228 0.061353479954137917 -0.013196404578781311 -0.012157997793023146 -0.017145493734038855 -0.0033499285493498888 0.03649898422878043 0.028873563213693516 0.052300984046360237 -0.031491674997383944 0.034692974471197797 -0.0036549500378388268 0.043581598993142776 0.012731996489671965 -0.010424184657429831 0.1604169883991276 0.0011599594928906993 -0.00022652362362014122 0.20298934124980106 0.40465689413968076 0.1306116885844715 -0.01177036841503893 -0.0077407163313608415 0.025442006516708256 -0.0051274598216497413 0.032719985162004125 -0.020942283593766011 -0.0092634150213413667 0.43278325769892662
leaf_weight=772.95172923803329 7.863851571455597 130.81720269285142 43.458646243438125 190.42980749253184 77.107632719911635 9.7250829767435771 74.877017617225647 143.10872796364129 74.849652193486691 7.5545759573578826 1.0809305645525444 121.19189604744315 147.92865072377026 12.622062472626565 56.538261177018285 74.224162948317826 1.3988113179802883 4.6353698801249248 1.921641808003187 1.2797018084675076 1.0317861065268519 1.1079219803214071 1.5495173558592794 16.740799827501178 62.10540965385735 51.430225886404514 24.895239749923348 53.630071349442005 43.096844077110291 0.51732408814132202
leaf_count=51403 102 3768 993 12858 3175 520 1658 1892 968 32 36 1723 7867 75 2544 3906 33 139 49 32 27 25 52 423 1040 1070 309 1789 1472 20
internal_value=-0.000402319 -0.0053187 -0.0102343 0.0037905 0.0168113 0.0469993 0.0262096 0.0243607 0.0127589 -0.0162755 0.0113399 0.0211663 -0.016838 -0.00283698 -0.00459055 0.00681486 -0.00726411 0.0224573 0.0701631 0.116582 0.161756 0.262759 0.0853689 0.0295428 0.00198751 0.0115944 0.00276748 -0.00127527 -0.00468452 0.118785
internal_weight=2211.67 1720.33 1328.36 399.923 491.343 53.1837 300.699 292.835 149.727 928.435 391.97 182.628 920.88 346.739 334.117 143.687 75.623 68.0642 11.5259 6.89057 4.96893 2.13971 2.82922 137.933 190.643 113.536 209.343 184.447 44.6951 1.59825
internal_count=100000 90095 80555 21253 9905 1513 4620 4518 2626 59302 9540 3674 59270 19740 19665 6807 3939 2868 324 185 136 52 84 2146 5285 2110 5866 5557 1528 56
is_linear=0
shrinkage=0.03


Tree=35
num_leaves=31
num_cat=0
split_feature=295 346 5 1 2 153 196 36 8 25 337 346 39 57 50 338 275 396 24 110 364 43 178 14 410 41 435 398 0 370
split_gain=197.769 144.372 130.8 84.0361 78.847 54.9231 49.618 43.1826 40.5321 36.7064 36.0788 40.8137 34.0447 32.5516 30.9772 29.6477 27.953 26.0781 25.28 25.2692 24.5704 28.1542 46.3879 24.3689 24.3663 26.6549 23.7387 23.3066 22.7292 22.6551
threshold=1.5000000000000002 1.0000000180025095e-35 181.50000000000003 137.75749969482425 1.5000000000000002 1.0000000180025095e-35 28.500000000000004 222.72917175292972 1.5000000000000002 1.0000000180025095e-35 8.5000000000000018 6.5000000000000009 11.500000000000002 1.5000000000000002 -1.0000000180025095e-35 1.0000000180025095e-35 1.0000000180025095e-35 1.5000000000000002 3.5000000000000004 1.5000000000000002 299.50000000000006 2.5000000000000004 495.07499694824224 1.5000000000000002 312.50000000000006 1.0000000180025095e-35 2.2977679337024197 36.500000000000007 957361.50000000012 211.90999603271487
decision_type=10 8 8 2 2 2 8 10 2 2 10 10 8 8 2 10 10 10 2 8 8 8 2 2 8 8 2 10 2 10
left_child=1 2 3 -1 6 8 17 16 9 -4 11 15 13 20 -15 18 23 26 -3 -20 -6 22 -22 -2 25 -18 -5 -14 -19 -13
right_child=7 10 5 4 12 -7 -8 -9 -10 -11 -12 29 27 14 -16 -17 24 28 19 -21 21 -23 -24 -25 -26 -27 -28 -29 -30 -31
leaf_value=-0.016828826057224567 -0.0071030264658956165 0.0082071961077463933 0.17827075314881557 0.026857439873172118 0.0063612256973320271 0.052142171037152539 -0.020237653163206644 -0.033805618783010465 -0.0046435484025078569 0.016482765240772416 -0.024377233138145101 0.048604556145614257 -0.0097289372579472937 0.23776832596203304 0.028923467937590985 -0.022678280655448184 -0.0038723711011785472 0.15833626117059865 0.009572753877837353 0.059732706539212706 0.28379227833868492 -0.031040796336004789 -0.03132009014385638 0.04280915791739355 -0.026537949966401148 0.058413864472533619 0.15926615510644285 0.24421571072384449 0.067508045032661321 0.018753652895910231
leaf_weight=880.93457150645554 9.4656433016061765 285.54126757662743 1.2740064105018962 14.595098580233755 66.471069506369531 25.47817881219089 8.5738614676520211 9.1575957331806404 149.00455481093377 134.99130260385573 23.833652408793569 38.756993207149208 256.35007350239903 1.1133875818923109 1.5008324552327392 25.059568607248366 12.729993471875787 3.7141096517443639 17.949083540588617 18.208697574213147 1.1406701663509 0.99567441176623117 0.66590414009988319 125.89399754162878 11.453322177752851 12.024148462340236 1.3296316443011154 0.32568234670907159 7.46018738579005 55.863467717543244
leaf_count=58397 191 7592 27 636 3741 161 509 288 4988 2730 872 382 15545 32 64 683 182 83 253 200 30 37 22 932 304 108 23 9 145 834
internal_value=-0.000399286 -0.00308783 -0.0074721 -0.0118174 0.000303065 0.00993965 0.0426637 0.029668 0.00617043 0.0179954 0.0115755 0.0135169 -0.00429613 0.0139513 0.11787 0.00875151 0.033056 0.0625651 0.0111998 0.0348328 0.0100297 0.0970473 0.167642 0.0393188 0.0096426 0.0263827 0.0379129 -0.00940672 0.0976975 0.0309807
internal_weight=2201.86 2021.13 1555.92 1245.17 364.236 310.748 35.6729 180.725 285.27 136.265 465.213 441.379 328.563 71.8875 2.61422 346.759 171.567 27.099 321.699 36.1578 69.2733 2.80225 1.80657 135.36 36.2075 24.7541 15.9247 256.676 11.1743 94.6205
internal_count=100000 97995 87179 79273 20876 7906 1396 2005 7745 2757 10816 9944 19480 3926 96 8728 1717 887 8045 453 3830 89 52 1123 594 290 659 15554 228 1216
is_linear=0
shrinkage=0.03


Tree=36
num_leaves=31
num_cat=0
split_feature=18 47 208 185 27 25 25 31 409 25 25 438 20 27 15 364 3 27 182 356 29 32 424 341 337 25 434 7 31 434
split_gain=186.195 139.334 87.2074 57.4249 52.6084 86.9837 71.0263 45.7925 45.6053 61.7956 40.4256 37.8857 36.5854 35.2363 70.6494 33.377 44.8661 32.7218 32.2149 28.8245 33.6177 28.6217 28.6173 27.7195 27.3981 26.9847 27.3422 32.0231 26.5206 25.3205
threshold=1.5000000000000002 -1.0000000180025095e-35 2.5000000000000004 13.975399971008303 1.5000000000000002 7.5000000000000009 157.00000000000003 3.5000000000000004 13.500000000000002 2.5000000000000004 1.5000000000000002 1986.5000000000002 5.5000000000000009 8.5000000000000018 7.5000000000000009 721.25000000000011 16885.000000000004 1.0000000180025095e-35 93.681499481201186 1.5000000000000002 4.5000000000000009 489.50000000000006 73.000000000000014 1.5000000000000002 9.5000000000000018 1.0000000180025095e-35 -0.081155593742156168 218.00000000000003 1.0000000180025095e-35 2.1450468032463599
decision_type=2 2 10 2 2 2 2 10 10 2 2 2 2 2 2 8 2 2 2 10 2 8 2 2 10 2 2 10 8 2
left_child=1 2 8 7 28 -6 -7 10 19 23 12 18 15 14 21 17 -17 -3 -5 25 -21 -12 -22 29 -13 26 -1 -28 -2 -10
right_child=4 3 -4 11 5 6 -8 -9 9 -11 13 24 -14 -15 -16 16 -18 -19 -20 20 22 -23 -24 -25 -26 -27 27 -29 -30 -31
leaf_value=-0.030704463657461392 0.0048477779099845844 0.013996205697814715 0.050132337016671816 0.017663236916789216 -0.011043183536893472 0.044169454426411625 0.0078722452311894373 -0.013662653592764109 -0.0011604016321615734 0.18299030208091346 0.018134001825110869 0.023380845169761928 0.24728322945986245 -0.005765662753057333 0.3183589103070768 0.010710375610579203 0.23989240382601404 -0.0060234677127333179 -0.027473261705877591 0.0027824484882390207 0.24401289988123651 0.062974063550742837 0.03500921351293302 0.19739986994633349 -0.030874076919127708 -0.019060436905456144 -0.031102326149852675 0.19374122855422904 0.047162470108397241 0.15962551651445817
leaf_weight=1.9267425183206794 16.423354430124164 92.682021556422114 18.722541507333517 26.534049591049552 94.379587829113007 87.304087611846626 109.21687577478588 197.83113972656429 72.869820732623339 1.7474129293113936 59.528331164270639 196.12721000798047 0.53403846174478431 34.712540624663234 0.76062300056219001 2.1305209919810291 1.20278874784708 354.65019504819065 30.693348374217749 8.5352697009220702 1.0842368081212037 16.32517150696367 1.2924279859289525 0.65104379877447982 8.7506954334676248 680.57334692589939 0.85491277929395382 1.7111845500767229 70.784371406771243 0.89228730741888185
leaf_count=101 259 1759 83 601 2863 512 1780 10542 4374 15 1642 3642 14 1586 19 70 13 17200 1062 243 24 403 29 16 355 50023 38 38 668 26
internal_value=-0.000394404 -0.00438752 -0.013843 0.0029262 0.0187557 0.0126287 0.0239972 -0.00124803 -0.0153943 0.00664582 0.00311799 0.0150355 -0.000876796 0.0193086 0.0306693 -0.00117087 0.0934082 -0.00187562 -0.00654528 -0.0178061 0.0305687 0.0277845 0.130357 0.00250479 0.0210635 -0.0185767 0.0547043 0.118833 0.0391936 0.000784597
internal_weight=2191.43 1813.32 790.861 1022.46 378.108 290.901 196.521 760.357 772.139 76.1606 562.526 262.105 451.2 111.327 76.6141 450.666 3.33331 447.332 57.2274 695.978 10.9119 75.8535 2.37666 74.4132 204.878 685.066 4.49284 2.5661 87.2077 73.7621
internal_count=100000 93918 55010 38908 6082 5155 2292 33248 54927 4431 22706 5660 19056 3650 2064 19042 83 18959 1663 50496 296 2045 53 4416 3997 50200 177 76 927 4400
is_linear=0
shrinkage=0.03


Tree=37
num_leaves=31
num_cat=0
split_feature=295 47 24 8 119 348 2 36 4 439 423 434 2 197 128 148 279 139 217 437 393 436 38 27 275 437 12 36 365 56
split_gain=178.028 171.965 74.8987 74.4365 62.0578 46.5633 41.3211 39.9738 33.6967 39.0215 32.1515 31.5949 41.7699 33.8006 31.032 32.0567 28.4631 26.5996 26.1588 26.7789 26.0914 25.714 34.8003 29.1468 25.7047 24.9465 24.048 33.0042 23.9237 23.8388
threshold=1.5000000000000002 -1.0000000180025095e-35 1.5000000000000002 1.5000000000000002 1.5000000000000002 2.5000000000000004 1.5000000000000002 222.72917175292972 554.50000000000011 73092.000000000015 28.000000000000004 -0.27811297082374614 1.5000000000000002 132.50000000000003 2.5000000000000004 2.5000000000000004 2.5000000000000004 3.5000000000000004 7247.5000000000009 485.50000000000006 37579.500000000007 -79.215969047619012 184.50000000000003 12.500000000000002 1.0000000180025095e-35 3079.0000000000005 1067.5000000000002 27.499999046325687 705.97500610351574 1.5000000000000002
decision_type=10 2 2 2 8 2 2 10 10 2 10 2 2 10 10 2 10 10 8 2 10 2 10 2 10 2 10 10 2 10
left_child=1 2 11 8 5 14 -4 24 9 -3 -8 26 13 18 17 -16 -14 28 20 -20 -13 22 23 -7 -2 -23 -1 -28 -5 -10
right_child=7 3 6 4 -6 21 10 -9 29 -11 -12 12 16 -15 15 -17 -18 -19 19 -21 -22 25 -24 -25 -26 -27 27 -29 -30 -31
leaf_value=-0.023169205190197311 0.037377637579658014 0.0079283299764370974 0.04207226675667157 -0.0063443675501281679 0.028999150399110985 0.35738724588509069 -0.017388860597284898 -0.033750655675971665 -0.010152599494414166 0.027737651756980349 0.027940670768624349 -0.030683995678701496 -0.015549529154302201 -0.016412711740238822 0.1949429162205239 0.00075939379172650708 0.28479016156436798 0.083478210126740615 0.14037455904695914 -0.011296283164832208 0.033811420352865093 -0.016949659600507587 0.051092548632897174 0.070290366552812775 0.0089329850103685594 0.044454263168091805 -0.030582470718156441 0.32793710956586203 0.070654695291184011 0.1551420361659139
leaf_weight=382.3578987410292 135.30037867929786 177.70071266777813 28.326787116937339 686.30774628464133 56.921409359201789 0.69433977827430016 40.553530536592007 8.9259556876495463 52.43278237991035 180.30536439269781 21.574464231729507 7.1941619496792546 269.98236076254398 23.228611391037703 1.4139780811965459 1.6673894040286539 0.28428700380027194 3.007354423403739 3.4220448499545446 1.5099765285849569 26.220135034993291 10.317205771803856 5.1444221641868353 0.58757738396525383 36.254148439504206 14.082746362313628 0.51878573559224506 0.41672027483582497 3.6509427893906823 0.79719043336808582
leaf_count=30019 1123 4289 424 30172 898 23 1895 288 1817 3445 609 419 20209 1541 17 37 9 37 69 65 1294 416 43 18 594 142 31 12 31 14
internal_value=-0.000390116 -0.00296443 -0.013677 0.00425706 -0.00116631 -0.00352856 0.0120436 0.028146 0.0145937 0.0179051 -0.0016478 -0.0169302 -0.0101533 0.0121455 -0.00512648 0.0898663 -0.0152336 -0.00554888 0.0294449 0.0939394 0.0199254 0.0325519 0.0859418 0.225794 0.0313665 0.0184904 -0.0227975 0.12912 -0.00593692 -0.00767709
internal_weight=2181.1 2000.62 805.59 1195.03 783.795 726.874 90.4548 180.48 411.236 358.006 62.128 715.135 331.842 61.5749 696.047 3.08137 270.267 692.966 38.3463 4.93202 33.4143 30.8263 6.42634 1.28192 171.555 24.4 383.293 0.935506 689.959 53.23
internal_count=100000 97995 56596 41399 31834 30936 2928 2005 9565 7734 2504 53668 23606 3388 30294 54 20218 30240 1847 134 1713 642 84 41 1717 558 30062 43 30203 1831
is_linear=0
shrinkage=0.03


Tree=38
num_leaves=31
num_cat=0
split_feature=295 47 24 8 119 348 2 30 408 424 423 320 434 2 0 128 179 346 436 400 57 437 96 410 398 139 30 333 361 434
split_gain=167.221 164.057 71.7433 69.2275 57.5764 43.6673 38.1065 34.1494 31.2073 31.181 30.0925 29.3137 27.9747 33.9299 33.0704 27.7731 33.1044 27.6563 25.7697 35.1059 26.1177 48.0212 25.9242 25.6775 24.3529 24.2438 23.2215 23.1291 24.3372 22.8229
threshold=1.5000000000000002 -1.0000000180025095e-35 1.5000000000000002 1.5000000000000002 1.5000000000000002 2.5000000000000004 1.5000000000000002 180.50000000000003 218.50000000000003 254.50000000000003 28.000000000000004 4.0054500102996835 -0.27811297082374614 1.5000000000000002 585783.50000000012 2.5000000000000004 118.00999832153322 6.5000000000000009 -11.178897136010418 2.5000000000000004 1.5000000000000002 6456.0000000000009 3.5000000000000004 390.50000000000006 38.500000000000007 3.5000000000000004 33.500000000000007 1.0000000180025095e-35 297.59500122070318 -0.1109608754547106
decision_type=10 2 2 2 8 2 2 10 8 2 10 10 2 2 2 10 2 10 2 10 10 2 8 8 10 10 10 2 10 2
left_child=1 2 9 7 5 15 -4 8 -3 12 -8 -2 -1 14 29 25 -17 18 19 20 -10 -22 -20 -13 -15 27 -6 -5 -29 -14
right_child=11 3 6 4 26 -7 10 -9 17 -11 -12 23 13 24 -16 16 -18 -19 22 -21 21 -23 -24 -25 -26 -27 -28 28 -30 -31
leaf_value=-0.022724714507009729 0.036505968054005647 -0.027391481463908959 0.040175106214102384 -0.0076078910020544168 0.034299115992192472 0.031443863049893724 -0.017143507778019953 -0.023539532851125408 0.0038022149475868514 0.07903521422613688 0.026541086344185994 0.022911523141396436 -0.0080302028669683636 -0.015632877369736696 -0.0020759592955633343 0.22150533280160506 0.016551342781330018 0.043087427257126498 0.017425544055020753 0.13869415224194423 0.015257744587960346 0.22218787051049185 0.046423668937145508 -0.018651156895222974 0.24443845835773856 0.078046149094480224 -0.026632573986743412 0.0056293225283644919 0.072520504446994205 0.078061407256292528
leaf_weight=373.91013706382364 113.7455802699551 14.377082103863357 28.767597066238523 618.83791487291455 51.576176859438419 30.911310466937721 39.909722864627838 20.696712077595294 171.26925017312169 3.0482481922954312 22.023707311600447 48.808708399534225 3.9866834785789242 265.65673565212637 47.355195002630353 1.0456836353987449 2.2046981230378151 34.896105127409101 131.82854261435568 1.806649051606654 3.5932902954518786 1.4035661201924083 35.143205842003226 18.429080561734736 0.32444281876087089 3.1183899771422139 6.3188608586788169 61.952168436720967 5.3152405694127074 9.0909698419272882
leaf_count=30035 765 457 424 28515 693 642 1895 1010 4434 50 609 617 262 20206 2777 13 41 276 2829 11 77 20 451 623 6 37 205 1618 70 332
internal_value=-0.000385629 -0.00289609 -0.0134677 0.0041211 -0.0011387 -0.00344267 0.0116435 0.0140229 0.0159944 -0.0167058 -0.00160914 0.0272232 -0.0171226 -0.0107052 0.00958639 -0.00499996 0.0824873 0.0176362 0.0150622 0.00712324 0.0057747 0.0733823 0.0235289 0.0115197 -0.0153156 -0.00541255 0.0276488 -0.00579188 0.0109148 0.0518166
internal_weight=2171.35 1990.37 794.073 1196.29 781.28 723.385 90.701 415.014 394.318 703.372 61.9334 180.983 700.324 326.414 60.4328 692.474 3.25038 379.941 345.045 178.073 176.266 4.99686 166.972 67.2378 265.981 689.224 57.895 686.105 67.2674 13.0777
internal_count=100000 97995 56596 41399 31834 30936 2928 9565 8555 53668 2504 2005 53618 23583 3371 30294 54 8098 7822 4542 4531 97 3280 1240 20212 30240 898 30203 1688 594
is_linear=0
shrinkage=0.03


Tree=39
num_leaves=31
num_cat=0
split_feature=22 28 31 15 259 48 438 7 438 359 435 139 3 195 30 82 15 324 29 32 373 40 393 435 366 330 186 16 365 99
split_gain=159.226 105.71 129.183 45.2836 40.0246 39.6223 46.7755 39.0065 56.8126 83.0543 73.537 37.0711 36.5551 36.2379 36.1807 35.7773 39.9367 39.0986 33.5096 33.2094 35.5094 29.1999 37.2387 26.8739 26.1941 25.9524 25.0841 27.0654 26.8422 24.3878
threshold=2.5000000000000004 1.0000000180025095e-35 3.5000000000000004 2.5000000000000004 1.0000000180025095e-35 -1.0000000180025095e-35 6287.5000000000009 117.50000000000001 16646.500000000004 444.25000000000006 0.55071434328183477 1.5000000000000002 18249.500000000004 1.5000000000000002 32.500000000000007 1.0000000180025095e-35 3.5000000000000004 64.389698028564467 26.500000000000004 91.500000000000014 1093.0000000000002 194.50000000000003 148029.50000000003 5.2259069725759915 465.25000000000006 140.85280609130862 176.50000000000003 2.5000000000000004 80.239700317382827 1.5000000000000002
decision_type=2 2 8 2 10 2 2 8 2 10 2 8 2 10 10 8 2 10 2 10 8 8 8 2 2 10 2 2 2 8
left_child=1 3 5 13 11 -3 14 8 9 10 -8 21 19 -1 23 16 -4 -17 -18 -9 -21 22 -2 26 -11 -6 27 -7 -29 -24
right_child=4 2 15 -5 25 6 7 12 -10 24 -12 -13 -14 -15 -16 17 18 -19 -20 20 -22 -23 29 -25 -26 -27 -28 28 -30 -31
leaf_value=0.013735315358919928 0.040031760706721188 -0.0093923113336851893 -0.0096887834398381636 0.044271748001460533 -0.013407751160349785 0.0025252716379138953 0.12791678918719643 0.021714916459398055 0.025324882117413277 0.11842929304213513 0.49098253456273633 0.034428810790565256 0.17592727853270673 -0.018954336930967139 -0.024296012769759762 -0.018961008685845691 0.036272326249063187 0.022312589294611804 -0.0067586521991028006 -0.01088682405519218 0.22651395881686301 -0.014948533634545061 -0.0046789611467903175 0.176482955371425 -0.031905576519001007 0.05103072859288655 -0.020402693830075834 0.063103322976676965 -0.024830769643639172 0.045899553976384101
leaf_weight=195.7210307456553 45.399173611775041 103.1392858652398 482.43633804284036 37.252801710739732 44.789804886095226 36.041991921141744 1.107499049976471 152.93147882074118 13.598834046162663 2.7020019311457872 0.91847804281860579 139.06510772369802 1.2801136774942268 36.158445397391915 45.253833628259599 554.10952602420002 33.462238801643252 21.456493101082742 31.732851285487413 43.648777929134667 0.5745138730853786 27.981993364170194 49.777014020830393 0.85719387978315253 1.6989978421479461 6.4329945631325236 20.983473546802998 16.111626503057781 3.8758277371525756 10.366814112290738
leaf_count=4954 498 4797 25823 236 1032 1112 30 3397 235 38 25 1246 14 1331 2114 45467 1093 671 1623 1666 6 704 861 14 45 36 508 242 95 87
internal_value=-0.000380668 -0.00379968 -0.0067812 0.0135702 0.0190161 0.00690377 0.0118243 0.0201585 0.0600626 0.133564 0.292513 0.0235881 0.0161314 0.00863781 -0.0029633 -0.0121997 -0.00671061 -0.0174224 0.0153276 0.0150939 -0.0078027 0.0122977 0.0195213 0.00943409 0.0603928 -0.00531502 0.00757475 0.0180525 0.0460518 0.00403911
internal_weight=2160.87 1837.05 1567.92 269.132 323.813 444.724 341.585 218.461 20.0258 6.42698 2.02598 272.59 198.435 231.879 123.124 1123.2 547.631 575.566 65.1951 197.155 44.2233 133.525 105.543 77.8701 4.401 51.2228 77.0129 56.0294 19.9875 60.1438
internal_count=100000 95536 89015 6521 4464 14338 9541 5456 373 138 55 3396 5083 6285 4085 74677 28539 46138 2716 5069 1672 2150 1446 1971 83 1068 1957 1449 337 948
is_linear=0
shrinkage=0.03


Tree=40
num_leaves=31
num_cat=0
split_feature=18 47 208 185 30 409 14 25 438 27 1 3 438 0 434 25 30 20 32 434 10 249 434 3 397 434 4 365 365 337
split_gain=150.91 116.984 74.3548 48.2738 46.1631 43.5597 57.2139 38.8516 37.3979 35.9472 32.8447 41.295 32.3136 32.1108 28.4599 28.4157 42.6141 32.131 27.0964 26.4869 26.1636 26.0114 25.829 24.8646 24.6826 33.5441 24.5724 24.5357 27.4675 24.1806
threshold=1.5000000000000002 -1.0000000180025095e-35 2.5000000000000004 13.975399971008303 117.50000000000001 13.500000000000002 15.500000000000002 2.5000000000000004 5275.5000000000009 1.0000000180025095e-35 381.59999084472662 17580.000000000004 1986.5000000000002 1561303.5000000002 -0.27392249588546869 1.5000000000000002 17.500000000000004 3.5000000000000004 489.50000000000006 0.25102710097996622 80.500000000000014 1.5000000000000002 -0.47018339947600046 2041.5000000000002 -17.499999999999996 -0.068044660995707107 510.50000000000006 48.960000991821296 62.427650451660163 9.5000000000000018
decision_type=2 2 10 2 10 10 2 2 2 2 2 2 2 2 2 2 10 2 8 2 10 10 2 2 8 2 10 2 2 10
left_child=1 2 5 9 8 20 -7 13 -2 -3 15 19 22 14 23 17 18 -11 -17 -12 -1 -10 27 -8 25 -16 -19 -5 -29 -14
right_child=4 3 -4 12 -6 6 7 -9 21 10 11 -13 29 -15 24 16 -18 26 -20 -21 -22 -23 -24 -25 -26 -27 -28 28 -30 -31
leaf_value=0.038821565367073617 0.027819136271081849 0.014824633032807148 0.046779154450153453 -0.0067514424517522006 -0.022710630536669579 -0.021858666484840947 0.17894196317294792 0.16404715972205333 0.0035156634051038312 -0.010360707706564679 0.18158889045292378 0.14817132968385455 0.021067728748688605 -0.0071175933891685804 0.27332830827458116 0.011165016536380152 -0.010030099081467646 0.015435739938859369 0.052321183145630668 0.011317776936861956 -0.017682667215732698 0.042975728781721366 -0.019177830686494392 -0.0051603221557050055 0.048307200863637212 0.083925928443314937 0.13397318781961048 0.10468612452938607 -0.03163696201683408 -0.03084130039634761
leaf_weight=7.4602127661928526 206.5143862478435 106.65540722198784 18.225610744208097 8.92602357175201 24.86741635389626 33.567616257816553 0.71364781539887268 1.8839276917278756 130.78715092036873 447.46412965748459 0.84724827483297005 2.3109685210511079 200.734563941136 16.571877047419548 1.1688335416838525 64.417651836760342 83.111576196737587 4.9159979606047264 18.541467099450529 27.839795649051666 647.70242857187986 16.987315649166703 40.807051043957472 8.8233667546883208 8.7546209022402746 3.0056302007287741 2.3151107635349035 5.0433929897844783 1.8067574128508566 8.4150780802592617
leaf_count=209 2041 1922 83 292 1132 2316 35 14 2811 23018 37 58 3642 1027 34 1982 4245 176 531 1212 50287 98 1282 577 377 51 67 45 44 355
internal_value=-0.00037698 -0.00405247 -0.0130727 0.00253444 0.0168008 -0.0145677 0.00717101 0.0309836 0.0195741 -0.0013209 -0.00396298 0.0261744 0.0135378 0.0245621 0.0479303 -0.00546789 0.00515274 -0.00934692 0.0203635 0.0163466 -0.0170393 0.00805177 -0.00657512 0.00861592 0.0769302 0.136958 0.0533867 0.0260234 0.0687303 0.0189792
internal_weight=2151.19 1772.03 747.878 1024.15 379.156 729.652 74.4895 40.9219 354.289 758.419 651.764 30.998 265.733 39.038 22.4661 620.766 166.071 454.695 82.9591 28.687 655.163 147.774 56.5832 9.53701 12.9291 4.17446 7.23111 15.7762 6.85015 209.15
internal_count=100000 93918 55010 38908 6082 54927 4431 2115 4950 33248 31326 1307 5660 2101 1074 30019 6758 23261 2513 1249 50496 2909 1663 612 462 85 243 381 89 3997
is_linear=0
shrinkage=0.03


Tree=41
num_leaves=31
num_cat=0
split_feature=295 47 14 423 8 409 215 105 335 36 10 13 30 5 43 30 147 139 360 417 435 30 113 0 0 439 16 130 43 436
split_gain=144.93 142.77 60.7813 69.4253 60.7563 42.5651 38.8627 36.3594 39.009 35.9155 35.6889 32.9567 30.6119 31.8744 29.7955 29.3022 36.3437 34.2443 31.6395 27.7315 28.9948 27.1438 26.9994 26.8036 25.0453 31.7237 25.4481 24.6551 23.5856 22.595
threshold=1.5000000000000002 -1.0000000180025095e-35 15.500000000000002 28.000000000000004 1.5000000000000002 12.500000000000002 191.25000000000003 1.5000000000000002 1.5000000000000002 222.72917175292972 86.500000000000014 17.500000000000004 180.50000000000003 149.50000000000003 497.50000000000006 368.50000000000006 1.0000000180025095e-35 2.5000000000000004 618.49499511718761 149.50000000000003 1.1848142432803577 49.500000000000007 2.5000000000000004 1826392.0000000002 747261.50000000012 41124.000000000007 1.5000000000000002 3.5000000000000004 283.50000000000006 572.52824133851243
decision_type=10 2 2 10 2 10 10 8 2 10 10 2 10 8 10 8 2 10 8 8 2 8 8 2 2 2 2 10 10 2
left_child=1 2 10 6 12 19 -4 8 15 -2 -1 23 13 -3 28 22 17 18 -17 -5 -21 -9 27 -7 26 -26 -15 -6 -10 -20
right_child=9 4 3 5 7 11 -8 21 14 -11 -12 -13 -14 24 -16 16 -18 -19 29 20 -22 -23 -24 -25 25 -27 -28 -29 -30 -31
leaf_value=0.041133025441652635 0.028371451719309913 -0.026364852066379549 -0.014530743835743194 0.082388177927932654 -0.016640692647558037 0.079147565906191791 0.095381689877028622 -0.026937014328222868 0.010434681447257715 -0.033827206152751213 -0.019516844196390808 -0.0098959012589735409 -0.023271853724227305 0.012504255435791357 0.1898124017505356 -0.0060964861598157586 0.035418340100240045 0.070899280036978221 0.04556550528917587 -0.014513169383103149 0.045416598109696643 0.044891762640229801 0.1368177604375623 0.0097807226038712398 -0.0056458496553990758 0.017693458177346858 0.040454755733842385 0.14512206545872322 -0.026131515797474698 0.27371772998931526
leaf_weight=8.8808964639902097 171.79339935351163 16.290978883393109 146.85308565851301 3.7400474669411778 218.42267807759345 20.690168350003663 2.9534526215866199 5.8729994213208583 198.43420137837529 8.782450960017739 520.93635868746787 7.1788471909239879 20.029163007624447 53.085243379697204 0.80990314297377963 281.49218639917672 22.861895157024264 5.4087851457297793 1.1732087321579445 36.511498352512717 9.0707664228975755 24.435401579365134 1.0453016534447659 6.6166618829593054 71.976562822237611 192.8515047673136 65.47778688184917 0.85129639972001214 17.256118361838162 0.58569795265793789
leaf_count=208 1717 556 9899 127 11206 682 46 130 4890 288 42413 455 1010 1326 16 14076 564 83 52 2218 295 200 13 253 2002 3724 947 30 566 8
internal_value=-0.000372371 -0.00273969 -0.0128793 -0.000131528 0.00371988 0.0217336 -0.0123638 -0.00123949 -0.00254413 0.0253464 -0.0185002 0.0473023 0.0129205 0.0147342 0.00819121 -0.00691424 -0.000992323 -0.00387605 -0.00530391 0.0038563 -0.00258728 0.0309732 -0.0152876 0.0623394 0.0164806 0.0113502 0.0279402 -0.0160127 0.00750923 0.121538
internal_weight=2142.37 1961.79 763.432 233.615 1198.36 83.808 149.807 778.65 748.341 180.576 529.817 34.4857 419.711 399.682 216.5 531.841 311.522 288.66 283.251 49.3223 45.5823 30.3084 220.319 27.3068 383.391 264.828 118.563 219.274 215.69 1.75891
internal_count=100000 97995 56596 13975 41399 4030 9945 31834 31504 2005 42621 1390 9565 8555 5472 26032 14783 14219 14136 2640 2513 330 11249 935 7999 5726 2273 11236 5456 60
is_linear=0
shrinkage=0.03


Tree=42
num_leaves=31
num_cat=0
split_feature=25 19 27 364 27 15 38 15 369 34 113 197 392 437 105 43 437 363 1 334 436 38 311 188 48 353 392 429 105 131
split_gain=139.271 141.3 76.7228 100.175 57.9601 98.5504 64.3238 51.2086 54.4482 33.9267 33.4268 30.7202 28.8955 28.7217 51.7902 45.7757 49.5009 32.0721 30.957 62.4364 39.615 27.8916 26.2802 25.8037 25.7969 26.5301 25.4294 25.3831 24.3963 23.8914
threshold=1.5000000000000002 1.0000000180025095e-35 1.0000000180025095e-35 30.97500038146973 8.5000000000000018 4.5000000000000009 47.500000000000007 6.5000000000000009 41.504800796508796 129.50000000000003 2.5000000000000004 132.50000000000003 -34.499999999999993 1013.5000000000001 1.0000000180025095e-35 66.500000000000014 1089.5000000000002 34.989999771118171 70.008998870849624 1.0000000180025095e-35 -206.97545021012999 196.50000000000003 2.5000000000000004 1106.0000000000002 1.0000000180025095e-35 1.5000000000000002 -58.999999999999993 1.0000000180025095e-35 1.5000000000000002 2.5000000000000004
decision_type=2 2 2 10 2 2 10 2 10 10 10 10 8 2 8 10 2 10 2 2 2 10 10 2 2 2 8 2 10 10
left_child=2 4 11 10 5 9 -7 21 -9 12 24 -1 -2 -5 23 16 -16 18 20 -20 -18 -8 26 -15 -4 -26 -6 -21 29 -28
right_child=1 -3 3 13 22 6 7 8 -10 -11 -12 -13 -14 14 15 -17 17 -19 19 27 -22 -23 -24 -25 25 -27 28 -29 -30 -31
leaf_value=0.012515238137034909 0.062272884030641386 -0.011781988838541519 -0.017376965299842787 -0.0030565653216915773 0.055350833639993352 0.039862142676004096 0.18425183996122563 0.38484920665910599 0.11803244959808601 -0.024505252949115593 0.1471208354123599 -0.027606147141087192 0.013250814943149081 -0.01776005819691703 0.22885872597506196 -0.009024009124481704 0.1407331279036623 -0.027595553845374696 0.20675094027691843 0.046197493747669738 -0.00043891290342379483 -0.03125463411236673 0.04177756740860028 0.19486381782326503 -0.0038488642927588202 0.1558335009486562 -0.003337659947782175 0.17443546513067534 0.042574554954374913 0.12729518110127494
leaf_weight=208.9652831312269 11.370111636817454 217.05227854289114 697.58292117901146 118.26804481539875 7.7160783093422651 131.31891207676381 0.83664874173700754 1.2231544842943551 1.5742514096200464 20.629049018956721 1.1445736493915308 18.713855186477304 224.30287898890674 31.748909125104547 1.2629649071022857 20.104776164516807 2.0027398020029095 5.8687157621607176 2.4971911227330557 33.627368290908635 16.760843191295862 1.5269546639174221 15.910174142569302 0.52213678695261379 125.70008065924048 0.94344279542565246 199.75043381936848 1.4490229133516539 11.413684425875543 1.268024556338786
leaf_count=5202 158 16224 50606 4412 71 758 34 30 21 659 16 878 5327 1317 35 899 29 229 56 490 491 54 81 5 6473 26 5317 32 59 11
internal_value=-0.000368043 0.009088 -0.00658233 -0.00997765 0.0162915 0.0233523 0.0439451 0.147834 0.234697 0.0123867 -0.0148906 0.0092175 0.0156159 0.00734307 0.0179603 0.0304249 0.0429209 0.0391459 0.0460984 0.0618136 0.0146292 0.0450286 0.00454306 -0.0143199 -0.0151156 -0.0026593 0.00185211 0.0514951 -9.11024e-05 -0.00251363
internal_weight=2133.06 845.893 1287.16 1059.48 628.84 392.782 136.48 5.16101 2.79741 256.302 825.371 227.679 235.673 234.113 115.845 83.5736 63.4688 62.2059 56.3372 37.5736 18.7636 2.3636 236.058 32.271 824.226 126.644 220.148 35.0764 212.432 201.018
internal_count=100000 28804 71196 65116 12580 7041 897 139 51 6144 57121 6080 5485 7995 3583 2261 1362 1327 1098 578 520 88 5539 1322 57105 6499 5458 522 5387 5328
is_linear=0
shrinkage=0.03


Tree=43
num_leaves=31
num_cat=0
split_feature=16 19 27 364 29 259 139 130 437 437 433 0 14 37 48 20 275 134 178 397 410 397 122 326 393 105 436 0 393 237
split_gain=132.943 125.974 71.0128 101.437 59.7297 59.4337 43.6943 36.9448 35.7992 44.5098 44.989 34.165 45.907 32.18 31.1231 30.8783 29.8641 28.8469 28.4674 27.4828 33.9737 41.6454 26.744 26.5978 32.8848 25.4532 31.3092 27.1578 23.9043 23.3994
threshold=2.5000000000000004 1.0000000180025095e-35 1.0000000180025095e-35 10.118250370025637 172.50000000000003 1.0000000180025095e-35 3.5000000000000004 3.5000000000000004 1013.5000000000001 1157.0000000000002 1.0000000180025095e-35 1616670.0000000002 1.5000000000000002 0.93749949336051952 1.0000000180025095e-35 7.5000000000000009 1.0000000180025095e-35 1.0000000180025095e-35 48.986000061035163 -1.0000000180025095e-35 536.50000000000011 -6.4999999999999991 1.0000000180025095e-35 25.034500122070316 137308.00000000003 1.0000000180025095e-35 125.66188925530449 135857.50000000003 50930.000000000007 1.5000000000000002
decision_type=2 2 2 10 2 10 8 10 2 2 2 2 2 10 2 2 10 8 2 8 10 10 8 10 10 8 2 2 10 10
left_child=2 4 11 15 5 6 16 -6 -5 10 18 12 14 25 -1 22 23 -16 -10 20 -14 -22 -4 24 -2 27 -27 -11 -9 -7
right_child=1 -3 3 8 7 29 -8 28 9 13 -12 -13 19 -15 17 -17 -18 -19 -20 -21 21 -23 -24 -25 -26 26 -28 -29 -30 -31
leaf_value=-0.01050039628316907 0.022086802151644793 -0.012438527882865898 -0.0090309749333261653 -0.0036950285220275231 -0.017658468641473159 -0.011694910028650786 0.039909469340819868 0.15913808817215422 0.088557829351208747 0.21099990769211563 0.043481554505560772 -0.0066367759451067092 0.045219166950159817 0.15277069059156534 0.12870863199991286 0.19032780609583044 -0.037261998905025233 0.018907270371522244 0.29468877500555168 0.019529133990343218 0.053722951727183367 0.28843713650316422 -0.019598055441625725 0.037959004717098628 -0.0031189420855110722 0.011883640780498899 0.06036318406477062 -0.012580111355202076 0.016315668125711485 0.033235240100858508
leaf_weight=56.257642742246389 183.09528163634241 174.74340627342463 438.9616299662739 143.88586965203285 57.253878735005856 63.833060015924275 118.25078016892076 1.7349421698600043 1.2242173133417957 0.49551612976938386 8.5980833265930396 81.265973709523678 27.388098092749718 1.4584443261846889 2.6260466650128338 0.66472293343394895 8.4085992351174337 11.964536132290959 1.188240537419915 53.455050697550178 1.5696158949285748 1.200856115669011 423.53432740271091 59.972107307985425 62.480899652466178 71.370671355165541 14.410149065777658 36.93804114498198 2.6899318657815456 12.470052706077693
leaf_count=2123 3728 13010 23616 5400 2449 1333 1184 15 28 18 203 2151 441 40 77 14 122 353 20 1018 33 22 36934 388 1113 2327 225 1487 33 95
internal_value=-0.000364783 0.00984645 -0.00588304 -0.00897566 0.016676 0.0200576 0.024367 -0.0112037 0.00672976 0.0177848 0.0756033 0.00910895 0.0173931 0.0126785 -0.000374264 -0.0140625 0.018513 0.0386696 0.190086 0.032448 0.0553462 0.155459 -0.01422 0.0200479 0.0156738 0.0110203 0.0200276 -0.00962053 0.0723147 -0.00435207
internal_weight=2123.39 744.933 1378.46 1142.73 570.19 508.511 432.208 61.6788 279.569 135.683 11.0105 235.728 154.462 124.673 70.8482 863.161 313.957 14.5906 2.41246 83.6136 30.1586 2.77047 862.496 305.548 245.576 123.214 85.7808 37.4336 4.42487 76.3031
internal_count=100000 23470 76530 70312 10460 7963 6535 2497 9748 4348 251 6218 4067 4097 2553 60564 5351 430 48 1514 496 55 60550 5229 4841 4057 2552 1505 48 1428
is_linear=0
shrinkage=0.03


Tree=44
num_leaves=31
num_cat=0
split_feature=25 19 27 364 27 15 23 1 437 34 197 0 430 113 397 90 433 392 106 437 105 43 363 437 4 1 367 43 3 48
split_gain=126.734 125.566 69.1149 91.6488 53.0163 89.8208 38.7472 57.9316 39.3722 31.3851 28.1949 37.4398 35.5513 27.6588 26.9119 26.1346 26.1121 25.3461 24.968 24.6999 45.0176 40.0844 32.9846 33.9685 37.8006 29.8383 24.2138 23.8506 23.4127 22.5981
threshold=1.5000000000000002 1.0000000180025095e-35 1.0000000180025095e-35 30.97500038146973 8.5000000000000018 4.5000000000000009 1.5000000000000002 311.97500610351568 9144.5000000000018 129.50000000000003 132.50000000000003 1616670.0000000002 1.0000000180025095e-35 2.5000000000000004 -2.4999999999999996 2.5000000000000004 1.0000000180025095e-35 -34.499999999999993 2.5000000000000004 1013.5000000000001 1.0000000180025095e-35 66.500000000000014 34.989999771118171 1089.5000000000002 481.50000000000006 108.95499801635744 49.975000381469734 12.500000000000002 4273.5000000000009 1.0000000180025095e-35
decision_type=2 2 2 10 2 2 2 2 2 10 10 2 2 10 10 10 2 8 10 2 8 10 10 2 8 2 2 10 2 2
left_child=2 4 10 13 5 9 -7 8 16 17 11 12 -1 18 -14 -6 -8 -2 29 -5 -21 22 23 -22 25 28 27 -26 -25 -4
right_child=1 -3 3 19 15 6 7 -9 -10 -11 -12 -13 14 -15 -16 -17 -18 -19 -20 20 21 -23 -24 24 26 -27 -28 -29 -30 -31
leaf_value=0.011937505586642293 0.057560012451294947 -0.01131562877440674 -0.016962343957633672 -0.0029307252181824976 0.00071896996304560915 0.037924571371296553 0.1934723376829835 0.3338889321591037 0.25961812664867484 -0.024289751190380012 -0.027465959238917041 -0.004810961942547879 0.073353559416393405 0.12378908444373615 0.021118903764117024 0.033500856220404905 0.018831237037804163 0.012490888989297642 0.25152289331688577 -0.014070634584844418 0.18675533112110221 -0.0092295387065059135 -0.027685014669038093 0.12128144207064838 0.22762814918265908 0.048242518129772753 0.057700668423377136 0.075981402909091875 -0.018031067060841417 -0.0030898234766776915
leaf_weight=98.106849623844028 11.815580374561248 212.10257215891033 676.9420369733125 117.74576156493276 211.53962747659534 129.21558414027095 0.92190257739275594 0.9008742757141589 0.9160933969542383 20.124468980357051 18.068012246862054 78.937157444655895 17.573636708781123 1.3001736206933845 17.938435886055231 24.413181797601283 4.6928689954802394 226.76676711440086 0.3169514574110498 31.753750733099878 1.4984837668016542 20.262820585630834 6.066380080766975 1.1706312950700546 1.6120765516534477 18.015803664922714 20.695384069345891 2.2172247767448425 14.966266606934367 125.23381275683641
leaf_count=2617 158 16224 50605 4412 5320 731 16 18 16 659 878 2025 244 16 316 219 116 5327 5 1322 28 899 236 36 36 255 292 28 451 6495
internal_value=-0.000360691 0.00865474 -0.00634587 -0.00964129 0.0153643 0.0220805 0.0417557 0.108368 0.0772592 0.0116882 0.00851195 0.0115702 0.0212476 -0.0144674 0.0469679 0.00411079 0.047506 0.0147229 -0.0146914 0.00679569 0.0164799 0.0276942 0.0389888 0.0457103 0.0421083 0.0217039 0.0705232 0.139822 -0.00792481 -0.0147966
internal_weight=2113.83 843.41 1270.42 1039.8 631.307 395.354 136.647 7.43174 6.53086 258.707 230.624 212.556 133.619 803.793 35.5121 235.953 5.61477 238.582 802.493 236.005 118.259 86.5051 66.2423 60.1759 58.6774 34.1527 24.5247 3.8293 16.1369 802.176
internal_count=100000 28804 71196 65116 12580 7041 897 166 148 6144 6080 5202 3177 57121 560 5539 132 5485 57105 7995 3583 2261 1362 1126 1098 742 356 64 487 57100
is_linear=0
shrinkage=0.03


Tree=45
num_leaves=31
num_cat=0
split_feature=15 19 364 28 28 15 28 3 436 3 0 197 430 122 348 3 18 29 410 3 32 43 372 338 181 411 410 182 3 15
split_gain=120.636 129.053 68.272 88.9683 59.9385 40.1802 80.9896 34.69 42.9209 87.3765 28.777 34.5801 32.9389 26.384 31.8915 39.5476 26.026 28.8353 25.8835 26.1317 25.6155 25.3409 34.3037 24.5843 27.1923 24.4984 32.2942 24.3135 24.1465 23.7523
threshold=2.5000000000000004 1.0000000180025095e-35 39.996900558471687 1.0000000180025095e-35 1.5000000000000002 8.5000000000000018 6.5000000000000009 16707.000000000004 -102.54749579124577 16974.000000000004 1616670.0000000002 132.50000000000003 1.0000000180025095e-35 1.0000000180025095e-35 2.5000000000000004 16866.500000000004 2.5000000000000004 19.500000000000004 536.50000000000011 1447.0000000000002 20.500000000000004 56.500000000000007 87.969997406005874 1.0000000180025095e-35 48.98500061035157 558.50000000000011 632.50000000000011 49.102600097656257 1725.0000000000002 4.5000000000000009
decision_type=2 2 10 2 2 2 2 2 2 2 2 10 2 8 2 2 2 2 8 2 10 10 10 10 2 10 10 2 2 2
left_child=2 4 3 10 -2 7 16 -6 9 -9 11 12 25 14 -5 -16 17 -7 19 -14 -8 23 -23 24 -4 -1 -27 -26 -29 -10
right_child=1 -3 21 13 5 6 20 8 29 -11 -12 -13 18 -15 15 -17 -18 -19 -20 -21 -22 22 -24 -25 27 26 -28 28 -30 -31
leaf_value=0.0064491245450142261 0.03443684349460413 -0.011462404315254103 0.011251617632881095 -0.0093810922052014207 -0.0035499100202877644 0.19806021939628304 -0.00035871401162529252 0.47131262632136006 -0.012607440796568512 0.0027574362629535069 -0.0067956791148265907 -0.027025042122918883 0.21484724004507386 -0.018895472057401098 0.028844687113940209 0.24840461309464951 0.044789416826213388 0.033849250206977675 0.12787253189241199 0.032809930957923061 0.028244723334450331 -0.01647086189770931 0.03201995609612638 -0.0092377057767818703 0.16266569933588421 0.035314604362479442 0.19715736013299354 0.14812872935995061 0.030403016969856502 0.048458292590141422
leaf_weight=94.728838687762618 137.01211806386709 190.30747091118246 117.50325392838567 471.57388348225504 164.28364881314337 2.1626985687762494 95.589733678847551 0.59695201367140061 9.4703384293243307 0.89555797725915909 83.763848878443241 15.843424258753656 0.72651187144220131 399.8118137801066 5.9179768105968824 0.84358820598572481 55.71283508092165 1.7341025024652479 3.1003001518547526 30.71237681992352 39.95628994051367 62.895186388865113 16.594176232814789 34.445544554851949 1.3890902176499356 10.114501325413583 1.2463733889162529 1.6326211486011732 39.634967582300305 14.524890011176465
leaf_count=2548 1186 14635 3006 24761 5361 28 1614 19 339 45 2204 781 12 36018 189 16 280 34 65 497 468 3126 386 1182 36 188 18 28 783 147
internal_value=-0.000356754 0.00968572 -0.00549343 -0.00878198 0.0173967 0.0113313 0.0208892 0.00150224 0.0340664 0.190163 0.00739539 0.0149923 0.019726 -0.0132076 -0.00845353 0.0562375 0.050032 0.124985 0.045172 0.0370166 0.00807301 0.00792473 -0.00634793 0.0137546 0.0186996 0.0114416 0.05307 0.0392159 0.0350605 0.0243571
internal_weight=2104.72 712.247 1392.48 1118.38 521.939 384.927 195.156 189.771 25.4877 1.49251 240.236 156.472 140.629 878.147 478.335 6.76157 59.6096 3.8968 34.5392 31.4389 135.546 274.095 79.4894 194.605 160.16 106.09 11.3609 42.6567 41.2676 23.9952
internal_count=100000 24156 75844 67297 9521 8335 2424 5911 550 64 6313 4109 3328 60984 24966 205 342 62 574 509 2082 8547 3512 5035 3853 2754 206 847 811 486
is_linear=0
shrinkage=0.03


Tree=46
num_leaves=31
num_cat=0
split_feature=5 369 1 2 438 218 40 14 439 435 423 43 119 337 208 400 364 348 297 439 393 9 43 43 9 179 185 104 435 436
split_gain=114.423 91.1697 104.521 89.1584 51.6337 35.2764 31.792 32.3481 31.1508 30.739 29.0775 40.8905 28.6793 27.1944 26.8454 26.7868 25.301 24.7421 23.7127 23.6048 26.1267 22.8603 32.2283 24.142 24.0735 23.7044 22.6793 23.5546 22.5073 21.9459
threshold=174.00000000000003 28.958399772644047 137.75749969482425 1.5000000000000002 5462.0000000000009 2242.5000000000005 159.50000000000003 1.0000000180025095e-35 73092.000000000015 0.3020690978400033 28.000000000000004 4.5000000000000009 3.5000000000000004 8.5000000000000018 2.5000000000000004 1.0000000180025095e-35 48.960000991821296 2.5000000000000004 1.5000000000000002 164644.50000000003 174784.50000000003 203.50000000000003 72.500000000000014 20.500000000000004 426.50000000000006 174.10044860839847 556.00000000000011 1.5000000000000002 0.28981270252188995 -53.651347517730493
decision_type=8 8 2 2 2 8 10 2 2 2 8 10 8 10 10 10 10 2 10 2 10 10 10 10 10 2 2 10 2 2
left_child=1 2 14 5 6 -4 7 -2 12 -5 -11 16 18 17 -1 26 19 21 -9 -12 -21 -3 23 -23 -25 -24 27 -6 -29 -19
right_child=4 13 3 9 15 -7 -8 8 -10 10 11 -13 -14 -15 -16 -17 -18 29 -20 20 -22 22 25 24 -26 -27 -28 28 -30 -31
leaf_value=-0.014989879740832743 0.080693745035013406 -0.007270859196702872 0.051542008154635041 0.33294292556987115 -0.0061213937816172381 -0.013531366821766328 -0.0094917713695537986 -0.00015294995783419907 0.031162787331715933 -0.018947059503198624 -0.0012965926924916737 -0.010886510527003117 0.055318637522374821 -0.02452076117839596 0.044604513667041275 0.09874233130338958 0.04726181524596796 0.065997327672844247 0.032844549008496121 0.015742692849459755 0.075892886040440991 0.010667217603637379 0.018020155243479514 0.039527157992518387 -0.022266563852702335 -0.020771461485369284 0.16593156518166094 0.10844947089294638 0.015404224991428173 0.016100093664562158
leaf_weight=808.6135234599933 8.4508947459980828 73.96786708664149 44.372178723104298 0.24742401391267677 163.99234780855477 9.0220041908323747 30.233440683223307 97.537098897621036 136.74237182736397 68.264799848198891 78.928458294831216 107.8303482728079 11.872968081384895 21.808540308848023 6.8607445061206809 2.4379547256976357 17.556772605516016 12.462035849690436 24.52951604872942 41.271139655262232 7.7138016102835527 148.7700805105269 21.682049910537899 54.52428712695837 6.3331019887700668 40.960236274637282 0.72674572467803855 2.6114822234958437 22.490557173267007 21.829234304837883
leaf_count=59270 96 1896 960 14 4910 553 571 2026 1716 4668 4770 7255 66 864 32 43 464 128 145 2405 164 3331 719 737 194 1381 5 33 294 290
internal_value=-0.000352866 -0.00428747 -0.00845937 0.00464433 0.0121423 0.0405466 0.0197299 0.022895 0.0210905 -0.00131246 -0.00156965 0.00311358 0.0108074 0.00805888 -0.0144885 -6.69871e-05 0.0134912 0.00992605 0.00647796 0.00885602 0.0252147 0.00751864 0.0115365 0.0171787 0.0330966 -0.00734472 -0.00133604 -0.0019789 0.0250842 0.0342336
internal_weight=2094.64 1593.02 1190.68 375.207 501.625 53.3942 309.366 279.133 270.682 321.813 321.565 253.301 133.94 402.337 815.474 192.259 145.47 380.529 122.067 127.913 48.9849 346.238 272.27 209.627 60.8574 62.6423 189.821 189.094 25.102 34.2913
internal_count=100000 90095 80555 21253 9905 1513 4620 4049 3953 19740 19726 15058 2237 9540 59302 5285 7803 8676 2171 7339 2569 8258 6362 4262 931 2100 5242 5237 327 418
is_linear=0
shrinkage=0.03


Tree=47
num_leaves=31
num_cat=0
split_feature=16 30 434 27 318 185 27 364 43 90 127 16 9 436 1 40 43 372 227 359 0 28 430 131 437 30 9 161 397 43
split_gain=110.297 109.607 60.5078 57.8516 62.7837 47.4118 41.3909 51.4105 42.8363 29.7423 36.0925 28.7757 40.1126 28.0195 39.4668 27.0869 36.9436 29.4148 25.5114 25.4568 25.2532 25.1665 24.2968 23.6329 25.1382 27.145 85.4265 23.466 23.0999 22.8854
threshold=2.5000000000000004 175.50000000000003 -0.28174906995042709 8.5000000000000018 12.680250167846681 59.045400619506843 1.0000000180025095e-35 48.960000991821296 2.5000000000000004 1.5000000000000002 1.5000000000000002 16.500000000000004 203.50000000000003 -122.09593817459783 58.954999923706062 10.500000000000002 329.50000000000006 895.00000000000011 2.5000000000000004 47.925001144409187 1616670.0000000002 1.0000000180025095e-35 1.0000000180025095e-35 2.5000000000000004 177.50000000000003 156.50000000000003 182.00000000000003 1.5000000000000002 -1.0000000180025095e-35 497.50000000000006
decision_type=2 10 2 2 10 2 2 10 10 10 10 2 10 2 2 8 10 8 10 8 2 2 2 10 2 10 8 2 10 10
left_child=2 3 5 4 11 15 20 -8 -9 10 23 12 19 -14 -15 16 -1 18 -17 -2 22 -6 -4 24 25 29 -27 -26 -24 -5
right_child=1 -3 6 9 21 -7 7 8 -10 -11 -12 -13 13 14 -16 17 -18 -19 -20 -21 -22 -23 28 -25 27 26 -28 -29 -30 -31
leaf_value=-0.000116847661581222 0.019936850445367946 -0.019112098249991084 0.013589923661243775 0.0043972156988756148 0.065323105258417516 0.01270587382843758 -0.0085636591984790955 0.031180256362801598 -0.002414045509378647 0.023984157481650434 0.047318544625770162 0.044821858134386161 0.067343696844780074 -0.0043883758028310732 0.037221382709686071 -0.01821533544032488 0.21530216969454866 0.21769729853072151 0.091678732925470754 -0.0083985848802726783 -0.0027074977846503361 -0.024824140444978354 0.066152373021822586 0.12522253581530512 -0.013268570196203561 0.41969280031299416 0.02269173081688175 0.052422936249311304 0.010774053152409971 0.15023261382659633
leaf_weight=72.394837250001729 75.432527421042323 106.97405574657023 76.561898650601506 56.870816125534475 3.061769437044858 61.578026655130088 423.19305089488626 61.435283071361482 76.944554110988975 52.659565112553537 13.116216050460933 59.820956218987703 18.476965710520744 26.735436983406544 88.184060305356979 488.13724492769688 0.72365855984389682 0.47786592692136665 1.9086368577554811 45.898703769780695 54.292595626786351 31.074131072498858 18.42222635820508 1.2677221819758404 149.65999070741236 0.59866585675626938 2.6343951933085918 5.0594277046620837 10.726183637976648 0.98522370215505262
leaf_count=2387 1247 7650 1949 2208 15 1414 28819 1447 2865 870 86 297 294 1041 1709 35708 14 13 46 908 1391 639 230 8 6219 27 80 139 247 33
internal_value=-0.000347811 0.00896951 -0.00545693 0.0137262 0.0219041 -0.0122882 0.000462115 -0.00337313 0.0125005 0.00364487 -0.00100801 0.0260977 0.0217005 0.0330542 0.0275411 -0.0150188 0.00201517 -0.0175579 -0.0177873 0.00921777 0.0139229 -0.0167385 0.0224643 -0.003928 -0.00468667 0.011608 0.0962044 -0.0111204 0.045774 0.00688063
internal_weight=2085.31 738.511 1346.8 631.537 348.685 625.22 721.576 561.573 138.38 282.852 230.192 314.549 254.728 133.396 114.919 563.642 73.1185 490.524 490.046 121.331 160.003 34.1359 105.71 217.076 215.809 61.0891 3.23306 154.719 29.1484 57.856
internal_count=100000 23470 76530 15820 6150 39582 36948 33131 4312 9670 8800 5496 5199 3044 2750 38168 2401 35767 35754 2155 3817 654 2426 8714 8706 2348 107 6358 477 2241
is_linear=0
shrinkage=0.03


Tree=48
num_leaves=31
num_cat=0
split_feature=47 14 423 310 8 1 13 4 119 204 348 5 365 2 10 3 181 3 439 4 0 3 362 3 3 4 154 135 43 9
split_gain=107.053 102.5 80.571 66.7323 53.0287 47.3176 50.1678 48.1984 47.0482 41.9111 31.8385 30.6887 29.7603 31.3475 28.909 28.7086 36.0722 28.5094 24.2021 32.1537 23.9138 23.7217 23.7182 23.0411 22.6639 22.4493 25.2502 23.6498 56.5236 22.1665
threshold=-1.0000000180025095e-35 15.500000000000002 28.000000000000004 3.5000000000000004 1.5000000000000002 149.98000335693362 -1.0000000180025095e-35 169.50000000000003 1.5000000000000002 1.5000000000000002 2.5000000000000004 149.50000000000003 98.974998474121108 1.5000000000000002 86.500000000000014 13144.000000000002 297.59500122070318 9634.0000000000018 73092.000000000015 553.50000000000011 879246.50000000012 9627.5000000000018 389.97500610351568 5811.5000000000009 2041.5000000000002 543.50000000000011 1.0000000180025095e-35 1.5000000000000002 455.50000000000006 124.50000000000001
decision_type=2 2 10 10 2 2 2 10 8 10 2 8 2 2 10 2 2 2 2 10 2 2 8 2 2 8 2 10 10 8
left_child=1 14 9 4 11 6 7 -4 10 12 15 -2 -3 -14 -1 22 -17 23 20 -20 -13 -12 25 -10 -8 26 27 -6 -29 -9
right_child=3 2 5 -5 8 -7 24 29 17 -11 21 18 13 -15 -16 16 -18 -19 19 -21 -22 -23 -24 -25 -26 -27 -28 28 -30 -31
leaf_value=0.034793280069169236 -0.026889975197841916 -0.015497891530125705 0.29864097283404245 0.039872903752067416 -0.0016723406231648613 0.047039781806814826 0.05766739826211284 0.16993451647523306 0.0019434168693112962 0.034154490964217285 -0.026960945389049997 0.017918089027098422 0.12667279806958912 -0.019013557061379107 -0.01817378864334836 -0.016059318465009742 0.08150038595244874 -0.0019927485082442825 0.024268823033679693 -0.0163985380761896 -0.0022815083877743541 0.039711752389172662 -0.019530301351487447 0.05018506832396831 -0.014508435761123163 -0.018117983165681362 0.018723336320830841 0.026094036755979187 0.32756756075085447 0.032007618262306269
leaf_weight=9.451314600184558 17.645652072504163 141.81801891606301 0.72529997490346332 47.387383280321956 309.75320163648576 50.487358690239489 4.3361364100128403 1.1702354177832575 12.295182447880505 19.282125581987202 5.9681786838918951 92.318869631737471 2.7691368060186496 2.5563747100532055 494.15854420233518 192.55682528577745 3.4724562354385844 27.33906324673444 194.94953394215554 19.223104257136583 123.0611103605479 24.595801084302366 54.330991481430829 32.367969089187682 40.369466612115502 47.229003096930683 80.944336863234639 12.283442050218579 0.58644683193415481 10.095340206287801
leaf_count=213 608 10052 20 252 15126 1121 169 16 215 148 244 1936 54 121 42871 8679 48 484 3434 644 3201 398 2226 280 2622 2343 1766 410 36 263
internal_value=-0.000343588 -0.0091495 0.00563111 0.00492798 0.0036042 0.0259168 0.00710717 0.0615965 -0.00100323 -0.00743359 -0.00328011 0.0118849 -0.0128834 0.0567398 -0.0171797 -0.00458665 -0.0143311 0.0221355 0.0134777 0.0206187 0.0063767 0.0266927 -0.000805013 0.0369048 -0.00750788 0.0014518 0.00374203 -1.66985e-05 0.0398314 0.0463351
internal_weight=2075.53 777.219 273.609 1298.31 1250.92 107.184 56.6965 11.9909 803.723 166.426 731.721 447.198 147.144 5.32551 503.61 701.157 196.029 72.0022 429.553 214.173 215.38 30.564 505.127 44.6632 44.7056 450.796 403.567 322.623 12.8699 11.2656
internal_count=100000 57670 14586 42330 42078 4211 3090 299 32255 10375 31276 9823 10227 175 43084 30634 8727 979 9215 4078 5137 642 21907 495 2791 19681 17338 15572 446 279
is_linear=0
shrinkage=0.03


Tree=49
num_leaves=31
num_cat=0
split_feature=25 30 27 364 27 15 105 28 38 40 438 7 107 334 48 20 4 437 32 4 437 367 118 43 0 14 49 4 378 27
split_gain=103.471 120.12 57.6077 77.8533 36.6086 56.0425 34.649 34.5932 41.673 30.6831 30.0846 29.1035 28.8498 27.9282 23.5629 26.3829 22.9707 23.3653 30.9432 97.9508 30.794 39.0251 27.0415 26.8282 22.9394 27.0155 22.8832 22.8192 21.9758 21.9621
threshold=1.5000000000000002 25.500000000000004 1.0000000180025095e-35 30.97500038146973 8.5000000000000018 5.5000000000000009 1.5000000000000002 1.5000000000000002 47.500000000000007 20.500000000000004 5647.5000000000009 103.00000000000001 2.5000000000000004 2.5000000000000004 1.0000000180025095e-35 5.5000000000000009 214.50000000000003 1013.5000000000001 367.50000000000006 225.50000000000003 1135.0000000000002 152.11634826660159 1.0000000180025095e-35 114.50000000000001 1616670.0000000002 1.5000000000000002 -1.0000000180025095e-35 321.50000000000006 7.5000000000000009 1.5000000000000002
decision_type=2 10 2 10 2 2 10 2 10 10 2 8 10 2 2 2 8 2 10 8 2 2 8 10 2 2 2 8 10 2
left_child=2 4 24 14 5 7 11 8 12 -6 -10 -3 -2 -13 15 28 -5 18 22 -20 29 -22 26 -23 25 -1 -18 -21 -4 -19
right_child=1 6 3 16 9 -7 -8 -9 10 -11 -12 13 -14 -15 -16 -17 17 20 19 27 21 23 -24 -25 -26 -27 -28 -29 -30 -31
leaf_value=0.00021290825401574996 0.023697340834392872 0.030935901382797646 -0.016397817953603181 -0.012836925053554776 -0.00051727706221413761 0.04057451668776129 0.040368307922703316 0.0013510726276857799 -0.014389294594275777 0.031157418034622804 0.12662678547649817 -0.015142797746002414 -0.024029755447267109 0.037384013580311896 -0.0015702641571049723 0.11693332885998393 0.12431829194113016 0.17435739821036045 0.42767107277075556 0.068354728232362966 0.0008504621000413493 0.052190632916619371 -0.0096027735741803129 -0.031390898598869114 -0.0053959969520919124 0.025656850056139081 0.00056314649239602927 -0.030520370478037389 0.1653365274695287 0.051228945408285424
leaf_weight=67.213775957003236 139.18038368038833 14.261073742061852 639.26684225164354 46.661479596048594 155.61902208440006 99.400602730922401 12.508611150085924 110.75742237456143 1.7954128151759494 33.438602916896343 5.6352490754798055 238.4597366983071 12.415508456528185 9.4719606889411789 122.10706819221377 1.3419047072529782 2.5787823237478733 1.738610329106449 0.58646444790065011 5.0242080641910425 54.525612680241466 28.979039428755641 81.549522454850376 3.924380123615264 80.163409538567066 85.116693146526814 2.8100401591509572 3.6102482499554762 0.59940444119274516 5.2127186739817262
leaf_count=2466 2134 435 50591 1882 4825 690 90 4018 67 289 131 15776 205 144 6500 22 29 36 10 88 2047 352 3027 117 2137 1477 85 233 8 89
internal_value=-0.000339685 0.00782889 -0.00585785 -0.00898373 0.0158206 0.0213183 -0.00841174 0.0142234 0.0231886 0.00508502 0.0925542 -0.0107389 0.0197886 -0.0131361 -0.0136488 -0.0159489 0.00602837 0.0106483 0.000240505 0.0524954 0.0212523 0.0164204 -0.0053018 0.0422219 0.00759407 0.0144301 0.0597853 0.027013 -0.0162276 0.0820248
internal_weight=2065.95 832.944 1233.01 1000.52 558.242 369.185 274.701 269.784 159.027 189.058 7.43066 262.193 151.596 247.932 763.315 641.208 237.201 190.54 96.1593 9.22092 94.3804 87.429 86.9383 32.9034 232.494 152.33 5.38882 8.63446 639.866 6.95133
internal_count=100000 28804 71196 65116 12359 7245 16445 6555 2537 5114 198 16355 2339 15920 57121 50621 7995 6113 3472 331 2641 2516 3141 469 6080 3943 114 321 50599 125
is_linear=0
shrinkage=0.03


Tree=50
num_leaves=31
num_cat=0
split_feature=114 5 106 388 421 13 148 433 210 259 97 32 1 185 1 404 424 1 13 13 400 333 25 339 366 27 15 25 364 155
split_gain=437.008 203.285 173.793 166.731 278.38 128.943 124.545 108.68 136.013 122.136 105.897 97.7936 129.122 97.2686 92.3152 87.0886 125.113 227.653 325.519 918.812 263.544 79.819 78.1497 75.622 92.8209 71.7887 70.4919 106.948 214.961 69.4621
threshold=1.5000000000000002 178.50000000000003 1.5000000000000002 189.50000000000003 6.5000000000000009 14.500000000000002 16.500000000000004 1.5000000000000002 1.5000000000000002 24.976200103759769 1.5000000000000002 9.5000000000000018 169.97499847412112 1249.2449951171877 279.97500610351568 51.500000000000007 127.50000000000001 54.505500793457038 18.500000000000004 24.500000000000004 1.0000000180025095e-35 8.5000000000000018 20.500000000000004 1.5000000000000002 117.25000000000001 1.0000000180025095e-35 4.5000000000000009 1.5000000000000002 213.25000000000003 5.5000000000000009
decision_type=8 2 10 10 2 2 2 2 8 10 8 8 2 2 2 10 2 2 2 2 8 2 2 2 2 2 2 2 2 2
left_child=1 2 14 5 -5 -2 7 8 9 25 22 23 15 -8 21 -13 -17 18 -18 20 -20 -1 -3 -9 -25 -7 -16 28 -28 -10
right_child=3 10 -4 4 -6 6 13 11 29 -11 -12 12 -14 -15 26 16 17 -19 19 -21 -22 -23 -24 24 -26 -27 27 -29 -30 -31
leaf_value=-0.0084612190193786452 0.005063949051465488 0.0060506767133350061 0.056972951340882108 0.489842586374095 0.067594148527388292 0.16437952257667854 0.092867175211617109 0.046581900406265364 0.039594816844735162 0.38458776062047473 0.040462781997646712 -0.0057888282270458433 0.057990109812964874 0.36224278734796556 0.010477449356337772 0.0042776211317458318 0.040922557889118708 0.022544149559103905 0.7505785557332153 0.01937199477273403 1.6302540536300552 0.23479035618263303 0.085412592479427923 0.26293758490506586 0.077405760649592772 0.064674203681786238 0.060291479580136614 0.04710807857243203 0.71758723392550006 0.23548756988374853
leaf_weight=1001.1059514321387 116.81241179537028 247.7092907205224 42.446287652477622 1.897265507839619 5.4183691563084722 11.320066655054694 3.5639369729906312 62.858879409730434 69.988522458821535 1.5089971581473935 163.38009388372302 125.67494143266231 61.041394812986255 1.8237865976989267 141.57415895350277 29.323426282964647 3.348379046656194 10.998739710077642 0.88239725306630135 1.7849012352526186 0.4696567524224522 1.215526683256029 11.694436032325028 3.3410225370898834 8.8700364632531983 15.261192383244632 1.3071276862174261 11.45214327611029 0.68114180676639069 1.6679478418081988
leaf_count=60421 5726 8118 1010 42 185 264 77 1142 1036 44 1473 6857 1627 31 7458 1395 247 610 37 125 36 16 66 65 127 1128 54 536 23 24
internal_value=0.0114243 0.00365593 -0.00264755 0.0348593 0.177102 0.0328979 0.0407565 0.0388659 0.0660884 0.12204 0.021544 0.0300667 0.0204915 0.184053 -0.00483418 0.00722074 0.0421505 0.105669 0.246644 0.466231 1.05615 -0.00816623 0.00962847 0.059853 0.128168 0.107135 0.0167108 0.0823692 0.285468 0.0441546
internal_weight=2160.42 1622.57 1199.78 537.856 7.31563 530.541 413.728 408.341 99.7467 28.0903 422.784 308.594 233.524 5.38772 1157.34 172.482 46.8075 17.4841 6.48533 3.13696 1.35205 1002.32 259.404 75.0699 12.2111 26.5813 155.015 13.4404 1.98827 71.6565
internal_count=100000 79175 69518 20825 227 20598 14872 14764 2496 1436 9657 12268 10934 108 68508 9307 2450 1055 445 198 73 60437 8184 1334 192 1392 8071 613 77 1060
is_linear=0
shrinkage=0.03


Tree=51
num_leaves=31
num_cat=0
split_feature=113 0 5 155 65 439 410 439 202 439 422 36 433 9 339 0 364 434 439 8 16 209 422 438 27 393 4 7 346 148
split_gain=394.837 829.569 208.041 175.993 127.539 116.467 113.003 131.891 160.158 244.878 358.386 188.474 147.581 166.205 140.061 130.655 122.089 81.5252 79.7313 78.0604 97.495 90.6152 109.072 88.4685 91.9837 81.6073 78.0371 75.4587 224.923 94.1337
threshold=1.5000000000000002 2417806.0000000005 178.50000000000003 9.5000000000000018 1.5000000000000002 164644.50000000003 650.50000000000011 41124.000000000007 1.5000000000000002 73092.000000000015 47.500000000000007 3.6874995231628422 1.5000000000000002 259.00000000000006 1.5000000000000002 3007888.0000000005 99.974998474121108 -0.26679627442033987 467.00000000000006 1.5000000000000002 1.5000000000000002 1.5000000000000002 97.500000000000014 20008.500000000004 1.0000000180025095e-35 101604.50000000001 554.50000000000011 104.50000000000001 22.500000000000004 12.500000000000002
decision_type=8 2 2 2 10 2 10 2 8 2 2 10 2 10 2 2 2 2 2 2 2 8 2 2 2 10 10 10 2 2
left_child=2 -2 4 6 27 18 7 -3 9 10 11 12 13 -9 -10 -11 17 -17 -4 20 21 22 23 -19 -25 -24 -27 28 29 -1
right_child=1 3 5 -5 -6 -7 -8 8 14 15 -12 -13 -14 -15 -16 16 -18 19 -20 -21 -22 -23 25 24 -26 26 -28 -29 -30 -31
leaf_value=0.0080983820615529757 -0.014793164118248424 0.031343951747887636 0.078138914521098182 0.40706058273654994 0.043380294762126292 0.037499703903322655 0.27231292541274388 0.40444815157408903 0.05055830064291595 0.036113327949834503 0.053608985990867553 0.19691215255710046 0.44547204019118114 1.2674617346953434 0.17477688492801377 0.057059660214253197 0.39777570901117298 0.099608590835935124 0.0021801093892191139 0.082263117257871332 0.12143960716076137 0.055047380295646986 0.23397999981620024 0.81667964503949753 0.17960982768936004 0.82688971093927854 0.32837306727350524 -0.0060192585957912822 0.3237043885835319 0.15515720212236259
leaf_weight=80.392033947631717 181.83515981212258 80.825873387046158 13.222862533293663 1.3639162890613068 53.540661632083356 219.36919562052935 2.3574578650295726 0.34261551592498873 129.30131569225341 22.729352615773678 4.3386169094592333 2.0464246580377221 2.3851957274600863 0.48535283282399178 8.7202820135280472 12.233890314586455 1.4625439848750819 1.6090582357719543 209.26165056973696 7.5612662564963165 5.7645887648686767 1.0918329814448968 0.5667000152170657 0.38921630382537831 0.42858310230076313 0.874460808932781 0.41755248978734016 1122.2176780030131 2.1827846840023986 4.1181454155594102
leaf_count=3645 10435 3392 248 20 1331 3939 42 10 1676 1274 187 69 57 31 152 865 27 103 5614 313 55 11 35 12 37 48 23 66260 26 63
internal_value=0.0109801 0.0353517 0.00427153 0.0670893 -0.00192936 0.0219885 0.0654676 0.063748 0.0766659 0.115601 0.255447 0.421942 0.56526 0.910344 0.0584065 0.0912538 0.129936 0.117274 0.00669455 0.156661 0.20715 0.299032 0.361191 0.22874 0.482811 0.534129 0.665779 -0.00393605 0.0230305 0.0152645
internal_weight=2173.44 469.131 1704.31 287.296 1262.45 441.854 285.932 283.575 202.749 64.7273 9.59821 5.25959 3.21316 0.827968 138.022 55.129 32.3997 30.9371 222.485 18.7033 11.142 5.3774 4.28557 2.42686 0.817799 1.85871 1.29201 1208.91 86.693 84.5102
internal_count=100000 18874 81126 8439 71325 9801 8419 8377 4985 3157 354 167 98 41 1828 2803 1529 1502 5862 637 324 269 258 152 49 106 71 69994 3734 3708
is_linear=0
shrinkage=0.03


Tree=52
num_leaves=31
num_cat=0
split_feature=14 113 1 30 3 15 27 71 65 334 1 394 1 7 337 346 15 437 437 400 339 437 6 334 7 38 116 365 365 434
split_gain=365.609 212.274 197.728 141.521 183.349 124.41 119.611 116.765 114.144 139.058 93.7692 91.3385 91.3501 83.4316 204.707 92.9988 69.9784 100.865 161.183 67.4547 64.7662 63.9385 86.5652 245.992 195.846 70.1199 59.2204 157.759 103.525 52.0443
threshold=9.5000000000000018 1.5000000000000002 171.41999816894534 11.500000000000002 17401.000000000004 4.5000000000000009 1.0000000180025095e-35 1.0000000180025095e-35 1.5000000000000002 9.5000000000000018 268.03500366210943 1.0000000180025095e-35 149.97000122070315 103.00000000000001 4.5000000000000009 6.5000000000000009 4.5000000000000009 109.50000000000001 94.500000000000014 2.5000000000000004 1.5000000000000002 1530.5000000000002 2.5000000000000004 1.5000000000000002 220.00000000000003 18.500000000000004 2.5000000000000004 26.970000267028812 24.551300048828129 0.61023398459718603
decision_type=2 10 2 8 2 2 2 10 10 2 2 10 2 10 2 2 2 2 2 10 2 2 2 2 8 10 10 2 2 2
left_child=1 8 5 4 7 6 -2 -3 9 10 11 13 -13 14 -1 -16 -12 18 29 26 -9 -10 23 24 25 -23 -8 28 -28 -18
right_child=2 3 -4 -5 -6 -7 19 20 21 -11 16 12 -14 -15 15 -17 17 -19 -20 -21 -22 22 -24 -25 -26 -27 27 -29 -30 -31
leaf_value=0.0050398061274986965 0.035123236844480599 0.27707920126623831 0.070225248005473279 0.0099744290653578718 0.4367566327858412 0.043601674432630952 0.0026167346394219944 0.026215457138224849 0.0048775441312195389 0.40232512968478573 0.010582714251533808 -0.032192638828075278 0.39099042865645101 -0.0094190083104701439 -0.01666399275956942 0.21320355908108307 0.21893863926391588 0.026871548073674239 0.48930168416097353 0.14778259752960446 0.12209615148573857 0.27344572624623348 0.032814346811926506 0.015459354297710615 0.60781970283340092 -0.030842700038680382 0.063646284648170459 -0.033226684150575544 0.48214643013700997 -0.0043394561834256317
leaf_weight=62.311449155211449 174.58556375838816 2.613567937165505 83.488809125497937 29.654229717329144 1.4067204128950823 174.34138757176697 373.19307052716613 15.010573608800771 24.620562400668859 0.76035717874765296 161.37644996028394 0.82527473568916221 1.0346412239596245 1005.4557824237272 2.0684833452105504 6.76344801671803 1.6515177320688992 11.801557341590522 1.2083677798509596 2.9606566550210109 10.977581417188047 2.154128944501283 19.845375281758606 6.1568620260804892 1.3608161592856047 0.99704141076654185 0.94026507437229101 3.1032003201544285 1.2251285333186386 2.1794677870348096
leaf_count=2806 2628 39 2018 905 25 1114 18009 308 836 17 8118 36 25 61486 98 70 36 482 27 101 108 39 297 77 35 47 23 60 22 108
internal_value=0.0105585 0.00111017 0.0264894 0.0564536 0.102384 0.0214898 0.0145565 0.0859387 -0.00140545 -0.00325794 -0.00350334 -0.00683463 0.203217 -0.00719751 0.0241985 0.159367 0.0166555 0.0748478 0.187203 0.00514261 0.0667161 0.0408435 0.0698629 0.138778 0.307053 0.177168 0.00402676 0.103904 0.300424 0.0919146
internal_weight=2186.07 1372.23 813.838 59.6627 30.0084 730.349 556.008 28.6017 1312.57 1257.44 1256.68 1078.46 1.85992 1076.6 71.1434 8.83193 178.217 16.8409 5.03935 381.422 25.9882 55.1348 30.5142 10.6688 4.51199 3.15117 378.462 5.26859 2.16539 3.83099
internal_count=100000 76025 23975 1385 480 21957 20843 455 74640 73309 73292 64521 61 64460 2974 168 8771 653 171 18215 416 1331 495 198 121 86 18114 105 45 144
is_linear=0
shrinkage=0.03


Tree=53
num_leaves=31
num_cat=0
split_feature=14 0 116 113 333 180 7 30 439 402 3 438 333 270 1 9 3 208 0 404 29 422 429 394 1 422 1 15 25 16
split_gain=339.494 546.712 368.466 190.292 135.653 108.578 112.265 127.574 108.428 88.6984 85.8998 111.272 78.2949 77.0895 69.2302 67.2861 67.6502 65.1204 114.607 106.965 89.4808 125.544 125.395 113.913 116.834 100.613 84.3669 72.4204 71.9364 70.1568
threshold=9.5000000000000018 2411538.5000000005 2.5000000000000004 1.5000000000000002 3.5000000000000004 59.028949737548835 104.50000000000001 161.50000000000003 164644.50000000003 94.085002899169936 17401.000000000004 5979.5000000000009 8.5000000000000018 1.5000000000000002 49.041500091552741 181.50000000000003 3935.0000000000005 1.5000000000000002 2861580.5000000005 25.500000000000004 5.5000000000000009 90.500000000000014 1.0000000180025095e-35 1.5000000000000002 39.943000793457038 79.500000000000014 224.12500000000003 1.5000000000000002 4.5000000000000009 1.5000000000000002
decision_type=2 2 8 10 2 2 10 10 2 8 2 2 2 8 2 8 2 8 2 10 2 2 2 8 2 2 2 2 2 2
left_child=3 -2 8 5 10 -1 7 14 -3 13 15 -12 -8 -4 -7 16 -5 18 29 28 21 22 -21 -24 -25 -26 -23 -28 -20 -11
right_child=1 2 9 4 -6 6 12 -9 -10 17 11 -13 -14 -15 -16 -17 -18 -19 19 20 -22 26 23 24 25 -27 27 -29 -30 -31
leaf_value=-0.0072267709387014564 -0.012558212380586945 0.0066531675237115158 0.5137676031563968 0.24081192507403854 0.17258176970042205 0.13945958267452421 0.0056600838596555731 0.15707823212669966 0.038628450873426409 0.0083718009668780468 0.36049451294086593 -0.031408338938633137 0.3341887478995878 0.075703632902658552 0.011358801664761099 0.01267800892196233 0.051395687140615667 0.055080753351118707 0.019740908285100243 0.084713348809456815 0.029832142421069987 0.061682968147932518 0.1685137348712766 0.0036203350351437071 0.33348165482996189 0.73291862434126642 0.30542315048037783 0.1101874976053059 0.25345162811700295 0.1008716922228739
leaf_weight=898.84373348299414 240.95658582728356 174.23678446002305 0.7710069390013814 2.382699999958275 7.4275153484195462 4.4364503677934435 370.81311249453574 9.2126539042219502 211.0649773189798 19.916723894886676 1.6015802249312394 1.0997796822339294 0.65402595326304336 0.68078110180795171 26.3406175468117 43.962760432623327 5.896595592610538 94.175686173141003 13.485894119367002 6.4133271593600538 6.8083650451153508 16.822292021475736 8.8067797673866153 0.87964097317308265 5.8950273878872395 0.62800608295947302 2.7486200006678692 4.5250752829015255 1.2995350491255511 11.723238699138163
leaf_count=60381 10839 4526 39 31 70 87 13367 195 3739 1307 28 32 9 9 601 1087 137 555 671 335 288 757 309 70 182 24 65 33 19 208
internal_value=0.0101833 0.0254329 0.041192 0.00105309 0.0522499 -0.0013839 0.0113801 0.0591405 0.024169 0.0747283 0.0359829 0.200943 0.00623851 0.308348 0.0298243 0.027453 0.105908 0.0729812 0.089847 0.111709 0.131439 0.146246 0.197001 0.241428 0.328171 0.371938 0.0985952 0.183964 0.0402824 0.0426449
internal_weight=2194.51 821.838 580.882 1372.67 62.3709 1310.3 411.457 39.9897 385.302 195.58 54.9434 2.70136 371.467 1.45179 30.7771 52.2421 8.2793 194.128 99.9525 68.3126 53.5271 46.7188 22.6228 16.2095 7.40267 6.52303 24.096 7.2737 14.7854 31.64
internal_count=100000 23975 13136 76025 1385 74640 14259 883 8265 4871 1315 60 13376 48 688 1255 168 4823 4268 2753 2063 1775 920 585 276 206 855 98 690 1515
is_linear=0
shrinkage=0.03


Tree=54
num_leaves=31
num_cat=0
split_feature=14 0 123 113 180 30 3 7 30 14 186 38 4 438 404 1 14 393 15 14 210 212 27 1 28 25 15 21 1 394
split_gain=313.046 499.023 308.681 171.769 101.862 101.694 111.69 99.4369 100.046 94.9803 83.6263 82.747 68.9149 64.4157 60.4453 117.232 116.605 179.928 84.6565 83.0847 77.3093 67.2898 64.3714 57.1811 54.6664 52.4954 51.8362 50.7815 49.7269 75.2951
threshold=9.5000000000000018 2411538.5000000005 1.0000000180025095e-35 1.5000000000000002 59.028949737548835 11.500000000000002 10112.500000000002 104.50000000000001 161.50000000000003 16.500000000000004 28.97500038146973 6.5000000000000009 1.0000000180025095e-35 20008.500000000004 51.500000000000007 124.98500061035158 18.500000000000004 53467.000000000007 1.5000000000000002 24.500000000000004 1.5000000000000002 98.500000000000014 1.0000000180025095e-35 49.041500091552741 1.0000000180025095e-35 5.5000000000000009 1.5000000000000002 3.5000000000000004 138.08399963378909 1.0000000180025095e-35
decision_type=2 2 10 10 2 8 2 10 10 2 2 8 10 2 10 2 2 8 2 2 8 8 2 2 2 2 2 2 2 10
left_child=3 25 14 4 28 6 13 8 23 24 -8 -10 -7 -5 15 21 -16 18 19 22 -17 -3 -18 26 -4 -2 -6 -11 -1 -30
right_child=1 2 9 5 7 12 10 -9 11 27 -12 -13 -14 -15 16 20 17 -19 -20 -21 -22 -23 -24 -25 -26 -27 -28 -29 29 -31
leaf_value=-0.011391674976300449 -0.015827848474195758 0.0040209091051950944 0.057725051305864687 -0.017423705719408832 0.18431968692126302 0.33452455608299497 0.031024908153256717 0.0060158252615556971 0.51502554969118519 0.00072258425397069947 0.17958727785957895 0.11687728851982768 0.00249874648240949 0.1005184429342896 0.056334036434098123 0.124133615085496 0.25855869665256481 0.082598698443145963 0.1526997918572002 0.08250916063393883 0.057303702407682011 0.065387415291664419 0.49333744583931777 0.010913140198961361 0.02617973150222367 0.043853117145389163 -0.031874792140713065 0.047753489303527685 0.0034080486949043622 0.25721132736998209
leaf_weight=649.48923958744854 224.53188422787935 38.481985869817436 74.562923731282353 10.288393110968174 3.4925851197913316 0.57342443801462906 4.7116858884692219 373.47307340987027 0.49341082200407704 150.20282717235386 12.34446971490979 9.8139323694631457 29.849097456783056 7.0055647604167453 37.014501895755529 27.898323372006416 2.0392773412168008 20.580312759615484 5.6672229869291186 1.0610860297456381 35.278852020390332 27.626842275261879 2.1688593458384275 26.589916797354817 146.7484931005165 14.097356386482714 1.3975179186090825 23.958214178681374 242.21436480991542 1.0565871344879258
leaf_count=45725 10733 1900 549 172 44 15 105 13376 13 4274 117 182 890 86 1078 673 24 517 66 68 208 245 51 601 3328 106 43 155 14637 19
internal_value=0.00981276 0.0243343 0.0390699 0.00101267 -0.00134879 0.0487 0.0840759 0.0109263 0.054814 0.0237655 0.138548 0.135937 0.008757 0.0303532 0.0696662 0.0575925 0.0924435 0.134852 0.233182 0.319744 0.086815 0.0296659 0.379563 0.0282524 0.0368078 -0.0123021 0.122535 0.00719232 -0.00705848 0.00451038
internal_weight=2204.71 831.919 593.29 1372.79 1308.02 64.7726 34.3501 415.26 41.7874 395.472 17.0562 10.3073 30.4225 17.294 197.817 129.286 68.5313 31.5168 10.9364 5.26922 63.1772 66.1088 4.20814 31.48 221.311 238.629 4.8901 174.161 892.76 243.271
internal_count=100000 23975 13136 76025 74640 1385 480 14259 883 8306 222 195 905 258 4830 3026 1804 726 209 143 881 2145 75 688 3877 10839 87 4429 60381 14656
is_linear=0
shrinkage=0.03


Tree=55
num_leaves=31
num_cat=0
split_feature=14 0 116 65 30 114 333 97 20 4 1 119 4 106 28 77 0 8 134 6 9 36 388 408 15 119 29 0 431 14
split_gain=290.391 457.883 283.244 160.888 112.634 178.761 106.38 94.309 75.2214 73.2905 64.6361 67.1713 81.3787 80.3922 61.9981 61.8916 111.692 60.7304 66.6159 92.0257 90.1549 58.4942 66.7834 51.0448 49.8605 97.3223 100.592 86.0921 83.2222 72.9968
threshold=9.5000000000000018 2411538.5000000005 2.5000000000000004 1.5000000000000002 6.5000000000000009 2.5000000000000004 8.5000000000000018 1.5000000000000002 3.5000000000000004 318.50000000000006 279.97500610351568 1.5000000000000002 111.50000000000001 2.5000000000000004 1.0000000180025095e-35 1.5000000000000002 4148398.0000000005 1.5000000000000002 1.0000000180025095e-35 2.5000000000000004 259.00000000000006 57.687498092651374 172.50000000000003 219.00000000000003 1.5000000000000002 1.5000000000000002 1.5000000000000002 2830979.5000000005 1553.0000000000002 29.500000000000004
decision_type=2 2 8 10 8 8 2 10 2 10 2 10 8 10 2 10 2 2 8 2 10 10 10 8 2 10 2 2 2 2
left_child=3 -2 7 4 5 -1 10 8 14 -7 11 13 -13 -6 -3 -14 -17 -5 19 20 -19 22 24 -9 25 26 27 -4 -29 -30
right_child=1 2 21 17 6 9 -8 23 -10 -11 -12 12 15 -15 -16 16 -18 18 -20 -21 -22 -23 -24 -25 -26 -27 -28 28 29 -31
leaf_value=0.011554602430064644 -0.012084434313146047 0.031724618755466713 0.039782408591491632 0.08582296708803841 -0.0098308157278746353 -0.023189308457995102 0.31157235612511558 -0.037373348408313155 0.057280042117857137 0.14767261939323614 0.012595925557453168 0.11770385955865666 -0.0044912584923064219 0.2798026445274982 -0.005331341532956918 -0.011738533315931473 0.40496689762749122 0.30461045967434675 -0.00075839430365313412 0.025063595750020415 0.056299438298314464 0.030126943392351415 0.18055756624765637 0.044209764175296727 0.056054814028320875 0.29496724669890251 -0.012106258372064535 0.057927471589891498 0.17152318961159227 0.037644352618896225
leaf_weight=156.199009148404 235.69580638688058 54.925944000482559 16.519534784369171 22.750785601325333 933.49894908629358 2.7375711640343061 0.95562667027115722 7.2397639798000455 27.241401975974441 12.936336576007305 159.7928853109479 7.8051653522998086 26.753373319283131 0.86329693906009097 156.18278495036066 1.4551271880045527 0.96137421391904343 2.5784858223050842 29.732463500462472 10.860545437783003 2.6875771535560489 35.26264628674835 4.9990417640656224 148.07794582098722 101.96974335610867 2.0087302755564442 8.687966641969977 12.826518399640916 23.245407848618928 4.3515796372666946
leaf_count=4360 10839 645 842 281 61043 54 11 106 203 199 8254 68 513 15 6094 33 18 40 886 185 65 1219 55 1217 929 23 237 524 795 247
internal_value=0.00947354 0.0233751 0.0372229 0.000973637 -0.00138237 0.0212464 -0.00481786 0.0222171 0.0103639 0.11783 -0.00508516 -0.00799384 0.0316642 -0.00956321 0.00430982 0.00864204 0.154042 0.0457505 0.0258705 0.074966 0.177883 0.0653702 0.0724877 0.040407 0.0693025 0.0892739 0.0829784 0.0974857 0.121067 0.150413
internal_weight=2211.8 839.235 603.539 1372.57 1303.96 171.873 1132.09 393.668 238.35 15.6739 1131.13 971.337 36.975 934.362 211.109 29.1699 2.4165 68.6099 45.8591 16.1266 5.26606 209.871 174.609 155.318 169.609 67.6397 65.631 56.943 40.4235 27.597
internal_count=100000 23975 13136 76025 74568 4613 69955 8265 6942 253 69944 61690 632 61058 6739 564 51 1457 1176 290 105 4871 3652 1323 3597 2668 2645 2408 1566 1042
is_linear=0
shrinkage=0.03


Tree=56
num_leaves=31
num_cat=0
split_feature=114 0 29 5 65 97 214 1 15 28 23 76 366 4 435 25 183 435 1 128 15 28 196 7 25 422 424 13 7 0
split_gain=257.54 445.918 145.844 140.498 110.929 87.5274 82.4295 77.5334 92.3187 124.788 85.0636 79.7939 75.7243 69.5737 68.2368 65.1836 60.9147 59.2289 57.6166 57.5905 53.432 117.702 57.8988 52.0357 51.1515 49.2764 49.9851 68.928 47.9837 47.0832
threshold=1.5000000000000002 2400793.0000000005 5.5000000000000009 178.50000000000003 1.5000000000000002 1.5000000000000002 77.500000000000014 213.01999664306643 4.5000000000000009 3.5000000000000004 4.5000000000000009 2.5000000000000004 108.97499847412111 402.50000000000006 1.7354943324388847 20.500000000000004 54.23500061035157 1.9750560241058948 146.04499816894534 2.5000000000000004 1.5000000000000002 1.0000000180025095e-35 1.5000000000000002 129.50000000000003 1.5000000000000002 70.500000000000014 127.50000000000001 18.500000000000004 103.00000000000001 3375411.5000000005
decision_type=8 2 2 2 10 8 8 2 2 2 2 10 2 10 2 2 2 2 2 10 2 2 10 8 2 2 2 2 8 2
left_child=3 6 13 4 7 15 -2 19 11 10 14 -9 28 -3 -10 -5 18 -13 25 -1 21 22 23 -20 -18 26 -15 -28 -4 -7
right_child=1 2 12 5 -6 29 -8 8 9 -11 -12 17 -14 16 -16 -17 24 -19 20 -21 -22 -23 -24 -25 -26 -27 27 -29 -30 -31
leaf_value=-0.0086063548502315537 -0.02341443161674496 0.038829083307593319 0.094425543355071168 0.0038024230368872529 0.039604009040968738 0.02266051958747109 0.027256595541594278 0.003315359471245709 0.26071198249103372 0.028074655051032783 0.33179765240033127 0.38382073029091257 -0.019431536013737857 0.043133324270317248 -0.016972789935306171 0.075336459113930374 0.069439688172847833 0.011998449082960685 0.37383493848857136 0.20438886911392476 0.063619454224625671 0.047848912094052433 0.018193816402052861 0.18658195947584386 0.17293450753370646 0.011607715107516799 0.03248909654987054 0.16610558689035429 0.022988174104977919 0.055868259384821546
leaf_weight=903.77789818961173 144.46597588155419 138.31786171905696 9.6650757594034058 260.16163570061326 53.982423118315637 107.53482372593135 36.117531303316355 201.56428007688373 1.3295208364725142 16.653825417160988 2.2999639445915818 0.86766704823821672 38.828914523124695 36.734621131792665 1.9863936528563497 11.992996122688053 8.5838310616090912 0.6939462935552001 1.6217714808881254 1.14393935445696 42.817019561305642 9.8868669997900724 1.4929393194615848 7.570040926337243 8.6080817971378547 27.190658271312714 6.0386645561084142 8.1836599633097631 67.995681256987154 59.792772375978529
leaf_count=57175 9796 3838 113 8118 1193 994 644 10155 30 780 34 29 722 781 67 66 138 22 27 33 335 541 29 149 75 1105 295 156 2081 479
internal_value=0.00915003 0.0260505 0.0432254 0.00296638 -0.00240928 0.0174525 -0.01328 -0.00441578 0.0113276 0.069313 0.191605 0.00497038 0.0147757 0.0543823 0.0943653 0.0069547 0.0679355 0.218591 0.0614584 -0.0083371 0.0827111 0.122448 0.191476 0.21962 0.12126 0.0442195 0.0616212 0.109373 0.0318787 0.034527
internal_weight=2217.9 594.119 413.536 1623.78 1184.3 439.482 180.584 1130.32 225.396 22.2697 5.61588 203.126 116.49 297.046 3.31591 272.155 158.728 1.56161 141.536 904.922 63.3886 20.5716 10.6848 9.19181 17.1919 78.1476 50.9569 14.2223 77.6608 167.328
internal_count=100000 20825 10385 79175 69518 9657 10440 68325 11117 911 131 10206 2916 7469 97 8184 3631 51 3418 57208 1081 746 205 176 213 2337 1232 451 2194 1473
is_linear=0
shrinkage=0.03


Tree=57
num_leaves=31
num_cat=0
split_feature=14 0 139 180 113 7 88 408 121 9 0 9 15 4 7 5 109 151 25 404 2 1 436 15 333 4 8 1 29 9
split_gain=255.553 397.38 222.137 146.456 104.597 81.0086 69.8698 66.1722 64.8588 64.0138 60.5105 60.0759 56.8827 68.3632 60.8413 51.6864 59.5218 49.2885 49.0693 46.9042 113.389 74.3157 55.6217 44.0312 43.5283 42.945 42.2843 42.1526 79.6506 146.869
threshold=9.5000000000000018 2411538.5000000005 2.5000000000000004 63.98500061035157 1.5000000000000002 104.50000000000001 1.0000000180025095e-35 163.00000000000003 1.0000000180025095e-35 333.50000000000006 2861580.5000000005 324.50000000000006 4.5000000000000009 1.0000000180025095e-35 103.00000000000001 182.50000000000003 1.0000000180025095e-35 1.5000000000000002 5.5000000000000009 51.500000000000007 1.5000000000000002 78.95999908447267 -207.7810894787531 1.5000000000000002 2.5000000000000004 575.50000000000011 1.5000000000000002 280.00500488281256 298.50000000000006 203.50000000000003
decision_type=2 2 8 2 10 10 8 8 10 8 2 10 2 10 8 2 10 2 2 10 2 2 2 2 2 8 2 2 2 10
left_child=3 18 12 25 5 6 17 -4 24 10 -9 -6 13 -3 26 -16 -17 -5 -2 21 -21 -12 -23 -19 -8 -1 -15 -7 -29 -30
right_child=1 2 7 4 11 27 8 9 -10 -11 19 -13 -14 14 15 16 -18 23 -20 20 -22 22 -24 -25 -26 -27 -28 28 29 -31
leaf_value=-0.0079925188650114155 -0.015256844877072838 0.25591115975630313 -0.033817360512864728 0.016066807670255905 0.032353202770496123 0.0011472908936171558 -0.0022651459054796462 0.038766906343945182 0.15899960689428685 0.042404178156818857 0.001667509723261503 0.10520658977910646 0.041686655555611865 0.045329709397167156 -0.023783039185850906 0.074548567016924194 0.0098153939106748848 0.24448653282175159 0.042640003951040902 0.15776630853985907 0.0554917367256356 0.29727489449469496 0.080075488275056256 0.10154517436443404 0.15246062547965569 0.017169536369920472 0.17113633823394192 0.018872605584088029 0.3817540350523998 0.021835335200745092
leaf_weight=842.97495790850371 217.67363028228283 1.0358079411089409 7.2860032431781292 4.2802033619955173 28.585921004414558 319.51445319037884 25.452529232017703 34.977606490254402 2.813031865283846 123.58784577343613 12.156990585848687 15.827101531438528 77.475169134326279 13.678156864829363 38.727822614833713 13.612515604123471 210.02475947141647 2.5799822863191348 14.023540917783974 20.926602667197585 18.276950089260936 1.0879008788615454 43.126211090013385 7.8124687997624278 1.7488351818174113 65.812796985730529 2.9172631585970512 51.927719924598932 1.594407177530228 2.8342117574065924
leaf_count=57470 10733 18 106 109 422 11556 533 1121 107 1469 609 227 520 313 1515 107 5803 32 106 345 497 21 643 81 17 3805 49 1482 49 135
internal_value=0.00883756 0.0217603 0.0343065 0.000836168 0.0145304 0.00990648 0.0480923 0.0553234 0.0218644 0.057879 0.0725283 0.0583154 0.0189364 0.0126414 0.0117382 0.00821452 0.0137556 0.101744 -0.0117526 0.084884 0.110085 0.0673577 0.0854197 0.137031 0.00768251 -0.00617033 0.0674449 0.00536659 0.0292881 0.151415
internal_weight=2224.35 850.595 618.898 1373.76 464.971 420.558 44.6871 261.426 30.0144 254.14 130.552 44.413 357.471 279.996 278.961 262.365 223.637 14.6727 231.697 95.5747 39.2036 56.3711 44.2141 10.3925 27.2014 908.788 16.5954 375.871 56.3563 4.42862
internal_count=100000 23975 13136 76025 14750 14101 879 4811 657 4705 3236 649 8325 7805 7787 7425 5910 222 10839 2115 842 1273 664 113 550 61275 362 13222 1666 184
is_linear=0
shrinkage=0.03


Tree=58
num_leaves=31
num_cat=0
split_feature=14 180 15 28 113 7 30 3 30 8 400 259 259 132 7 195 16 48 343 106 3 3 9 4 388 333 182 139 362 3
split_gain=238.34 136.662 125.802 128.877 93.2394 72.7821 60.0303 59.4879 56.2529 57.5395 55.0958 47.0064 92.791 74.3875 47.713 44.3879 44.2686 49.4352 42.6685 57.3844 59.5003 118.24 63.2914 48.0733 46.5315 45.8578 44.7092 42.6375 42.6157 47.0963
threshold=9.5000000000000018 63.98500061035157 4.5000000000000009 1.0000000180025095e-35 1.5000000000000002 104.50000000000001 161.50000000000003 10112.500000000002 9.5000000000000018 1.5000000000000002 2.5000000000000004 24.077899932861332 24.894100189208988 1.0000000180025095e-35 112.50000000000001 1.5000000000000002 1.5000000000000002 1.0000000180025095e-35 2.5000000000000004 1.5000000000000002 11202.000000000002 9750.5000000000018 466.00000000000006 266.50000000000006 147.50000000000003 8.5000000000000018 277.25000000000006 2.5000000000000004 3577.0000000000005 16873.500000000004
decision_type=2 2 2 2 10 10 10 2 8 2 10 10 10 10 10 10 2 2 2 10 2 2 10 10 10 2 2 8 2 2
left_child=1 -1 3 15 5 6 16 -6 -9 -10 11 -5 -13 -14 -15 27 17 -3 19 24 21 22 -21 -23 25 28 -26 -2 -7 -30
right_child=2 4 -4 10 7 18 -8 8 9 -11 -12 12 13 14 -16 -17 -18 -19 -20 20 -22 23 -24 -25 26 -27 -28 -29 29 -31
leaf_value=-0.0060212247150214556 0.024112112721442275 0.00420928614227155 0.041899334047042817 -0.0003147115746719028 0.018602109702141587 0.0021040457739039081 0.10056983326788181 0.11590190155291194 0.19212134816477391 -0.027022107152162082 0.11685686328945312 0.35327479357510699 0.065591653622411386 0.11167297215923684 -0.010961642202718608 -0.012890712092936006 -0.017842120861070419 0.098787234489228132 -0.023039981536427896 0.013329716567614456 0.0015656518732535009 0.30109176968218465 0.2310966559983961 0.10407325226598825 0.18454325825844151 0.20762669640160417 -0.031058152104664907 0.051167896528498263 -0.030494753791811314 0.33171590052895233
leaf_weight=903.52267676126212 112.90298913232982 9.7496613180264831 198.59710258804262 359.91777969989926 21.89562754239887 298.33380433730781 12.712390691973267 17.247500417754058 1.3334704227745557 5.6357904477044904 3.9229754088446489 0.77740943059325118 23.734792408533394 3.0950549393892279 36.861544246785343 17.620807848870754 13.548748211935161 10.15427353605628 42.785752896219492 10.894114831462508 13.671808935701845 2.5949188861995927 1.3500171238556493 1.9539365526288746 2.4736578539013858 0.98751282691955466 1.3316330239176748 97.858853343874216 0.57397071085870155 0.73910794034600258
leaf_count=61275 1163 260 1266 17866 323 11537 195 148 28 150 108 18 534 62 993 326 277 147 991 216 246 30 15 34 49 8 49 1639 38 9
internal_value=0.00854526 0.000803674 0.0209773 0.0146501 0.0139247 0.00951724 0.0450751 0.054437 0.0868372 0.0149079 0.00494542 0.00391092 0.0275019 0.0235256 -0.00146231 0.0328502 0.0239865 0.0524596 0.005171 0.00877509 0.0480314 0.0858609 0.0373403 0.216464 0.00484678 0.00352725 0.109095 0.0366744 0.00285462 0.173387
internal_weight=2228.78 1373.49 855.289 656.692 469.968 423.855 46.1651 46.1124 24.2168 6.96926 428.31 424.387 64.4688 63.6914 39.9566 228.383 33.4527 19.9039 377.69 334.904 30.4648 16.793 12.2441 4.54886 304.44 300.634 3.80529 210.762 299.647 1.31308
internal_count=100000 76025 23975 22709 14750 14101 879 649 326 178 19581 19473 1607 1589 1055 3128 684 407 13222 12231 541 295 231 64 11690 11592 98 2802 11584 47
is_linear=0
shrinkage=0.03


Tree=59
num_leaves=31
num_cat=0
split_feature=14 0 139 180 65 408 333 25 4 439 335 334 18 25 1 2 14 4 435 404 7 88 30 38 43 181 435 1 0 30
split_gain=222.421 361.896 194.665 127.596 74.748 59.6503 54.6607 61.495 52.4676 51.6635 52.9489 94.795 50.0438 45.0144 43.2228 48.7442 48.2168 42.9299 44.4872 41.8227 39.2535 77.994 55.9536 82.5539 59.8087 54.8059 55.3723 61.117 44.0235 42.7657
threshold=9.5000000000000018 2411538.5000000005 2.5000000000000004 59.028949737548835 1.5000000000000002 163.00000000000003 3.5000000000000004 1.5000000000000002 545.50000000000011 164644.50000000003 4.5000000000000009 4.5000000000000009 7.5000000000000009 5.5000000000000009 138.08399963378909 1.5000000000000002 1.5000000000000002 391.50000000000006 0.24247053779624722 51.500000000000007 103.00000000000001 1.0000000180025095e-35 7.5000000000000009 369.50000000000006 418.50000000000006 571.50000000000011 2.0742109239657744 279.97500610351568 4503039.0000000009 4.5000000000000009
decision_type=2 2 8 2 10 8 2 2 10 2 2 2 2 2 2 2 2 8 2 10 8 8 8 8 10 2 2 2 2 10
left_child=3 13 8 14 6 -4 20 -8 9 10 12 -12 -3 -2 -1 16 -16 18 -7 -19 21 29 23 28 -25 -24 27 -27 -22 -5
right_child=1 2 5 4 -6 17 7 -9 -10 -11 11 -13 -14 -15 15 -17 -18 19 -20 -21 22 -23 25 24 -26 26 -28 -29 -30 -31
leaf_value=-0.010003739037598483 -0.015262273390804786 -0.0011598910841342392 -0.033723715938001039 -0.020720023788338249 0.045400380468638132 -0.0078380579079925829 0.0025680960602661868 0.11947340153608607 -0.020864304250955024 0.032325132014887369 0.17353880598662194 -0.031484902792162539 0.056848261787671876 0.040316506395274572 0.038212564097386902 0.0023090129525031398 0.21658092856943659 0.051976207904023228 0.047248599144183216 0.084805203529280157 0.011228018317647437 0.0018298996309872293 -0.0051555105787508765 0.15196259270053178 -0.019212902083670557 0.053239136703738643 -0.031732509183985798 0.44115684413827605 0.18024030378137185 0.10979075745565724
leaf_weight=645.7185887452215 216.88189417030662 135.20045222621411 7.2069648904725909 2.7362861027941099 57.444337701424956 15.292439994402228 7.8448621053248653 8.3706476204097271 29.241203963756561 174.17189755663276 4.5835803654044849 3.6426245532929897 14.855579031631349 13.959381802007554 6.0395278530195347 242.32780418917537 1.7618720745667813 92.959744833409786 96.164964064955711 55.943220060318708 91.54810493811965 25.109779105521739 257.5517518511042 6.9646899010986072 2.4952224707230926 0.70371422544121676 1.0375465657562015 0.76062415819615126 1.4083822024986137 12.973050966858862
leaf_count=46282 10733 3961 106 80 867 474 98 66 969 3142 64 104 85 106 149 14654 26 1684 1519 1028 2233 577 10517 163 78 24 34 19 28 130
internal_value=0.00826568 0.0202276 0.032014 0.0007711 0.0133059 0.0514141 0.00891112 0.0629161 0.0176626 0.0210512 0.00864555 0.0827528 0.00458293 -0.0119013 -0.00590244 0.00468523 0.0784954 0.0537707 0.0396905 0.0643101 0.00673968 0.0346302 0.00359883 0.022381 0.106812 -0.00379812 0.135936 0.254736 0.0137887 0.0870581
internal_weight=2232.9 860.104 629.263 1372.8 476.949 267.567 419.505 16.2155 361.695 332.454 158.282 8.2262 150.056 230.841 895.848 250.129 7.8014 260.36 111.457 148.903 403.289 40.8191 362.47 102.416 9.45991 260.054 2.50188 1.46434 92.9565 15.7093
internal_count=100000 23975 13136 76025 14914 4811 14047 164 8325 7356 4214 168 4046 10839 61111 14829 175 4705 1993 2712 13883 787 13096 2502 241 10594 77 43 2261 210
is_linear=0
shrinkage=0.03


Tree=60
num_leaves=31
num_cat=0
split_feature=36 0 114 0 106 439 41 29 8 437 38 26 319 28 114 179 150 373 38 38 186 195 242 9 89 118 3 406 0 2
split_gain=210.434 243.931 108.541 182.681 96.2248 83.6074 78.2473 67.4279 80.8222 81.3501 84.6422 66.0637 61.9132 60.8948 57.745 49.1987 47.9316 51.3875 84.2156 92.0758 74.7482 46.7568 45.2215 44.8904 59.8746 42.1433 71.4813 42.0627 48.0713 41.475
threshold=61.645832061767585 2417806.0000000005 1.5000000000000002 2395795.0000000005 1.5000000000000002 41124.000000000007 44.500000000000007 8.5000000000000018 1.5000000000000002 179.50000000000003 40.500000000000007 39.500000000000007 7.9749999046325692 1.0000000180025095e-35 2.5000000000000004 729.25000000000011 1.0000000180025095e-35 330.89999389648443 94.500000000000014 123.50000000000001 331.75000000000006 2.5000000000000004 23.500000000000004 466.00000000000006 1.0000000180025095e-35 1.5000000000000002 6017.5000000000009 1.0000000180025095e-35 2941178.0000000005 1.5000000000000002
decision_type=8 2 8 2 10 2 8 2 2 2 10 2 10 2 10 2 2 2 10 10 2 10 10 10 10 8 2 2 2 2
left_child=1 -1 4 14 11 -5 12 15 9 10 -9 13 -3 -2 22 27 17 -15 -19 -20 -21 29 -4 -6 -25 -18 -27 -7 -29 -8
right_child=2 6 3 5 23 7 21 8 -10 -11 -12 -13 -14 16 -16 -17 25 18 19 20 -22 -23 -24 24 -26 26 -28 28 -30 -31
leaf_value=-0.015365740794045272 0.016006789665869929 0.036439390440391649 -0.019641195263678642 0.0043161929674324804 0.031717534940932234 0.027714697215242303 0.08222548761669711 0.072014492675270408 -0.018005472437466721 0.0066171433542724428 0.27982049628630035 0.081523715243532691 -0.0050643538420045006 -0.0073352704331162534 0.075347750424424639 0.10615089138902341 0.010675299739004931 -0.0027386027894402763 0.3718514093759368 0.016862630444502806 0.39176878222665462 -0.012995653119078363 0.33146539056730051 0.32499205829070904 0.067819306721574324 0.23513622975526358 -0.032441758669819881 0.026240861282356767 0.077448719087934215 0.045717899219900729
leaf_weight=93.950848186388612 143.7147484626621 163.97618709411472 115.27615612093359 82.958634061738849 45.784734178334475 66.575957924127579 55.177843006327748 7.7922303657978791 33.446511593647301 13.622979532927273 2.280285925604403 8.4856244698166829 40.298013205640018 1073.348216664046 6.199270154349505 12.946985855698584 108.13623151555657 9.4458118723705393 1.2568000387400378 3.1158442031592135 0.56549400836229313 7.642852369695901 0.33109685871750016 1.0917354160919774 3.2116552982479334 1.9946422241628163 1.6351026017218826 24.645067006349564 49.914997570216656 56.874767806380987
leaf_count=3232 3145 1797 7993 3181 923 1592 800 60 1049 189 35 42 822 67015 54 115 3960 432 32 146 9 153 14 27 60 19 31 863 1158 1052
internal_value=0.0079997 0.0271951 0.00358654 0.0170435 -0.000406909 0.0298359 0.0395377 0.0398588 0.0120253 0.0544141 0.119059 -0.00191995 0.0282518 -0.0024471 -0.0138524 0.0501809 -0.0046581 -0.00658043 0.049747 0.150143 0.0744523 0.0587984 -0.0186356 0.0404247 0.133062 0.0140504 0.1146 0.0450466 0.0605225 0.0636953
internal_weight=2235.7 417.921 1817.78 415.99 1401.79 294.184 323.97 211.225 57.142 23.6955 10.0725 1351.7 204.274 1343.21 121.807 154.083 1199.5 1087.73 14.384 4.93814 3.68134 119.695 115.607 50.0881 4.30339 111.766 3.62974 141.136 74.5601 112.053
internal_count=100000 7856 92144 16303 75841 8242 4624 5061 1333 284 95 74831 2619 74789 8061 3728 71644 67634 619 187 155 2005 8007 1010 87 4010 50 3613 2021 1852
is_linear=0
shrinkage=0.03


Tree=61
num_leaves=31
num_cat=0
split_feature=14 0 139 180 113 7 408 21 28 116 88 121 3 4 25 343 9 0 48 4 151 362 23 366 0 181 437 105 38 15
split_gain=197.57 313.519 164.707 113.783 74.0963 58.6356 53.6143 49.5094 51.2748 44.8443 44.1718 47.1345 44.0713 43.8383 42.6909 39.9623 39.7522 49.7226 39.5956 42.1723 37.3223 42.2531 42.8403 67.8848 47.9128 93.5658 47.1504 43.1348 41.9696 36.3598
threshold=9.5000000000000018 2411538.5000000005 2.5000000000000004 59.028949737548835 1.5000000000000002 104.50000000000001 163.00000000000003 3.5000000000000004 1.0000000180025095e-35 2.5000000000000004 1.0000000180025095e-35 1.0000000180025095e-35 10112.500000000002 221.50000000000003 5.5000000000000009 2.5000000000000004 333.50000000000006 2861580.5000000005 1.0000000180025095e-35 575.50000000000011 4.5000000000000009 3020.4350585937505 1.5000000000000002 431.77499389648443 4464663.5000000009 116.50000000000001 105.50000000000001 1.0000000180025095e-35 528.50000000000011 6.5000000000000009
decision_type=2 2 8 2 10 10 8 2 2 10 8 10 2 10 2 2 8 2 2 10 2 2 2 2 2 2 2 10 10 2
left_child=3 14 7 18 5 10 -4 8 -3 -10 -5 -12 -6 -11 -2 20 17 -8 19 -1 21 22 24 -24 29 -26 -25 -28 -22 -7
right_child=1 2 6 4 12 15 16 -9 9 13 11 -13 -14 -15 -16 -17 -18 -19 -20 -21 28 -23 23 26 25 -27 27 -29 -30 -31
leaf_value=-0.011502085968158235 -0.014786383119447879 0.029578313099545468 -0.033616295916261245 0.078009044331098926 0.016329544189424998 -0.0028142537110366602 0.030819631773805947 0.043192670221568481 0.001232697476986371 0.20511800394537175 0.0056171637348714758 0.12331744072605928 0.073194377456346146 0.029323247403658548 0.039426472518505645 -0.022975061047909206 0.036988236224075481 0.070808098542258155 0.0043835191296015315 0.023144646130838629 -0.015589362181008308 0.20751109108464813 0.018277336847670009 -0.031577675765759039 0.017838732339221411 0.27602702265561158 -0.031206965217227118 0.15214856889845307 0.2525489273612892 0.13416208877742608
leaf_weight=604.5611011562869 212.00545752979815 100.41288920305669 7.1973594948649406 17.220151519402862 22.619171197526157 157.39229191280901 38.157126718200743 53.307210329920053 206.4550536936149 1.8714737072587002 28.326883903704587 3.4332911726087323 26.799248875118792 4.0170350819826126 13.932050587609409 42.482183841057122 124.91401107702404 104.97697750851512 250.6004830757156 33.363725634291768 61.062857234850526 0.99641161318868299 103.01140035875142 2.1279367981478563 5.3382973410189143 1.6548382444307206 1.3542624739930014 7.8376020900905132 0.5299220010638227 1.7636500308290113
leaf_count=46395 10733 893 106 223 326 5459 1121 341 7015 15 551 109 329 61 106 1002 1469 2115 12577 2139 2507 23 3883 64 170 39 53 110 35 31
internal_value=0.00773696 0.0189459 0.0296523 0.000654181 0.0123584 0.00839971 0.0471856 0.016469 0.0119141 0.00356103 0.0393184 0.0183406 0.0471669 0.085194 -0.0114434 0.00447181 0.0493552 0.0601479 -0.00572073 -0.00969005 0.00787055 0.0124992 0.0118065 0.0259404 0.00208055 0.0789358 0.095675 0.125134 -0.0132824 -0.00129638
internal_weight=2239.72 867.247 641.309 1372.48 483.95 434.532 275.245 366.064 312.756 212.344 48.9803 31.7602 49.4184 5.88851 225.938 385.552 268.048 143.134 888.525 637.925 343.069 281.477 280.48 114.331 166.149 6.99314 11.3198 9.19186 61.5928 159.156
internal_count=100000 23975 13136 76025 14914 14259 4811 8325 7984 7091 883 660 655 76 10839 13376 4705 3236 61111 48534 12374 9832 9809 4110 5699 209 227 163 2542 5490
is_linear=0
shrinkage=0.03


Tree=62
num_leaves=31
num_cat=0
split_feature=14 0 139 180 113 7 408 15 438 439 335 107 1 30 2 16 9 25 3 3 437 7 216 422 128 9 1 29 9 183
split_gain=184.628 290.803 150.174 106.569 82.5949 57.1921 49.2986 47.926 51.2801 48.8045 52.6841 86.3686 43.8378 42.9838 42.2106 40.5288 45.2864 40.4545 40.2823 64.0826 40.1726 77.5073 39.1993 38.4836 36.9963 54.341 40.8209 50.0659 56.8642 40.4109
threshold=9.5000000000000018 2411538.5000000005 2.5000000000000004 47.970001220703132 1.5000000000000002 104.50000000000001 163.00000000000003 8.5000000000000018 20008.500000000004 164644.50000000003 4.5000000000000009 1.5000000000000002 138.08399963378909 161.50000000000003 1.5000000000000002 1.5000000000000002 252.00000000000003 5.5000000000000009 15137.500000000002 14859.000000000002 873.00000000000011 225.50000000000003 72.500000000000014 75.500000000000014 2.5000000000000004 466.00000000000006 280.00500488281256 298.50000000000006 203.50000000000003 370.25000000000006
decision_type=2 2 8 2 10 10 8 2 2 2 2 10 2 10 2 2 10 2 2 2 2 10 8 2 10 10 2 2 10 2
left_child=3 17 7 12 5 13 -4 8 9 10 -3 -12 -1 15 22 16 -5 -2 19 23 21 -6 -14 -11 26 -26 -7 -28 29 -29
right_child=1 2 6 4 20 24 -8 -9 -10 18 11 -13 14 -15 -16 -17 -18 -19 -20 -21 -22 -23 -24 -25 25 -27 27 28 -30 -31
leaf_value=-0.010493627136825124 -0.014520976464377914 -0.0022036336154106642 -0.033385691795192601 0.078268082714455608 -0.021874727443422941 -0.0014302475373498648 0.047064115200860498 0.043129205049193875 -0.025099187643844691 0.040440039092612873 0.16408904048763137 -0.031499789574536419 0.14848338597643887 0.07938218974318452 0.0022651294484970666 -0.019138478157495153 -0.0083839877326549201 0.038323491020712447 -0.0022135573940702991 0.20014745632170083 0.024678213592491994 0.10917191785223618 0.015762569898122619 -0.0049855669698863746 0.0226301880885111 0.21513853988791545 0.016405906884343166 0.10514345321995211 0.019325590984943367 0.33797265320895287
leaf_weight=590.42256276495755 209.44318305049092 128.0294129261747 7.0321629550307989 13.95067399274558 5.3627919405698803 361.0384632954374 272.57552317995578 50.168573599308729 30.965604233555496 95.746188991703093 4.5210229419171792 3.690684812143445 3.4477105848491192 15.099103979766367 238.02780640404671 14.832452475093303 8.8854678301140648 13.903474517166613 32.631964255124331 2.088384883478283 31.645601242780685 16.745392739772797 4.7790262810885888 20.35274186078459 5.0857156049460164 1.782130144536495 54.761836102232337 1.501076836138963 2.9755317075178027 1.2131234165281055
leaf_count=43840 10733 3863 106 216 119 14027 4705 276 1038 1657 53 106 80 216 14486 314 236 106 872 34 416 204 95 426 61 15 1507 29 141 23
internal_value=0.0074874 0.0182879 0.0284655 0.000627405 0.0110862 0.00714574 0.0450408 0.0158781 0.0115793 0.0155358 0.00252101 0.0761832 -0.00605879 0.0366157 0.00457422 0.0194732 0.044552 -0.0112314 0.0272927 0.0354395 0.0463553 0.0773839 0.071384 0.0324767 0.00351546 0.072584 0.00239004 0.0252062 0.109906 0.209207
internal_weight=2242.71 871.149 647.802 1371.56 534.879 481.126 279.608 368.195 318.026 287.06 136.241 8.21171 836.677 52.7677 246.255 37.6686 22.8361 223.347 150.819 118.187 53.7538 22.1082 8.22674 116.099 428.358 6.86785 421.49 60.4516 5.68973 2.7142
internal_count=100000 23975 13136 76025 17524 16785 4811 8325 8049 7011 4022 159 58501 982 14661 766 452 10839 2989 2117 739 323 175 2083 15803 76 15727 1700 193 52
is_linear=0
shrinkage=0.03


Tree=63
num_leaves=31
num_cat=0
split_feature=36 0 82 1 31 114 0 46 397 65 26 28 0 76 97 1 29 30 27 364 439 320 43 319 432 270 436 30 11 38
split_gain=178.37 203.341 93.5175 107.237 85.2931 79.1174 78.6915 90.9861 73.4919 63.906 54.5657 56.5142 50.1954 45.1017 55.4899 43.7111 42.0008 82.126 67.8205 47.0196 43.45 40.1879 39.173 38.8343 35.8436 46.1756 35.6083 34.0624 34.0476 76.3747
threshold=61.645832061767585 2417806.0000000005 1.0000000180025095e-35 226.10199737548831 409.50000000000006 2.5000000000000004 2332027.5000000005 1.0000000180025095e-35 -1.4999999999999998 1.5000000000000002 39.500000000000007 1.0000000180025095e-35 3138358.5000000005 2.5000000000000004 2.5000000000000004 48.954999923706062 265.50000000000006 279.50000000000006 14.500000000000002 1048.4749755859377 73092.000000000015 24.917900085449222 387.50000000000006 5.1500000953674325 12.500000000000002 3.5000000000000004 -16.954268487270891 9.5000000000000018 89.500000000000014 482.50000000000006
decision_type=8 2 10 2 8 10 2 2 8 8 2 2 2 10 8 2 2 10 2 2 2 8 8 10 2 8 2 8 10 8
left_child=1 -1 3 5 23 6 -2 9 24 10 11 -8 -11 16 -15 -14 20 18 -18 -19 -10 -6 -22 26 25 -5 -3 -7 -13 -30
right_child=2 4 -4 8 21 27 7 -9 13 12 -12 28 15 14 -16 -17 17 19 -20 -21 22 -23 -24 -25 -26 -27 -28 -29 29 -31
leaf_value=-0.014805742232606592 -0.014534502568729256 0.050322840378477521 -0.012340674862883622 0.095268656902635293 0.039055047910369373 0.074748435239397518 0.026134856981923121 -0.0098801013068780721 -0.0027300871496477221 0.0060926741457742045 0.068079104431104293 -7.0861585977244e-06 -0.0074929926631776451 0.31715425289932259 0.017840652704643654 0.050160902881088799 0.11975220863399634 0.01314197788824655 0.42587302160821822 0.24109438385222928 0.018670308987214924 0.068898039092679081 0.066381014710749475 -0.014540545912200012 0.048652419752158879 0.27400933113454501 0.0071251535463034005 0.0074712743591857931 0.027123016242439041 0.29896063035219334
leaf_weight=91.313281973823905 216.53118060342968 29.779937320388854 293.17527914140373 5.1667547049000859 175.76396116428077 19.484388219192628 97.32630062289536 268.30746425129473 69.821998269297183 58.638529640622437 12.601137734949587 536.41631607990712 13.917750148102639 1.0290813669562333 1.2163212876766918 79.096669672988355 2.7527317432686682 11.428283631801602 0.85325365234166373 0.87687900383025486 75.727733467705548 52.81532896310091 19.470220136456192 31.793549516238272 8.6675319662317616 1.7384758107364167 40.571714873425663 10.381880841217933 16.840352094732228 0.98457682318985362
leaf_count=3232 12587 377 29849 80 2435 129 1468 13430 2308 2441 59 22464 642 19 32 2083 75 574 31 18 2074 508 557 750 232 25 554 141 790 36
internal_value=0.00725008 0.0248243 0.0031803 0.00615581 0.0357661 0.00308543 0.00197688 0.00527467 0.0267104 0.0102588 0.0062466 0.00505077 0.0278303 0.0213914 0.155018 0.0415341 0.019733 0.0662821 0.192187 0.0293861 0.0152448 0.0459505 0.0284283 0.0129756 0.0892767 0.140269 0.0254108 0.0513621 0.00134835 0.0421382
internal_weight=2244.49 422.038 1822.45 1529.28 330.724 1330.53 1300.66 1084.13 198.749 815.822 664.169 651.568 151.653 183.177 2.2454 93.0144 180.931 15.9111 3.60599 12.3052 165.02 228.579 95.198 102.145 15.5728 6.90523 70.3517 29.8663 554.241 17.8249
internal_count=100000 7856 92144 62295 4624 56270 56000 43413 6025 29983 24817 24758 5166 5688 51 2725 5637 698 106 592 4939 2943 2631 1681 337 105 931 270 23290 826
is_linear=0
shrinkage=0.03


Tree=64
num_leaves=31
num_cat=0
split_feature=36 0 81 65 15 28 5 0 114 366 4 9 48 76 23 406 106 41 260 333 7 181 435 108 347 189 4 90 4 43
split_gain=166.569 188.792 86.3855 83.0979 88.7537 78.8391 63.6213 62.6589 59.8835 60.7 56.04 74.1075 156.006 55.5011 45.3313 45.0058 44.8076 44.7943 48.6776 44.0851 42.8198 45.347 55.4209 41.3972 57.4277 38.6486 37.0356 72.9015 74.7357 129.591
threshold=61.645832061767585 2417806.0000000005 1.0000000180025095e-35 1.5000000000000002 4.5000000000000009 1.0000000180025095e-35 149.50000000000003 2244384.0000000005 1.5000000000000002 171.17500305175784 404.50000000000006 482.00000000000006 1.0000000180025095e-35 3.5000000000000004 1.5000000000000002 1.0000000180025095e-35 2.5000000000000004 44.500000000000007 27.838249206542972 8.5000000000000018 126.50000000000001 571.50000000000011 2.0742109239657744 2.5000000000000004 2.5000000000000004 298.47500610351568 266.50000000000006 1.5000000000000002 229.50000000000003 7.5000000000000009
decision_type=8 2 10 10 2 2 2 2 10 2 8 10 2 10 2 2 10 8 10 2 8 2 2 10 2 2 10 8 10 10
left_child=1 -1 3 4 5 7 -3 -2 13 23 14 25 -13 16 -6 -9 19 18 -8 20 26 -22 -23 24 -10 -12 27 28 -7 -30
right_child=2 6 -4 -5 10 8 17 15 9 -11 11 12 -14 -15 -16 -17 -18 -19 -20 -21 21 22 -24 -25 -26 -27 -28 -29 29 -31
leaf_value=-0.014502897094084571 -0.018939931000417333 -0.02698425784608938 -0.012004746640945517 0.036905462065265231 0.026635810017783534 0.049459247708459088 0.033853415932048762 0.012024293405601922 0.023337753547025882 -0.010350412666584595 0.032085496419122728 0.0010682781908788108 0.55734088494683443 0.2373831010492313 -0.015683896655339105 0.043001894148991256 0.17002745022503987 0.051143095129029828 -0.011317266399085101 0.14252190770115855 -0.0074754457874116817 0.21610227350381192 -0.031974762056174111 -0.022142779158368368 0.083631307105956218 0.12005947526663027 -0.0024677312586758693 -0.022992737615204293 0.041336977457596472 0.63945772192784811
leaf_weight=90.436902182176709 33.364540411159396 14.551678651943801 287.88078617956489 74.059824001044035 50.405549230054021 29.69899038691074 169.43491759896278 93.448413129895926 40.608182706870139 40.620059196837246 82.967905582860112 1.1163175348192442 0.76447334699332703 0.85571415163576503 41.564688487909734 76.982316860929132 1.3246874418109644 125.25922697782516 24.587030268274248 1.830309759825467 853.03305936930701 1.7997227404266589 1.4745072200894354 9.7075824560597521 21.876812955364585 4.7517640469595781 57.730930803809315 14.009473395533858 0.82974212337285169 0.53701686672866344
leaf_count=3232 1039 388 29692 1176 576 1021 1744 2206 1127 555 1750 49 27 12 1824 957 17 1956 536 15 45947 27 33 138 172 69 3023 636 32 24
internal_value=0.00701557 0.023946 0.00307585 0.00590346 0.00433226 0.00154737 0.034362 0.0186565 -0.00169331 0.0189864 0.0239605 0.0408461 0.227173 -0.00411556 0.00751 0.0260166 -0.00433031 0.037158 0.0281293 -0.00457067 -0.00485137 -0.00704773 0.104384 0.0354931 0.0444473 0.036851 0.0134429 0.0338206 0.0594413 0.276346
internal_weight=2247.51 424.27 1823.24 1535.36 1461.3 1279.73 333.833 203.795 1075.94 112.813 181.571 89.6005 1.88079 963.124 91.9702 170.431 962.268 319.281 194.022 960.944 959.113 856.307 3.27423 72.1926 62.485 87.7197 102.806 45.0752 31.0657 1.36676
internal_count=100000 7856 92144 62452 61276 56981 4624 4202 52779 1992 4295 1895 76 50787 2400 3163 50775 4236 2280 50758 50743 46007 60 1437 1299 1819 4736 1713 1077 56
is_linear=0
shrinkage=0.03


Tree=65
num_leaves=31
num_cat=0
split_feature=36 0 82 1 31 0 114 106 397 38 369 48 439 434 26 28 439 0 32 437 7 37 320 9 105 29 76 439 9 16
split_gain=155.598 175.402 83.4893 95.9709 74.3081 70.8269 91.3405 78.8202 63.0997 51.8224 54.8616 102.361 101.652 68.3872 47.3751 50.7872 44.3083 49.8737 46.5274 38.4932 59.6832 35.7959 34.4899 34.2417 44.84 41.8019 50.6678 49.4723 54.4171 43.0967
threshold=61.645832061767585 2417806.0000000005 1.0000000180025095e-35 226.10199737548831 409.50000000000006 2238627.5000000005 1.5000000000000002 1.5000000000000002 -1.4999999999999998 5.5000000000000009 78.009998321533217 1.0000000180025095e-35 73092.000000000015 -0.23103590696843782 20.500000000000004 1.0000000180025095e-35 41124.000000000007 3512702.5000000005 7.5000000000000009 143.50000000000003 112.50000000000001 0.47916649281978613 24.917900085449222 273.50000000000006 1.5000000000000002 292.50000000000006 2.5000000000000004 164644.50000000003 225.50000000000003 1.5000000000000002
decision_type=8 2 10 2 8 2 8 10 8 10 2 2 2 2 2 2 2 2 10 2 10 10 8 10 10 2 10 2 10 2
left_child=1 -1 3 5 19 -2 7 14 21 -9 11 -11 13 -13 15 -7 -8 -18 -19 -3 -21 -5 -6 25 -25 26 27 28 -10 -27
right_child=2 4 -4 8 22 6 16 9 23 10 -12 12 -14 -15 -16 -17 17 18 -20 20 -22 -23 -24 24 -26 29 -28 -29 -30 -31
leaf_value=-0.014203190608830307 -0.01532165776111853 -0.02200995594207036 -0.011899743476548602 0.10066948508335848 0.036011261469684419 0.01770341434718789 0.0014433646724984804 -0.0049660286279044168 -0.015604339636372092 0.0094552678302019209 0.041243250735229234 0.57914038152783121 0.075542189909844223 0.22548605485049791 0.059318545215958265 -0.004838572334964617 0.015008263190785845 0.056645952155377523 0.001564857853547242 0.13366237247099622 0.015726963645307068 -0.019434576812669559 0.063216917547400664 0.0022601028734278096 0.08631430981154109 -0.017465364595587632 0.20702983755657225 0.053096441731583281 0.053239210586701682 0.13588410378145313
leaf_weight=89.587912863120437 169.21800116030499 23.405746177770197 286.29694035835564 13.797024282626809 178.91195014771074 102.57327351160347 78.657058503013104 14.41431961674243 34.742345408536494 2.9651244468987015 20.623241025954485 0.93348715733736742 1.6863353941589592 1.0407704701647165 11.471637286245821 731.06057942099869 113.14019098877907 67.69497075304389 17.336883605457842 4.0696977442130438 75.653371904976666 2.6647130250930777 54.779757292941213 90.666119229979813 6.0960751827806225 2.2259207405149919 1.3775793388485897 31.241476809605956 14.70838730689138 6.3680358584970236
leaf_count=3232 10364 485 29849 242 2435 1786 2996 239 1052 118 234 27 55 15 57 35594 3165 1256 364 37 1159 95 508 3004 40 118 24 807 483 160
internal_value=0.00679033 0.0231047 0.00297433 0.00574546 0.0330278 0.00281318 0.00545046 0.0007542 0.0249138 0.0410364 0.0653711 0.140472 0.246596 0.392704 -0.00123169 -0.00206493 0.020494 0.0280555 0.0454156 0.0118163 0.0217473 0.0812279 0.0423885 0.0199678 0.00755557 0.0332148 0.026623 0.0235431 0.00487215 0.0961651
internal_weight=2249.41 426.408 1823 1536.7 336.821 1332.82 1163.6 886.769 203.888 41.6633 27.249 6.62572 3.66059 1.97426 845.105 833.634 276.829 198.172 85.0319 103.129 79.7231 16.4617 233.692 187.426 96.7622 90.6637 82.0698 80.6922 49.4507 8.59396
internal_count=100000 7856 92144 62295 4624 56270 45906 38125 6025 688 449 215 97 42 37437 37380 7781 4785 1620 1681 1196 337 2943 5688 3044 2644 2366 2342 1535 278
is_linear=0
shrinkage=0.03


Tree=66
num_leaves=31
num_cat=0
split_feature=36 0 46 0 106 47 36 5 7 122 1 362 107 186 438 77 18 56 30 50 27 436 29 259 435 396 1 38 30 38
split_gain=145.294 162.942 79.4416 80.0464 111.753 60.4073 57.69 56.6243 49.1012 61.8308 47.0898 44.6155 43.3937 41.0125 42.6439 65.7988 39.1514 38.7835 47.8171 46.2009 38.2402 35.7205 34.6756 36.5379 34.0681 33.6874 32.9339 49.1827 32.7918 37.5751
threshold=61.645832061767585 2417806.0000000005 1.0000000180025095e-35 2238627.5000000005 1.5000000000000002 -1.0000000180025095e-35 910.29165649414074 149.50000000000003 103.00000000000001 1.0000000180025095e-35 213.01999664306643 247.81000518798831 1.5000000000000002 21.052300453186039 3195.5000000000005 1.5000000000000002 27.500000000000004 1.0000000180025095e-35 331.50000000000006 -1.0000000180025095e-35 1.0000000180025095e-35 -207.7810894787531 3.5000000000000004 24.777500152587894 0.51968782336248664 -2.4999999999999996 48.954999923706062 354.50000000000006 11.500000000000002 397.50000000000006
decision_type=8 2 2 2 8 2 8 2 8 8 2 2 10 2 2 10 2 8 8 2 2 2 2 8 2 8 2 10 8 10
left_child=1 25 3 28 5 -5 -6 -3 9 -7 11 13 22 16 15 -15 -10 18 -12 -20 -8 -16 23 -9 -14 -1 27 -22 29 -2
right_child=2 7 -4 4 6 8 20 12 10 -11 17 -13 24 14 21 -17 -18 -19 19 -21 26 -23 -24 -25 -26 -27 -28 -29 -30 -31
leaf_value=0.079763969975823384 0.013651223156151566 -0.026833575475647763 -0.007374872163456129 -0.012696727194807961 -0.00054090559523221925 0.027584221177066555 0.059468913403094355 0.038547031170466761 0.0014297073139871561 0.18054205665748513 -0.031295250380923949 -0.017027294298791507 0.045195380763164705 0.044581715177354549 0.17482302933219276 0.26050123469843045 0.075584093137094258 0.021498259942715706 0.085642377228653171 0.38420452244413145 -0.0062121228075724304 0.0030270393817123484 0.016361780543126415 0.070821106813267254 -0.0081163195999548569 -0.017553113397836721 0.034518729728438891 0.26756740211105184 -0.017541641840012858 0.18600188703077589
leaf_weight=3.3259652508422732 16.816178076900545 14.232442037202416 495.4762872196734 151.33788277301937 52.88899437058717 59.077727174386382 43.795480336993933 187.62167337816209 430.63201493117958 2.478282641619443 1.0336058428511017 88.834985597990453 15.722483295947312 28.961029818281535 1.1185345575213421 1.3284793719649304 6.504701539874076 98.67825713660568 1.015647444874048 0.86268867272883643 29.133077942300591 41.626097238622606 49.989673771895468 37.957188314758241 34.374479590915143 85.439481464680284 123.02977328933775 0.60276293754577537 146.92623054562137 1.2211260981857766
leaf_count=54 460 388 30144 16102 2114 1246 586 2268 18390 26 41 3492 208 486 16 17 31 3086 27 19 1017 801 805 366 589 3178 3644 24 10355 20
internal_value=0.00657109 0.0222869 0.00287641 0.00670144 0.00947556 0.00461582 0.027272 0.031739 0.00805352 0.0337424 0.00579643 0.0025934 0.0342988 0.00600991 0.0268197 0.0540518 0.00253314 0.0246825 0.132587 0.222767 0.0347556 0.00752257 0.038968 0.0439777 0.00861508 -0.0139067 0.0276707 -0.000662451 -0.0128552 0.0253194
internal_weight=2252.04 428.663 1823.38 1327.9 1162.94 913.49 249.45 339.898 762.152 61.556 700.596 599.006 325.665 510.171 73.0341 30.2895 437.137 101.59 2.91194 1.87834 196.561 42.7446 275.569 225.579 50.097 88.7654 152.766 29.7358 164.964 18.0373
internal_count=100000 7856 92144 62000 51165 43780 7385 4624 27678 1272 26406 23233 4236 19741 1320 503 18421 3173 87 46 5271 817 3439 2634 797 3232 4685 1041 10835 480
is_linear=0
shrinkage=0.03


Tree=67
num_leaves=31
num_cat=0
split_feature=14 0 139 30 113 65 4 435 435 21 119 437 3 3 438 439 335 29 436 25 238 48 371 9 20 76 4 127 9 9
split_gain=139.133 211.647 111.264 92.3725 73.8305 57.2151 45.604 75.3314 56.9134 43.3943 42.783 67.669 66.5253 61.5987 41.8145 38.2993 47.0802 66.1574 37.4411 36.879 38.7099 36.4491 60.1231 48.1052 123.583 41.6161 94.093 46.4491 41.2944 35.3514
threshold=9.5000000000000018 2411538.5000000005 2.5000000000000004 6.5000000000000009 1.5000000000000002 1.5000000000000002 566.50000000000011 0.41848783995044597 0.25380477872494572 3.5000000000000004 1.5000000000000002 185.50000000000003 5167.5000000000009 4623.5000000000009 20008.500000000004 164644.50000000003 4.5000000000000009 12.500000000000002 250.05580214831733 5.5000000000000009 21.500000000000004 1.0000000180025095e-35 587.00000000000011 446.00000000000006 12.500000000000002 1.5000000000000002 554.50000000000011 1.5000000000000002 466.00000000000006 181.50000000000003
decision_type=2 2 8 8 8 10 10 2 2 2 10 2 2 2 2 2 2 2 2 2 10 2 2 10 2 10 10 10 10 10
left_child=3 19 9 4 6 10 -1 8 -8 14 21 12 13 -12 15 16 -3 -18 -9 20 -2 -5 23 29 25 27 -27 28 -25 -23
right_child=1 2 -4 5 -6 -7 7 18 -10 -11 11 -13 -14 -15 -16 -17 17 -19 -20 -21 -22 22 -24 24 -26 26 -28 -29 -30 -31
leaf_value=0.0046468468448480115 -0.014138143144360663 -0.0032800017568763197 0.037829781940947542 -0.0094881023794553508 0.051181417976086385 0.027424493474973458 0.11365900845941608 -0.0040741398082023653 0.42375721996910243 0.038490297337334292 0.066635014218528535 -0.0070154609257028879 -0.012239804744038867 0.21511204912768975 -0.024291541090340492 0.02286579891651707 -0.011647344408723304 0.15340472796963742 0.1422697939065217 0.036950897355326764 0.29305428789877136 0.02271229636998566 0.19514747914031202 0.24761449422568341 0.56336217801269362 -0.031884893231944329 0.41054530269845607 0.19708921297320092 0.0038143257094301278 -0.0058253737255470651
leaf_weight=154.38903881050646 200.28336137579754 131.40619677957147 292.42932060640305 723.29424125608057 48.129774875938892 53.133921407163143 1.6284356769174331 7.341779785230754 0.79161096829920996 52.494614191353321 10.271936810575427 28.168814769946039 6.7462674779817453 3.3299974258989087 30.586186083033681 154.44264979939908 4.4959338512271625 4.2533554509282112 2.0025796126574278 13.904131753370164 0.36986626870930095 45.994321935810149 1.4521038513630617 0.6455645849928392 0.4032522514462461 0.92521517258137354 0.81258030515164137 1.2896653600037087 19.88632292393595 259.39639277104288
leaf_count=4128 10720 3847 4811 53944 580 1124 31 156 29 341 76 452 175 31 1036 2943 124 34 22 106 13 2003 36 24 11 34 17 16 1002 12134
internal_value=0.00636034 0.0156344 0.0239374 0.000371874 0.018463 -0.00298233 0.0089854 0.0659219 0.215094 0.0131808 -0.0044476 0.0230971 0.0647831 0.102985 0.00909507 0.0125614 0.00120656 0.0685906 0.0272887 -0.0102978 -0.0135719 -0.0057154 0.00253349 0.00168426 0.0426148 0.0337014 0.174992 0.0224495 0.0114799 -0.00152737
internal_weight=2254.7 884.666 670.108 1370.03 214.283 1155.75 166.153 11.7644 2.42005 377.679 1102.62 48.517 20.3482 13.6019 325.184 294.598 140.155 8.74929 9.34436 214.557 200.653 1054.1 330.805 329.353 23.9626 23.5593 1.7378 21.8216 20.5319 305.391
internal_count=100000 23975 13136 76025 4946 71079 4366 238 60 8325 69955 734 282 107 7984 6948 4005 158 178 10839 10733 69221 15277 15241 1104 1093 51 1042 1026 14137
is_linear=0
shrinkage=0.03


Tree=68
num_leaves=31
num_cat=0
split_feature=14 0 97 30 4 15 7 1 30 408 16 7 437 7 3 33 3 23 0 13 436 333 0 436 1 431 437 37 3 365
split_gain=130.325 197.097 104.793 85.8901 59.0464 71.3171 53.5396 54.7513 53.6837 51.5323 49.2615 45.2716 44.0881 43.6898 48.1097 42.9208 42.2843 42.12 39.4017 56.8931 36.2492 35.21 35.1868 36.3788 34.1575 33.6671 37.8878 31.5891 31.5405 34.2328
threshold=9.5000000000000018 2411538.5000000005 1.5000000000000002 6.5000000000000009 513.50000000000011 4.5000000000000009 103.00000000000001 140.07649993896487 161.50000000000003 163.00000000000003 34.500000000000007 103.00000000000001 806.50000000000011 228.50000000000003 1978.0000000000002 1.0000000180025095e-35 1675.5000000000002 2.5000000000000004 3451103.0000000005 1.5000000000000002 45.810745442466128 3.5000000000000004 3138358.5000000005 -201.18839866715606 149.97000122070315 280.50000000000006 179.50000000000003 0.47916649281978613 17399.500000000004 40.938301086425788
decision_type=2 2 8 8 10 2 10 2 10 8 2 8 2 8 2 8 2 2 2 2 2 2 2 2 2 2 2 8 2 2
left_child=3 20 10 4 28 12 8 21 -5 -4 11 25 13 14 16 -7 -6 -10 24 -20 -2 -8 23 -14 27 -3 -27 -11 -1 -30
right_child=1 2 9 6 5 15 7 -9 17 18 -12 -13 22 -15 -16 -17 -18 -19 19 -21 -22 -23 -24 -25 -26 26 -28 -29 29 -31
leaf_value=0.0040487622660258862 -0.01518584641455132 0.009071219539822848 -0.034353856967420049 0.0065680999134721529 -0.032269099089082078 0.30060043351607107 -0.010039494449329958 0.0051971361762929782 -0.0063717492365529928 0.038050970902292792 0.04753256425650168 0.0017751626196187166 0.1539492169696636 0.21915420778839878 -0.018986863276544474 0.099209824317349773 0.15944790849649268 0.08666588733493516 -0.0048496972876141253 0.051729354882141025 0.020103960618318116 0.079094411331820491 0.074614318782288455 -0.019187458258550092 0.046785904304255957 0.0042369243892482261 0.14751407570165448 0.010024919318424894 0.1279978095713879 0.00082895567634305625
leaf_weight=142.61321181431413 181.7152793253772 7.0306284949183446 9.9656170941889268 78.35713857319206 1.640636483207351 1.2546621952205885 716.66623138263822 330.9140794062987 6.128698416985574 54.414337725378573 27.001953700557351 238.74357996415347 1.2710924176499245 0.83053246885538001 23.22039061691612 3.9537873286753893 2.8065517023205757 15.343232362531124 17.910561038181186 149.57585994154215 30.609087987337261 4.0109411887824526 24.066723419353366 7.7618530476465804 54.859974344260991 2.4754879800602794 5.0489372983574867 108.10631056968123 3.9494313187897196 3.6805425798520446
leaf_count=3634 9922 146 154 3227 35 27 50414 16806 366 593 163 6633 16 12 616 63 23 231 547 1813 917 35 232 139 766 70 72 2179 44 105
internal_value=0.00615816 0.0151121 0.0230407 0.000351467 0.0176621 0.0411275 -0.00291169 -0.00490487 0.0180843 0.0329993 0.00901295 0.00490671 0.0321142 0.00476134 -0.00167436 0.147723 0.0887205 0.0601103 0.0347433 0.0456789 -0.0100984 -0.00954342 0.0556645 0.00517588 0.0263177 0.0562728 0.100377 0.0194085 0.00722813 0.0666542
internal_weight=2255.93 887.458 675.133 1368.47 217.049 66.8062 1151.42 1051.59 99.8291 394.833 280.301 253.299 61.5978 28.4981 27.6676 5.20845 4.44719 21.4719 384.867 167.486 212.324 720.677 33.0997 9.03295 217.381 14.5551 7.52443 162.521 150.243 7.62997
internal_count=100000 23975 13136 76025 4946 1163 71079 67255 3824 6052 7084 6921 1073 686 674 90 58 597 5898 2360 10839 50449 387 155 3538 288 142 2772 3783 149
is_linear=0
shrinkage=0.03


Tree=69
num_leaves=31
num_cat=0
split_feature=36 0 22 28 180 5 114 0 406 43 107 65 1 2 396 29 0 364 37 3 188 118 29 27 365 359 437 439 114 3
split_gain=123.492 136.959 69.354 68.7187 84.088 49.8402 43.9564 43.6488 42.6346 42.758 37.9934 34.8812 33.2939 40.229 31.6739 31.3858 30.487 30.7542 29.4707 28.3502 62.5451 54.4793 42.5824 48.272 37.2186 35.3641 34.2574 66.2936 33.0416 30.2665
threshold=61.645832061767585 2417806.0000000005 41.500000000000007 1.0000000180025095e-35 47.970001220703132 149.50000000000003 2.5000000000000004 2244384.0000000005 1.0000000180025095e-35 89.500000000000014 1.5000000000000002 1.5000000000000002 213.01999664306643 1.5000000000000002 -3.4999999999999996 3.5000000000000004 3774347.5000000005 18.972599983215336 0.47916649281978613 6020.0000000000009 599.00000000000011 1.5000000000000002 98.500000000000014 42.500000000000007 193.50000000000003 393.24499511718756 51.500000000000007 3537.0000000000005 1.5000000000000002 1675.5000000000002
decision_type=8 2 2 2 2 2 10 2 2 10 10 10 2 2 8 2 2 2 10 2 2 10 2 2 2 2 2 2 10 2
left_child=1 14 3 7 12 -3 11 -2 9 -9 15 19 -5 -14 -1 16 18 -18 -7 20 21 22 24 26 -6 -21 27 -24 29 -28
right_child=2 5 -4 4 6 10 -8 8 -10 -11 -12 -13 13 -15 -16 -17 17 -19 -20 25 -22 -23 23 -25 -26 -27 28 -29 -30 -31
leaf_value=0.081600324310309516 -0.015021083552515257 -0.026703608665249342 0.060657768736793863 -0.0074591614275478692 -0.013432373818416896 0.045716754372616769 0.045693232552997606 0.0044575819571895884 0.037089277198211174 0.073839546055167071 0.0073050470796651402 0.029277592016926389 0.089897813232335533 0.0050455784862570019 -0.016812552769126524 0.014196442064678835 0.051055016888839455 0.12865812791152556 0.019663704871205719 0.0098932159839217361 0.1275365534180157 0.10733566561951653 0.21630463895908991 -0.027008813295922515 0.039160374703071814 -0.010058108845750894 0.12530154593643794 -0.030445921291134211 0.081410459641081512 -0.0095716495388503062
leaf_weight=3.0509846862405539 33.207479634322226 13.927349378354846 18.305717840790749 891.82450661761686 65.996811951976269 78.873597908765078 28.384251170791686 105.30823391117156 93.105707434937358 8.6507416758686286 50.588247125037014 57.671159699559212 5.2196886055171481 137.4269595881924 83.424925360362977 50.701475211419165 67.956597423180938 4.9294928275048724 77.445402335375547 157.05584603780881 4.4086182359606019 5.2189734037965527 2.8725171601399806 8.4543575607240182 14.831773162819443 162.88216510508209 1.7303601121529943 1.4873255519196389 9.9431999875232577 11.125153942964969
leaf_count=50 1082 388 130 61367 2054 769 227 2585 1016 192 797 874 76 8638 3182 805 702 47 1116 7165 100 39 67 575 296 4834 100 113 55 559
internal_value=0.00596843 0.0204138 0.00255797 0.00196933 -0.000321981 0.0288886 0.00936964 0.0169083 0.0220289 0.00972444 0.0312313 0.00732266 -0.0053067 0.00815047 -0.0133404 0.0355556 0.0402803 0.0563035 0.0328092 0.00448377 0.0165329 0.0125105 0.00826036 0.0355917 -0.00378178 -0.000264111 0.055079 0.132128 0.0403449 0.00858237
internal_weight=2256.01 430.898 1825.11 1806.81 1566.53 344.422 532.063 240.272 207.065 113.959 330.495 503.678 1034.47 142.647 86.4759 279.907 229.205 72.8861 156.319 446.007 126.069 121.66 116.441 35.6129 80.8286 319.938 27.1586 4.35984 22.7987 12.8555
internal_count=100000 7856 92144 92014 87139 4624 17058 4875 3793 2777 4236 16831 70081 8714 3232 3439 2634 749 1885 15957 3958 3858 3819 1469 2350 11999 894 180 714 659
is_linear=0
shrinkage=0.03


Tree=70
num_leaves=31
num_cat=0
split_feature=14 0 97 30 113 65 408 21 7 48 437 118 9 32 32 27 369 29 75 38 439 38 9 432 436 212 110 187 0 13
split_gain=117.628 175.339 94.1914 77.7492 60.2072 50.2946 47.1741 45.9081 40.1999 38.1218 44.7452 58.3734 52.9585 107.311 50.7991 55.1302 40.0519 63.3417 38.3295 37.2109 37.0296 36.9604 57.4699 48.9113 36.8086 35.6078 40.7997 35.4268 35.1145 51.4635
threshold=9.5000000000000018 2411538.5000000005 1.5000000000000002 6.5000000000000009 1.5000000000000002 1.5000000000000002 163.00000000000003 3.5000000000000004 103.00000000000001 1.0000000180025095e-35 170.50000000000003 1.5000000000000002 181.50000000000003 294.50000000000006 409.50000000000006 28.500000000000004 866.75000000000011 164.50000000000003 2.5000000000000004 397.50000000000006 32643.500000000004 366.50000000000006 134.00000000000003 21.500000000000004 38.479809994415518 76.500000000000014 2.5000000000000004 88.557998657226577 3451103.0000000005 1.5000000000000002
decision_type=2 2 8 8 8 10 8 2 8 2 2 10 10 10 8 2 2 2 10 10 2 10 8 2 2 8 8 2 2 2
left_child=3 25 7 4 21 9 -4 8 -3 16 11 12 13 24 15 -15 18 19 -5 -18 -19 -1 -23 -24 27 -2 -27 -11 -8 -30
right_child=1 2 6 5 -6 -7 28 -9 -10 10 -12 -13 -14 14 -16 -17 17 20 -20 -21 -22 22 23 -25 -26 26 -28 -29 29 -31
leaf_value=0.0048257063555492644 -0.022347858718248102 0.051406703024070723 -0.034184166277456129 -0.010128362683231411 0.045237445787530736 0.025262775509173812 0.024741488954659704 0.040057586049974114 0.0006814677184663945 -0.015148960164987808 -0.0025086390927092769 0.12708017696515095 0.0053685170676240814 0.18223639145366199 0.090101543174809715 0.50253474303045897 -0.023738544059894864 0.16687635695746267 0.11388504933865834 0.11148683155092927 0.047328503530118617 0.31557268450503323 0.0044420470284705152 0.19159686480213628 0.13317845330711345 -0.0044217441898651948 0.052911771597942241 0.27722837578461607 -0.0050663139521034033 0.048607054948825348
leaf_weight=161.25087764300406 102.76285955216736 14.971371307969092 9.7361691575497371 699.41679342417046 50.772379829548299 54.438164796680212 219.19988223165274 35.949510863050818 231.2668691566214 9.4273935388773644 263.8731410689652 4.505806819535791 71.715665040537715 1.2590748835355037 1.9102071551606061 0.7852887613698839 18.386012285016481 2.9569590790197227 2.2502612974494687 2.0340728778392068 11.031266425736248 0.77636662498116216 5.8859340427443394 1.5979406693950293 2.1612112987786523 93.731151783838868 12.682208577170966 0.38834512326866466 17.983582749031484 151.7062801104039
leaf_count=4120 7869 287 154 53594 580 1124 3538 241 6556 467 11625 39 3313 35 52 17 484 37 63 27 117 20 187 39 71 2783 187 14 547 1813
internal_value=0.00578291 0.0142706 0.0216516 0.000256228 0.0165799 -0.00288001 0.0310401 0.00838903 0.00376558 -0.00428285 0.00377644 0.0217733 0.0163596 0.0658361 0.201336 0.305271 -0.00818098 0.0234204 -0.00973065 -0.0102686 0.0725996 0.00799626 0.0698897 0.0444029 0.0210965 -0.00975229 0.00241119 -0.00358149 0.0326731 0.0429188
internal_weight=2256.81 889.99 680.814 1366.82 220.283 1146.54 398.626 282.188 246.238 1092.1 356.026 92.153 87.6472 15.9315 3.95457 2.04436 736.075 34.4083 701.667 20.4201 13.9882 169.511 8.26024 7.48387 11.9769 209.176 106.413 9.81574 388.89 169.69
internal_count=100000 23975 13136 76025 4946 71079 6052 7084 6843 69955 15633 4008 3969 656 104 52 54322 665 53657 511 154 4366 246 226 552 10839 2970 481 5898 2360
is_linear=0
shrinkage=0.03


Tree=71
num_leaves=31
num_cat=0
split_feature=46 15 28 19 23 65 195 28 33 367 400 181 366 38 266 7 23 89 396 36 109 335 8 72 438 438 4 244 70 26
split_gain=112.431 95.1265 85.3031 73.2812 68.9341 65.2298 47.9622 40.5246 67.2156 40.0761 40.0573 38.1818 36.3275 195.023 31.8237 30.3687 36.902 30.298 29.8792 34.7548 29.5143 29.3804 29.3713 45.4222 46.5286 31.2359 27.5621 27.1614 26.8469 27.6794
threshold=1.0000000180025095e-35 4.5000000000000009 1.0000000180025095e-35 1.0000000180025095e-35 8.5000000000000018 1.5000000000000002 1.5000000000000002 2.5000000000000004 149.50000000000003 225.72499847412112 2.5000000000000004 15.960000038146974 145.92499542236331 501.50000000000006 562.50000000000011 103.00000000000001 2.5000000000000004 1.5000000000000002 1.0000000180025095e-35 55.062498092651374 1.5000000000000002 8.5000000000000018 1.5000000000000002 1.0000000180025095e-35 7698.5000000000009 158.50000000000003 580.50000000000011 1.5000000000000002 4.5000000000000009 45.500000000000007
decision_type=2 2 2 2 2 10 10 2 8 2 10 2 2 10 10 8 2 10 10 10 10 2 2 10 2 2 10 10 8 2
left_child=1 2 6 9 5 10 18 8 -5 28 11 15 -9 -14 17 16 20 -13 -1 -20 -4 -2 -7 24 -24 -25 -11 -17 29 -3
right_child=21 3 4 7 -6 22 -8 12 -10 26 -12 14 13 -15 -16 27 -18 -19 19 -21 -22 -23 23 25 -26 -27 -28 -29 -30 -31
leaf_value=0.017136432654513568 -0.0081779109340097949 0.01985808056146738 0.0041282278629110941 -0.030530936076084425 0.32759686202001409 0.064727221795718576 -0.019675555619572498 -0.013287161982712003 0.66666962025595644 0.058700002133470451 0.07813995604535455 0.011007974106478883 0.017233498948692177 0.6257092087910926 0.2158023074773629 -0.0042626017020871371 0.072578329258835436 0.071417622194533764 0.046710027878122111 -0.013186839385393659 0.10641865142363027 0.044947154776309388 0.12894093086643338 0.14856154589234705 -0.03238519734147232 -0.010654453711318497 0.16827071367730362 0.039542342796253287 0.050737633084392872 0.052420293674728738
leaf_weight=232.91863623540848 478.86505980463699 165.05027048382908 60.956743416376412 0.29528690315782924 0.58454949967563052 18.820423739030957 26.380877310410142 60.571961829438806 0.21511056460440159 7.1151673216372711 5.8947149505838743 89.539627763908356 8.3556453497149015 0.50258531328290779 0.72311863303184409 876.70350274862722 9.230085385963319 8.1524566938169283 65.986322346143425 10.046007866971193 2.6489821188151828 9.5561542166396958 5.3984888801351216 1.1655940888449574 2.292152801528573 22.832075673155487 2.911699004471302 12.927210000343619 42.900730618275702 27.394358605146408
leaf_count=4042 30051 1898 2618 27 26 163 557 5380 17 76 161 2680 408 29 11 49302 92 106 741 171 25 93 45 31 53 479 22 178 370 148
internal_value=0.00560272 0.00912154 0.00588057 0.0240584 0.00189966 0.00172926 0.0191514 -0.00303069 0.263309 0.0317799 0.000151977 -0.000281358 -0.00498861 0.0517563 0.0175169 -0.00210129 0.0165228 0.0160492 0.0224668 0.038796 0.00838831 -0.0071385 0.0350424 0.0174119 0.0808586 -0.00292115 0.0905182 -0.00362607 0.0292773 0.0244933
internal_weight=2256.94 1768.51 1453.2 315.313 1117.87 1117.29 335.332 69.9406 0.510397 245.372 1066.78 1060.88 69.4302 8.85823 98.4152 962.467 72.8358 97.6921 308.951 76.0323 63.6057 488.421 50.5087 31.6883 7.69064 23.9977 10.0269 889.631 235.345 192.445
internal_count=100000 69856 61481 8375 55970 55944 5511 5861 44 2514 55173 55012 5817 437 2797 52215 2735 2786 4954 912 2643 30144 771 608 98 510 98 49480 2416 2046
is_linear=0
shrinkage=0.03


Tree=72
num_leaves=31
num_cat=0
split_feature=46 0 106 310 212 3 439 7 19 21 1 411 404 14 388 14 191 437 7 7 335 0 436 4 15 134 108 438 25 38
split_gain=105.61 126.816 155.054 70.9759 51.254 46.3172 52.4554 46.309 42.5303 42.3661 37.1208 47.9681 41.445 95.3267 79.957 44.4563 38.1876 35.3164 65.4508 34.0547 34.0196 33.6507 38.0867 59.8749 47.3582 37.8908 32.3999 31.8227 30.3588 36.7099
threshold=1.0000000180025095e-35 2411538.5000000005 1.5000000000000002 3.5000000000000004 76.500000000000014 11654.500000000002 73092.000000000015 137.50000000000003 1.0000000180025095e-35 1.5000000000000002 140.07649993896487 274.50000000000006 51.500000000000007 18.500000000000004 172.50000000000003 29.500000000000004 1.0000000180025095e-35 4.5000000000000009 197.50000000000003 163.00000000000003 4.5000000000000009 4000993.0000000005 -113.00064906281374 127.50000000000001 1.5000000000000002 1.5000000000000002 1.5000000000000002 40070.000000000007 1.5000000000000002 397.50000000000006
decision_type=2 2 8 10 8 2 2 8 2 2 2 10 10 2 8 2 10 2 8 10 2 2 2 10 2 10 10 2 2 10
left_child=1 4 3 5 -1 6 9 -7 28 -3 12 -12 14 -14 -4 16 -15 18 -10 20 -11 -9 23 24 -23 -24 -16 -28 -8 -30
right_child=-2 2 10 -5 -6 7 8 21 17 19 11 -13 13 15 26 -17 -18 -19 -20 -21 -22 22 25 -25 -26 -27 27 -29 29 -31
leaf_value=-0.022935287082418532 -0.0069744267948193741 -0.0047235918609701702 -0.010515257282015803 0.040114509067046902 0.0012924986747357809 0.015994147247028762 0.014145762436213389 -0.015405118983237468 0.51732002175584879 0.040873962189944171 0.022707932044764532 0.056547452749003878 0.0086293199063918729 -0.0014813672113548578 0.04511100060908263 0.03034770006729802 0.10997588147060713 -0.0088202974219240143 -0.030306752337958084 0.0072515384526488447 0.1512800822435206 0.31170119036618155 -0.0054306503540172231 -0.016671158987797807 0.082178597116068841 0.077263834783974736 -0.029091736270673442 0.077122466443883556 0.029452673458735982 0.098253221562239992
leaf_weight=125.6523347706534 484.99437518371269 236.77439357014373 72.41707512177527 54.57589254155755 209.79724660841748 84.940551119390875 175.00383025035262 209.9641740610823 0.32844631187617679 12.134155189618467 71.018357769586146 80.359787398017943 46.319999666884542 3.1627634791657355 54.837774395011365 14.668126420117913 22.088087468408048 56.85435149865225 0.48864806909114122 25.829058433882892 3.1674772948026648 1.2174048619344824 62.615978102199733 3.353076855186373 2.4121684390120208 5.4183429069817057 11.295267698355017 3.2747532362118354 114.30960228852928 7.4336864687502375
leaf_count=10059 30144 11639 2834 325 8555 2491 6287 10542 25 138 1203 1202 1414 44 620 309 198 5597 53 367 20 38 3378 182 32 60 182 48 1831 183
internal_value=0.00542967 0.0088252 0.0127041 0.00679777 -0.00778272 0.00498355 0.00991632 -0.00344824 0.0175676 0.000158407 0.0291544 0.0406718 0.0215097 0.0379101 0.0115372 0.071886 0.0960154 -0.00600591 0.189822 0.0282623 0.0637283 -0.00924318 0.00800342 0.0747274 0.159163 0.00115525 0.0345458 -0.00521907 0.0221491 0.0336537
internal_weight=2256.71 1771.71 1436.26 1056.82 335.45 1002.25 632.324 369.922 354.419 277.905 379.442 151.378 228.064 86.239 141.825 39.919 25.2509 57.6714 0.817094 41.1307 15.3016 284.981 75.017 6.98265 3.62957 68.0343 69.4078 14.57 296.747 121.743
internal_count=100000 69856 51242 43188 18614 42863 26140 16723 13976 12164 8054 2405 5649 1965 3684 551 242 5675 78 525 158 14232 3690 252 70 3438 850 230 8301 2014
is_linear=0
shrinkage=0.03


Tree=73
num_leaves=31
num_cat=0
split_feature=36 0 1 26 114 393 310 7 337 1 0 106 314 4 436 4 334 182 181 36 9 437 72 1 409 151 3 404 2 13
split_gain=100.603 114.629 64.8203 57.6373 54.9891 49.3908 47.5187 46.8271 47.1377 44.8244 38.2448 61.8107 38.1857 36.9128 53.477 56.8263 79.1438 45.6575 56.4313 31.9356 40.7535 38.2664 36.7842 35.159 30.7293 30.6131 30.3356 29.7986 37.9143 29.5553
threshold=61.645832061767585 2575335.0000000005 226.10199737548831 45.500000000000007 2.5000000000000004 147899.50000000003 3.5000000000000004 103.00000000000001 4.5000000000000009 141.004997253418 2225288.5000000005 1.5000000000000002 1.5000000000000002 577.50000000000011 -140.93251149709872 579.50000000000011 1.5000000000000002 120.25000000000001 15.960000038146974 1164.6250000000002 179.00000000000003 213.50000000000003 1.5000000000000002 48.954999923706062 12.500000000000002 3.5000000000000004 11106.500000000002 51.500000000000007 1.5000000000000002 52.500000000000007
decision_type=8 2 2 2 10 10 10 10 2 2 2 8 8 8 2 8 2 2 2 8 10 2 10 2 10 2 2 10 2 2
left_child=1 -1 3 4 6 -4 7 8 -2 12 -9 13 -3 -12 17 16 -16 18 -15 -13 21 22 -21 -22 -7 27 -27 -25 -29 -17
right_child=2 9 5 -5 -6 24 -8 10 -10 -11 11 19 -14 14 15 29 -18 -19 -20 20 23 -23 -24 25 -26 26 -28 28 -30 -31
leaf_value=-0.0062079960035756792 0.0080494313335268131 0.014605759640266912 0.012343478033536486 0.061195559681084255 0.038092117389772771 0.026662872096616205 0.042664651719423692 -0.018312561247183789 0.061419118333751688 0.050817782149748629 -0.0063262693105743239 -0.0098076835580644638 0.040381545001237744 0.070111990894754034 0.045734057778727154 -0.021021525248469126 0.51860882785800666 -0.03196219506231144 0.27530202533657644 0.08559565873200721 -0.02060830927734307 0.030877998956813559 0.28777661496710244 0.0071782460291456174 0.10457505376366848 0.12239018891011032 -0.031508131891632957 0.082319260820362533 0.0037851585736106111 0.054562749634212995
leaf_weight=123.07316291704774 102.69594935560599 173.28504957444966 248.38220880087465 13.658349588513373 32.195181951858103 9.6528283162042516 21.583189119584858 145.03295866074041 17.420969603117555 62.069633255712688 971.40113708749413 42.929696932435036 73.739049925468862 10.963791653048245 1.1811519069597114 28.615610809996724 0.43617272190749634 3.3676033876836291 1.3554137423634518 6.5507464203983572 23.735410925000906 19.714935629628599 0.92413774877786625 79.492311771493405 8.6286003524437529 4.6724878856912246 1.5302499216049907 12.104839992709458 10.190014924388379 5.5608066194690755
leaf_count=3854 3818 2704 10273 66 295 289 148 10600 185 642 57126 1865 656 444 96 1505 10 120 22 172 1020 370 10 2528 165 61 41 166 439 310
internal_value=0.00526283 0.0182773 0.00217922 -0.000161025 -0.000703912 0.0158462 -0.0015303 -0.00217053 0.0157898 0.0280268 -0.00374551 -0.00202047 0.0223001 -0.00501431 0.0197414 -0.000500339 0.173263 0.0659283 0.0926879 0.0131513 0.0193535 0.0527925 0.110592 0.0124513 0.0634364 0.0197176 0.0844226 0.0157746 0.0464247 -0.00872329
internal_weight=2256.14 432.167 1823.98 1557.31 1543.65 266.664 1511.46 1489.88 120.117 309.094 1369.76 1224.73 247.024 1022.88 51.4806 35.7937 1.61732 15.6868 12.3192 201.845 158.915 27.1898 7.47488 131.725 18.2814 107.99 6.20274 101.787 22.2949 34.1764
internal_count=100000 7856 92144 81417 81351 10727 81056 80908 4003 4002 76905 66305 3360 59633 2507 1921 106 586 466 6672 4807 552 182 4255 454 3235 102 3133 605 1815
is_linear=0
shrinkage=0.03


Tree=74
num_leaves=31
num_cat=0
split_feature=37 8 439 88 122 3 99 3 189 1 27 4 7 30 6 114 437 434 434 13 259 38 11 437 9 7 20 393 437 90
split_gain=97.8802 70.9583 77.5097 61.0561 60.9706 45.0645 62.6556 45.3207 47.8455 40.4333 40.0851 38.2241 37.0071 35.6053 74.7025 69.232 47.3316 51.2857 38.2853 35.0743 34.2505 34.1839 46.9523 35.3196 57.1297 32.5994 32.3581 31.592 37.4749 58.5107
threshold=0.52083298563957225 1.5000000000000002 73092.000000000015 1.5000000000000002 1.0000000180025095e-35 11840.000000000002 1.5000000000000002 8965.5000000000018 305.48500061035162 216.20500183105472 5.5000000000000009 1.0000000180025095e-35 1.0000000180025095e-35 16.500000000000004 2.5000000000000004 1.5000000000000002 165.50000000000003 -0.43276874453848035 4.1610743175184277 20.500000000000004 145.69170379638675 245.50000000000003 375.50000000000006 3.5000000000000004 312.50000000000006 195.50000000000003 9.5000000000000018 59246.000000000007 7518.0000000000009 1.5000000000000002
decision_type=8 2 2 10 10 2 10 2 2 2 2 10 10 8 2 8 2 2 2 2 8 8 10 2 8 8 2 8 2 8
left_child=20 2 3 26 5 6 7 8 -3 11 -5 -4 -7 14 15 16 -9 -18 -15 -8 -1 22 23 24 -11 -21 27 -2 -29 -30
right_child=1 4 9 10 -6 12 19 13 -10 21 -12 -13 -14 18 -16 -17 17 -19 -20 25 -22 -23 -24 -25 -26 -27 -28 28 29 -31
leaf_value=0.01992782479363377 0.026198735138186265 -0.0039376127777396644 0.0687838458553333 -0.0022330154290671877 -0.015708920172318425 0.12763611299506494 0.023522938749002111 -0.0087369905384671979 0.069727867102727312 0.39148390189098575 0.14185791120380603 0.011745955965997621 -0.0070446002288822585 0.0068389777220310161 0.017627776697051047 -0.032679877936361672 0.33769156740633038 0.13942870759944051 0.14497782795634881 0.12196468353508431 0.059998529119976857 0.056088400860114657 0.11752437983888928 0.0092660049688409671 -0.03173548767336716 0.027529652082258212 0.041911106304834439 -0.0090445464819094747 0.087350353021660623 -0.025086638529374101
leaf_weight=210.1800794173032 29.145656578242779 384.84730582451448 10.976151013281195 2.8419936713762572 219.82959049521014 1.8448984930291761 44.617421917617321 1.3483535461127729 8.1022174493409675 0.56771180871873972 4.4715171144343913 288.84246156411245 388.82096414314583 161.72458860557526 34.834866627119482 2.3518107142299423 1.5413250420242546 4.9303884236142039 1.8260785741731513 7.2438972340896699 21.127803976647556 42.929631977342069 4.1692124325782052 51.474953630939126 0.5806758450344206 6.0273322304710755 14.65297264466062 287.49051509983838 9.3006845116615313 7.5441776858642688
leaf_count=4243 1015 18546 282 47 25031 33 679 52 157 28 60 8776 17709 7286 804 43 39 76 34 80 204 794 152 1738 21 126 334 11058 258 295
internal_value=0.0051001 0.00298819 0.0102716 8.05019e-05 -0.00134204 0.00166566 0.00644933 0.0035805 -0.00241871 0.0193381 0.0858649 0.0138341 -0.00640858 0.0148838 0.0385132 0.110038 0.152959 0.186648 0.00838133 0.0362586 0.0235879 0.035886 0.0206149 0.012937 0.177485 0.0790756 -0.00172163 -0.00363883 -0.00649632 0.0369941
internal_weight=2256.19 2024.88 754.988 355.448 1269.89 1050.06 659.396 601.507 392.95 399.541 7.31351 299.819 390.666 208.557 45.0067 10.1719 7.82007 6.47171 163.551 57.8887 231.308 99.7222 56.7926 52.6233 1.14839 13.2712 348.134 333.481 304.335 16.8449
internal_count=100000 95553 24858 13067 70695 45664 27922 27037 18703 11791 107 9058 17742 8334 1014 210 167 115 7320 885 4447 2733 1939 1787 49 206 12960 12626 11611 553
is_linear=0
shrinkage=0.03


Tree=75
num_leaves=31
num_cat=0
split_feature=28 18 0 180 400 96 195 99 1 2 30 0 9 20 46 11 92 404 439 9 48 4 252 439 0 431 12 4 411 9
split_gain=94.1339 104.656 67.9609 65.9697 41.0157 39.3856 36.2941 33.1496 34.1829 33.2407 32.5971 44.6036 51.4059 39.7328 33.8569 41.6269 31.5054 31.2842 28.9372 27.4304 43.7509 30.2104 26.737 25.5626 24.2541 54.1031 30.6752 26.4975 24.7026 49.6933
threshold=1.0000000180025095e-35 3.5000000000000004 2417806.0000000005 44.124849319458015 2.5000000000000004 2.5000000000000004 1.5000000000000002 1.5000000000000002 226.10199737548831 1.5000000000000002 3.5000000000000004 4464663.5000000009 324.50000000000006 2.5000000000000004 1.0000000180025095e-35 211.50000000000003 1.5000000000000002 44.500000000000007 73092.000000000015 333.50000000000006 1.0000000180025095e-35 298.50000000000006 8.5000000000000018 164644.50000000003 2579879.0000000005 1284.0000000000002 5.5000000000000009 593.50000000000011 500.50000000000006 150.00000000000003
decision_type=2 2 2 2 10 8 10 10 2 2 8 2 10 2 2 10 10 8 2 8 2 8 10 2 2 2 10 8 8 8
left_child=2 3 16 4 7 18 -7 8 22 23 11 13 -13 -5 15 -12 -1 -9 -4 -20 -21 -22 24 -10 -2 -26 27 28 -27 -30
right_child=1 -3 5 10 -6 6 -8 17 9 -11 14 12 -14 -15 -16 -17 -18 -19 19 20 21 -23 -24 -25 25 26 -28 -29 29 -31
leaf_value=-0.012159311450547558 -0.015146267396078177 0.029869420322270544 -0.0021497052459392998 0.010273960123893668 0.059833334736956727 0.040273761823842277 -0.0060904713969607092 0.061194287887461632 -0.014109073199826284 0.0061040710785164928 0.0071125609892192928 0.026308419982976866 0.2047342921597369 0.05392694597576228 -0.0094205118282841959 0.060804160777672429 0.05279030370486823 0.0067163548085311959 -0.00010978383311792067 0.027860806446360246 -0.004535822766729568 0.17893359574852311 -0.12179567649403418 0.13107648569459773 -0.0086418982655141838 0.008558683706831903 -0.007583614249210148 0.22477816496127276 0.27825039752213321 0.035300491671172357
leaf_weight=74.972548944875598 263.26514279097319 114.31509475596249 61.854164661839604 116.51236372999847 9.002546349540351 137.36929663922638 17.085354365408421 11.441330676898358 1.6005338579416264 113.81212638271973 312.96840135287493 3.4693006724119178 2.5008096601814032 22.368343818001449 117.77865481143817 13.558842273894696 7.383597081527113 55.538706426508725 31.276966326870024 72.802786893211305 1.1105993799865235 2.9620249159634113 1.8423951566219319 3.4313837774097919 551.27176931174472 55.209073714911938 46.065746549516916 0.57875500712543626 0.77447987347841163 35.007536162622273
leaf_count=2129 20295 985 915 2397 157 1596 230 127 38 7190 10488 64 40 343 4881 307 56 1499 947 608 32 65 10 34 39702 2119 1532 17 27 1170
internal_value=0.00493453 0.00206464 0.0180017 0.000235808 -0.00394976 0.0241793 0.0351451 -0.00445352 -0.00573184 0.00944018 0.00839756 0.0207563 0.101049 0.0173048 0.0043684 0.00934207 -0.00633629 0.0160221 0.0142166 0.0235767 0.0332136 0.128902 -0.00762186 0.0848964 -0.00740094 -0.00444107 0.0123845 0.0224298 0.0211427 0.040559
internal_weight=2259.13 1852.31 406.817 1738 1148.84 324.461 154.455 1139.84 1072.86 118.844 589.157 144.851 5.97011 138.881 444.306 326.527 82.3561 66.98 170.007 108.152 76.8754 4.07262 954.015 5.03192 952.173 688.907 137.636 91.5698 90.9911 35.782
internal_count=100000 93422 6578 92437 73917 4393 1826 73760 72134 7262 18520 2844 104 2740 15676 10795 2185 1626 2567 1652 705 97 64872 72 64862 44567 4865 3333 3316 1197
is_linear=0
shrinkage=0.03


Tree=76
num_leaves=31
num_cat=0
split_feature=46 0 106 47 439 0 215 3 11 30 18 431 228 13 16 138 148 28 4 6 1 2 404 217 421 114 422 397 41 20
split_gain=88.6513 107.489 106.972 57.9064 63.2351 51.9342 47.3729 44.2586 43.7937 42.7654 39.7016 38.1573 35.9681 33.9527 41.2373 43.3918 41.0208 32.5594 39.5344 35.4872 34.2586 31.6528 43.0447 39.8669 30.6882 30.4216 28.6214 37.0848 37.4668 29.8445
threshold=1.0000000180025095e-35 2233744.5000000005 1.5000000000000002 -1.0000000180025095e-35 73092.000000000015 2780106.5000000005 77.500000000000014 11654.500000000002 36.500000000000007 6.5000000000000009 8.5000000000000018 1553.0000000000002 28.500000000000004 20.500000000000004 2.5000000000000004 3.5000000000000004 8.5000000000000018 1.5000000000000002 111.50000000000001 2.5000000000000004 279.97500610351568 1.5000000000000002 51.500000000000007 165.00000000000003 12.500000000000002 2.5000000000000004 74.500000000000014 -1.0000000180025095e-35 5.5000000000000009 4.5000000000000009
decision_type=2 2 8 2 2 2 8 2 10 10 2 2 10 2 2 10 2 2 8 2 2 2 10 8 2 10 2 8 10 2
left_child=1 12 3 -3 8 6 -4 26 10 -9 13 24 25 -5 15 -15 -16 18 -10 20 -20 22 -13 -24 -7 -1 27 -6 29 -29
right_child=-2 2 5 4 7 11 -8 9 17 -11 -12 21 -14 14 16 -17 -18 -19 19 -21 -22 -23 23 -25 -26 -27 -28 28 -30 -31
leaf_value=-0.014537159865697051 -0.0066816265767618791 -0.011824317584844026 -0.0037249058536598942 -0.0072255672171803722 0.048110459053786039 0.026504711908214136 0.038373568659772289 0.01304014240353403 0.29495835266956016 -0.017940573211451042 0.047316608586959956 0.021498179862615662 0.27519583957288324 -0.0065160057562996254 0.035480876765388816 0.23878934713753899 0.20478101447068309 -0.0094173806219269764 0.07352684184821541 0.017892201059795776 0.27301975675979523 0.027255431398187945 0.083158700564850377 0.019529431274499544 -0.0065651752283161563 0.087192279474829062 -0.007792275538802915 0.01815617794650581 -0.038150032265674455 0.049414840052508589
leaf_weight=200.64259034069255 478.46733452705666 147.0033712615259 93.070487570483238 350.70663975458592 47.735992671921849 107.24622646719217 32.442731876857579 125.96905792038888 0.73535179626196345 58.82783336751163 14.383296821266411 24.903147012926638 0.38996597565710445 43.319305778481066 27.005524729378525 0.65885741077363391 1.35256060771644 5.2379639800637952 2.2910401541739707 5.3894966198131442 1.1705895550549028 82.690269173122942 41.026644381694496 11.303983767516909 33.034236068837345 2.6809931555762878 28.320192136801779 250.31245932914317 9.7772538475692254 30.880816403776407
leaf_count=12861 30144 16247 3758 12015 636 1575 389 3428 32 2789 84 594 9 1669 531 7 15 190 98 193 21 1914 499 174 1013 21 545 7844 137 568
internal_value=0.00478284 0.00786363 0.0105131 0.00576106 0.00833567 0.0233618 0.00715673 0.0151513 1.94126e-05 0.00317781 -0.00169918 0.030137 -0.0126437 -0.0033657 0.015348 -0.00284097 0.0435558 0.0507302 0.0835943 0.0660342 0.140988 0.0401542 0.0539642 0.0694141 0.0187172 -0.0131958 0.0211799 0.0236024 0.0195817 0.021589
internal_weight=2258.98 1780.51 1576.8 1151.08 1004.07 425.718 125.513 551.824 452.251 184.797 437.426 300.205 203.714 423.043 72.3362 43.9782 28.3581 14.8244 9.58648 8.85113 3.46163 159.924 77.2338 52.3306 140.28 203.324 367.027 338.707 290.971 281.193
internal_count=100000 69856 56965 47049 30802 9916 4147 15947 14855 6217 14321 5769 12891 14237 2222 1676 546 534 344 312 119 3181 1267 673 2588 12882 9730 9185 8549 8412
is_linear=0
shrinkage=0.03


Tree=77
num_leaves=31
num_cat=0
split_feature=28 18 30 20 0 7 30 90 0 241 96 228 195 7 175 38 16 7 11 7 118 3 3 30 92 3 96 339 439 13
split_gain=85.5515 95.1527 61.0552 63.3295 60.0478 35.1883 43.9536 38.8041 58.3518 56.3995 35.1584 33.7721 33.0779 32.9547 34.1238 31.7774 31.7331 30.6261 39.8693 31.5243 30.3832 30.2799 43.3927 83.682 29.6169 31.9467 25.9736 25.3822 25.3274 25.0457
threshold=1.0000000180025095e-35 3.5000000000000004 8.5000000000000018 1.5000000000000002 2417806.0000000005 103.00000000000001 161.50000000000003 1.5000000000000002 2507990.0000000005 1.5000000000000002 2.5000000000000004 27.500000000000004 1.5000000000000002 225.50000000000003 1.5000000000000002 6.5000000000000009 2.5000000000000004 128.00000000000003 717.50000000000011 117.50000000000001 1.0000000180025095e-35 11106.500000000002 11002.500000000002 250.50000000000003 1.5000000000000002 1556.5000000000002 1.5000000000000002 1.5000000000000002 73092.000000000015 18.500000000000004
decision_type=2 2 8 2 2 8 10 8 2 10 8 10 10 10 2 8 2 10 10 8 10 2 2 10 10 2 10 2 2 2
left_child=4 2 3 17 24 6 -4 21 11 29 28 -9 -12 14 20 -8 -17 18 19 -2 -5 22 26 -24 25 -1 -7 -15 -6 -10
right_child=1 -3 5 13 10 7 15 8 9 -11 12 -13 -14 27 -16 16 -18 -19 -20 -21 -22 -23 23 -25 -26 -27 -28 -29 -30 -31
leaf_value=0.12669300388191837 0.01337422502655171 0.028459978347530442 0.0039133246481543931 0.086193833655998753 -0.0020127981889956651 -0.0052950617906598893 0.14992511811829248 -0.01539034575598393 0.00031613164657483408 0.041829232235993476 0.037875448259550852 0.33937705283330266 -0.006316125166804196 0.027514945240630927 0.096459114019947861 -0.030850921290210533 0.058235597760905519 -0.003652583869846225 0.19156837050226944 0.15089746239134808 0.0019833226681844804 -0.015585586567096752 -0.0068921478559461485 0.40337855502314146 0.051296994638791338 -0.014590397722015834 0.035678965546341555 0.065219000304724953 0.022004385976928081 0.020335885431173286
leaf_weight=1.4696586476638902 21.222961102146662 113.81876138411462 86.155110065359622 4.121826988644897 61.643361162394285 449.82200748799369 2.5714735346846309 133.84635624475777 280.76672816975042 40.225003149360418 139.37560460716486 0.24193414207547803 17.116177001968026 40.638060202822089 4.1230111941695204 4.6522984192706671 15.888186703436075 170.99974898993969 1.3382948916405428 1.6142577938735474 59.804031337145716 305.31122674327344 1.2728771897964168 0.68997793784365047 7.3683270029723635 72.372104296460748 14.36855660472065 26.579420117661357 110.0962300915271 70.32966620568186
leaf_count=32 475 985 3594 32 915 29651 71 10809 15520 329 1596 5 230 803 36 295 250 4773 24 28 1173 21439 102 31 56 2097 567 259 1652 2171
internal_value=0.00463277 0.00188703 0.000145392 0.0117492 0.0170417 -0.0025815 0.0137682 -0.00395903 0.00232908 0.0081814 0.0227563 -0.0147502 0.033042 0.0275251 0.0128083 0.0505045 0.038058 0.000815739 0.0324214 0.0230951 0.00741307 -0.00824158 -0.00343155 0.137325 -0.00605552 -0.0117785 -0.00402675 0.042424 0.0133838 0.00432638
internal_weight=2259.84 1850.4 1736.58 330.442 409.441 1406.14 109.267 1296.87 525.41 391.321 328.231 134.088 156.492 135.266 68.0489 23.112 20.5405 195.175 24.1755 22.8372 63.9259 771.465 466.153 1.96286 81.2101 73.8418 464.191 67.2175 171.74 351.096
internal_count=100000 93422 92437 7603 6578 84834 4210 80624 28834 18020 4393 10814 1826 2303 1241 616 545 5300 527 503 1205 51790 30351 133 2185 2129 30218 1062 2567 17691
is_linear=0
shrinkage=0.03


Tree=78
num_leaves=31
num_cat=0
split_feature=37 1 411 26 114 7 100 404 422 30 4 15 9 27 4 32 76 362 40 432 393 14 430 313 36 23 436 43 130 437
split_gain=82.503 65.8812 67.2012 62.0524 39.6919 35.1334 58.1542 34.7681 42.0675 34.292 34.371 33.8966 40.255 40.9013 39.3658 36.0817 47.6978 33.499 32.3843 30.8614 29.2269 54.4427 29.2662 28.6883 28.6629 28.0868 31.8808 30.1653 103.574 30.9676
threshold=0.52083298563957225 138.08399963378909 274.50000000000006 45.500000000000007 2.5000000000000004 103.00000000000001 1.0000000180025095e-35 43.500000000000007 77.500000000000014 6.5000000000000009 577.50000000000011 4.5000000000000009 482.00000000000006 9.5000000000000018 365.50000000000006 17.500000000000004 2.5000000000000004 209.97499847412112 1.0000000180025095e-35 12.500000000000002 54295.500000000007 18.500000000000004 1.0000000180025095e-35 1.5000000000000002 90.604167938232436 1.5000000000000002 355.52178236234454 288.50000000000006 1.5000000000000002 15.500000000000002
decision_type=8 2 10 2 10 8 8 10 2 8 10 2 10 2 10 10 10 2 10 2 10 2 2 8 10 2 2 8 8 2
left_child=23 3 11 4 5 6 17 9 20 10 -7 15 13 -13 -14 16 18 -2 25 -12 21 -9 -22 -1 -4 -3 27 -27 29 -29
right_child=1 2 24 -5 -6 7 -8 8 -10 -11 19 12 14 -15 -16 -17 -18 -19 -20 -21 22 -23 -24 -25 -26 26 -28 28 -30 -31
leaf_value=0.014551952628493157 0.017052120118671788 0.0027163685391235121 0.038759289466584683 0.054681451371453027 0.033326027431400042 0.0044325918026757276 -0.02013212325599761 0.0016272321355614693 -0.0089526441742310958 -0.0090988168632406448 0.2306752389939779 0.053334143528305976 -0.030985155834991143 0.0024420973799221687 0.20274455034210781 -0.010295652848490393 0.12948837100990829 0.063626730947919014 0.16521007358362999 0.046828288024642589 0.00030750110373302034 0.070951339844085609 0.026731094276868549 0.03758107965089541 -0.010781280565889452 0.0072017832743357223 0.086562864605377737 0.15813373612906062 0.47997351494842766 0.0021061771952222003
leaf_weight=163.90566911315545 49.453473764937371 230.38375693606213 91.329064702615142 17.875525832176208 28.759528556838632 124.00979345943779 29.627404856961221 21.354421458207071 142.3939442941919 789.30713224876672 1.028233210556208 22.57208718592301 0.92772794980555717 38.377985559403896 2.1550145382061601 124.63298201654106 2.9294283613562575 19.33193120546639 1.1714963875710953 4.0923514598980546 151.19084578054026 19.511195604689419 50.26709970086813 69.255611791275442 11.877916411496697 36.654117702972144 7.0614621601998797 1.5353618199005712 0.52795707155019034 4.5010977871716022
leaf_count=3700 1248 10342 2128 95 256 3442 1677 812 6209 52739 23 322 53 1754 63 6113 48 166 9 88 4837 316 1105 747 465 813 138 27 22 243
internal_value=0.00449326 0.00254733 0.011123 -0.000867296 -0.00156152 -0.00227739 0.0150067 -0.00358267 0.00398858 -0.00675413 0.00757769 0.00634131 0.0266388 0.0212893 0.132405 0.00316663 0.00905867 0.0301418 0.00780691 0.0837455 0.0115931 0.0347259 0.00690063 0.0213923 0.0330577 0.00714991 0.0274645 0.0178084 0.0770332 0.0417915
internal_weight=2258 2024.84 576.637 1448.2 1430.33 1401.57 98.4128 1303.16 384.718 918.438 129.13 473.43 64.0328 60.9501 3.08274 409.398 284.765 68.7854 281.835 5.12058 242.324 40.8656 201.458 233.161 103.207 280.664 50.28 43.2185 6.56442 6.03646
internal_count=100000 95553 22540 73013 72918 72662 3091 69571 13279 56292 3553 19947 2192 2076 116 17755 11642 1414 11594 111 7070 1128 5942 4447 2593 11585 1243 1105 292 270
is_linear=0
shrinkage=0.03


Tree=79
num_leaves=31
num_cat=0
split_feature=46 0 106 47 439 0 214 393 3 11 36 343 107 335 65 20 4 13 19 20 24 11 4 4 1 30 179 75 366 1
split_gain=78.0991 97.2362 90.6736 51.6515 58.0156 45.7104 42.8379 39.933 39.6093 38.3082 32.2375 41.3031 31.5138 35.3127 71.4905 31.0057 29.7455 29.7069 43.8344 27.6453 27.4345 27.4284 41.1894 35.8003 32.2336 27.3819 29.8098 28.6581 26.598 31.7416
threshold=1.0000000180025095e-35 2233744.5000000005 1.5000000000000002 -1.0000000180025095e-35 73092.000000000015 2780106.5000000005 77.500000000000014 111872.50000000001 11654.500000000002 36.500000000000007 24.854166030883793 1.5000000000000002 1.5000000000000002 3.5000000000000004 1.0000000180025095e-35 2.5000000000000004 321.50000000000006 3.5000000000000004 1.5000000000000002 1.5000000000000002 5.5000000000000009 981.50000000000011 111.50000000000001 566.50000000000011 279.97500610351568 7.5000000000000009 987.25000000000011 2.5000000000000004 83.95999908447267 58.954999923706062
decision_type=2 2 8 2 2 2 8 8 2 10 10 2 10 2 10 2 8 2 2 2 2 10 8 10 2 10 2 10 2 2
left_child=1 -1 3 -3 9 6 20 -6 -9 12 11 -7 13 15 16 -5 -15 -17 -19 -12 -4 22 -11 24 -24 26 27 -2 29 -16
right_child=25 2 5 4 7 10 -8 8 -10 21 19 -13 -14 14 28 17 -18 18 -20 -21 -22 -23 23 -25 -26 -27 -28 -29 -30 -31
leaf_value=-0.012450847220390795 -0.0034146407678520008 -0.011469923117821943 -0.0087871291910467039 -0.0057696314534450011 0.033536607496668536 0.039481698783602318 0.035605674937573085 0.017025458505240273 -0.0013835137658139748 0.26087943047123657 -0.0060952072353174375 0.011660753165666045 -0.021359601195131517 0.10940152942991278 0.15643295212712954 -0.0051652141944625151 0.01624872276392833 0.024312856574024592 0.13243728115896769 0.040964686137275448 0.052554785072558077 -0.023661991007506843 -0.0012287248160231076 0.23262346606860856 0.11425513570381593 -0.015057819649538319 0.039628864381065776 0.16482551936933817 -0.02586083788924164 -0.033626021635792619
leaf_weight=200.56630560616031 260.79501725640148 144.24885287694633 86.350225869566202 276.23554323706776 82.108468972146511 185.70318889897317 33.064586989581585 314.62325944751501 158.02618853654712 0.92335268110036572 40.171719424426556 64.780016276054084 63.975218430161476 10.060878196731206 1.7338224165141611 28.724948970600963 4.4495501294732103 31.217301304452121 3.7834931453689924 15.596558902412651 7.1014820048585525 3.8544534062966695 6.7843308039009553 0.90726700238883573 3.2018510205671191 196.07399874925613 15.781960736960171 0.91443120129406352 14.679127032868562 1.4541197773069141
leaf_count=12891 15556 16247 3657 11036 1019 3379 391 9112 5816 37 1475 757 1316 87 26 1065 67 404 60 158 99 147 278 25 47 14300 261 27 234 26
internal_value=0.00435425 0.00722864 0.00972084 0.00531926 0.00772486 0.0214273 0.00625795 0.0142253 0.0108706 -0.000253684 0.027694 0.0322866 -0.00190891 0.00143311 0.0313703 -0.00141807 0.0808367 0.0174449 0.0360008 0.0070659 -0.0041257 0.0458306 0.068498 0.0521913 0.0357987 -0.00647603 -0.000412188 -0.0028268 -0.008803 0.0697411
internal_weight=2257.89 1784.33 1583.76 1150.99 1006.74 432.768 126.516 554.758 472.649 451.985 306.251 250.483 436.314 372.339 32.3775 339.961 14.5104 63.7257 35.0008 55.7683 93.4517 15.6713 11.8168 10.8934 9.98618 473.565 277.491 261.709 17.8671 3.18794
internal_count=100000 69856 56965 47049 30802 9916 4147 15947 14928 14855 5769 4136 14321 13005 440 12565 154 1529 464 1633 3756 534 387 350 325 30144 15844 15583 286 52
is_linear=0
shrinkage=0.03


Tree=80
num_leaves=31
num_cat=0
split_feature=15 28 32 0 431 24 2 1 7 48 37 367 43 43 365 9 29 1 16 362 27 113 9 436 30 130 180 4 4 30
split_gain=78.1819 82.1518 81.5989 95.4476 88.5493 74.7807 58.6273 52.0259 39.5576 39.1578 49.1687 37.6553 87.3614 46.8966 46.564 34.8972 34.8042 36.2787 34.841 34.5772 54.4623 35.8434 63.2798 39.924 39.249 33.4938 33.491 35.9546 46.136 45.6577
threshold=4.5000000000000009 2.5000000000000004 61.500000000000007 3251531.0000000005 753.50000000000011 7.5000000000000009 2.5000000000000004 226.10199737548831 225.50000000000003 1.0000000180025095e-35 0.43749949336051946 41.021600723266609 521.50000000000011 1.5000000000000002 54.051200866699226 264.50000000000006 15.500000000000002 279.97500610351568 3.5000000000000004 102.92499923706056 1.5000000000000002 1.0000000180025095e-35 150.00000000000003 -188.92353186301236 6.5000000000000009 2.5000000000000004 50.069000244140632 264.50000000000006 215.50000000000003 2.5000000000000004
decision_type=2 2 10 2 2 2 2 2 10 2 8 2 10 8 2 8 2 2 2 2 2 10 10 2 10 8 2 8 10 8
left_child=2 6 3 7 26 8 -2 9 -3 10 25 -10 13 15 -15 -13 17 18 -8 20 -11 -22 24 -24 -23 -1 -5 28 -28 -30
right_child=1 5 -4 4 -6 -7 16 -9 11 19 -12 12 -14 14 -16 -17 -18 -19 -20 -21 21 22 23 -25 -26 -27 27 -29 29 -31
leaf_value=0.032220756715101925 0.030453307495474917 -0.017080258848153205 -0.011735170284808942 0.00036532270531080613 0.030054525589097689 0.03578960883999957 0.14074121801096565 0.016412428122432418 0.00059724703724401893 -0.00052790046920440231 -0.012219845632289547 0.059276833341829628 0.38908036640490445 0.096311010491815327 -0.0064153800761502199 0.29592484574480216 0.04910683691916818 0.085195646502167391 0.36017791771567376 -0.0099377619977045802 -0.0020447201332619322 0.39080058091523623 0.1635770536247006 0.042774595789776895 0.070931163646919107 -0.0053691329629992511 0.023140879052579243 0.0076569299341709557 0.22041291682499622 0.061889321525281288
leaf_weight=40.431023212615401 105.99516405537724 86.651682403869927 333.01889571920037 328.77155953412876 191.93385700602084 62.175070037133992 1.5240184371359631 114.87573203165084 81.591430910397321 43.091030365787446 500.14415669348091 1.276990574318922 0.64058849168941279 5.3338635801337686 15.545394835993646 1.0000019944272933 5.8417723290622234 3.2574549298733473 1.137056761421263 49.455936100333929 8.9691406367346627 0.8525721095502401 2.7709643635898855 22.097199060954154 0.58018564712256193 45.165261036716402 49.801683010533452 143.14341587480158 2.0183245651423904 8.6141519565135241
leaf_count=768 650 5217 20909 18428 4033 535 20 4304 6005 2263 27346 23 20 160 597 23 122 26 26 1165 431 31 38 711 28 1612 1186 3118 43 162
internal_value=0.00421946 0.0167892 0.00174001 0.0046301 0.012585 0.00719375 0.0375042 -0.00232468 -0.00206447 -0.00534117 -0.00862407 0.0102817 0.0434865 0.0339261 0.0198273 0.163207 0.101054 0.152328 0.234505 0.00970321 0.0220992 0.0497437 0.0674046 0.0562352 0.261272 0.0123863 0.00628646 0.0158489 0.0352523 0.0919813
internal_weight=2257.71 371.97 1885.74 1552.72 724.283 254.215 117.755 828.433 192.04 713.557 585.74 105.388 23.7968 23.1563 20.8793 2.27699 11.7603 5.91853 2.66108 127.817 78.3611 35.2701 26.3009 24.8682 1.43276 85.5963 532.349 203.578 60.4342 10.6325
internal_count=100000 13424 86576 65667 26970 12580 844 38697 12045 34393 29726 6828 823 803 757 46 194 72 46 4667 3502 1239 808 749 59 2380 22937 4509 1391 205
is_linear=0
shrinkage=0.03


Tree=81
num_leaves=31
num_cat=0
split_feature=28 15 19 28 15 32 183 1 23 195 366 181 75 89 4 4 38 437 372 6 100 128 9 32 361 25 27 107 99 404
split_gain=74.565 70.3591 60.0585 79.2246 88.7722 51.839 51.3038 48.9272 34.9041 34.3564 34.0436 37.7535 34.0341 33.1734 38.8295 70.7314 40.1145 37.9625 49.1841 115.062 37.8967 37.051 35.1015 39.2772 32.3828 31.3092 42.2896 36.06 35.9862 35.4291
threshold=1.0000000180025095e-35 4.5000000000000009 1.0000000180025095e-35 2.5000000000000004 10.500000000000002 61.500000000000007 38.98500061035157 171.41999816894534 8.5000000000000018 2.5000000000000004 444.25000000000006 446.22500610351568 3.5000000000000004 1.5000000000000002 250.50000000000003 215.50000000000003 28.500000000000004 1778.5000000000002 38.975000381469734 2.5000000000000004 1.0000000180025095e-35 2.5000000000000004 264.50000000000006 26.500000000000004 171.50000000000003 1.5000000000000002 1.5000000000000002 1.5000000000000002 1.5000000000000002 43.500000000000007
decision_type=2 2 2 2 2 10 2 2 2 10 2 2 10 10 10 10 8 2 2 2 8 8 10 8 2 2 2 10 10 8
left_child=9 5 7 4 -4 6 12 -3 -7 -1 11 13 25 14 15 17 22 24 20 -20 -19 -16 -17 -24 -8 -2 27 -27 -28 -30
right_child=1 2 3 -5 -6 8 10 -9 -10 -11 -12 -13 -14 -15 21 16 -18 18 19 -21 -22 -23 23 -25 -26 26 28 -29 29 -31
leaf_value=0.017386294921344345 -0.0054929677315779636 0.016205376183225598 0.071638488315739518 -0.0063400000906044095 0.62949408633257087 -0.012386441939349752 -0.012408609831563286 0.052022351265664915 0.26704597578942046 -0.027123854188506585 -0.01551402443567337 0.12255769458718054 0.12862761683346174 0.055793089019338618 -0.0030963588341012724 0.094714160881912285 -0.019171881277720907 0.05481261315835214 -0.031617220572629279 0.58162847431993936 -0.020959510692772063 0.039143862565817561 0.11372327317093828 0.38892256183567975 0.10050227162037212 0.038177759301133964 -0.0084923004961553316 -0.0047691234637196409 0.10466852274466362 0.014044717447160725
leaf_weight=395.56332276109606 661.15637106914073 177.12620976753533 0.87858940381556638 112.49757186835632 0.3627181788906455 316.28528084559366 32.058016116265208 42.57621368765831 0.40282695461064477 16.24858561810106 33.264022336341441 3.002932507544755 1.7973757553845633 17.099809506908059 123.48084094375372 7.9740793034434283 2.2108675204217443 21.698724612593658 0.62945339828729518 0.48950085043907166 8.1799925812520069 22.022322721779346 1.0275412462651727 0.85524383559823025 2.4615814415737978 55.991904922295362 137.77606330718845 25.659070022404194 4.4194456972181797 31.959582917857915
leaf_count=6230 44053 2384 61 10247 8 20710 1028 493 16 348 597 45 12 161 3640 91 79 336 24 21 325 383 25 19 55 953 6689 373 38 556
internal_value=0.00408766 0.00151182 0.0139855 -0.00370994 0.234648 -0.00123918 0.00162026 0.0231464 -0.012031 0.0156301 0.0129511 0.0168446 -0.00178919 0.0155229 0.0124362 0.0295762 0.0963189 0.0172828 0.0413812 0.236655 0.0340682 0.00329682 0.122223 0.238731 -0.00435697 -0.00204483 0.00686723 0.0246816 -0.00148486 0.025054
internal_weight=2257.16 1845.34 333.441 113.739 1.24131 1511.9 1195.21 219.702 316.688 411.812 276.455 243.191 918.76 240.188 223.088 77.585 12.0677 65.5173 30.9977 1.11895 29.8787 145.503 9.85686 1.88279 34.5196 916.962 255.806 81.651 174.155 36.379
internal_count=100000 93422 13193 10316 69 80229 59503 2877 20726 6578 6829 6232 52674 6187 6026 2003 214 1789 706 45 661 4023 135 44 1083 52662 8609 1326 7283 594
is_linear=0
shrinkage=0.03


Tree=82
num_leaves=31
num_cat=0
split_feature=46 0 139 0 11 3 99 0 408 435 411 22 434 127 36 431 369 3 3 411 7 23 27 34 422 30 148 4 2 4
split_gain=69.7291 88.4891 73.401 57.4377 50.3317 39.229 46.5856 38.0769 32.3348 31.2621 31.8114 30.2895 36.1478 29.9039 29.4612 27.9485 27.4671 27.2309 29.7153 30.0436 27.1771 33.2556 25.6819 25.5021 25.3538 25.2314 23.8836 23.8439 23.6066 23.7718
threshold=1.0000000180025095e-35 2233744.5000000005 2.5000000000000004 2670903.5000000005 83.500000000000014 11654.500000000002 1.5000000000000002 3923029.0000000005 163.00000000000003 0.2171594396511467 512.50000000000011 8.5000000000000018 -0.57528935125080205 1.5000000000000002 224.77083587646487 415.00000000000006 51.925001144409187 14183.000000000002 15066.500000000002 334.00000000000006 137.50000000000003 4.5000000000000009 3.5000000000000004 13.500000000000002 47.500000000000007 7.5000000000000009 9.5000000000000018 528.50000000000011 1.5000000000000002 511.50000000000006
decision_type=2 2 8 2 10 2 10 2 8 2 10 2 2 8 10 2 2 2 2 8 10 2 2 10 2 10 2 8 2 10
left_child=1 15 4 -4 5 6 11 20 -5 24 28 12 -3 23 -12 -1 22 -9 19 -19 21 -7 -15 -14 -10 26 27 -2 -11 -30
right_child=25 2 3 8 -6 7 -8 17 9 10 14 -13 13 16 -16 -17 -18 18 -20 -21 -22 -23 -24 -25 -26 -27 -28 -29 29 -31
leaf_value=0.0016398726076025619 -0.0065651806029050777 -0.012909494993733469 -0.00012614781477650547 -0.0339654281385652 0.033384847645507781 0.0015665640682687822 0.03009190873178216 -0.012162946491911041 0.025987612793835616 0.032827407221744723 0.049494897993126265 0.037460445494095697 0.0079866477728217696 0.24743611404793833 -0.032507147605537218 -0.021419588559985984 0.023054732550283889 0.1407105377327961 0.0093247132042472442 0.036539416754397161 -0.014813709781988385 0.090270436402062268 0.071879993665342035 -0.017754805336631735 -0.02486642452160728 -0.014700476840181867 0.069320880656916217 0.014328006654883808 -0.0048669516752387725 0.029386922715418803
leaf_weight=78.428722979966551 209.35690205125138 95.544812396168709 98.255490137264132 7.8522224891930819 54.376486381050199 66.342135237995535 76.824047051835805 32.676335167139769 18.052712481003255 108.15601018909365 85.829405311495066 25.440192966721952 475.61982666747645 1.0717970714904352 4.1330241225659838 119.20081379218027 7.3033082764595747 2.8722957512363791 59.59951438382268 18.805662753060464 215.96908771852031 4.0352078382857135 2.4975406569428742 37.358720704913139 17.258689543232322 191.68479290883988 4.3340566828846923 64.245492102578282 39.888793529942632 33.587955419439822
leaf_count=3906 12607 3857 3339 125 2063 1862 1096 1784 444 1332 1227 216 21789 24 142 8985 64 31 2487 532 11091 104 51 907 508 14300 50 3187 1192 698
internal_value=0.00395979 0.00666321 0.0090173 0.0198977 0.00519716 0.00383103 0.00800898 -0.00370096 0.0261484 0.0276864 0.0311388 0.00537807 0.00406037 0.00715549 0.0457276 -0.0122685 0.0563892 0.010966 0.0202646 0.0503419 -0.0095378 0.00665256 0.124596 0.00611197 0.00113235 -0.00632717 -0.00055234 -0.00165918 0.023913 0.0107913
internal_weight=2256.6 1786.98 1589.35 413.014 1176.34 1121.96 721.66 400.3 314.759 306.907 271.595 644.836 619.396 523.851 89.9624 197.63 10.8726 113.954 81.2775 21.678 286.346 70.3773 3.56934 512.979 35.3114 469.621 277.936 273.602 181.633 73.4767
internal_count=100000 69856 56965 9007 47958 45895 28004 17891 5668 5543 4591 26908 26692 22835 1369 12891 139 4834 3050 563 13057 1966 75 22696 952 30144 15844 15794 3222 1890
is_linear=0
shrinkage=0.03


Tree=83
num_leaves=31
num_cat=0
split_feature=15 28 18 28 0 113 0 366 38 9 114 437 187 43 438 113 435 360 7 431 309 30 397 421 0 4 393 411 29 20
split_gain=68.3757 74.5186 67.7632 65.3422 51.6788 68.5245 49.4224 40.9439 55.4574 40.3326 37.7529 37.2171 44.5573 40.9459 39.5157 54.8457 49.3348 78.687 39.7177 56.3198 35.4366 33.9587 32.2815 31.935 30.7811 30.5241 29.6392 29.5716 28.2944 27.7695
threshold=4.5000000000000009 2.5000000000000004 3.5000000000000004 1.0000000180025095e-35 3118809.0000000005 1.5000000000000002 2417806.0000000005 134.87500000000003 521.50000000000011 324.50000000000006 3.5000000000000004 915.50000000000011 38.975000381469734 32.500000000000007 9069.0000000000018 1.0000000180025095e-35 0.32994797646489044 38.947200775146491 137.50000000000003 1377.5000000000002 2.5000000000000004 11.500000000000002 -11.499999999999998 42.500000000000007 2225288.5000000005 393.50000000000006 121961.50000000001 500.50000000000006 15.500000000000002 5.5000000000000009
decision_type=2 2 2 2 2 8 2 2 10 10 10 2 2 8 2 10 2 2 10 2 10 10 8 2 2 8 8 8 2 2
left_child=3 9 7 6 10 11 22 20 -9 -2 -5 12 -6 14 15 16 17 -13 19 28 -3 27 24 -8 -1 -18 -17 -7 -16 -15
right_child=1 2 -4 4 5 21 23 8 -10 -11 -12 13 -14 29 18 26 25 -19 -20 -21 -22 -23 -24 -25 -26 -27 -28 -29 -30 -31
leaf_value=-0.0045897176015869045 0.029326574323053418 -0.00586748827245863 0.033840395521948896 -0.0079543197169431364 -0.0098163920102403053 0.010478677445504653 0.013644211206134111 0.023622190380450062 0.28258881717617707 0.086080191427935132 0.063367431399703258 0.030684634204583824 0.048292015705958674 -0.00822615675838872 0.001775703457575427 0.07433455009342517 0.093867715376571167 0.40704717470269297 -0.0048808786819597699 0.21099787730212879 -0.094037113858345261 -0.012265015956763129 -0.016893183646037459 0.039571743379610842 0.10473680681824894 -0.013888104581966145 0.013543525856485623 0.039276557506097855 0.076309396924654355 0.13165731740698713
leaf_weight=5.3851778693497163 103.89132045488805 158.73227366432548 61.781024876050651 689.96855462808162 311.61534439120442 54.125788762234151 252.13644499145448 28.528578646946702 0.76417842600494523 12.640905118547378 6.7448707930743685 0.97589206462725941 12.34693555254489 124.41582140000537 13.915629240218555 8.0958120059221965 7.9839496882632348 1.0251490105874834 95.242990356404334 1.6009822729974974 4.2114277482032767 22.545001235790551 64.512408474460244 51.485374769195914 4.0691840099170804 3.3623199765570471 66.587329693604261 78.833635684102774 6.8356368108652523 1.2905016518197943
leaf_count=180 733 11046 462 41532 17504 1653 3668 1027 21 111 35 75 491 8167 496 182 164 25 4774 38 24 655 1895 532 72 170 2826 1319 63 60
internal_value=0.00383927 0.0156202 0.00650806 0.00152352 -0.00127179 0.00387715 0.0126837 -0.00227602 0.030378 0.035483 -0.00726386 -0.000371404 -0.00760175 0.00669812 0.014944 0.030144 0.0861573 0.223498 0.00356535 0.0395547 -0.00814631 0.0217805 -0.00930611 0.0180408 0.0424647 0.0619357 0.0201334 0.0275534 0.0263277 -0.00679011
internal_weight=2255.65 370.55 254.017 1885.1 1507.51 810.799 377.589 192.236 29.2928 116.532 696.713 655.294 323.962 331.332 205.626 88.0305 13.3473 2.00104 117.595 22.3522 162.944 155.504 73.9668 303.622 9.45436 11.3463 74.6831 132.959 20.7513 125.706
internal_count=100000 13424 12580 86576 80229 38662 6347 12118 1048 844 41567 35035 17995 17040 8813 3442 434 100 5371 597 11070 3627 2147 4200 252 334 3008 2972 559 8227
is_linear=0
shrinkage=0.03


Tree=84
num_leaves=31
num_cat=0
split_feature=37 0 2 1 30 114 423 43 65 134 3 3 15 23 3 82 5 0 30 72 49 28 37 7 148 7 48 30 19 28
split_gain=65.1073 56.8531 79.6744 50.313 39.5517 32.1115 31.883 30.0849 29.3825 40.3967 32.4683 29.3745 39.2925 30.1778 29.3401 34.8415 28.5672 28.5386 28.1266 46.0935 39.2997 27.5938 25.2917 25.1217 25.976 24.952 31.443 27.1875 38.907 24.4467
threshold=0.52083298563957225 3609708.5000000005 2.5000000000000004 238.34400177001956 3.5000000000000004 3.5000000000000004 28.000000000000004 55.500000000000007 1.0000000180025095e-35 1.0000000180025095e-35 1901.0000000000002 12255.000000000002 4.5000000000000009 8.5000000000000018 11106.500000000002 1.0000000180025095e-35 149.50000000000003 2588830.0000000005 12.500000000000002 1.0000000180025095e-35 1.0000000180025095e-35 74.500000000000014 0.2291665002703667 142.50000000000003 9.5000000000000018 117.50000000000001 1.0000000180025095e-35 22.500000000000004 1.5000000000000002 61.500000000000007
decision_type=8 2 2 2 8 10 10 10 8 8 2 2 2 2 2 8 2 2 10 10 2 2 10 8 2 10 2 8 2 2
left_child=17 3 7 5 8 11 14 16 9 -4 -10 12 13 23 15 18 -3 -1 19 20 -5 29 -19 24 -2 26 -13 -28 -29 -14
right_child=1 2 4 6 -6 -7 -8 -9 10 -11 -12 25 21 -15 -16 -17 -18 22 -20 -21 -22 -23 -24 -25 -26 -27 27 28 -30 -31
leaf_value=0.0021821523060037277 0.0043722333745382586 -0.022130786933763864 0.19485523434117838 0.16990928947114708 -0.001276808967261224 0.064853378748598325 0.044244514782293284 -0.0124592501171654 0.089534683188438352 0.04167530279599279 0.0047840023870336619 -0.010622086588255027 0.018661293802865596 0.24660630389613011 -0.0085108530037843553 -0.0089015950658588982 0.029982351059600815 0.018796490871003966 0.0029575142383942063 0.0314498101634283 0.00038258726534059931 -0.02824337120038042 0.046174067688720878 -0.0070780389204664835 0.058454888964332083 -0.014835481275354048 0.080934060743575453 -0.016626663120677197 0.091078021922616673 0.16129785056433515
leaf_weight=67.2151133636944 107.37709908792749 9.9672827720642072 1.7191219739615942 4.2382699111476532 426.32395407930017 6.0350750638172022 24.870276305824518 18.675972245633602 4.4402324287220827 15.701678343117235 48.571887924335897 38.21148479776457 100.7644538260065 0.43208802305161853 61.840159948915243 30.889201819431037 188.6402018321678 127.27419064939022 24.115359351038933 40.804688126780093 1.7343234419822691 11.813666036352513 39.886334358714521 506.73046150617301 8.6355911027640087 311.74909895891324 7.4382531819865134 11.635788646526633 4.0759513517841688 1.0931696770712722
leaf_count=2121 3806 332 45 65 25390 32 503 356 57 301 969 2048 3625 14 2691 2159 3511 1859 757 905 40 1126 467 27925 70 18194 85 402 38 107
internal_value=0.00372423 0.00198641 0.00879158 -0.00173856 0.00216392 -0.00415992 0.0125974 0.0239439 0.0229903 0.0567914 0.0118826 -0.00453516 -0.00106232 -0.00402107 0.00778704 0.0176892 0.027367 0.0186909 0.0292753 0.0428431 0.120682 0.0151583 0.0253291 -0.00419497 0.00839796 -0.0113936 0.0060932 0.0336835 0.0113142 0.0201921
internal_weight=2252.9 2018.52 714.04 1304.48 496.757 1115.99 188.492 217.283 70.4329 17.4208 53.0121 1109.96 736.847 623.175 163.622 101.782 198.607 234.376 70.8926 46.7773 5.97259 113.671 167.161 622.743 116.013 373.111 61.3615 23.15 15.7117 101.858
internal_count=100000 95553 30961 64592 26762 57472 7120 4199 1372 346 1026 57440 36673 31815 6617 3926 3843 4447 1767 1010 105 4858 2326 31801 3876 20767 2573 525 440 3732
is_linear=0
shrinkage=0.03


Tree=85
num_leaves=31
num_cat=0
split_feature=15 27 0 106 23 36 7 4 101 30 20 4 4 343 118 20 188 110 148 116 38 183 4 0 13 113 46 131 1 435
split_gain=62.3432 64.4998 59.3308 82.653 46.1403 43.3968 43.001 44.8444 41.4953 40.4741 48.4669 103.166 41.5924 40.2119 40.0437 49.7294 38.111 36.6794 35.2848 34.1931 34.0542 35.8909 34.5338 32.9228 32.8558 31.3823 33.6807 31.0055 37.0896 29.5515
threshold=4.5000000000000009 26.500000000000004 2326382.5000000005 1.5000000000000002 8.5000000000000018 57.687498092651374 149.50000000000003 507.50000000000006 1.0000000180025095e-35 6.5000000000000009 4.5000000000000009 340.50000000000006 561.50000000000011 1.5000000000000002 1.5000000000000002 1.5000000000000002 58.975000381469734 2.5000000000000004 9.5000000000000018 1.5000000000000002 1.5000000000000002 44.970001220703132 554.50000000000011 4324253.5000000009 52.500000000000007 1.0000000180025095e-35 1.0000000180025095e-35 1.5000000000000002 40.025999069213874 0.095905727500017288
decision_type=2 2 2 8 2 10 8 10 8 10 2 10 10 2 10 2 2 10 2 10 10 2 8 2 2 10 2 10 2 2
left_child=2 16 17 4 6 13 7 8 18 10 12 -12 23 -5 -11 -16 20 27 19 -4 21 -2 -22 -8 -24 26 -14 -1 -29 -27
right_child=1 -3 3 5 -6 -7 9 -9 -10 14 11 -13 25 -15 15 -17 -18 -19 -20 -21 22 -23 24 -25 -26 29 -28 28 -30 -31
leaf_value=-0.013118182580170137 0.023275284670749002 -0.0049977408201842995 0.015095820267984644 0.026093407293148945 0.22475906305689664 -0.0096078419140505113 -0.0036935963826548908 -0.006966404500255389 -0.016609620216240427 -0.012903380744642531 0.41066913753467332 0.0005248125278048539 0.17821859538825885 0.0014412694074679921 0.10052211810300563 -0.025677178313088866 0.057046370120103211 0.28350404591600992 0.067245019769601219 0.070281243953999359 -0.013383084360428758 0.10011248429507638 0.013253031135618858 0.021095659399958399 0.11253853953280224 0.20901621142416354 0.013763424384682171 0.19306623762950592 -0.022825669112773245 0.017016403764724207
leaf_weight=265.78178755613044 170.13159476453438 105.12519916612655 153.96822023112327 242.7686117105186 0.82039118185639281 51.530080403201282 466.48510095477104 101.19397027278319 27.947434098925442 361.92522972403094 0.81434180587530081 1.713053850457072 2.5547813652083269 78.906390851829201 6.3038381184451264 5.0707533918321133 26.310341550037265 0.37841853499412437 14.687077312730251 10.814656870439647 45.931666614022106 5.6530005959793916 12.28361776424572 53.777021234855056 3.9689776776358476 0.73931100405752914 1.9968258333392439 1.4455363526940339 1.4194209724664686 29.902206112630665
leaf_count=17823 1719 7936 3696 5414 26 1935 22084 3730 2031 24680 32 46 86 1024 70 84 366 4 104 122 2808 61 427 2142 107 24 99 29 28 1263
internal_value=0.0036097 0.0148782 0.001399 0.00357319 -0.000150274 0.0159518 -0.000299088 0.00940608 0.0173938 -0.00351522 0.00160028 0.132676 0.00100387 0.0200463 -0.0111615 0.0442629 0.0227845 -0.0116443 0.0226889 0.0187176 0.0189964 0.0257463 -8.44144e-05 -0.00113125 0.0374991 0.0325674 0.106071 -0.01206 0.0861043 0.0216489
internal_weight=2252.35 369.404 1882.94 1613.92 1240.71 373.205 1239.89 308.611 207.417 931.282 557.983 2.5274 555.455 321.675 373.3 11.3746 264.279 269.025 179.47 164.783 237.969 175.785 62.1843 520.262 16.2526 35.1931 4.55161 268.647 2.86496 30.6415
internal_count=100000 13424 86576 68692 60319 8373 60293 9683 5953 50610 25776 78 25698 6438 24834 154 5488 17884 3922 3818 5122 1780 3342 24226 534 1472 185 17880 57 1287
is_linear=0
shrinkage=0.03


Tree=86
num_leaves=31
num_cat=0
split_feature=15 32 0 431 27 1 48 5 188 38 32 4 439 183 13 25 108 38 71 185 3 185 436 4 176 9 38 182 437 439
split_gain=58.8187 66.0292 73.5768 66.1209 60.6557 44.2674 37.0743 38.6732 35.1834 32.1039 40.1488 45.5497 33.9809 31.8985 30.6995 28.1471 40.4811 46.8137 34.0202 29.9437 27.2549 26.9162 26.5179 37.0214 28.9989 28.8305 25.0517 26.0532 35.2237 25.0398
threshold=4.5000000000000009 61.500000000000007 3251531.0000000005 753.50000000000011 26.500000000000004 226.10199737548831 1.0000000180025095e-35 182.50000000000003 58.975000381469734 1.5000000000000002 287.50000000000006 554.50000000000011 73092.000000000015 44.970001220703132 1.5000000000000002 1.5000000000000002 1.5000000000000002 40.500000000000007 1.5000000000000002 141.49500274658206 1216.5000000000002 2161.5000000000005 -207.7810894787531 555.50000000000011 2.5000000000000004 296.50000000000006 451.50000000000006 98.095001220703139 1202.5000000000002 164644.50000000003
decision_type=2 10 2 2 2 2 2 2 2 10 10 8 2 2 2 2 10 10 10 2 2 2 2 8 2 10 8 2 2 2
left_child=1 2 5 15 8 6 7 -1 9 13 -11 21 -13 -2 -5 18 -17 -18 -4 -19 -7 -12 23 -8 26 -25 -24 28 -28 -22
right_child=4 -3 3 14 -6 20 22 -9 -10 10 11 12 -14 -15 -16 16 17 19 -20 -21 29 -23 24 25 -26 -27 27 -29 -30 -31
leaf_value=-0.014404042557403997 0.022642977744730976 -0.011040612879110741 -0.00090453120373276555 -0.0016629458867613676 -0.0048691260763460489 0.21596771504209752 -0.031176405033918039 0.0016716284929213037 0.054890842293907963 -0.017639585915071178 -0.0089994041169024156 -0.03212696541594897 0.1272853901985759 0.093953705456113756 0.030449198903839955 0.0044577542053574615 0.018942154748878805 0.13312071545915127 0.03836113623667347 0.048383733202681932 0.0020114756001087734 0.16098982944611276 0.0016878389612271789 0.030755809779347484 0.087800890463849604 0.20060007471551461 -0.030951361869618239 -0.0090220795824378676 0.26702261875651473 0.030200180738978181
leaf_weight=359.72540171304718 169.64357836730778 320.9119473756291 376.15034671640024 31.801517836749554 104.67193468334153 0.60278281476348539 1.998607713729142 215.28897940553725 26.519964621402323 40.581880057230592 13.268736378289759 1.5206739073619235 5.7693375716917217 5.8398502087220541 170.15758358687162 89.419146499596536 36.559273632708937 6.0504324221983543 20.96568025322631 9.8851752709597331 68.274120616260916 0.89486379548907358 114.72680547926575 1.5529086077585819 3.8287372980266801 2.1376856351271272 0.52824100293219034 1.3154465192928908 1.1016785576939581 48.513830250594765
leaf_count=24265 1719 20909 18267 969 7936 20 82 5461 366 2254 891 64 126 61 3064 3798 476 86 244 66 2837 7 4395 19 38 29 27 44 33 1447
internal_value=0.00349985 0.00135272 0.00390123 0.010752 0.0144565 -0.00229253 -0.00514321 -0.00838521 0.0221176 0.0184584 -9.18275e-05 0.0331017 0.0940325 0.0250161 0.0253927 0.00526662 0.0167344 0.0376462 0.00116849 0.0805567 0.0147596 0.00174061 0.00951358 0.0728171 0.00654943 0.129134 0.00390573 0.0902962 0.170452 0.0137211
internal_weight=2250.21 1881.5 1560.58 740.989 368.711 819.595 702.204 575.014 264.039 237.519 62.0355 21.4536 7.29001 175.483 201.959 539.03 141.914 52.4949 397.116 15.9356 117.391 14.1636 127.19 5.6892 121.501 3.69059 117.672 2.94537 1.62992 116.788
internal_count=100000 86576 65667 26970 13424 38697 34393 29726 5488 5122 3342 1088 190 1780 4033 22937 4426 628 18511 152 4304 898 4667 130 4537 48 4499 104 60 4284
is_linear=0
shrinkage=0.03


Tree=87
num_leaves=31
num_cat=0
split_feature=37 26 27 180 400 27 23 101 365 346 15 438 362 107 9 2 314 18 438 15 436 4 175 337 369 33 23 193 365 195
split_gain=57.6505 44.9982 43.7843 45.7967 39.332 26.3785 30.0629 67.7309 83.7276 29.6171 27.2007 27.0171 40.0789 28.5641 28.9193 26.1802 25.2852 24.8469 23.769 24.1626 23.3709 23.2794 23.1566 22.5552 22.2784 21.9807 27.5866 21.9006 21.6847 21.5055
threshold=0.52083298563957225 45.500000000000007 1.0000000180025095e-35 48.986000061035163 2.5000000000000004 61.500000000000007 2.5000000000000004 1.5000000000000002 135.92499542236331 1.0000000180025095e-35 19.500000000000004 3296.5000000000005 3020.4350585937505 1.5000000000000002 270.50000000000006 2.5000000000000004 1.5000000000000002 7.5000000000000009 6415.5000000000009 2.5000000000000004 -86.069967143466485 318.50000000000006 2.5000000000000004 3.5000000000000004 1279.5000000000002 3.5000000000000004 9.5000000000000018 1.5000000000000002 91.884998321533217 1.5000000000000002
decision_type=8 2 2 2 10 2 2 10 2 2 2 2 2 8 10 2 8 2 2 2 2 10 2 2 2 10 2 10 2 10
left_child=16 2 29 4 17 6 11 9 20 10 25 12 13 23 -15 -16 -1 22 -11 21 -9 -20 27 -5 -21 26 -8 -4 -23 -2
right_child=1 -3 3 5 -6 -7 7 8 -10 18 -12 -13 -14 14 15 -17 -18 -19 19 24 -22 28 -24 -25 -26 -27 -28 -29 -30 -31
leaf_value=0.011597692904218805 0.013364431097046015 0.050537256206935798 -0.0052001755585490538 0.012253345259740641 0.067920364794507318 -0.01994430376442172 0.051937371544551247 0.25177763467587205 0.55855529367050971 -0.014071766881537388 0.26736218820468144 -0.0010475265892237436 0.15269285323020568 -0.0031741587712117393 0.0066952587842299448 0.082878885479024361 0.033985594671855114 0.029397243469258396 0.056403922679685907 -0.016645068548078689 -0.031147329877757649 -0.029251523731784954 -0.10680481706280792 -0.024716057894639921 0.038973187520702161 -0.0095726724732636843 0.2826741052123628 0.15081264990356205 0.046086765720847786 -0.020183894555601514
leaf_weight=173.63497481029481 304.00558651611209 16.873931854963303 1065.5174195123836 86.14943749923259 6.7596140648238352 32.747853871434927 19.212225874420266 0.42416951851919282 0.45732758566737164 25.550914137624204 0.49389266036450763 292.96650318102911 1.8806734103709448 9.5909040463157016 5.7552168983966121 13.780017313547432 61.478259073104709 18.932609458919615 21.526115467771888 21.097855535335842 0.69057936267927189 7.2502179220318776 2.0178967798128715 17.94684048043564 9.3561824932694417 5.653535703662782 0.47794623346999188 0.81041466444730659 6.5402121506631374 18.228018622845411
leaf_count=3840 5223 95 71745 2619 108 2095 977 21 14 673 12 8777 15 143 136 95 607 174 153 466 55 120 11 825 103 401 22 16 35 424
internal_value=0.00339474 0.00175266 0.0013402 -0.000609554 -0.00422151 0.00620889 0.0077752 0.0211318 0.216738 0.0185071 0.0468644 0.00407056 0.0151689 0.0132275 0.039489 0.0604347 0.0174518 -0.00467002 0.010484 0.0200235 0.0765075 0.0369089 -0.00527374 0.00587959 0.000442142 0.0425674 0.0575381 -0.00508161 0.00647821 0.0114667
internal_weight=2247.81 2012.69 1995.82 1673.59 1094.04 579.549 546.801 118.731 1.57208 117.159 25.8376 428.07 135.103 133.222 29.1261 19.5352 235.113 1087.28 91.3215 65.7706 1.11475 35.3165 1068.35 104.096 30.454 25.3437 19.6902 1066.33 13.7904 322.234
internal_count=100000 95553 95458 89811 72054 17757 15662 3052 90 2962 1412 12610 3833 3818 374 231 4447 71946 1550 877 76 308 71772 3444 569 1400 999 71761 155 5647
is_linear=0
shrinkage=0.03


Tree=88
num_leaves=31
num_cat=0
split_feature=46 0 106 439 19 7 195 139 20 38 362 13 11 11 97 324 405 49 387 393 31 116 362 48 181 7 337 434 30 179
split_gain=55.6597 72.9029 61.4688 42.1815 55.6551 34.4954 34.3948 31.8407 31.1257 40.7971 53.3171 30.4331 36.7625 38.6447 29.0904 27.7641 33.0683 26.1356 25.4346 24.6903 32.5096 24.2553 24.2586 23.8705 25.4931 23.883 23.5345 22.8588 22.5014 22.8221
threshold=1.0000000180025095e-35 2233744.5000000005 1.5000000000000002 73092.000000000015 1.0000000180025095e-35 118.50000000000001 2.5000000000000004 2.5000000000000004 4.5000000000000009 397.50000000000006 217.92499542236331 24.500000000000004 113.50000000000001 753.50000000000011 1.5000000000000002 40.08964920043946 -389.99999999999994 1.0000000180025095e-35 161.00000000000003 111872.50000000001 388.50000000000006 2.5000000000000004 3020.4350585937505 1.0000000180025095e-35 499.25000000000006 103.00000000000001 4.5000000000000009 3.0441677870098931 7.5000000000000009 987.25000000000011
decision_type=2 2 8 2 2 8 10 10 2 10 2 2 10 10 8 10 8 2 8 8 8 10 2 2 2 8 2 2 10 2
left_child=1 18 3 5 7 11 15 8 19 -10 -11 12 -3 -14 21 16 -4 -13 -1 20 -5 22 -7 24 25 -21 -18 -27 29 -2
right_child=28 2 6 4 -6 14 -8 -9 9 10 -12 17 13 -15 -16 -17 26 -19 -20 23 -22 -23 -24 -25 -26 27 -28 -29 -30 -31
leaf_value=-0.023120407172148201 -0.0027659630320569818 0.0030787747750755379 -0.0042613721157515501 0.0055890246323496689 -0.011857217581433632 -0.013729779850248961 -0.021171995947462462 0.035552464446829364 0.023603453027908509 0.28793932261258243 0.063774828421872001 0.088370999501239861 0.24515739348334192 -0.0043008948010766828 0.0035589820621597388 0.042811051068079989 0.022067582902071316 -0.03160926231131584 -0.0012005394115246636 0.027014037047231015 0.050213112761385494 0.061143671282406394 0.078926833772055574 0.016451325540103638 0.12407836265229373 -0.0043171622984595238 -0.016267344663354343 0.063735453895197178 -0.014114610501494596 0.033515495498657073
leaf_weight=92.572883649729192 259.90758375171572 42.860681778285652 58.133384591434151 31.090769429691136 95.054502633865923 251.16451977426186 20.023640090599656 51.176826914772391 29.266607674770057 1.210737464018165 4.5198859218508005 8.6329130241647345 1.1866569998674088 1.0565060763619838 202.82497048657387 40.120957157574594 311.70578268449754 2.0154977552592745 98.159735140856355 26.502029271796346 27.859140854328871 4.0572762982919803 2.5690693249925962 128.83972179051489 1.4989212211221445 232.34097007336095 15.111867221072314 4.5288736112415782 184.54531724192202 16.600380248390138
leaf_count=8545 15583 1596 1761 509 10060 11491 504 344 375 27 45 144 29 41 8482 489 6802 92 4346 410 436 42 76 4442 22 8268 360 118 14300 261
internal_value=0.00329077 0.00568961 0.0077853 0.0041222 0.00930731 -0.002243 0.0172518 0.0130409 0.0106784 0.0379363 0.111135 0.0200444 0.00927487 0.127665 -0.00494064 0.0190618 0.0165866 0.0656615 -0.0118394 0.008571 0.0266779 -0.011628 -0.0127916 0.00585987 0.000707917 5.78247e-06 0.020295 -0.00301602 -0.00600215 -0.000587776
internal_weight=2247.14 1786.09 1595.35 1150.26 633.889 516.368 445.096 538.834 487.658 34.9972 5.73062 55.7523 45.1038 2.24316 460.616 425.072 384.951 10.6484 190.733 452.66 58.9499 257.791 253.734 393.711 264.871 263.372 326.818 236.87 461.053 276.508
internal_count=100000 69856 56965 47049 25056 21993 9916 14996 14652 447 72 1902 1666 70 20091 9412 8923 236 12891 14205 945 11609 11567 13260 8818 8796 7162 8386 30144 15844
is_linear=0
shrinkage=0.03


Tree=89
num_leaves=31
num_cat=0
split_feature=28 18 1 99 3 434 7 7 7 128 3 195 400 439 29 359 30 9 15 182 9 430 30 9 32 9 38 365 65 11
split_gain=54.3565 57.3632 46.1036 36.7981 52.0923 37.8359 35.0248 36.6442 32.2561 28.807 29.644 28.7713 27.1903 27.0202 29.3685 37.6513 26.1446 25.981 25.94 24.7464 25.3972 24.411 24.3613 30.6232 28.7514 36.2184 24.9289 24.1605 24.8677 35.8816
threshold=1.0000000180025095e-35 3.5000000000000004 280.00500488281256 1.5000000000000002 11210.500000000002 -0.61445944342616554 103.00000000000001 202.50000000000003 163.00000000000003 2.5000000000000004 1901.0000000000002 1.5000000000000002 2.5000000000000004 73092.000000000015 275.50000000000006 791.39999389648449 2.5000000000000004 192.50000000000003 2.5000000000000004 108.50500106811525 303.50000000000006 1.0000000180025095e-35 161.50000000000003 252.00000000000003 47.500000000000007 228.50000000000003 6.5000000000000009 226.94999694824222 1.5000000000000002 402.50000000000006
decision_type=2 2 2 10 2 2 10 10 10 10 2 10 10 2 2 2 10 10 2 2 10 2 10 10 8 10 8 2 10 10
left_child=11 2 3 5 19 12 22 8 -8 10 27 18 -2 14 -4 -16 17 -15 -1 20 21 -5 23 24 -7 -26 -24 28 29 -9
right_child=1 -3 13 4 -6 6 7 9 -10 -11 -12 -13 -14 16 15 -17 -18 -19 -20 -21 -22 -23 26 -25 25 -27 -28 -29 -30 -31
leaf_value=0.011464061022382911 -0.018527891174248787 0.022032240346899129 -0.0066153856371027513 0.010632578075938811 -0.016344931482631372 0.042181295386865721 -0.0018970357255787503 0.012275647691710393 -0.020903478363348015 0.059725552210929546 -0.0015052241968865146 -0.0168649023326846 0.059619400372132404 0.07518865019400485 -0.0084782610192255161 0.094921288755460909 0.0063422405025488808 0.0267039849993276 0.031805281370733553 -0.0028690288465403452 0.075621239484631356 0.055356328274477729 0.13671717611372158 -0.010514652320918914 -0.026687799487853381 0.091644311119178062 0.03274718026078919 0.25168154244370805 0.12474416621017616 0.20546089685336019
leaf_weight=322.97421419899911 166.30459389043972 109.27679228549823 69.456733343657106 29.314003483392298 34.078864474780858 30.436361921019852 155.85773773957044 32.066088352352381 165.90598302939907 7.2627707943320265 780.79945744713768 27.247545971535146 4.1060205232352009 12.702018085867165 6.361572783906011 6.3164171166718006 42.6539177861996 45.859650903847069 68.367005087435246 17.758928579743952 12.431714416015891 17.565461439080536 2.3817964987829354 41.471373692154884 13.873702229466291 2.7972742803394786 16.141180207487196 0.42387044942006369 2.0675944397225967 0.88929782481863995
leaf_count=5554 9465 985 3269 574 890 614 7558 2004 11573 77 47953 567 49 483 379 125 1639 1930 457 396 243 165 57 1765 624 44 455 12 31 63
internal_value=0.00319133 0.000956727 -0.000384381 -0.00208382 0.0145406 -0.00338253 -0.00157792 -0.00311213 -0.011697 0.000242187 -0.000287082 0.0129423 -0.0166449 0.0138333 0.00104882 0.0430374 0.0242078 0.0372203 0.0150177 0.0281976 0.0374996 0.0273903 0.0148279 0.0082851 0.0248356 -0.00683249 0.0461163 0.0265453 0.0238206 0.0174887
internal_weight=2245.15 1826.56 1717.28 1533.93 111.149 1422.79 1252.37 1145.27 321.764 823.509 816.246 418.589 170.411 183.35 82.1347 12.678 101.216 58.5617 391.341 77.0701 59.3112 46.8795 107.102 88.5787 47.1073 16.671 18.523 35.4469 35.023 32.9554
internal_count=100000 93422 92437 84612 2268 82344 72830 69271 19131 50140 50063 6578 9514 7825 3773 504 4052 2413 6011 1378 982 739 3559 3047 1282 668 512 2110 2098 2067
is_linear=0
shrinkage=0.03


Tree=90
num_leaves=31
num_cat=0
split_feature=15 28 32 0 431 24 48 397 7 13 337 9 7 183 20 367 38 334 20 30 3 4 436 396 181 0 359 32 48 362
split_gain=52.6376 62.5797 59.4244 66.3483 59.2216 54.9475 41.2461 42.5325 36.6429 34.3098 33.6401 33.4414 31.5689 36.8029 36.7629 28.2501 80.0669 26.9924 26.8366 45.5131 54.8819 104.128 29.9727 37.0096 32.6041 42.9923 44.3161 32.5972 54.6033 32.5492
threshold=4.5000000000000009 2.5000000000000004 61.500000000000007 3104863.0000000005 751.50000000000011 7.5000000000000009 1.0000000180025095e-35 -4.4999999999999991 225.50000000000003 1.5000000000000002 2.5000000000000004 324.50000000000006 163.00000000000003 53.98500061035157 3.5000000000000004 138.92499542236331 482.50000000000006 2.5000000000000004 1.5000000000000002 8.5000000000000018 1675.5000000000002 174.50000000000003 18.434489775353999 4.5000000000000009 71.450000762939467 3806359.5000000005 415.25000000000006 37.500000000000007 1.0000000180025095e-35 23.955650329589847
decision_type=2 2 10 2 2 2 2 8 10 2 2 10 10 2 2 2 10 2 2 10 2 8 2 10 2 2 2 10 2 2
left_child=2 11 3 6 18 8 7 -1 -3 -6 12 -2 13 -8 -14 -10 -17 -11 22 -20 21 -21 27 24 -24 -26 -27 -5 -29 -30
right_child=1 5 -4 4 9 -7 10 -9 15 17 -12 -13 14 -15 -16 16 -18 -19 19 20 -22 -23 23 -25 25 26 -28 28 29 -31
leaf_value=0.0093999480348379415 0.026303793153920244 -0.017204519654519371 -0.010797569772531344 -0.0072932936093565003 -0.0044132222910526426 0.030225876051553215 0.021370632457798057 -0.010529099348557483 0.0043123321010777446 0.030338451123636062 -0.021072637802912138 0.077742460999398952 0.0051147282597082443 0.10562318358630644 0.070418141813349253 0.027751600408412212 0.30472778544612056 -0.0081931430733247785 0.02859313637539692 0.68546049020518574 -0.0069516449072872539 0.04963479300450644 0.0055265501320717657 0.13042985681055014 -0.0014118877147744104 0.22750465224207678 0.053057333146769164 -0.027164681218270693 0.21040363557031036 0.05818671645554737
leaf_weight=120.82868637749925 98.98483189381659 85.613682609517127 315.7920510424301 285.49865207960829 37.466751853004098 60.327700838446617 12.397251962684097 476.33863412216306 96.711017914116383 181.82919333036989 22.942723906598985 12.851784874685107 81.653558501973748 7.4824265623465172 8.5731635112315399 8.478959631174801 1.0563363013789047 17.98058058321476 91.567262447439134 0.29313487838953611 70.735201340168715 1.1080598584376276 116.13224628381431 2.3465402750298372 5.3265956565737707 2.0785239469259977 3.5474799070507288 7.2840080559253702 1.4870496420189745 8.4412750955671054
leaf_count=4361 733 5217 20909 14442 1120 535 397 26599 6602 3298 569 111 3361 78 85 210 16 257 1913 15 3044 74 5195 33 107 44 41 437 67 130
internal_value=0.00309512 0.0135364 0.00107244 0.00347017 0.0092562 0.00525309 -0.00313126 -0.00649673 -0.00259925 0.0219312 0.011974 0.0322149 0.0188599 0.0530821 0.0113197 0.00916973 0.0584355 0.0268711 0.00420881 0.0145531 -0.00326874 0.182652 0.000290183 0.0123729 0.0101931 0.0596729 0.117507 -0.00487608 0.0352179 0.0809855
internal_weight=2243.16 364.024 1879.13 1563.34 833.123 252.188 730.216 597.167 191.86 237.277 133.049 111.837 110.106 19.8797 90.2267 106.246 9.5353 199.81 595.846 163.704 72.1364 1.40119 432.142 129.431 127.085 10.9526 5.626 302.711 17.2123 9.92832
internal_count=100000 13424 86576 65667 30217 12580 35450 30960 12045 4675 4490 844 3921 475 3446 6828 226 3555 25542 5046 3133 89 20496 5420 5387 192 85 15076 634 197
is_linear=0
shrinkage=0.03


Tree=91
num_leaves=31
num_cat=0
split_feature=314 8 439 122 0 3 3 438 106 118 187 437 23 439 28 396 438 0 0 3 7 365 43 29 28 130 20 16 7 3
split_gain=50.2307 44.4875 59.4929 41.6155 40.7064 37.7645 45.2866 45.5302 52.7446 38.4111 35.8073 35.1287 29.1704 46.5282 29.9882 29.0761 34.2759 33.8876 28.4872 28.149 27.9049 26.8491 74.5072 26.8085 126.476 28.3295 26.6011 36.947 28.0377 29.8211
threshold=1.5000000000000002 1.5000000000000002 73092.000000000015 1.0000000180025095e-35 2379396.5000000005 11840.000000000002 9351.5000000000018 7698.5000000000009 1.5000000000000002 1.5000000000000002 306.73500061035162 629.50000000000011 4.5000000000000009 41124.000000000007 2.5000000000000004 1.5000000000000002 93.500000000000014 3012855.5000000005 4000993.0000000005 4234.5000000000009 1.0000000180025095e-35 135.92499542236331 507.50000000000006 386.50000000000006 3.5000000000000004 2.5000000000000004 1.5000000000000002 2.5000000000000004 198.50000000000003 5813.5000000000009
decision_type=10 2 2 10 2 2 2 2 10 10 2 2 2 2 2 10 2 2 2 2 10 2 10 2 2 10 2 2 8 2
left_child=1 2 12 5 -4 6 9 8 -8 10 -3 -10 -1 14 -14 16 17 19 20 -6 -7 -5 -23 25 -25 -9 -18 28 -28 -30
right_child=-2 3 4 21 15 18 7 23 11 -11 -12 -13 13 -15 -16 -17 26 -19 -20 -21 -22 22 -24 24 -26 -27 27 -29 29 -31
leaf_value=-0.0027522896554219435 0.022575932987399225 -0.0032980723366906077 -0.0052103932345884518 -0.016420684267111504 0.13665161014776808 0.094461724756548446 0.023053036385153925 -0.0047005670164981328 0.20118347116611032 0.035313864965934146 0.065813522921249493 0.063187718809215962 0.093275247464553623 0.19654233358972067 -0.011670019022579711 0.039091625200265157 0.0058608917957645324 0.026070015202275726 0.0083221647496192121 -0.018115571883937205 -0.011642136582850826 0.0069291692516791773 0.2946585721583857 0.014347109941183734 0.60080897692848478 0.095071619471098823 0.0087803120365357572 0.010439061113394432 -0.022770945441586352 0.072421987485063441
leaf_weight=373.75364636257291 112.08241209760308 444.06019168207422 75.52812391333282 190.42031722143292 5.5481601366773274 2.247073649428784 115.28633228130639 91.67411776445806 2.2955198604613525 25.910160910338163 6.8511280082166186 5.9992008116096258 3.6061254125088418 1.5649502039887018 7.6474442672915757 54.963042150251567 184.93918011104688 14.356166546232997 89.697483685798943 1.3067797026596961 307.98084503039718 7.1932866899296624 0.91275394475087512 2.5659188264980908 0.37996475165709842 2.6349295880645505 12.677916229236869 65.794737661257386 3.3284582654014256 26.887213577982038
leaf_count=13329 1339 20590 4135 24406 77 30 3484 4062 30 253 107 41 23 44 448 732 5396 314 3513 52 14861 600 25 181 22 35 265 1055 119 432
internal_value=0.00300142 0.00197043 0.00738468 -0.00150468 0.0148594 0.000781544 0.00499475 0.016226 0.0283101 -0.000206907 -0.00224799 0.101377 -0.00122612 0.043273 0.0219589 0.0189584 0.0154436 0.0522725 -0.00656826 0.107148 -0.0108736 -0.0141444 0.039328 0.000870768 0.0899899 -0.001913 0.0127832 0.0245618 0.0462248 0.0619358
internal_weight=2240.09 2128.01 831.902 1296.11 445.33 1097.58 697.657 220.836 123.581 476.821 450.911 8.29472 386.572 12.8185 11.2536 369.802 314.839 21.2111 399.925 6.85494 310.228 198.526 8.10604 97.2549 2.94588 94.309 293.628 108.688 42.8936 30.2157
internal_count=100000 98661 26421 72240 12577 47209 28805 7855 3555 20950 20697 71 13844 515 471 8442 7710 443 18404 129 14891 25031 625 4300 203 4097 7267 1871 816 551
is_linear=0
shrinkage=0.03


Tree=92
num_leaves=31
num_cat=0
split_feature=15 28 18 28 366 38 1 7 23 2 99 43 89 9 195 14 437 23 394 9 15 28 23 233 378 27 36 38 3 362
split_gain=49.2685 58.5283 51.977 47.4656 36.7799 42.8782 30.9565 34.3089 32.9547 32.0808 31.9249 38.5777 30.7234 30.4576 28.274 27.2249 27.11 42.2211 30.9915 26.7386 26.7258 24.3661 30.2813 24.0515 23.7156 27.1303 31.7632 25.1696 56.4188 51.855
threshold=4.5000000000000009 2.5000000000000004 7.5000000000000009 1.0000000180025095e-35 175.92499542236331 501.50000000000006 280.00500488281256 103.00000000000001 2.5000000000000004 1.5000000000000002 1.5000000000000002 53.500000000000007 3.5000000000000004 324.50000000000006 1.5000000000000002 18.500000000000004 853.00000000000011 8.5000000000000018 1.0000000180025095e-35 252.00000000000003 1.5000000000000002 6.5000000000000009 5.5000000000000009 7.5000000000000009 8.5000000000000018 10.500000000000002 412.75000000000006 170.50000000000003 1359.5000000000002 48.98500061035157
decision_type=2 2 2 2 2 10 2 10 2 2 10 8 10 10 10 2 2 2 10 10 2 2 2 10 10 2 10 10 2 2
left_child=3 13 4 14 15 21 7 8 19 -8 16 12 -12 -2 -1 -3 -9 18 24 20 -5 22 -6 -11 25 27 -27 -18 -29 -30
right_child=1 2 -4 6 5 -7 9 10 -10 23 11 -13 -14 -15 -16 -17 17 -19 -20 -21 -22 -23 -24 -25 -26 26 -28 28 29 -31
leaf_value=0.012485550639914357 0.025510841431469297 -0.0016233841570548351 0.037123703030244787 0.034292317655165196 0.020269769415371248 0.18772499146176949 0.074969941979259172 -0.010831485977039104 0.051519383098145966 0.0075075851198624938 0.031685717415858357 -0.026815281965722009 -0.03023776670257346 0.074579543676254703 -0.020298320519299373 -0.038411352889455998 -0.0022784185080218298 0.2057905461862132 0.091292721756468728 -0.011433490682942653 -0.0085050179251922146 -0.02056948585271719 0.11025999728279914 0.2241816886480143 0.074647124437736634 -0.020320832009062314 0.30897257179566462 0.34537759194488943 -0.01419907105258782 0.051501014133168078
leaf_weight=360.49665465950966 97.720014521386474 163.75640089856461 38.487998390570283 37.887686052825302 14.613404572941372 1.4856746438890684 6.7520843166857949 520.39606307866052 16.655288503039628 153.42812099168077 57.482090148609132 16.973225986585021 8.2454928858205658 12.88622602354735 25.340320562943816 20.355486667715013 478.29989894852042 0.88301143795251746 3.2011804417707017 44.622563785407692 20.098692809231579 8.3224987867288274 4.372196849435567 0.46246383711695571 3.5836399458348742 78.161155024077743 0.26452559232711692 0.47875229083001514 22.122089112643152 21.147422457113862
leaf_count=5790 733 11255 290 1031 284 36 65 32397 162 7153 828 691 131 111 557 194 26346 18 83 1978 530 481 40 4 27 5832 12 34 2019 888
internal_value=0.00290818 0.0130416 0.00504028 0.000953817 -0.000759603 0.0307705 -0.00147292 -0.00297488 0.0123775 0.0109669 -0.00448655 0.0135052 0.0239174 0.0312276 0.0103324 -0.00569068 -0.00580502 -0.00150379 -0.00180521 0.00602409 0.0194583 0.0222315 0.0409936 0.00815872 -0.00229858 -0.0027578 -0.0192101 -0.000286212 0.0214946 0.017911
internal_weight=2238.98 362 251.394 1876.98 212.906 28.7938 1491.15 1330.5 119.264 160.643 1211.24 82.7008 65.7276 110.606 385.837 184.112 1128.54 608.142 607.259 102.609 57.9864 27.3081 18.9856 153.891 604.057 600.474 78.4257 522.048 43.7483 43.2695
internal_count=100000 13424 12580 86576 12290 841 80229 73007 3701 7222 69306 1650 959 844 6347 11449 67656 35259 35241 3539 1561 805 324 7157 35158 35131 5844 29287 2941 2907
is_linear=0
shrinkage=0.03


Tree=93
num_leaves=31
num_cat=0
split_feature=37 0 2 421 4 49 48 7 49 337 7 364 4 26 425 28 133 435 38 435 0 182 41 0 231 359 31 4 13 0
split_gain=47.7218 45.0566 58.3536 43.2353 31.7187 32.4515 52.4489 33.3252 32.0999 29.5352 32.2377 25.6472 33.0427 25.806 25.5234 25.054 26.1989 24.4173 33.2258 23.6159 29.5017 29.316 22.9756 25.1464 27.789 22.8743 22.3884 32.5533 23.9583 35.0738
threshold=0.52083298563957225 3609708.5000000005 1.5000000000000002 42.500000000000007 577.50000000000011 1.0000000180025095e-35 1.0000000180025095e-35 163.00000000000003 1.0000000180025095e-35 2.5000000000000004 223.50000000000003 175.94999694824222 317.50000000000006 48.500000000000007 2.5000000000000004 1.0000000180025095e-35 1.5000000000000002 0.29029736766340813 57.500000000000007 2.5599805720713813 2055410.0000000002 223.25000000000003 3.5000000000000004 2588830.0000000005 26.500000000000004 722.67498779296886 5.5000000000000009 513.50000000000011 15.500000000000002 4503039.0000000009
decision_type=8 2 2 2 8 2 2 10 2 2 10 2 10 2 2 2 10 2 8 2 2 2 10 2 10 2 10 10 2 2
left_child=22 4 3 -3 5 6 11 25 -6 10 -9 13 19 15 -5 16 -2 18 -10 20 -13 -21 23 24 -1 -8 27 -4 29 -29
right_child=1 2 26 14 8 -7 7 9 17 -11 -12 12 -14 -15 -16 -17 -18 -19 -20 21 -22 -23 -24 -25 -26 -27 -28 28 -30 -31
leaf_value=0.0014159732026638328 -0.00039995939714808658 0.01570476249776492 0.00035927847269879459 0.022261503352370801 0.00019506062222043335 -0.012747298829039988 0.064404043908186978 -0.007640481600098204 0.10953338472798538 -0.01623939628705745 0.027444196618358278 0.20842181066434612 -0.0058232918079743623 0.048071511010811661 0.079539442801427385 -0.0093902630509618227 0.036414390419555638 0.021628938426724142 -0.019124418969523431 0.27906508711586125 0.026681276007362951 0.055724295145005813 -0.0087440295939078053 0.026261145525053198 0.20118315518874241 0.0013744189789189716 -0.00945432136010038 -0.0054926634548535551 0.027869077445966308 0.19675271866015595
leaf_weight=62.053099765907973 158.90681319218129 151.12535620015115 304.93413321441039 11.963132383301856 65.211951463483274 263.55638957722113 17.933008393272761 34.572365543805063 6.9827787945978317 32.703605745919049 74.069899586029351 0.85427855001762765 19.902724143583328 8.012629531323908 16.882966017350554 522.2017213194631 19.536593893542886 33.791807578410953 2.437020816374571 0.86391408462077324 13.623044672422109 1.3641997277736662 30.306656886357814 141.38906873762608 0.63310502003878255 7.2880412135273209 113.30379085242748 36.255535782314837 82.231381721794605 0.78851911798119445
leaf_count=1984 2805 2813 13564 216 3125 18045 478 1622 164 1041 2811 12 605 50 183 31958 133 1162 112 13 328 32 521 1934 8 96 10200 1455 2502 28
internal_value=0.00282187 0.00132191 0.00734319 0.0221289 -0.00204321 -0.00347539 -0.000795441 0.0144238 0.0134827 0.00875549 0.0162795 -0.00419694 0.0202889 -0.00546184 0.055785 -0.00607405 0.0036306 0.0335355 0.076248 0.0513987 0.0374054 0.142321 0.0156295 0.0192491 0.00343354 0.0461906 0.00239261 0.00555686 0.0188448 -0.00118767
internal_weight=2235.68 2001.3 717.485 179.971 1283.81 1175.39 911.833 166.567 108.424 141.346 108.642 745.266 36.6082 708.658 28.8461 700.645 178.443 43.2116 9.4198 16.7054 14.4773 2.22811 234.382 204.075 62.6862 25.221 537.513 424.21 119.275 37.0441
internal_count=100000 95553 30961 3212 64592 60029 41984 6048 4563 5474 4433 35936 990 34946 399 34896 2938 1438 276 385 340 45 4447 3926 1992 574 27749 17549 3985 1483
is_linear=0
shrinkage=0.03


Tree=94
num_leaves=31
num_cat=0
split_feature=15 28 18 0 113 0 36 274 76 3 3 335 13 20 110 2 324 27 24 23 3 43 431 144 20 23 365 16 16 43
split_gain=46.4991 54.5987 48.9304 47.7764 54.4838 39.5033 36.0853 33.8401 32.4062 32.4089 41.6093 35.2212 33.0037 30.4401 28.2064 27.344 26.4929 26.1239 25.6815 24.5667 25.5295 24.5447 23.529 41.4182 23.2058 27.8666 38.1092 37.8573 34.4323 60.0133
threshold=4.5000000000000009 2.5000000000000004 3.5000000000000004 2238627.5000000005 1.5000000000000002 2780106.5000000005 24.854166030883793 2.5000000000000004 2.5000000000000004 11513.000000000002 9351.5000000000018 1.0000000180025095e-35 21.500000000000004 3.5000000000000004 2.5000000000000004 2.5000000000000004 24.917900085449222 4.5000000000000009 5.5000000000000009 8.5000000000000018 6170.5000000000009 521.50000000000011 32.500000000000007 1.5000000000000002 67.500000000000014 5.5000000000000009 43.98500061035157 7.5000000000000009 93.500000000000014 412.50000000000006
decision_type=2 2 2 2 8 2 10 10 10 2 2 2 2 2 10 2 10 2 2 2 2 10 2 10 2 2 2 2 2 10
left_child=3 15 7 14 8 -6 16 24 9 10 19 -12 21 -14 22 17 -7 -2 -4 20 -5 -13 23 -1 25 -3 28 -28 -27 -30
right_child=1 2 18 4 5 6 -8 -9 -10 -11 11 12 13 -15 -16 -17 -18 -19 -20 -21 -22 -23 -24 -25 -26 26 27 -29 29 -31
leaf_value=-0.0041597045583117859 0.027333298417035815 -0.0044126996913245722 -0.027909736427888902 0.0029903064737610502 -0.0027165870312026476 0.019412755746349236 -0.0048663329894207633 -0.067952066779377818 0.041044847767644339 -0.0075900653062069487 -0.0098935263371085647 0.025278956576609703 -0.010930958080815522 0.24023945748129863 0.21802630029939912 0.068411809985056318 0.051801365864344827 -0.059994031302798234 0.035586495809280763 0.12866173204379816 -0.0098991392571495251 0.21728654763693203 -0.023061042359614585 0.22893376838332283 -0.02596657148543214 0.0058945428830601459 0.11941630192509468 0.0096088824589059506 -0.030240187326627827 0.74901047485602978
leaf_weight=91.28096198476851 91.544953566044569 106.58859539870173 6.4303332492709151 358.66772159887478 116.50353866769001 213.8887530057691 51.326646579429507 6.8542546005919567 16.619786572176963 447.8746985453181 45.300189306028187 140.13053318625316 31.893789853900671 0.44025686662644048 0.47447193413972755 14.666480201762168 25.431947746314108 3.1904994621872893 52.849610256031156 1.2983524464070786 225.09088278841227 0.60176151292398472 107.868624585215 0.69127392116933961 26.629204072523862 39.170983888208866 6.3754498236812633 5.0750819495879114 0.2106629628688087 0.15395004861056805
leaf_count=5458 629 5726 51 16370 3921 3752 1556 58 188 24276 3165 4875 1367 11 4 194 244 21 411 21 12101 20 9227 20 2899 3062 71 258 28 16
internal_value=0.00273441 0.0126141 0.00488788 0.000839267 0.00249513 0.012043 0.0179592 -0.00249997 -0.000570862 -0.0011236 0.00248118 0.0136562 0.0198204 -0.00751105 -0.0130073 0.0302936 0.0228546 0.0243923 0.0286988 -0.0016898 -0.00197972 0.0261 -0.0135558 -0.00240775 -6.44901e-05 0.00431281 0.0225538 0.0707477 0.00859567 0.298782
internal_weight=2235.12 359.74 250.338 1875.38 1675.07 407.151 290.647 191.058 1267.92 1251.3 803.423 218.367 173.066 32.334 200.315 109.402 239.321 94.7355 59.2799 585.057 583.759 140.732 199.841 91.9722 184.204 157.575 50.9861 11.4505 39.5356 0.364613
internal_count=100000 13424 12580 86576 71867 9473 5552 12118 62394 62206 37930 9438 6273 1378 14709 844 3996 650 462 28492 28471 4895 14705 5478 12060 9161 3435 329 3106 44
is_linear=0
shrinkage=0.03


Tree=95
num_leaves=31
num_cat=0
split_feature=46 0 106 439 19 195 439 49 20 139 23 33 36 362 387 295 394 214 434 15 3 422 396 3 369 4 43 434 139 29
split_gain=44.8489 60.6506 47.8328 35.3176 45.9364 30.1144 29.0339 38.6517 34.352 27.0005 30.773 30.221 26.9972 25.9152 23.2466 22.4325 22.346 21.5997 25.0385 24.3032 20.5321 20.3312 24.9686 21.6414 26.0605 33.1677 64.5959 29.4259 19.9593 21.4489
threshold=1.0000000180025095e-35 2233744.5000000005 1.5000000000000002 73092.000000000015 1.0000000180025095e-35 2.5000000000000004 32643.500000000004 1.0000000180025095e-35 7.5000000000000009 2.5000000000000004 3.5000000000000004 27.500000000000004 57.687498092651374 3020.4350585937505 161.00000000000003 1.5000000000000002 1.0000000180025095e-35 85.000000000000014 -0.27490638294432962 3.5000000000000004 11654.500000000002 74.500000000000014 1.0000000180025095e-35 9482.0000000000018 100.10884857177736 511.50000000000006 426.50000000000006 0.46488490865339033 2.5000000000000004 157.50000000000003
decision_type=2 2 8 2 2 10 2 2 2 10 2 10 10 2 8 10 10 10 2 2 2 2 10 2 2 10 10 2 10 2
left_child=1 14 3 6 9 12 7 13 -8 10 20 -12 15 28 -1 16 -4 19 -19 -14 21 22 23 -5 25 -25 27 -27 29 -3
right_child=-2 2 5 4 -6 -7 8 -9 -10 -11 11 -13 17 -15 -16 -17 -18 18 -20 -21 -22 -23 -24 24 -26 26 -28 -29 -30 -31
leaf_value=-0.022689114160046236 -0.0057678887468478549 0.0032805058537255061 0.015521288369371781 0.0066825680480420129 -0.011386161558064847 -0.021392749234348623 -0.012833991841036571 -0.011357765955019659 0.039978820079642471 0.03285992793506827 0.035252360614736335 0.18841182767800652 -0.014473937006103325 0.11811639364630588 -0.0013601869153465329 0.037098220875267499 0.078229910454193002 0.18445950219899054 -0.00047419482103874762 0.034127072670095793 -0.0011007600458014699 -0.01270026459193546 0.042729427142011972 0.026995514178301875 -0.0072023098888390567 0.036355936175152086 0.35449142449699789 0.20363331142095359 0.053239023907677104 0.029705178470854306
leaf_weight=87.569589908234775 453.61208960227668 135.78138620825484 305.71195060154423 193.00782726844773 92.350087667349726 19.604412810411304 222.76707129226997 95.167023684363812 11.664930124767123 48.521069695241749 21.45877885166556 1.2257089298218478 48.758889981545508 2.0569112990051499 96.858346173074096 56.638581709936261 5.2013307330198577 1.1893636435270312 1.4773280415683974 11.43100592959672 156.90600196458399 26.954005342908204 25.757912547327578 43.145371611230075 15.700174819678066 5.4575221426784983 0.7773407045751809 1.1450198488309977 9.5455245655029994 34.713525906670839
leaf_count=8545 30144 5778 6773 5785 10060 504 7528 6154 253 344 422 43 1941 15 4346 427 60 25 23 163 5559 585 374 1375 227 218 31 33 83 2182
internal_value=0.00265236 0.00479992 0.00668426 0.00342512 0.00816635 0.0149702 -0.00243459 0.00413637 -0.0102061 0.0115098 0.00940231 0.043528 0.0166265 0.0122339 -0.0114875 0.0197336 0.0165704 -0.0015422 0.0820076 -0.00524384 0.00775121 0.0122037 0.0145591 0.01176 0.0265577 0.0370482 0.0958197 0.0653654 0.0110242 0.00866069
internal_weight=2232.16 1778.54 1594.12 1144.1 632.407 450.013 511.696 277.264 234.432 540.057 491.536 22.6845 430.408 182.097 184.428 367.552 310.913 62.8566 2.66669 60.1899 468.851 311.945 284.991 259.233 66.2254 50.5253 7.37988 6.60254 180.04 170.495
internal_count=100000 69856 56965 47049 25056 9916 21993 14212 7781 14996 14652 465 9412 8058 12891 7260 6833 2152 48 2104 14187 8628 8043 7669 1884 1657 282 251 8043 7960
is_linear=0
shrinkage=0.03


Tree=96
num_leaves=31
num_cat=0
split_feature=1 411 310 0 26 0 0 101 7 49 422 362 436 365 30 152 4 436 127 437 432 436 121 437 36 409 410 107 135 7
split_gain=44.068 55.9317 44.5646 41.7203 32.655 30.8387 28.4263 30.5571 27.2109 38.7591 45.2428 30.6327 26.1302 26.2916 26.9633 25.5618 27.5351 33.0682 31.241 24.2397 23.502 23.289 21.877 24.9333 21.7018 21.2325 27.3121 23.1581 25.7451 27.605
threshold=138.08399963378909 274.50000000000006 3.5000000000000004 2338953.0000000005 45.500000000000007 2417806.0000000005 2233744.5000000005 1.0000000180025095e-35 118.50000000000001 1.0000000180025095e-35 67.500000000000014 273.92500305175787 45.810745442466128 78.061000823974624 29.500000000000004 1.5000000000000002 577.50000000000011 -131.37183359995123 1.0000000180025095e-35 45.500000000000007 2.5000000000000004 -3.4708532083924406 1.0000000180025095e-35 12261.500000000002 122.91666793823244 12.500000000000002 288.50000000000006 2.5000000000000004 1.5000000000000002 225.50000000000003
decision_type=2 10 10 2 2 2 2 10 8 2 2 2 2 2 8 2 8 2 8 2 2 2 10 2 10 10 10 10 10 10
left_child=2 -2 4 -3 6 -4 -1 8 9 10 12 15 13 14 -8 16 25 18 20 21 -18 -17 -13 -24 -5 27 -27 28 -10 -30
right_child=1 3 5 24 -6 -7 7 -9 11 -11 -12 22 -14 -15 -16 19 17 -19 -20 -21 -22 -23 23 -25 -26 26 -28 -29 29 -31
leaf_value=-0.014029875638822589 0.0046895671589469931 -0.0067400576296355024 -0.02802030842127038 0.038839099027398447 0.042415879550607931 0.033673704717496061 0.064241829604969339 -0.014564805792420039 -0.0036151542656261549 -0.01524953913342353 -0.020860611980140886 -0.019034043023100012 0.14551296673896202 -0.032752894466744606 0.023612520120320089 0.037380092813527901 0.22157961829537476 -0.0043192115593567266 0.017364783539918362 0.012131475133450776 0.065958598284154513 0.14488911467236343 0.016598228105274119 0.20912319772938279 -0.015285495585705947 -0.010556918917604116 0.018722464047831264 -0.027733880606643141 -0.0042222456871757463 0.037940655336354295
leaf_weight=147.45348866982386 498.4800676475279 26.841615685727447 8.4701009360142034 98.094317246228456 15.384476386010645 52.431373448111117 19.12541578290984 121.03684482444078 679.73404677025974 32.211117807775736 18.246363330166787 96.068756555207074 1.7564568016678084 5.858731386717408 63.541239232756197 6.8436057944782078 0.94604591745883126 27.777499413117766 20.325867993291467 40.059096176642925 11.373400655109434 2.4672147464007121 3.1962017863988872 0.74687821650877584 7.1535073425620785 41.269586083013564 93.940262561663985 32.89230078458786 27.059639048296958 28.903354985173792
leaf_count=11902 20274 1461 66 1302 92 407 259 15874 31814 1360 557 3732 19 150 1766 124 39 1165 659 1038 235 45 393 38 226 1157 2182 633 526 505
internal_value=0.00257252 0.00928889 -7.59035e-05 0.0266459 -0.00107241 0.0250934 -0.00151175 -0.000169695 0.00121935 0.0136485 0.0222254 -0.00035147 0.0309333 0.0286599 0.0330123 0.00121147 0.000133449 0.0197405 0.0402126 0.0222658 0.0779092 0.0658682 -0.0161914 0.0530653 0.0351603 -0.00117736 0.00978563 -0.00310597 -0.00200488 0.0175537
internal_weight=2229.69 630.57 1599.12 132.089 1538.22 60.9015 1522.83 1375.38 1254.34 140.739 108.528 1113.6 90.2818 88.5254 82.6667 1013.59 964.222 60.4228 32.6453 49.3699 12.3194 9.31082 100.012 3.94308 105.248 903.799 135.21 768.589 735.697 55.963
internal_count=100000 23263 76737 2989 76264 473 76172 64270 48396 4111 2751 44285 2194 2175 2025 40122 38915 2098 933 1207 274 169 4163 431 1528 36817 3339 33478 32845 1031
is_linear=0
shrinkage=0.03


Tree=97
num_leaves=31
num_cat=0
split_feature=30 0 135 439 431 9 183 411 20 439 26 12 64 100 436 33 12 138 397 436 16 0 9 182 31 43 96 434 38 32
split_gain=42.0412 55.654 61.7091 47.61 47.4138 35.2939 34.0156 29.8928 29.7219 29.4724 45.1925 34.7437 24.5693 27.3035 60.8473 23.6264 23.2581 23.1057 22.3776 23.5862 22.1371 21.8051 20.2297 23.7041 20.1826 36.6436 20.0214 19.5771 19.2893 29.1306
threshold=10.500000000000002 2583949.5000000005 1.5000000000000002 164644.50000000003 471.50000000000006 204.50000000000003 333.97500610351568 538.50000000000011 6.5000000000000009 5681.5000000000009 1.5000000000000002 1.0000000180025095e-35 1.5000000000000002 1.5000000000000002 -61.986408694385815 3.5000000000000004 1.0000000180025095e-35 3.5000000000000004 -4.4999999999999991 43.631858966676184 3.5000000000000004 3423405.5000000005 225.50000000000003 199.97000122070315 3.5000000000000004 22.500000000000004 2.5000000000000004 0.99999599622376301 454.50000000000006 294.50000000000006
decision_type=10 2 8 2 2 10 2 10 2 2 2 8 10 10 2 10 8 8 8 2 2 2 8 2 8 10 10 2 10 8
left_child=1 4 3 8 16 6 21 -4 9 10 11 -3 13 -7 -15 -2 -1 -13 19 -6 -10 26 28 -24 -25 -26 -5 -21 -18 -30
right_child=15 2 7 5 18 12 -8 -9 20 -11 -12 17 -14 14 -16 -17 22 -19 -20 27 -22 -23 23 24 25 -27 -28 -29 29 -31
leaf_value=0.088074863137467624 0.00057069161875387855 0.17789300158973059 0.014853608454355714 0.003194405761318307 -0.0079930612214725322 -0.0038466884421582302 0.11125592804689063 0.037101134524931023 0.17009124481991875 -0.010670245371349359 0.053053845983874734 -0.0022349768250836473 0.060615739644952898 0.54927262298669421 -0.030688838977171111 -0.011202858688374728 -0.01624244579200693 0.12011547227699376 -0.020042081464555987 0.080181769572590419 0.025828915283500512 0.026152199572483197 0.0064430084579369905 0.033526655394336129 0.26993754607861198 0.0022309551650757323 0.038414462166879139 0.0051751052817877253 0.36354610136963694 -0.030453600947418478
leaf_weight=3.0824396759271622 401.71942385006696 0.98442001082003117 269.23371064476669 103.059602312278 52.410130153410137 133.59103060746565 3.514450808055698 68.105736298952252 1.0088614951819206 258.09189654933289 16.362380512990057 134.86692039435729 5.7202323055826119 0.25870253285393119 0.43924801889806886 248.1629160461016 40.843572801910341 1.4036121517419804 154.60460671084002 5.4997378061525506 18.739225874654949 122.51129644317552 144.69707799097523 11.223655971232798 0.95283997384831376 0.88999855238944292 16.909834451973438 7.2737669767811894 0.30360565939918061 0.38061623554676771
leaf_count=52 19885 23 5258 2547 2527 7193 37 1105 11 11094 152 6516 50 21 29 21027 2174 9 9631 148 608 2887 6469 157 31 49 115 149 10 36
internal_value=0.00249593 0.00514212 0.00854969 0.00409475 -0.0041791 0.0117491 0.0185928 0.0193452 -0.00275325 -0.00447773 0.00592628 0.000308131 -0.000275187 -0.00286892 0.18428 -0.00392514 0.00629844 -0.000974744 -0.0138265 0.000915933 0.0331988 0.0172498 0.0050336 0.00993746 0.0486347 0.140649 0.00815871 0.0374698 -0.0135961 0.144374
internal_weight=2226.85 1576.96 1154.8 817.462 422.162 386.004 245.995 337.339 431.457 411.709 153.617 137.255 140.009 134.289 0.697951 649.882 202.374 136.271 219.788 65.1836 19.7481 242.481 199.291 157.764 13.0665 1.84284 119.969 12.7735 41.5278 0.684222
internal_count=100000 59088 37655 31292 21433 12879 5586 6363 18413 17794 6700 6548 7293 7243 50 40912 8978 6525 12455 2824 619 5549 8926 6706 237 80 2662 297 2220 46
is_linear=0
shrinkage=0.03


Tree=98
num_leaves=31
num_cat=0
split_feature=15 28 18 0 28 14 20 437 437 23 119 43 439 0 4 3 43 29 105 65 49 100 1 9 437 101 19 4 39 3
split_gain=41.0848 49.1249 43.3553 40.138 46.9202 32.3941 27.3992 27.126 33.0335 48.2145 43.3417 35.9044 35.5452 31.8211 32.3377 31.489 47.261 75.2849 116.298 31.5079 27.6127 34.4391 83.4505 25.92 25.1146 23.8332 26.7217 89.7735 122.343 42.7909
threshold=4.5000000000000009 2.5000000000000004 7.5000000000000009 2238627.5000000005 1.0000000180025095e-35 18.500000000000004 67.500000000000014 14547.000000000002 806.50000000000011 8.5000000000000018 1.5000000000000002 32.500000000000007 41124.000000000007 3196676.0000000005 579.50000000000011 1901.0000000000002 229.50000000000003 151.50000000000003 1.0000000180025095e-35 1.5000000000000002 1.0000000180025095e-35 1.0000000180025095e-35 311.97500610351568 324.50000000000006 873.00000000000011 1.5000000000000002 52.500000000000007 158.50000000000003 298.50000000000006 16326.500000000002
decision_type=2 2 2 2 2 2 2 2 2 2 8 10 2 2 8 2 8 2 10 8 2 10 2 10 2 10 2 8 10 2
left_child=3 23 5 -1 -5 6 25 8 10 11 -6 13 -12 14 -10 16 17 19 -19 -13 21 -16 -23 -2 -15 26 -3 28 -28 -29
right_child=1 2 -4 4 7 -7 -8 -9 9 -11 12 15 -14 24 20 -17 -18 18 -20 -21 -22 22 -24 -25 -26 -27 27 29 -30 -31
leaf_value=-0.012302846525264562 0.023320816859936273 0.0031820120823313697 0.034428948194564102 0.01201224297290791 -0.0097158050505505317 -0.03708584195365399 -0.025793569000551901 -0.028991646979754 -0.0041649345384186624 0.24359410007564883 -0.012419305154436084 -0.030933789750183953 0.017875357370910519 0.058700433040277306 0.0013347895770214836 -0.0082603398261592957 -0.023144736218307364 -0.030526351803806282 0.57359931902408778 0.16450246853980036 0.07994232809511452 0.62648436848816724 -0.030493855098303702 0.068601015321744063 0.013706452733790437 0.0703054961473112 0.071516734426225526 0.0091449288797834562 1.0376477764233085 0.38659995810447895
leaf_weight=193.21446972060949 93.511724835261703 154.66808664239943 36.97708360850811 344.15887143928558 445.58570426516235 20.027321936562657 25.701818172819912 29.234379958827049 184.92645997181535 0.75943668372928996 50.726243439596146 1.9552273135632252 111.42175571760163 11.657402623444794 15.626580997835848 202.50114459125325 3.9984469679184267 0.48875657143071272 0.69401413016021252 1.1968986671417949 7.6381966709159306 0.27406232059002 0.476632677949965 12.954006805084644 264.35591577552259 5.2652204879559568 0.29482314921915431 4.4459837870672345 0.19664415763691068 0.28780944971367706
leaf_count=14709 733 8327 290 4760 27451 194 2899 2036 8770 13 1934 132 2376 271 598 13362 282 36 28 12 220 30 40 111 9516 400 40 374 25 31
internal_value=0.00241936 0.0117862 0.00446533 0.00064535 0.00213657 -0.000788498 0.00302025 -0.000412183 0.000228401 0.00468797 -0.0048829 0.00442721 0.008398 0.00892063 8.81978e-05 -0.0059084 0.0512439 0.119859 0.323956 0.0432756 0.0328386 0.0108699 0.209355 0.0288302 0.0156068 0.00750423 0.00543621 0.0721605 0.458082 0.0320938
internal_weight=2225.22 354.331 247.865 1870.89 1677.68 210.888 190.86 1333.52 1304.28 696.549 607.734 695.79 162.148 484.955 208.942 210.834 8.33334 4.3349 1.18277 3.15213 24.0155 16.3773 0.750695 106.466 276.013 165.159 159.893 5.22526 0.491467 4.73379
internal_count=100000 13424 12580 86576 71867 12290 12096 67107 65071 33310 31761 33297 4310 19445 9658 13852 490 208 64 144 888 668 70 844 9787 9197 8797 470 65 405
is_linear=0
shrinkage=0.03


Tree=99
num_leaves=31
num_cat=0
split_feature=1 411 310 0 26 99 32 7 38 30 9 30 0 204 27 4 434 365 404 436 182 2 434 20 359 48 365 182 0 394
split_gain=40.308 49.4571 40.6941 35.7979 30.1402 27.3308 26.742 25.9946 33.7027 27.3836 27.8679 25.3718 35.0524 26.1063 23.362 30.3112 22.6391 23.4546 22.239 41.2738 28.5217 26.2338 23.5918 22.6142 27.4382 27.0571 38.4767 23.0341 21.3113 20.5928
threshold=138.08399963378909 274.50000000000006 4.5000000000000009 2338953.0000000005 45.500000000000007 1.5000000000000002 53.500000000000007 103.00000000000001 115.50000000000001 110.50000000000001 252.00000000000003 8.5000000000000018 3609708.5000000005 1.5000000000000002 9.5000000000000018 266.50000000000006 -0.2821850616683057 60.199399948120124 51.500000000000007 -39.749924161585362 67.969997406005874 1.5000000000000002 -0.43840698672835854 2.5000000000000004 159.97499847412112 1.0000000180025095e-35 226.94999694824222 68.875000000000014 2417806.0000000005 1.0000000180025095e-35
decision_type=2 10 10 2 2 10 10 10 8 10 10 10 2 10 2 8 2 2 10 2 2 2 2 2 2 2 2 2 2 10
left_child=2 -2 4 -3 5 7 -7 8 9 10 16 12 -9 -13 15 -11 17 -1 20 21 22 -20 -14 25 -25 26 27 -22 -4 -5
right_child=1 3 28 29 -6 6 -8 11 -10 14 -12 13 18 -15 -16 -17 -18 -19 19 -21 23 -23 -24 24 -26 -27 -28 -29 -30 -31
leaf_value=0.046004832478733292 0.0044243166606184594 -0.006314717484595795 -0.027214070483046998 0.030219682061970371 0.04078310261565507 0.019056060805337109 -0.018979998436759505 -0.0051050591630308582 -0.014857873895814363 0.32398927727825871 -0.016576915665000937 -0.010781449209177509 -0.015328897832826541 0.057409399501954977 0.04667586492541885 0.061432122096052907 -0.0010639742334034802 -0.036009185777494394 0.063500664140266727 0.0019534021675478705 0.20658851435745273 0.00038116894862521514 0.0068127101306084776 0.15189840799380855 0.036127170070318224 -0.019474458385544714 0.2341459628003551 0.018590422058875584 0.036656080118333469 0.10114423455825179
leaf_weight=34.186073190532625 500.02424757741392 26.308123426046222 5.3766308734193435 102.64282537112013 15.379538044333456 96.784533035010099 20.088820093311369 592.07568575907499 33.609328648541123 0.67504642484709498 19.667158991564065 409.48331647599116 70.499341494869441 5.1159646851010612 8.9908485799096507 0.95638777734711777 19.934475860092789 3.4555115727707735 23.75071088317782 40.215523015707731 0.62341026123613374 7.8965011890977612 112.29724493995309 2.5803690934553725 6.4427619641646743 11.439151325263083 0.89917715732008296 9.920996977016328 37.455651771277189 3.8215503860265008
leaf_count=633 20274 1461 39 1498 97 1263 780 28752 1654 21 817 30702 3563 61 93 34 322 58 277 826 9 240 5366 103 68 267 16 367 309 30
internal_value=0.00234247 0.00874609 -0.000206394 0.025022 -0.00100505 -0.00142467 0.0125182 -0.00257653 0.0106921 0.0204651 0.0142545 -0.00382286 -0.000936392 -0.00994001 0.0656277 0.170072 0.0247861 0.0384759 0.00767654 0.0221221 0.0028415 0.0477513 -0.00172667 0.0290136 0.0692346 0.0131537 0.0457692 0.0297053 0.0286386 0.0327655
internal_weight=2222.6 632.797 1589.8 132.772 1546.97 1531.59 116.873 1414.71 121.475 87.8655 77.2432 1293.24 878.641 414.599 10.6223 1.63143 57.5761 37.6416 286.565 71.8627 214.702 31.6472 182.797 31.9059 9.02313 22.8827 11.4436 10.5444 42.8323 106.464
internal_count=100000 23263 76737 2989 76389 76292 2043 74249 3632 1978 1830 70617 39854 30763 148 55 1013 691 11102 1343 9759 517 8929 830 171 659 392 376 348 1528
is_linear=0
shrinkage=0.03


Tree=100
num_leaves=31
num_cat=0
split_feature=4 34 27 13 15 182 135 361 213 124 27 43 372 146 437 436 3 105 371 5 334 28 11 56 105 114 4 6 7 1
split_gain=595.889 1510.27 590.221 576.97 181.835 395.119 378.873 146.863 115.922 104.211 84.8858 89.3247 147.139 124.148 169.836 113.955 114.725 88.0192 198.47 82.473 80.1975 86.8484 183.324 102.643 75.9556 101.231 71.5343 72.6557 107.055 70.9546
threshold=1.0000000180025095e-35 1.0000000180025095e-35 1.0000000180025095e-35 15.500000000000002 9.5000000000000018 1951.0000000000002 3.5000000000000004 318.69999694824224 155.00000000000003 1.0000000180025095e-35 1.0000000180025095e-35 27.500000000000004 91.95999908447267 1.0000000180025095e-35 98.500000000000014 -31.518332951863595 8045.0000000000009 1.0000000180025095e-35 49.073450088500984 204.50000000000003 5.5000000000000009 8.5000000000000018 1.5000000000000002 1.0000000180025095e-35 2.5000000000000004 2.5000000000000004 579.50000000000011 1.5000000000000002 190.50000000000003 6.4680001735687265
decision_type=10 8 2 2 2 2 10 8 10 10 2 8 8 10 2 2 2 10 8 8 8 2 8 10 10 10 8 2 10 2
left_child=1 2 -1 -4 8 6 20 29 9 10 -2 12 24 15 -15 16 17 18 -14 -13 21 22 23 -6 25 26 27 28 -12 -3
right_child=4 7 3 -5 5 -7 -8 -9 -10 -11 11 19 13 14 -16 -17 -18 -19 -20 -21 -22 -23 -24 -25 -26 -27 -28 -29 -30 -31
leaf_value=0.22725182581197034 0.017363509023571852 0.21120526818746224 0.82560601570731462 0.04504839545403367 0.71133062433419325 0.78092416950388055 0.81500276033386498 0.29448208465860853 0.093049712332911261 -0.012055920476120835 0.063942916161080124 -0.0070079520854819622 0.8280718002825399 0.4137705664001875 0.087062180481164861 0.0064452412706432691 0.01189993688044191 0.14249677403022404 0.023685976237367814 0.32730060817598045 0.31317588059283824 0.0022187999840870285 0.037832042545811108 0.18828160085950316 -0.10239780989543758 0.06882564975779755 0.053736661621972312 -0.0013777594701228839 0.50220129387829426 -0.011796612678437363
leaf_weight=7.6324460431933403 297.37412475049496 1.3356803394854058 3.7808905988931656 1.1003210786730049 0.52553860843181499 0.62830619793385167 0.54812332335859437 1.5589175708591927 11.881640465930102 566.02555537084118 4.6723683197051278 813.32126652635634 0.55856494978070048 1.8834981601685274 5.9742947285994887 33.665639470331371 6.4119625273160628 7.0570063097402453 0.54583645425736915 0.66468186303973098 0.86615123692899842 89.339601291809231 101.31887904368341 0.94456003280356526 6.0001267194747916 21.425931341946125 23.201777689158916 483.81756891915575 0.56196899339556683 33.265960451215506
leaf_count=67 4746 11 109 17 30 27 24 23 99 11270 180 46248 20 33 57 875 156 108 22 9 16 6347 1270 28 30 141 834 25682 21 1500
internal_value=0.00399707 0.107949 0.392018 0.649653 0.00195619 0.0298275 0.0273892 0.0096445 -0.000412169 -0.000900687 0.00279799 -0.000274448 0.0085523 0.0547949 0.165374 0.0367824 0.106864 0.181471 0.430514 -0.00673496 0.0251523 0.0238538 0.042658 0.375264 0.00374563 0.004939 0.00226682 -0.000175028 0.110995 -0.00318837
internal_weight=2527.89 48.6742 12.5137 4.88121 2479.21 194.171 193.543 36.1606 2285.04 2273.16 1707.14 1409.76 595.777 56.0968 7.85779 48.239 14.5734 8.16141 1.1044 813.986 192.995 192.129 102.789 1.4701 539.68 533.68 512.254 489.052 5.23434 34.6016
internal_count=100000 1727 193 126 98273 7742 7715 1534 90531 90432 79162 74416 28159 1271 90 1181 306 150 42 46257 7691 7675 1328 58 26888 26858 26717 25883 201 1511
is_linear=0
shrinkage=0.03


Tree=101
num_leaves=31
num_cat=0
split_feature=392 4 27 25 19 135 30 347 183 128 43 215 322 0 123 105 114 43 88 9 27 438 389 436 353 106 341 334 12 49
split_gain=513.101 906.245 165.865 97.318 278.992 227.917 92.9633 97.6675 92.5651 243.533 107.708 92.2228 89.1171 88.6824 80.556 66.7155 97.3602 85.7464 76.1498 147.635 75.0589 73.6055 85.386 64.1781 62.6368 72.0337 64.0175 62.4896 52.1989 51.982
threshold=-47.499999999999993 1.0000000180025095e-35 1.0000000180025095e-35 6.5000000000000009 12.500000000000002 3.5000000000000004 49.500000000000007 2.5000000000000004 727.47500610351574 1.0000000180025095e-35 2.5000000000000004 182.50000000000003 28.18645000457764 5709817.5000000009 1.0000000180025095e-35 2.5000000000000004 2.5000000000000004 30.500000000000004 2.5000000000000004 474.00000000000006 1.0000000180025095e-35 5275.5000000000009 20.500000000000004 -182.09970943412728 2.5000000000000004 1.5000000000000002 4.5000000000000009 5.5000000000000009 715.50000000000011 1.0000000180025095e-35
decision_type=8 10 2 2 2 10 10 8 2 10 10 10 10 2 10 10 10 8 10 10 2 2 10 2 10 10 10 8 10 2
left_child=1 2 -1 4 11 8 -6 13 10 -10 27 14 23 -8 15 16 18 -18 20 -20 21 22 -2 -3 26 -26 -22 28 29 -5
right_child=3 12 -4 5 6 -7 7 -9 9 -11 -12 -13 -14 -15 -16 -17 17 -19 19 -21 24 -23 -24 -25 25 -27 -28 -29 -30 -31
leaf_value=0.18820678188138526 0.02885148068151186 0.18754230465437402 0.38105582121889969 0.029915850563936412 0.12032558079713888 0.51944612316092498 0.46090254938682262 0.25593967304387477 -0.0083750876785646262 0.5677223056180597 -0.0038951918673533099 0.085609814488459876 0.24036162117018781 1.1993926967105553 -0.010890004719209189 -0.094312988919891275 0.071236508056608153 -0.0364226614246397 -0.03401656335077758 0.29691418334727954 -0.0024796774925559136 0.0054139593044251607 0.13185351708616155 0.0098499097441820758 -0.0010869055434443227 0.13991340808084698 0.21567518922498211 0.21254559620798461 0.16490359298855012 0.1676376407812856
leaf_weight=8.2393911778926867 77.348163707181811 1.9023529086261977 7.8266589734703294 70.736587543040514 1.3317939136177295 0.82896838337182899 0.36585470708087053 0.827517829835415 1.9405774623155585 1.0010852385312319 92.820328216068447 11.163701493293045 1.6564801717177022 0.24392372369766235 544.72834779182449 6.4042518138885489 31.9016672084108 8.4143513627350313 2.6074041789397588 2.2691335678100586 1373.8231963720173 208.15283421985805 7.9917108807712784 47.655863819643855 7.1148231504484993 6.0200389493256807 1.2116979099810112 1.9288610331714142 2.8808627426624289 2.5556651358492664
leaf_count=62 1262 29 109 992 23 24 25 8 42 23 6223 92 24 21 10958 31 201 132 45 25 75162 3373 85 537 175 44 25 16 25 207
internal_value=0.0038335 0.0855733 0.282154 0.00160392 -4.12294e-05 0.0231878 0.300903 0.468225 0.0208217 0.187678 0.01795 -0.000405269 0.0239059 0.756314 -0.000826802 0.00233586 0.00269429 0.048767 0.00159295 0.119971 0.00124967 0.0150337 0.0384972 0.0166709 -0.0016646 0.0635371 -0.00228744 0.0439119 0.0396417 0.0347181
internal_weight=2533.89 67.2807 16.0661 2466.61 2291.92 174.693 2.76909 1.4373 173.864 2.94166 170.922 2289.15 51.2147 0.609778 2277.99 1733.26 1726.86 40.316 1686.54 4.87654 1681.66 293.493 85.3399 49.5582 1388.17 13.1349 1375.03 78.102 76.1731 73.2923
internal_count=100000 761 171 99239 91687 7552 77 54 7528 65 7463 91610 590 46 91518 80560 80529 333 80196 70 80126 4720 1347 566 75406 219 75187 1240 1224 1199
is_linear=0
shrinkage=0.03


Tree=102
num_leaves=31
num_cat=0
split_feature=392 435 15 19 135 182 1 74 40 23 365 322 56 48 362 105 341 88 437 32 135 352 13 27 114 23 13 330 32 135
split_gain=447.291 618.729 170.371 141.164 131.805 120.931 100.217 119.43 81.9287 75.0911 69.4422 68.0299 67.2697 72.4466 80.7848 59.74 99.9887 62.8537 80.0483 72.294 63.0061 87.268 55.1947 77.649 48.9132 47.7159 45.7559 44.8375 47.3195 66.2908
threshold=-47.499999999999993 0.14489561618315031 9.5000000000000018 12.500000000000002 3.5000000000000004 1951.0000000000002 43.995000839233406 1.5000000000000002 539.50000000000011 9.5000000000000018 222.74500274658206 28.18645000457764 1.0000000180025095e-35 1.0000000180025095e-35 95.702201843261733 2.5000000000000004 4.5000000000000009 2.5000000000000004 531.00000000000011 19.500000000000004 1.5000000000000002 1.0000000180025095e-35 1.5000000000000002 1.0000000180025095e-35 1.5000000000000002 12.500000000000002 1.0000000180025095e-35 77.528400421142592 403.50000000000006 1.0000000180025095e-35
decision_type=8 2 2 2 10 2 2 10 10 2 8 10 8 2 10 10 10 10 2 10 10 10 2 2 8 2 2 8 10 10
left_child=1 -1 3 6 5 9 8 15 -2 12 -11 22 13 -4 -15 16 17 19 -19 20 -8 -22 23 -3 -23 26 -21 -14 -29 -30
right_child=2 11 4 -5 -6 -7 7 -9 -10 10 -12 -13 27 14 -16 -17 -18 18 -20 25 21 24 -24 -25 -26 -27 -28 28 29 -31
leaf_value=0.22302172204565673 -0.011252695198990918 0.19050120847465515 0.061834476958356192 0.2627360459030359 0.33877260027528122 0.28622453007894338 0.0042467847028995033 0.14327256874363178 0.28135479603833968 -0.014227684270966091 0.11235895079610772 0.19853832475772762 0.046758937395081031 0.0552266992536092 0.47638100649381193 -0.090589928341026693 0.33459007446718197 0.22775209788891468 -0.020007059284175437 0.24199666554595292 0.017312810714714796 0.21222677631168796 0.004756649288246869 -0.0064951426276089125 0.070826911607218407 0.25389065304784925 -0.0087355693122297424 -0.00031185516864987221 0.23697927256163009 0.027073509309022758
leaf_weight=19.247647268697619 654.44688149122521 3.6915734633803359 3.2166259828954926 1.8283939003013063 1.224606480449437 1.6006795279681671 1067.0070482566953 5.4475025571882716 0.86234174855053325 52.044982969295233 4.216191758401691 1.9402185901999462 78.143615180626512 0.69352687988430251 1.0023586414754388 6.1718329042196265 0.81765912659466167 2.5147520452737799 2.2007233565673232 0.65602992521598835 80.876980656292289 2.6812855964526516 43.403766188770533 3.5158572271466255 12.311378991231321 0.62532065808772941 434.9085449334234 45.169081663247198 1.8640900575555859 4.9492726433090857
leaf_count=189 24074 31 206 62 24 27 39171 47 24 5047 71 24 586 22 21 29 14 23 27 25 1179 33 453 64 151 8 26534 1471 54 309
internal_value=0.00369182 0.0775041 0.00154402 -0.000759537 0.0285205 0.0265509 -0.000971629 0.00304079 -0.0108676 0.0243781 -0.00474133 0.0242063 0.0365101 0.145487 0.304151 0.00256654 0.00292485 0.00275576 0.112122 0.00243325 0.00633995 0.0296363 0.0175232 0.0944044 0.0961148 -0.00798197 -0.00835793 0.0323961 0.0108048 0.0845023
internal_weight=2539.28 71.7991 2467.48 2273.36 194.125 192.9 2271.53 1616.22 655.309 191.3 56.2612 52.5514 135.039 4.91251 1.69589 1610.77 1604.6 1603.78 4.71548 1599.07 1162.88 95.8696 50.6112 7.20743 14.9927 436.19 435.565 130.126 51.9824 6.81336
internal_count=100000 761 99239 91401 7838 7814 91339 67241 24098 7787 5118 572 2669 249 43 67194 67165 67151 50 67101 40534 1363 548 95 184 26567 26559 2420 1834 363
is_linear=0
shrinkage=0.03


Tree=103
num_leaves=31
num_cat=0
split_feature=392 4 15 28 27 1 182 376 40 322 370 3 105 341 88 9 334 27 362 13 351 438 114 434 435 352 27 28 3 9
split_gain=395.658 473.506 159.641 98.7035 180.713 98.3352 97.2531 83.1384 61.0617 58.5 56.6294 61.0789 54.3002 71.5518 54.4614 63.3538 51.0302 51.025 64.3365 82.3975 125.498 77.6823 61.8145 59.0762 50.5307 48.8454 45.921 45.0739 47.7757 91.2847
threshold=-47.499999999999993 1.0000000180025095e-35 9.5000000000000018 9.5000000000000018 60.500000000000007 43.995000839233406 472.42500305175787 7.5000000000000009 539.50000000000011 85.05899810791017 2234.0000000000005 15020.500000000002 2.5000000000000004 4.5000000000000009 2.5000000000000004 474.00000000000006 5.5000000000000009 2.5000000000000004 77.028350830078139 24.500000000000004 1.0000000180025095e-35 12925.500000000002 1.5000000000000002 -0.45753602017204037 0.092144035255871351 1.0000000180025095e-35 1.0000000180025095e-35 1.0000000180025095e-35 5366.5000000000009 345.50000000000006
decision_type=8 10 2 2 2 2 2 10 10 10 10 2 10 10 10 10 8 2 10 2 8 2 8 2 2 10 2 2 2 10
left_child=1 26 5 4 -4 8 -6 10 -2 24 12 -12 13 14 17 -16 -5 18 27 23 -21 22 25 -20 -3 -22 -1 28 29 -7
right_child=2 9 3 16 6 7 -8 -9 -10 -11 11 -13 -14 -15 15 -17 -18 -19 19 20 21 -23 -24 -25 -26 -27 -28 -29 -30 -31
leaf_value=0.13838856959035395 -0.010974451623100834 0.16510759033963526 0.037227602631762106 0.00028506078523727517 0.065649101273011878 0.018819090567207136 0.31335586645622493 0.11142467190514287 0.21237126589345809 0.18489892509170275 -0.0093726990404937836 0.072191160982096186 -0.085838291848373341 0.19885218710706334 -0.019983377212480453 0.19256679454452938 0.186174241531635 -0.0050196646037158656 0.079298509257401339 0.034648970972558583 0.46514974613148591 0.062512897004358831 0.090591525483568067 0.0033635577122226026 0.0096187488490321552 0.22063881748780415 0.22369512957307267 -0.0029930957470148158 0.0049013272258289419 0.11227220249146333
leaf_weight=10.394791185855865 649.43459300231189 1.9562017917633046 103.88773681083694 83.336306980811059 2.4708785577677181 68.025881564244628 3.3749027433805168 6.3646021187305442 1.1035536509007204 1.9054910335689772 13.480440901592372 21.349409634247422 6.3157546967267981 1.6651763059198845 2.2416968233883372 2.8881542459130287 1.3506544055417169 608.47273828228936 10.186294727493076 32.431532613467425 1.3260886538773766 3.519917749799788 1.4480068273842333 97.289955225307494 48.961874502710998 1.6505028828978539 12.519055664539337 487.42988204443827 244.63350616022944 10.916660597547887
leaf_count=62 24086 23 1515 6122 135 874 50 47 24 18 170 124 29 18 28 22 16 34193 182 633 27 38 17 1882 549 18 109 25259 3569 161
internal_value=0.00356437 0.071104 0.00149055 0.0275818 0.04636 -0.000741966 0.208656 0.00321092 -0.0105956 0.0216998 0.00278453 0.0406229 0.00195065 0.00230288 0.00209474 0.0996844 0.00324977 0.00177533 0.0060873 0.0242873 0.0608264 0.16769 0.251361 0.0105605 0.0155924 0.32957 0.184996 0.00276931 0.0114497 0.0317424
internal_weight=2542.33 75.7374 2466.59 194.42 109.734 2272.17 5.84578 1621.64 650.538 52.8236 1615.27 34.8299 1580.44 1574.13 1572.46 5.12985 84.687 1567.33 958.858 147.852 40.376 7.94452 4.4246 107.476 50.9181 2.97659 22.9138 811.006 323.576 78.9425
internal_count=100000 761 99239 7838 1700 91401 185 67291 24110 590 67244 294 66950 66921 66903 50 6138 66853 32660 2797 733 100 62 2064 572 45 171 29863 4604 1035
is_linear=0
shrinkage=0.03


Tree=104
num_leaves=31
num_cat=0
split_feature=392 435 15 19 28 27 1 324 30 13 370 3 28 341 262 40 108 434 26 328 9 436 352 180 437 286 335 8 167 9
split_gain=353.562 370.907 149.537 106.886 92.3004 133.581 89.6811 75.3341 56.7052 55.6608 53.5911 56.3654 53.7764 79.9901 52.5743 48.7041 44.2747 43.4716 131.079 101.322 64.2903 62.1705 60.9965 49.9283 45.9072 43.1448 42.6481 41.8866 57.1197 49.9253
threshold=-47.499999999999993 0.22179563876788402 9.5000000000000018 12.500000000000002 9.5000000000000018 58.500000000000007 43.995000839233406 447.50000000000006 244.50000000000003 1.5000000000000002 2234.0000000000005 15020.500000000002 1.5000000000000002 4.5000000000000009 85.035701751708999 539.50000000000011 3.5000000000000004 -0.42803747477608095 1.0000000180025095e-35 49.835800170898445 474.00000000000006 -98.797946321992001 1.0000000180025095e-35 95.950000762939467 4309.5000000000009 33.500000000000007 25.500000000000004 1.5000000000000002 2.5000000000000004 444.50000000000006
decision_type=8 2 2 2 2 2 2 10 8 2 10 2 2 8 10 10 10 2 2 10 8 2 8 2 2 10 10 2 2 10
left_child=1 9 3 6 5 -4 15 10 -7 -1 12 -12 13 17 -3 25 27 18 19 -8 21 23 -23 -20 -21 26 -2 29 -29 -6
right_child=2 14 4 -5 16 8 7 -9 -10 -11 11 -13 -14 -15 -16 -17 -18 -19 20 24 -22 22 -24 -25 -26 -27 -28 28 -30 -31
leaf_value=0.16295220529982024 -0.011409775075237076 0.0056259147006976077 0.035200797198261642 0.20535880005632648 0.014894605433276135 0.19047062740117288 0.0018141528996889807 0.10079808752551916 -0.030655431635685522 0.029662007965468164 -0.0092054856783799766 0.069022001305247146 -0.0069652400757052218 0.30580940606226126 0.11639229486601964 0.1715821040615102 0.14523128440132593 0.002723634856341031 0.32152254772678157 0.072897673487570674 0.010506714243696527 0.025635945770072711 0.31122149827447737 0.14156527673083927 0.24429469453871586 0.26752788638718206 0.1287228111114673 -0.016287516068310519 0.37705627628463589 0.13545961820637273
leaf_weight=26.857915316708389 641.36653391411528 44.965597578324378 101.61747958045453 2.2627673828974357 21.041741943452511 7.3026162162423107 111.78590085869655 7.033734116703271 1.2177725154906518 3.1503950264304867 13.431217578239737 21.654902309179306 466.17176213348284 0.79593425244092841 4.2183544859290114 1.3209796156734217 1.9287522397935379 975.00931216496974 2.1205882364884028 7.781090207397936 5.1333132293075314 4.8184972461313018 0.78238344006240357 4.0140602774918079 1.7167234579101203 0.50098629388958116 1.9606008231639851 57.951918675098568 0.33418060094118018 3.6234612595289937
leaf_count=190 24051 502 1496 62 700 120 5080 42 84 39 171 124 25335 9 30 24 13 35990 63 106 109 132 10 45 25 12 11 5340 10 75
internal_value=0.00344489 0.0658393 0.0014401 -0.000725965 0.0266493 0.0447677 -0.000931628 0.00283089 0.158866 0.148959 0.00240428 0.039076 0.00159 0.00517022 0.015126 -0.0103926 0.00313935 0.00495525 0.0207049 0.00980681 0.0990598 0.137794 0.0655292 0.203772 0.103878 -0.010766 -0.0109827 -0.000164516 -0.0140323 0.0326063
internal_weight=2543.87 79.1923 2464.68 2269.66 195.018 110.138 2267.4 1622.25 8.52039 30.0083 1615.22 35.0861 1580.13 1113.96 49.184 645.149 84.8801 1113.16 138.153 121.284 16.8688 11.7355 5.60088 6.13465 9.49781 643.828 643.327 82.9513 58.2861 24.6652
internal_count=100000 761 99239 91401 7838 1700 91339 67241 204 229 67199 295 66904 41569 532 24098 6138 41560 5570 5211 359 250 142 108 131 24074 24062 6125 5350 775
is_linear=0
shrinkage=0.03


Tree=105
num_leaves=31
num_cat=0
split_feature=392 438 15 1 19 74 28 27 28 114 341 161 15 43 4 365 88 322 30 40 101 329 1 30 78 4 43 176 1 437
split_gain=318.76 303.389 140.475 88.0802 91.9554 88.7752 86.1672 103.123 52.504 67.9521 63.6973 52.2334 72.3714 53.7543 88.7285 43.4022 69.1203 43.2547 42.5056 40.3704 39.975 54.3735 53.0984 49.0491 91.9861 89.2913 50.8606 56.8998 52.5348 49.6771
threshold=-47.499999999999993 93.500000000000014 9.5000000000000018 43.995000839233406 12.500000000000002 1.5000000000000002 9.5000000000000018 58.500000000000007 1.5000000000000002 2.5000000000000004 4.5000000000000009 1.5000000000000002 11.500000000000002 2.5000000000000004 580.50000000000011 215.92499542236331 2.5000000000000004 85.05899810791017 244.50000000000003 539.50000000000011 1.0000000180025095e-35 15.467799663543703 223.68000030517581 19.500000000000004 1.0000000180025095e-35 481.50000000000006 1.0000000180025095e-35 1.5000000000000002 50.013999938964851 1621.0000000000002
decision_type=8 2 2 2 2 10 2 2 2 10 8 2 2 8 10 8 10 10 8 10 10 8 2 10 8 8 8 2 2 2
left_child=1 -1 3 19 5 8 7 -4 9 10 20 13 -13 14 -8 16 -10 -3 -9 -2 21 22 -5 26 25 -25 -23 -28 -29 -26
right_child=2 17 6 4 -6 -7 11 18 15 -11 -12 12 -14 -15 -16 -17 -18 -19 -20 -21 -22 23 -24 24 29 -27 27 28 -30 -31
leaf_value=0.14075329649113169 -0.010498908178913311 0.013936555216553292 0.034369574136818501 -0.0091670398805540239 0.19601198071826056 0.11471922094852656 0.028817466167169417 0.16156567674610001 -0.0044093009632295418 0.052675678443623621 0.22902778000583104 0.42712676808750721 0.056745282523422785 -0.014925269377959826 0.32113568357426819 -0.03456626577646793 0.11611603056322715 0.14831118493429285 -0.030636206788918739 0.14427107906054568 -0.013928367967014927 0.0058383699806090657 0.029507883639990941 -0.034314166418333208 -0.022854960228544226 0.33557720762977949 0.019091213841055374 0.15344024807603318 0.045367212446738726 0.013837314230169527
leaf_weight=28.409702385775745 639.16306684259325 51.531557809561491 100.96291730366647 265.40011852839962 2.2185205314308396 6.346576076000928 13.238431380130349 8.3328282237052882 426.58259717095643 27.148569055832922 1.137419931590556 0.52254605479538341 5.1964095970615745 64.669363676104695 1.0055124461650855 43.731061688624322 4.325867870822548 2.2501021642237893 1.1825123061425991 1.5204208698123682 97.609167604707181 293.59793311031535 36.32208700850606 1.0195322567597034 83.979090459179133 1.3856247169896958 251.53386529767886 4.8532053935341564 24.4034633487463 54.929860152304173
leaf_count=179 24086 564 1496 5710 50 47 569 120 24568 177 10 14 187 5344 24 802 39 18 84 24 9899 11264 455 45 5409 42 5453 51 365 2905
internal_value=0.00333196 0.0614499 0.001392 -0.000710051 0.00300108 0.00273746 0.0258181 0.0432676 0.0022982 0.00578022 0.00463959 0.00303976 0.0905874 -0.00330494 0.0494529 -0.00608935 -0.00319935 0.0195585 0.13768 -0.0101316 0.0044107 0.0061701 -0.00451125 0.0106731 -0.00516054 0.178782 0.0145686 0.023697 0.0632948 -0.00834545
internal_weight=2544.51 82.1914 2462.32 2267.21 1626.52 1624.31 195.111 110.478 1617.96 1143.32 1116.17 84.6323 5.71896 78.9133 14.2439 474.64 430.908 53.7817 9.51534 640.683 1115.03 1017.42 301.722 715.703 141.314 2.40516 574.388 280.791 29.2567 138.909
internal_count=100000 761 99239 91401 67291 67241 7838 1700 67194 41785 41608 6138 201 5937 593 25409 24607 582 204 24110 41598 31699 6165 25534 8401 87 17133 5869 416 8314
is_linear=0
shrinkage=0.03


Tree=106
num_leaves=31
num_cat=0
split_feature=392 435 15 124 28 27 279 19 90 348 27 43 8 78 438 7 439 335 113 4 438 4 13 286 435 39 11 39 4 161
split_gain=289.561 260.879 131.85 84.3029 80.7381 81.7064 67.8649 67.9023 57.009 85.2556 67.0567 74.1519 77.6683 71.4338 62.9677 60.671 84.7362 62.2578 66.417 81.2354 57.6892 56.446 62.7459 51.5125 47.7979 47.5173 68.7147 52.6728 46.2575 45.5753
threshold=-47.499999999999993 0.21767828041328835 9.5000000000000018 1.0000000180025095e-35 9.5000000000000018 58.500000000000007 3.5000000000000004 12.500000000000002 1.5000000000000002 2.5000000000000004 1.0000000180025095e-35 20.500000000000004 1.5000000000000002 1.0000000180025095e-35 5275.5000000000009 103.00000000000001 73092.000000000015 25.500000000000004 1.0000000180025095e-35 174.50000000000003 5072.5000000000009 326.50000000000006 18.500000000000004 38.500000000000007 0.44703543323631001 367.50000000000006 1694.5000000000002 380.50000000000006 320.50000000000006 1.5000000000000002
decision_type=8 2 2 10 2 2 10 2 10 10 2 8 2 8 2 8 2 8 8 8 2 10 2 10 2 10 10 10 10 2
left_child=1 -1 3 6 5 -4 7 8 10 15 14 12 13 -12 20 16 -10 18 19 -17 23 -15 -23 -2 -22 -14 27 -27 -11 -6
right_child=2 -3 4 -5 29 -7 -8 -9 9 28 11 -13 25 21 -16 17 -18 -19 -20 -21 24 22 -24 -25 -26 26 -28 -29 -30 -31
leaf_value=0.12116718738051142 0.025277231169990831 0.014066713343391931 0.033550004243125556 -0.011276144298283202 -0.0032432279911547373 0.12184682015428035 0.084110770780349731 0.14411276985822763 0.19490930557513933 0.17134516081778373 0.20845466328135467 -0.00851714351571989 -0.0029008225770023638 -0.0011095340249448677 0.0042116752690338332 0.29852353180586211 0.021716541041931749 0.11314631048212632 -0.003903730297587817 0.041835443854083804 0.22285110139000583 0.017299120565428063 0.067608469387006959 0.22036682532074284 0.047973278325468209 0.42538376033324432 0.29013285619529888 -0.019607337579547798 0.049458604521102331 0.081665669713206629
leaf_weight=34.564370104111731 78.078240318223834 50.194210616871715 100.33605797262862 521.54864783491939 78.401267603039742 10.410769176203756 9.1162318903952819 3.0224775997921816 3.7923709079623205 4.6249273973517102 1.8577296165749431 787.38843539683148 349.03584476886317 61.523800869472325 204.62074553687125 1.361054664943367 7.7139988071285188 4.7397126033902159 105.75431431783363 6.0066925119608641 2.5753399915993205 61.057130896020681 35.159675600938499 1.2374157980084408 3.0996430870145559 0.26324808597564642 1.2052520066499708 2.6427849428728223 7.1107781017199159 6.1345595759339622
leaf_count=225 1213 536 1496 10925 5937 204 65 62 70 46 32 46130 20594 2179 3279 40 103 25 2962 206 36 2041 1013 17 37 21 20 192 93 201
internal_value=0.00322367 0.0577421 0.00134512 -0.000694514 0.0249971 0.0418504 0.00247179 0.00204256 0.00179447 0.0200695 0.0001724 -0.00273559 0.00614276 0.023511 0.013227 0.013046 0.0787989 0.00662678 0.00216371 0.0892538 0.0349321 0.0213329 0.0356832 0.0283209 0.127334 -0.0017065 0.0996882 0.020703 0.0974929 0.0029184
internal_weight=2544.58 84.7586 2459.82 2264.54 195.283 110.747 1742.99 1733.87 1730.85 141.104 1589.75 1300.13 512.745 159.598 289.611 129.368 11.5064 117.862 113.122 7.36775 84.9906 157.741 96.2168 79.3157 5.67498 353.147 4.11129 2.90603 11.7357 84.5358
internal_count=100000 761 99239 91401 7838 1700 80476 80411 80349 3545 76804 72222 26092 5265 4582 3406 173 3233 3208 246 1303 5233 3054 1230 73 20827 233 213 139 6138
is_linear=0
shrinkage=0.03


Tree=107
num_leaves=31
num_cat=0
split_feature=392 13 15 1 143 74 25 19 4 260 105 114 335 56 11 121 189 4 0 341 197 188 90 429 43 43 38 286 341 188
split_gain=264.098 226.158 123.759 80.801 79.213 74.5009 66.5927 62.7018 50.3859 50.2178 49.0759 50.7134 54.2814 48.0089 47.637 50.4308 47.2832 51.9994 46.3683 41.779 41.8631 41.1531 42.9921 44.4996 39.5654 42.0937 39.5091 37.8456 37.6682 36.8527
threshold=-47.499999999999993 1.5000000000000002 9.5000000000000018 43.995000839233406 1.0000000180025095e-35 1.5000000000000002 1.5000000000000002 12.500000000000002 580.50000000000011 85.155097961425795 2.5000000000000004 2.5000000000000004 13.500000000000002 1.0000000180025095e-35 197.50000000000003 1.5000000000000002 41.45000076293946 553.50000000000011 5222206.5000000009 4.5000000000000009 1.0000000180025095e-35 42.975000381469734 1.5000000000000002 1.0000000180025095e-35 466.50000000000006 210.50000000000003 7.5000000000000009 38.500000000000007 3.5000000000000004 1108.5000000000002
decision_type=8 2 2 2 10 10 2 2 10 10 10 10 10 8 10 8 2 10 2 8 10 2 10 2 8 8 10 10 10 2
left_child=1 6 3 27 13 7 -1 10 -6 -3 11 14 26 24 16 28 19 21 -10 20 29 -18 23 -23 25 -4 -13 -2 -16 -5
right_child=2 9 4 5 8 -7 -8 -9 18 -11 -12 12 -14 -15 15 -17 17 -19 -20 -21 -22 22 -24 -25 -26 -27 -28 -29 -30 -31
leaf_value=0.12351181404153125 -0.0099930167602780007 0.0022398411820245593 0.0093840268700753696 -0.0028736124832796518 -0.012908127660148263 0.10176936968182156 0.0094614471288961277 0.14256257481529894 0.25688833306831699 0.12097625649816009 -0.080083584090296783 0.039699420359786089 0.090059207585051981 0.031118392983447107 0.017387355962022621 0.31728527315134342 0.22956720949201237 -0.014204825398110259 -0.030648513379173393 0.1517305804930103 0.028038775921710484 0.010598210878183674 0.091654537507800476 0.065555522111833048 -0.031838683100463547 0.1669586767783646 -0.034698829963606841 0.23792803076679303 0.18362262128725471 0.1016738871177489
leaf_weight=33.804688287898898 632.6039800690487 44.518427385017276 2.0368252480402584 1281.3049837071449 51.184783092699945 6.8240897282958022 5.3347381670027962 2.8689209436997762 1.2178871692158275 3.4545325711369506 6.4991573244333258 18.088420132175091 11.760719701647757 132.63201969256625 109.06508524576202 0.51338184159248967 0.90499098598956962 35.225066134240478 0.8620074689388274 1.599830325692891 41.357884597033262 74.630134634207934 8.3100617942400259 16.12522382568568 1.697496405802666 6.0809024032205334 9.9622307037934643 0.55464009009301563 1.2407476268708695 3.0416855681687585
leaf_count=226 24100 472 65 58224 5624 47 41 50 28 22 29 128 56 1894 4444 24 8 767 77 13 605 2399 128 184 60 90 121 10 16 48
internal_value=0.0031177 0.0544513 0.00129856 -0.000681222 0.0241854 0.00285297 0.107967 0.00243693 -0.00702638 0.01079 0.00218872 0.00252019 0.0359592 0.0358562 0.00167405 0.0206379 0.000237089 0.0171388 0.137719 -0.00148447 -0.00166937 0.0281829 0.0263432 0.0203629 0.0998782 0.127422 0.0132768 -0.00977584 0.0192572 -0.00262602
internal_weight=2545.31 87.1124 2458.19 2262.48 195.712 1629.32 39.1394 1622.5 53.2647 47.973 1619.63 1613.13 39.8114 142.447 1573.32 110.819 1462.5 135.195 2.07989 1327.3 1325.7 99.9704 99.0654 90.7554 9.81522 8.11773 28.0507 633.159 110.306 1284.35
internal_count=100000 761 99239 91401 7838 67291 267 67244 5729 494 67194 67165 305 2109 66860 4484 62376 3486 105 58890 58877 2719 2711 2583 215 155 249 24110 4460 58272
is_linear=0
shrinkage=0.03


Tree=108
num_leaves=31
num_cat=0
split_feature=392 435 15 124 28 151 12 129 107 348 26 9 106 288 19 28 114 15 108 411 32 29 65 411 392 30 107 106 11 121
split_gain=241.131 193.35 116.334 77.0921 73.8568 60.6519 58.6346 54.6352 92.847 51.0032 86.7467 78.5226 63.8381 52.6291 52.5935 48.0713 90.1862 58.4807 54.2583 45.6205 43.6308 134.168 41.4671 40.932 41.0534 38.6671 37.784 36.5936 36.587 49.7774
threshold=-47.499999999999993 0.22179563876788402 9.5000000000000018 1.0000000180025095e-35 9.5000000000000018 8.5000000000000018 7.5000000000000009 2.5000000000000004 2.5000000000000004 2.5000000000000004 1.0000000180025095e-35 324.50000000000006 1.0000000180025095e-35 1.5000000000000002 12.500000000000002 1.5000000000000002 2.5000000000000004 3.5000000000000004 2.5000000000000004 257.00000000000006 377.50000000000006 391.50000000000006 1.5000000000000002 199.00000000000003 -62.499999999999993 141.50000000000003 3.5000000000000004 2.5000000000000004 319.50000000000006 1.5000000000000002
decision_type=8 2 2 10 2 2 8 10 8 10 2 10 8 10 2 2 10 2 10 8 10 8 10 10 10 10 10 10 10 8
left_child=1 -1 3 6 5 -4 19 9 -9 13 20 -12 -13 14 15 16 17 25 -19 -2 -11 -22 -14 24 -3 28 -6 -17 -8 -30
right_child=2 23 4 -5 26 -7 7 8 -10 10 11 12 22 -15 -16 27 -18 18 -20 -21 21 -23 -24 -25 -26 -27 -28 -29 29 -31
leaf_value=0.10166884638474662 0.08994638299417293 0.22276220950115175 0.034574469282806233 -0.010858012233851293 -0.00078372133023040186 0.13792804515759072 0.00052019235707354667 0.13928364634272503 -0.0094658058395283313 -0.007187006135946963 0.025055702334369535 0.27657362652034245 -0.03157941412935561 0.037057083440177045 0.11393178773717434 -0.0072516917713748618 0.054909996418565692 0.035331044193171179 0.20388442202492291 0.0026031025712412227 -0.0066002891017324025 0.43561382948815142 0.14446202348738943 0.005428716502729674 0.014049669991318103 -0.018792534967017029 0.12795229547321502 -0.06240545053222836 0.021951195740994699 0.3212222472209168
leaf_weight=38.912613462656736 12.14154688362032 1.6156725827604523 105.38638412021101 515.44626093516126 82.860451661515981 5.3705934118479481 912.41286818031222 6.9371401383541507 8.2892787568271142 33.543830804992467 9.9082638714462536 2.5019245930016014 1.6549056665971882 34.28536116797477 3.6064918413758269 490.60545959323645 29.019027651287615 20.126562611199919 1.8793321978300799 9.6671676225960272 2.3684393018484111 0.83524374477565277 4.4222540408372879 47.098578997887671 1.7855834402143955 87.457161460071802 2.1039748713374129 11.071053044870494 61.144273434765637 0.50432716030627389
leaf_count=229 140 17 1663 10925 6125 37 36269 92 106 893 170 40 49 355 60 31148 179 251 17 195 82 38 27 484 31 7843 13 62 2451 9
internal_value=0.00301914 0.0514121 0.00125703 -0.000664648 0.0234451 0.0395861 0.00234738 0.00172851 0.0583043 0.00122395 0.0295817 0.0825868 0.149031 0.000275871 -0.000503606 -0.000759277 0.00271717 0.00131934 0.0497257 0.0512297 0.00291534 0.108691 0.0965232 0.0126868 0.113193 0.000315849 0.00240417 -0.00846883 0.00203152 0.0243994
internal_weight=2544.96 89.4124 2455.55 2259.83 195.721 110.757 1744.38 1722.57 15.2264 1707.35 55.2349 18.4873 8.57908 1652.11 1617.83 1614.22 1112.54 1083.52 22.0059 21.8087 36.7475 3.20368 6.07716 50.4998 3.40126 1061.52 84.9644 501.677 974.061 61.6486
internal_count=100000 761 99239 91401 7838 1700 80476 80141 198 79943 1299 286 116 78644 78289 78229 47019 46840 268 335 1013 120 76 532 48 46572 6138 31210 38729 2460
is_linear=0
shrinkage=0.03


Tree=109
num_leaves=31
num_cat=0
split_feature=392 13 15 1 143 214 27 28 19 322 4 105 32 13 88 48 353 129 104 369 4 38 329 434 360 438 38 90 185 26
split_gain=221.092 174.508 109.463 74.4137 72.4912 53.0919 50.4571 50.399 46.1678 45.6697 45.1248 43.3129 42.184 68.0797 61.9143 48.7655 99.4662 62.3807 59.5107 55.0152 62.7893 49.3712 47.8744 47.6135 47.2179 39.6713 38.6 119.767 37.2815 37.0566
threshold=-47.499999999999993 1.5000000000000002 9.5000000000000018 43.995000839233406 1.0000000180025095e-35 197.50000000000003 1.5000000000000002 2.5000000000000004 12.500000000000002 85.05899810791017 580.50000000000011 2.5000000000000004 19.500000000000004 1.0000000180025095e-35 2.5000000000000004 -1.0000000180025095e-35 1.0000000180025095e-35 2.5000000000000004 1.0000000180025095e-35 1437.5000000000002 562.50000000000011 2.5000000000000004 18.035399436950687 -0.39160669294948164 50.013900756835945 7363.0000000000009 36.500000000000007 3.5000000000000004 1104.5000000000002 1.5000000000000002
decision_type=8 2 2 2 10 10 2 2 2 10 10 10 10 2 10 2 10 10 10 10 8 10 10 2 10 2 10 10 2 2
left_child=1 6 3 -2 28 8 -1 -6 11 -3 -9 12 15 -14 26 22 17 19 25 21 -21 -17 -5 -24 -25 -18 -15 -28 -4 -23
right_child=2 9 4 5 7 -7 -8 10 -10 -11 -12 -13 13 14 -16 16 18 -19 -20 20 -22 29 23 24 -26 -27 27 -29 -30 -31
leaf_value=0.10301144887096049 -0.0094410589293249404 0.0036395166122679093 0.030254792578991274 -0.0047386034135728653 0.51905707193256112 0.061290354716805807 -0.011033130269224603 -0.014630198467682317 0.11213289869157739 0.14784422124306179 0.12223356766934491 -0.074321411931231679 0.1555137118777154 -0.019979502057889318 0.10217598492845936 0.01126838205627711 0.06448354999438824 0.12366380929355916 0.10414410893530159 0.028979133776333058 0.1619085807131177 -0.0092785601440707292 0.065890277111403342 0.0302477696380299 -0.014427986726162634 0.00052129116377839352 -0.0020906078669492034 0.38718805707924997 0.098701088969370049 0.19932572181069397
leaf_weight=39.058574096299708 626.24434220138937 46.485532787628472 135.00152732012793 487.82145325699821 0.16330445371568103 13.813161805272101 3.8342836173251262 50.736621100921184 3.4324003662914029 2.0643430706113568 2.2648916626349083 6.6661375015974036 2.3443319541402152 150.73802990233526 4.6588449031114569 311.26317471824586 16.787647937424481 4.1385808531194916 14.153341429308055 36.120869245380163 3.5087042618542901 181.35729710524902 15.737598483450709 44.988584757782519 40.421438816003501 18.175997329875827 273.17836403287947 0.71316444408148427 7.5632711807265869 0.76966296508908172
leaf_count=227 24110 479 2020 20351 3 95 40 5621 50 15 105 29 34 7402 36 11601 286 48 132 401 36 6122 193 402 513 407 19131 14 89 8
internal_value=0.00292316 0.0487252 0.0012156 -0.000650722 0.0227368 0.00272488 0.0928168 -0.00716031 0.00222458 0.00977111 -0.00878166 0.00199078 0.00230736 -0.00571331 -0.00659377 0.00525312 0.0113782 0.00764159 0.0522424 0.00674075 0.0407484 0.00400922 -0.000843904 0.0179397 0.00910437 0.0312325 -0.00778714 -0.001077 0.033886 -0.008397
internal_weight=2544.21 91.4427 2452.76 2257.03 195.73 1630.79 42.8929 53.1648 1616.98 48.5499 53.0015 1613.54 1606.88 431.633 429.288 1175.24 586.275 537.158 49.117 533.02 39.6296 493.39 588.969 101.148 85.41 34.9636 424.63 273.892 142.565 182.127
internal_count=100000 761 99239 91401 7838 67291 267 5729 67196 494 5726 67146 67117 26617 26583 40500 19041 18216 825 18168 437 17731 21459 1108 915 693 26547 19145 2109 6130
is_linear=0
shrinkage=0.03


Tree=110
num_leaves=31
num_cat=0
split_feature=4 411 15 124 361 23 324 56 27 43 373 438 26 8 335 365 438 4 391 4 212 348 286 23 134 134 4 135 9 39
split_gain=202.252 166.464 98.0552 78.4307 76.8803 63.4444 58.6645 54.9516 54.0818 70.2441 84.4014 59.9664 58.2147 52.7918 48.1717 43.9696 43.5155 58.7602 43.0504 47.4044 42.9132 40.9161 40.7136 40.4493 39.6907 38.7265 75.3638 67.9038 61.0411 44.2876
threshold=1.0000000180025095e-35 263.50000000000006 9.5000000000000018 1.0000000180025095e-35 318.69999694824224 9.5000000000000018 39.967750549316413 1.0000000180025095e-35 1.0000000180025095e-35 50.500000000000007 91.95999908447267 20008.500000000004 1.0000000180025095e-35 1.5000000000000002 25.500000000000004 222.74500274658206 12925.500000000002 177.50000000000003 37.500000000000007 396.50000000000006 202.50000000000003 1.5000000000000002 38.500000000000007 12.500000000000002 1.5000000000000002 1.0000000180025095e-35 111.50000000000001 1.0000000180025095e-35 116.00000000000001 367.50000000000006
decision_type=10 10 2 10 8 2 10 8 2 8 10 2 2 2 10 8 2 10 10 10 10 10 10 2 10 8 10 10 8 10
left_child=1 4 3 6 -1 7 8 -4 11 10 13 18 16 24 25 -7 17 -12 21 -20 -8 22 -2 -11 -10 26 27 -15 -28 -27
right_child=2 -3 5 -5 -6 15 20 -9 9 23 12 -13 -14 14 -16 -17 -18 -19 19 -21 -22 -23 -24 -25 -26 29 28 -29 -30 -31
leaf_value=-0.0095656481269937518 0.014625203794180927 0.092289893492898831 0.09821896293325251 -0.01040744927355444 0.15953746530913396 -0.013960718263957698 0.013452709528100079 0.027016496284116551 0.011244998719275451 -0.00775873130809212 0.18526548844370139 -0.0031296479591288121 0.091397807971395809 0.057612603596685859 0.084939371091368052 0.076985355534683025 -0.0091417070467903292 0.034014102966588453 0.10341150573408055 0.016325823200841343 0.075585160210535823 0.11713395519944958 0.15651790913828911 0.1898266545540904 0.054658211489086471 -0.0087013126639683067 0.40636311117389012 0.2890814186862285 0.005159284394761085 0.081616993882835526
leaf_weight=32.349521033000201 157.80278685037047 40.787885603494942 10.54022024432197 539.1110069626011 2.6152772344648829 50.774547407403588 25.634833373129368 130.96629401203245 166.69427916733548 688.05187429860234 2.6045264806598452 122.29432426206768 15.037400408647953 4.0750416577793658 5.5640255138277999 5.2821226613596073 20.305010221898556 20.559257964137942 12.041208926588299 10.558433286845682 16.408148488029838 3.7029793746769419 1.8411932997405518 0.93375511281192203 21.38491789996624 371.80021092481911 0.34337910823523898 1.5840378794819105 56.341574952937663 4.9512914516963056
leaf_count=1486 2505 218 264 11271 23 4963 283 2445 5489 42173 70 1958 155 343 27 70 566 434 86 107 109 38 22 11 167 20986 34 41 3431 225
internal_value=0.00283121 0.051115 0.0013487 -0.000415836 0.00308283 0.0216199 0.00269687 0.0323201 0.00182527 -0.000712019 0.00604476 0.0131866 0.0405187 0.00285712 -0.00277859 -0.00539103 0.0229178 0.0510207 0.0239176 0.0627255 0.0377012 0.0185484 0.0162617 -0.00749095 0.0161812 -0.00389011 0.0180115 0.122403 0.00758965 -0.00751434
internal_weight=2542.94 75.7527 2467.19 2269.63 34.9648 197.563 1730.51 141.507 1688.47 1380.23 691.245 308.241 58.5062 632.739 444.66 56.0567 43.4688 23.1638 185.947 22.5996 42.043 163.347 159.644 688.986 188.079 439.096 62.344 5.65908 56.685 376.752
internal_count=100000 1727 98273 90531 1509 7742 79260 2709 78868 74152 31968 4716 1225 30743 25087 5033 1070 504 2758 193 392 2565 2527 42184 5656 25060 3849 384 3465 21211
is_linear=0
shrinkage=0.03


Tree=111
num_leaves=31
num_cat=0
split_feature=392 13 15 124 19 12 129 3 369 3 28 438 43 348 85 4 65 435 121 434 389 4 43 43 20 211 405 48 134 105
split_gain=191.25 139.923 96.9667 66.3738 65.7004 50.6195 44.076 63.1388 43.1515 87.3845 46.5766 56.6501 47.2929 81.2416 54.9544 46.1958 64.2772 58.9559 119.826 157.263 44.9345 43.4346 42.3578 43.9098 42.144 41.653 72.741 41.2543 67.5122 41.1167
threshold=-47.499999999999993 1.5000000000000002 9.5000000000000018 1.0000000180025095e-35 3.5000000000000004 7.5000000000000009 2.5000000000000004 9631.0000000000018 2090.7500000000005 14632.500000000002 1.0000000180025095e-35 5275.5000000000009 20.500000000000004 2.5000000000000004 1.0000000180025095e-35 580.50000000000011 1.0000000180025095e-35 0.53646674021096741 1.0000000180025095e-35 -0.29454091470871752 20.500000000000004 458.50000000000006 535.50000000000011 2.5000000000000004 4.5000000000000009 847.50000000000011 -449.99999999999994 1.0000000180025095e-35 1.0000000180025095e-35 2.5000000000000004
decision_type=8 2 2 10 2 8 10 2 10 2 2 2 8 10 10 10 8 2 10 2 10 10 8 10 2 10 8 2 10 10
left_child=1 -1 3 5 27 -2 8 -8 10 -10 11 20 13 15 25 29 17 18 -17 -20 -7 -16 23 -6 -24 -14 -27 -4 -29 -12
right_child=2 -3 4 -5 22 6 7 -9 9 -11 12 -13 14 -15 21 16 -18 -19 19 -21 -22 -23 24 -25 -26 26 -28 28 -30 -31
leaf_value=0.082466010048239571 0.046773203164783429 0.0093259772643400178 0.028905307236227609 -0.010201593903746824 0.050327248546693543 0.02293520832517448 0.1013063213933198 -0.017851320323093341 -0.0085353944973563245 0.05856618750132897 0.0016477010193367565 0.0021199653504660829 -0.0083077481481976488 0.080805777516788385 -0.020215434410824889 0.11394200733905022 0.0087460540061633958 0.025974106985439636 0.17044135082855069 1.0546654184191966 0.0899407070431332 0.13889729634057743 0.25365997673034263 -0.023728654366485292 0.032329047263976105 0.34536734393498963 0.025303093253831128 0.14081802000697233 -0.0068243315161442509 -0.071770956869973937
leaf_weight=45.557744480669498 22.572488917969167 48.71111757401377 112.08694524737075 505.91895900201052 8.4434452541172487 82.612351837567985 9.3956882199272531 6.9718998903408638 35.840814755298197 34.070854960940778 504.89290152024478 211.62461699452251 770.31485934415832 12.248844965361057 2.4709119582548729 3.8739857738837618 18.29833327839151 4.2028068690560758 0.44788955198600888 0.30382951349019993 10.109725084155796 4.1164363250136375 0.82277457416057487 49.161343574523926 13.134820649866013 0.79525833390653133 3.2538871970027676 7.689223749563098 4.3724999949336034 6.9597536325454703
leaf_count=267 335 494 1496 10925 544 1254 90 108 589 229 25936 3352 47066 181 71 115 555 202 41 11 79 58 11 4706 892 28 146 76 113 30
internal_value=0.00274222 0.0446727 0.00112689 -0.000633896 0.0213815 0.00213942 0.00155462 0.0505502 0.00108467 0.024166 9.86447e-05 0.0106873 -0.00232041 0.00440756 -0.0070693 0.00267133 0.0408226 0.107306 0.181202 0.527827 0.030241 0.0792142 -0.00151275 -0.0128739 0.0453761 -0.0078033 0.0881642 0.0345783 0.0872961 0.000649414
internal_weight=2541.28 94.2689 2447.01 2251.3 195.711 1745.38 1722.81 16.3676 1706.44 69.9117 1636.53 304.347 1332.18 551.228 780.951 538.98 27.1268 8.82851 4.6257 0.751719 92.7221 6.58735 71.5624 57.6048 13.9576 774.364 4.04915 124.149 12.0617 511.853
internal_count=100000 761 99239 91401 7838 80476 80141 198 79943 818 79125 4685 74440 27071 47369 26890 924 369 167 52 1333 129 6153 5250 903 47240 174 1685 189 25966
is_linear=0
shrinkage=0.03


Tree=112
num_leaves=31
num_cat=0
split_feature=4 411 15 124 361 143 7 130 310 0 411 106 114 11 335 88 19 361 0 324 4 119 97 434 31 40 85 353 134 436
split_gain=174.907 136.576 86.7591 70.5541 63.277 57.3965 53.5451 77.1382 52.6616 42.5069 41.0297 39.8249 54.0494 53.2202 52.6403 49.9121 41.5114 40.044 39.6976 37.4364 37.0238 35.313 35.1708 34.7223 34.242 45.1102 34.0248 69.9298 64.158 44.21
threshold=1.0000000180025095e-35 263.50000000000006 9.5000000000000018 1.0000000180025095e-35 318.69999694824224 1.0000000180025095e-35 103.00000000000001 1.5000000000000002 2.5000000000000004 6383450.5000000009 108.00000000000001 2.5000000000000004 2.5000000000000004 197.50000000000003 10.500000000000002 2.5000000000000004 12.500000000000002 62.975000381469734 5282938.5000000009 447.50000000000006 579.50000000000011 1.5000000000000002 1.5000000000000002 -0.30833111891339376 318.50000000000006 539.50000000000011 1.0000000180025095e-35 1.0000000180025095e-35 1.0000000180025095e-35 -167.70955356793087
decision_type=10 10 2 10 8 10 8 10 10 2 8 10 10 10 10 10 2 10 2 10 8 10 10 2 8 10 10 8 8 2
left_child=1 4 3 6 -1 -4 7 10 11 22 -2 12 13 15 18 16 19 -15 21 26 -7 -14 -9 -24 25 -5 -8 28 -28 -30
right_child=2 -3 5 24 -6 20 8 9 -10 -11 -12 -13 14 17 -16 -17 -18 -19 -20 -21 -22 -23 23 -25 -26 -27 27 -29 29 -31
leaf_value=-0.0093433820985206716 0.16752437245904345 0.082711400968081342 0.029995649151943929 -0.019214825850132091 0.1355819251040481 -0.012483812557131678 -0.0038512462816609754 0.067923985303543807 0.039059511386791604 -0.016673148263983955 0.0085255211531733641 -0.052991135330771724 0.0017313474637780755 0.012544125216856864 0.07847528154345132 0.084596249289478828 0.092149965601857814 0.065611873334963447 -0.01897701413311885 0.076012049371789459 0.10563343105322615 0.13528017517173699 0.26192557732304472 0.092899171406051431 -0.0030181128385808218 0.16423311694410481 0.12062695396657946 0.1080448135692528 0.14584564966137306 -0.0066374792586626754
leaf_weight=32.069942662958056 1.4808853408321738 42.985459988005459 145.43416505819187 240.7314802701585 2.9618556909263125 49.341173450928181 1320.2582174199633 13.324907090049242 32.103222282603383 3.9293640661053351 107.01632126327604 12.545667151920496 3.7024305546656278 104.12750769034028 15.504193864762781 5.9847571281716219 4.1819670908153048 14.590490331873296 16.115788360591978 5.4430942721664897 2.5098336995579293 3.4353858157992363 1.911015343852341 2.5578443165868512 290.67187206679955 1.2124760774895538 4.1818215930834413 7.0031655561178914 1.7711696624755848 50.604605872184038
leaf_count=1486 16 218 2121 4480 23 5516 69032 120 249 64 3180 77 35 4977 70 53 61 241 182 32 105 22 23 25 6775 16 43 86 18 654
internal_value=0.00265474 0.0468783 0.00125317 -0.000409229 0.00290971 0.0203338 0.00252753 0.0210273 0.00102333 0.0726291 0.0106957 0.000245302 0.000674285 -0.000218831 0.0356578 -0.00185484 -0.00222614 0.0190662 0.00710945 -0.00251023 -0.00676638 0.0660076 0.0923495 0.16518 -0.00995796 -0.0182955 -0.00281909 0.0186204 0.00754754 -0.00148102
internal_weight=2539.69 78.0173 2461.67 2264.39 35.0318 197.285 1731.77 130.22 1601.55 21.7231 108.497 1569.45 1556.9 1518.15 38.7578 1399.43 1393.44 118.718 23.2536 1389.26 51.851 7.13782 17.7938 4.46886 532.616 241.944 1383.82 63.5608 56.5576 52.3758
internal_count=100000 1727 98273 90531 1509 7742 79260 3428 75832 232 3196 75583 75506 75197 309 69979 69926 5218 239 69865 5621 57 168 48 11271 4496 69833 801 715 672
is_linear=0
shrinkage=0.03


Tree=113
num_leaves=31
num_cat=0
split_feature=392 435 313 48 369 3 26 26 373 43 43 114 27 352 16 129 6 0 167 30 12 4 42 175 183 19 32 347 16 411
split_gain=170.271 121.794 58.1586 56.7016 59.4696 71.8272 59.9236 57.8721 55.0272 55.0976 54.8224 44.3853 42.8368 48.4912 46.7572 63.428 43.7012 87.9697 40.9651 50.9294 40.01 39.5989 39.5969 41.3193 39.4308 36.5877 35.4288 34.3176 33.3372 32.3102
threshold=-32.999999999999993 0.13742958228249111 2.5000000000000004 -1.0000000180025095e-35 1757.2500000000002 9634.0000000000018 2.5000000000000004 6.5000000000000009 91.95999908447267 9.5000000000000018 1.0000000180025095e-35 1.0000000180025095e-35 1.5000000000000002 1.0000000180025095e-35 3.5000000000000004 2.5000000000000004 1.5000000000000002 7216186.5000000009 1.5000000000000002 169.50000000000003 321.50000000000006 268.50000000000006 42.500000000000007 2.5000000000000004 634.97500610351574 209.50000000000003 6.5000000000000009 1.0000000180025095e-35 4.5000000000000009 547.00000000000011
decision_type=8 2 10 2 10 2 2 2 10 8 10 10 2 8 2 10 2 2 2 10 8 10 8 2 2 2 10 10 2 10
left_child=1 -1 3 7 6 25 8 11 12 10 -10 22 13 16 15 -14 17 26 24 -20 -3 -21 29 -24 28 -6 -5 -15 -16 -2
right_child=2 20 -4 4 5 -7 -8 -9 9 -11 -12 -13 14 27 18 -17 -18 -19 19 21 -22 -23 23 -25 -26 -27 -28 -29 -30 -31
leaf_value=0.078599809770021664 0.010795869189166021 -0.017192869704860121 0.031695899323811325 0.010368626498385608 -0.017205054628463685 0.049162268620194141 0.2620863050517292 0.025049035785824063 0.0066321732554831189 0.0064029086874364443 0.087650565318335219 -0.010551623205763794 -0.0092768038660840605 0.042649633879707237 0.023712240440593176 0.1216836053859961 0.0059697094631969427 0.32755460028693906 0.02303224842472722 -0.031050499555006723 0.027898039410391165 0.16650095990963285 -0.0029893692709948264 0.071823160972201899 0.084040846548618556 0.12140115924787249 0.18787023918946633 0.18900848180806068 -0.011459654729113474 0.062561216116678683
leaf_weight=40.863360768184066 37.097997815813869 23.640639435499907 53.375678200274706 6.4449946843087655 27.835084271617237 55.480233780108392 0.80237762629985709 57.197144175879657 12.067821544595065 48.602962949313223 19.932150568813086 711.84367226762697 478.11381877446547 4.4536322727799407 36.000625388231128 3.3517973674461237 314.970514443703 1.0794278942048547 18.975835623219613 1.1488257311284531 70.604927577078342 4.452410233207047 402.03544909507036 6.7559200464747837 5.2664898838847867 1.8264724537730206 1.2005480295047162 2.1321282461285591 74.331248125992715 15.33871755748987
leaf_count=223 553 343 507 132 510 480 8 507 284 1183 214 39379 20813 180 1526 43 13860 21 395 53 861 83 14562 50 53 10 14 23 2959 171
internal_value=0.00257362 0.0353429 0.000730483 2.67859e-05 0.00491544 0.0290147 0.00292976 -0.00441762 0.00272837 0.0265288 0.0570969 -0.00585437 0.000713098 0.00944396 -0.00392566 -0.0083651 0.00780433 0.074034 0.0113227 0.0464952 0.0165874 0.125983 0.00139522 -0.00175297 0.00384474 -0.00867009 0.038241 0.0900331 1.67227e-05 0.0259382
internal_weight=2537.22 135.109 2402.11 2348.74 1118.47 85.1418 1033.33 1230.27 1032.53 80.6029 32 1173.07 951.922 330.281 621.641 481.466 323.695 8.72497 140.175 24.5771 94.2456 5.60124 461.228 408.791 115.598 29.6616 7.64554 6.58576 110.332 52.4367
internal_count=100000 1427 98573 98066 42844 1000 41844 55222 41836 1681 498 54715 40155 14230 25925 20856 14027 167 5069 531 1204 136 15336 14612 4538 520 146 203 4485 724
is_linear=0
shrinkage=0.03


Tree=114
num_leaves=31
num_cat=0
split_feature=392 4 15 124 19 213 366 43 372 435 176 438 105 114 39 367 134 135 4 39 437 114 27 9 204 7 85 135 182 90
split_gain=158.305 112.158 81.4906 58.2261 56.6504 49.9201 47.0621 42.672 74.8531 48.0612 45.281 43.1669 39.1701 50.1614 40.9902 44.3118 39.07 99.0522 219.413 70.9249 62.0096 48.5012 41.6183 38.8287 38.103 37.5657 37.2562 39.4548 36.6198 36.5505
threshold=-32.999999999999993 1.0000000180025095e-35 9.5000000000000018 1.0000000180025095e-35 4.5000000000000009 155.00000000000003 225.99500274658206 27.500000000000004 91.95999908447267 0.97341329444535796 2.5000000000000004 3982.0000000000005 2.5000000000000004 2.5000000000000004 195.50000000000003 176.16500091552737 1.0000000180025095e-35 1.0000000180025095e-35 308.50000000000006 1.5000000000000002 2387.5000000000005 1.0000000180025095e-35 2.5000000000000004 116.00000000000001 1.5000000000000002 223.50000000000003 1.0000000180025095e-35 1.0000000180025095e-35 98.009998321533217 3.5000000000000004
decision_type=8 10 2 10 2 10 10 8 10 2 2 2 10 10 10 10 10 8 8 8 2 8 2 8 10 10 10 8 2 10
left_child=1 -1 3 5 -4 7 -6 8 12 -10 24 -11 13 14 16 -16 17 23 19 -19 -21 25 -23 -2 26 -18 29 -28 -26 -9
right_child=2 -3 4 -5 6 -7 -8 10 9 11 -12 -13 -14 -15 15 -17 21 18 -20 20 -22 22 -24 -25 28 -27 27 -29 -30 -31
leaf_value=0.076278353981936026 0.2760053883800262 0.016463066280952572 0.031460132404288382 -0.010147622154016786 -0.014203386740542905 0.06070919132701056 0.053831794716166587 -0.0063235129869498316 0.059677833992113065 0.058417993135963797 0.033794380714444162 -0.0055205877955129597 -0.067104275529607904 0.045611172506386209 0.030915230652633251 0.18162035782961267 -0.031505197574089358 0.093645580579644103 -0.0076385692787295694 0.28354743034121693 0.6080438835807862 0.0014900799542403728 -0.019274374219146535 0.0076761717781891553 0.013214992623666062 0.10006464991549698 0.13752201905240369 0.013596458763435643 0.097249876805384397 0.15507888075217988
leaf_weight=39.836366487666965 0.4890063120983531 96.691344149410725 124.37304174760357 481.18445418588817 55.125792067497969 12.786609724164007 10.971785848960279 881.08722716616467 35.888436915818602 13.467840359546242 29.232454067096114 32.281726501882076 7.0446754842996588 25.099502434954047 11.308464796748011 2.078694872558116 2.6797492424957454 0.93345148302614633 4.7456170385703444 1.4239014172926547 0.84425838803872455 432.76078614313155 108.69235392473638 64.990750415250659 33.853607003111392 7.2024744409136474 3.213560463860631 8.2432088963687402 5.4132806900888673 1.2645581709220994
leaf_count=173 31 1254 1885 10572 5633 77 285 47369 558 229 546 712 30 145 587 26 136 15 118 44 24 20393 4440 3657 626 214 25 144 31 21
internal_value=0.00249383 0.0339161 0.000705338 -0.000918649 0.0195329 0.00165273 -0.00290997 0.00121222 0.0065668 0.0336889 -0.00297175 0.0133018 0.00326348 0.00401088 0.00237467 0.054316 0.0012617 0.021819 0.121835 0.313749 0.404332 -0.00147613 -0.00267822 0.00968007 -0.0041236 0.064387 -0.00539427 0.0483569 0.0247999 -0.0060922
internal_weight=2535.21 136.528 2398.68 2208.21 190.471 1727.03 66.0976 1714.24 751.932 81.638 962.308 45.7496 670.294 663.249 638.15 13.3872 624.762 73.427 7.94723 3.20161 2.26816 551.335 541.453 65.4798 933.075 9.88222 893.809 11.4568 39.2669 882.352
internal_count=100000 1427 98573 90770 7803 80198 5918 80121 31359 1499 48762 941 29860 29830 29685 613 29072 3889 201 83 68 25183 24833 3688 48216 350 47559 169 657 47390
is_linear=0
shrinkage=0.03


Tree=115
num_leaves=31
num_cat=0
split_feature=392 4 15 1 23 215 329 32 88 90 19 38 34 101 3 9 372 434 26 1 9 437 11 39 9 7 365 185 358 3
split_gain=147.538 103.433 76.9578 59.2819 53.6023 46.6507 35.6617 43.0692 43.3848 60.1013 42.3902 38.6021 60.6716 46.3354 36.5088 54.0339 83.9399 45.2534 57.7397 41.2906 38.8484 37.5729 36.4254 35.8779 67.7276 34.9133 34.5139 34.0429 33.9793 33.865
threshold=-32.999999999999993 1.0000000180025095e-35 9.5000000000000018 43.995000839233406 9.5000000000000018 182.50000000000003 15.467799663543703 19.500000000000004 1.5000000000000002 3.5000000000000004 12.500000000000002 121.50000000000001 127.50000000000001 1.0000000180025095e-35 5366.5000000000009 319.50000000000006 48.960000991821296 -0.41413823987674081 1.0000000180025095e-35 223.68000030517581 324.50000000000006 784.00000000000011 702.50000000000011 367.50000000000006 203.50000000000003 117.50000000000001 225.72499847412112 1104.5000000000002 31.956100463867191 7861.5000000000009
decision_type=8 10 2 2 2 10 8 10 10 10 2 10 8 10 2 10 10 2 2 2 10 2 10 10 10 10 10 2 10 2
left_child=1 -1 3 -2 27 6 -5 10 -9 -10 11 13 -13 14 15 23 20 18 -16 22 -17 -18 -19 -8 -25 -3 -6 -4 -27 -20
right_child=2 25 4 5 26 -7 7 8 9 -11 -12 12 -14 -15 17 16 21 19 29 -21 -22 -23 -24 24 -26 28 -28 -29 -30 -31
leaf_value=0.072977114162884993 -0.0089709862636331312 0.078438657380014973 0.026076380027424857 -0.0074209208902978052 -0.013733915850639098 0.058995379798517829 0.0088242876017155369 -0.0066506915902148616 0.026574657025488214 0.28519992369561459 0.14012151919227306 0.37021948235545077 -0.01327311010653948 -0.011412059768781558 0.016691151271857801 0.17198064696057938 0.06796776359298122 -0.0034375142376054761 0.14637761407244107 0.017632472437284455 0.020203368787467372 0.16182728917428596 0.045853610309597781 0.48767677227708406 -0.030975842504349569 0.021303086016080074 0.063659088145788689 0.10041660089639932 -0.021389792816151252 0.050894661994266961
leaf_weight=40.3804927226156 597.0623032040894 7.4136501345783463 128.27535918122157 314.00007465248927 49.995264726225287 12.865821143612264 92.902442119084299 380.58671195665374 21.63875015638769 0.84009012021124263 2.1665702164173117 0.37287875078618526 87.180594950448722 86.118470707442611 59.537013770546764 1.574687280692159 9.4152908017858845 306.21980329696089 4.9809094211086622 154.11506737302989 41.98042155848816 6.480501022655516 14.114963775500653 0.40448602568358083 0.51524184038862586 67.586666479706764 5.7862117672339073 5.7943984912708393 22.318835941143334 10.166541160084305
leaf_count=173 23782 70 2642 6624 5052 78 2835 25578 513 9 21 7 5281 8085 2259 21 104 10011 52 3459 1357 64 433 14 30 962 71 38 222 153
internal_value=0.00241554 0.0326129 0.000679426 -0.000898423 0.0190071 0.00209865 0.00163979 0.00386022 -0.00425868 0.0362401 0.00758634 0.00725858 -0.0116399 0.00935696 0.0119033 0.0248492 0.0472259 0.00828991 0.0299963 0.00487305 0.0256907 0.106233 -0.00126559 0.0106701 0.197122 0.0158646 -0.00570594 0.0292893 0.0107047 0.0822922
internal_weight=2532.79 137.7 2395.09 2205.24 189.851 1608.18 1595.31 1281.31 403.066 22.4788 878.246 876.079 87.5535 788.526 702.407 153.273 59.4509 549.134 74.6845 474.45 43.5551 15.8958 320.335 93.8222 0.919728 97.3192 55.7815 134.07 89.9055 15.1475
internal_count=100000 1427 98573 90770 7803 66988 66910 60286 26100 522 34186 34165 5288 28877 20792 4425 1546 16367 2464 13903 1378 168 10444 2879 44 1254 5123 2680 1184 205
is_linear=0
shrinkage=0.03


Tree=116
num_leaves=31
num_cat=0
split_feature=392 436 15 1 19 215 7 43 43 0 439 34 416 43 372 311 32 43 372 98 30 366 369 39 196 40 411 358 20 50
split_gain=137.802 97.2578 72.5211 56.0536 50.9038 43.2327 42.8857 37.9025 38.8053 37.7647 36.9724 35.1434 36.394 34.4036 55.2133 41.1652 40.7044 44.3826 55.6145 39.7622 36.3909 34.0673 35.1744 35.3113 33.6826 32.8331 31.8093 31.8861 30.7326 30.0353
threshold=-32.999999999999993 -145.34940285246665 9.5000000000000018 43.995000839233406 3.5000000000000004 182.50000000000003 117.50000000000001 535.50000000000011 2.5000000000000004 5194405.5000000009 41124.000000000007 16.500000000000004 456.50000000000006 50.500000000000007 91.95999908447267 2.5000000000000004 12.500000000000002 1.5000000000000002 117.00500106811525 1.5000000000000002 8.5000000000000018 568.50000000000011 1437.5000000000002 153.50000000000003 3.5000000000000004 539.50000000000011 130.50000000000003 21.960000038146976 4.5000000000000009 -1.0000000180025095e-35
decision_type=8 2 2 2 2 10 10 8 10 2 2 10 10 8 10 10 8 10 10 10 10 10 10 10 8 10 8 10 2 2
left_child=1 10 3 25 -4 11 -3 8 9 29 -1 12 13 14 19 -15 17 24 20 21 -19 22 23 -5 -16 -2 -8 -28 -9 -6
right_child=2 6 4 5 7 -7 26 28 -10 -11 -12 -13 -14 15 16 -17 -18 18 -20 -21 -22 -23 -24 -25 -26 -27 27 -29 -30 -31
leaf_value=0.072965715255135996 -0.0091424890371810917 0.086544825296130778 0.030463766037061517 0.003831950680421648 0.28285780250864712 0.056415149761740689 0.13872778563015351 0.2036058950710041 -0.023505645688059826 0.012482152166626329 -0.017818795228612707 -0.028318912595046628 0.090456156195684673 -0.0038802504594993232 0.1856104562566866 0.048981962590481966 0.00051368918336905974 0.10961581480645866 0.048595301670949748 -0.030574595560577757 0.29437254835111293 -0.026340632746060452 0.04065617619524893 0.050994379210362303 0.0042865735375583781 0.12163271779868766 0.015791855017664343 -0.026287755343660072 0.02988729412694292 0.044476498801701951
leaf_weight=45.504314211197197 591.39886530349031 6.5323831448331466 118.7648250842467 657.75254622800276 0.94861448556184769 13.047745149582623 1.6096469750627873 0.9836546890437593 47.547120248433203 6.9516477999277413 4.4304365282878271 34.605151558294892 4.198286311235278 694.99387142248452 0.96004737354815006 13.515978531911967 31.370814847759902 3.9005312626250079 30.158327164128423 29.730534037575126 1.2724911770783363 30.263496129773557 25.64269841182977 14.605004326906053 23.274791647214446 1.7329022586345662 58.02656233869493 22.487802227027714 13.431984097696839 0.95419057738035717
leaf_count=221 23759 57 1650 27060 46 78 27 11 4706 463 51 819 41 35318 16 107 700 51 290 362 26 566 215 670 669 23 843 228 892 35
internal_value=0.00234067 0.0314244 0.000655574 -0.000876996 0.0184598 0.00202857 0.0125636 -0.00167147 -0.0127672 0.0448965 0.0649109 0.00158401 0.00224665 0.00200887 0.00608224 -0.00287182 0.0281709 0.0427367 0.0641838 0.00343225 0.155063 0.00482054 0.00617161 0.00485642 0.0114696 -0.00876041 0.00667887 0.00403895 0.041741 0.163318
internal_weight=2530.6 138.591 2392.01 2202.42 189.582 1609.29 88.6564 70.8172 56.4016 8.85445 49.9348 1596.24 1561.64 1557.44 848.931 708.51 90.937 59.5662 35.3313 757.994 5.17302 728.264 698 672.358 24.2348 593.132 82.124 80.5144 14.4156 1.90281
internal_count=100000 1427 98573 90770 7803 66988 1155 6153 5250 544 272 66910 66091 66050 30625 35425 1752 1052 367 28873 77 28511 27945 27730 685 23782 1098 1071 903 81
is_linear=0
shrinkage=0.03


Tree=117
num_leaves=31
num_cat=0
split_feature=392 436 313 135 134 33 11 4 135 360 27 7 26 34 417 8 9 9 189 11 438 400 439 183 435 27 11 11 432 438
split_gain=128.764 90.061 51.403 49.5744 44.7324 68.6348 54.3302 55.2505 59.9681 52.6619 42.9362 39.4663 37.1171 46.0379 37.7164 37.062 52.5848 36.4898 35.7918 38.3762 37.6338 34.2748 33.9862 32.4212 44.2064 31.6991 28.6112 59.6834 72.3885 47.4088
threshold=-32.999999999999993 -145.34940285246665 2.5000000000000004 1.5000000000000002 1.0000000180025095e-35 5.5000000000000009 1.5000000000000002 225.50000000000003 1.0000000180025095e-35 42.975000381469734 50.500000000000007 117.50000000000001 6.5000000000000009 18.500000000000004 166.00000000000003 1.5000000000000002 474.00000000000006 270.50000000000006 39.975000381469734 283.50000000000006 379.00000000000006 1.0000000180025095e-35 41124.000000000007 62.975000381469734 0.38689965374947993 7.5000000000000009 661.50000000000011 635.50000000000011 17.500000000000004 5275.5000000000009
decision_type=8 2 10 10 8 8 8 8 10 10 2 10 2 10 10 2 10 10 2 10 2 10 2 2 2 2 10 8 2 2
left_child=1 22 3 4 5 6 23 8 -8 -10 -9 -3 13 14 18 -5 17 -17 19 21 -20 -6 -1 24 -2 -11 27 29 -29 -21
right_child=2 11 -4 15 12 -7 7 10 9 25 -12 -13 -14 -15 -16 16 -18 -19 20 26 -22 -23 -24 -25 -26 -27 -28 28 -30 -31
leaf_value=0.069921183547890675 0.46512471067247285 0.08243567215006474 0.0298923680868231 0.030996058662058967 -0.0058970293653108742 0.0020274589308707119 0.028076467364896853 -0.017522783631146076 0.41464004219017353 0.17156038848230162 0.073189340871726433 0.006458317434702896 0.022569573042950864 -0.022523445375769852 0.059025762728117673 0.010367109328395404 0.054654493579135606 -0.025041573009167494 0.052748609706639006 0.067072797473331836 0.0058174528750222524 0.028982251770958582 -0.017451644251555737 0.067472773004911751 0.13333795111638763 0.0048339168836898216 0.0012984144034135538 0.58551106854780954 0.032964495729546406 -0.0038814504060155912
leaf_weight=46.052282276563346 0.42295460682362263 6.6503832703456274 52.84580288361758 74.433225917629898 1443.3865612535737 211.09471599385142 10.822091144509615 24.604354801122103 0.60552097577601571 3.1536100525408983 5.8038178924471131 82.304509391076863 49.623516539111733 110.17057355260476 8.9165225643664581 69.396285934839398 16.323764737695456 42.074482321273535 17.654109141323715 16.212838022038341 119.27260169759393 25.809475945774466 4.3885776521638027 9.7586387619376165 2.4840852259658277 1.5214565233327446 53.496507420670241 0.38955895556136866 0.4718664619140327 17.757811998948455
leaf_count=221 21 57 507 825 67260 14552 317 852 24 30 174 1098 450 2366 121 1469 279 1316 360 451 3069 340 51 96 66 69 2613 29 34 883
internal_value=0.00226958 0.0302966 0.000633889 -2.8103e-05 -0.00137373 0.0100319 0.0385853 0.0235848 0.0685171 0.151396 -0.000209127 0.0121385 -0.00302824 -0.00372867 -0.00251306 0.0141678 0.00436634 -0.00299785 -0.00283688 -0.00412967 0.0118683 -0.0052843 0.0623194 0.0936698 0.181611 0.117301 0.0150758 0.0362356 0.28284 0.0299822
internal_weight=2527.9 139.396 2388.51 2335.66 2133.43 270.271 59.1765 46.5109 16.1027 5.28059 30.4082 88.9549 1863.16 1813.54 1703.37 202.228 127.795 111.471 1694.45 1557.52 136.927 1469.2 50.4409 12.6657 2.90704 4.67507 88.3286 34.8321 0.861425 33.9707
internal_count=100000 1427 98573 98066 94177 16201 1649 1466 440 123 1026 1155 77976 77526 75160 3889 3064 2785 75039 71610 3429 67600 272 183 87 99 4010 1397 63 1334
is_linear=0
shrinkage=0.03


Tree=118
num_leaves=31
num_cat=0
split_feature=4 47 15 108 361 28 47 335 437 13 27 212 4 43 12 3 9 1 9 413 13 330 135 253 138 23 1 6 0 361
split_gain=118.636 87.2057 64.6639 58.8849 48.5103 47.2858 46.0508 61.6387 72.0118 46.0784 44.536 54.9104 47.6356 45.5768 37.6351 34.4498 47.2704 34.4612 34.1108 33.5478 32.7971 39.3662 38.4109 32.2997 32.0067 31.1691 30.6498 30.4511 82.6676 32.0422
threshold=1.0000000180025095e-35 1.5000000000000002 9.5000000000000018 3.5000000000000004 318.69999694824224 9.5000000000000018 1.0000000180025095e-35 6.5000000000000009 1621.0000000000002 52.500000000000007 1.0000000180025095e-35 191.50000000000003 580.50000000000011 548.50000000000011 7.5000000000000009 5605.5000000000009 345.50000000000006 129.95999908447268 434.00000000000006 18.000000000000004 52.500000000000007 57.577751159667976 3.5000000000000004 2.5000000000000004 7.5000000000000009 12.500000000000002 6.4680001735687265 1.5000000000000002 7339353.0000000009 48.975000381469734
decision_type=10 2 2 10 8 2 2 10 2 2 2 10 10 8 10 2 10 2 8 8 2 8 10 10 10 2 2 2 2 10
left_child=1 4 3 6 26 20 7 10 -9 -10 12 13 15 25 -13 16 -2 23 -18 -8 21 -4 24 -17 -23 27 -1 28 -12 -29
right_child=2 -3 5 -5 -6 -7 19 8 9 -11 11 14 -14 -15 -16 17 18 -19 -20 -21 -22 22 -24 -25 -26 -27 -28 29 -30 -31
leaf_value=0.10117206068527662 0.023089120307310897 0.066793768552709368 0.039295049721199064 -0.031835564158214001 0.11372638124890239 0.00058517237860992327 0.14669343426621273 0.053212675379730186 -0.021666983518363003 0.057576351046809589 0.028963922332168972 0.050037208359355281 -0.016401971660667043 -0.015349808824868888 -0.028151481646895713 -0.0058698498227224656 0.19010243978277511 0.024341333458441968 0.063761622218266756 -0.0064969183627111952 0.069319869234595627 -0.0027728513122737778 0.12850232058097677 0.060044653118189947 -0.17714554929724458 0.16416798912910252 -0.013399330985924416 -0.0025508648651572843 0.37290001248341242 0.013334307715306496
leaf_weight=2.2473480924963942 56.2608328089118 43.523127135820687 56.924142578616738 52.454463437199593 3.341988429427146 83.634065480902791 1.2890689326450229 46.336391471326351 28.086056721396744 8.6343765174970013 10.994346986990418 29.471806452609599 45.399508349597454 194.27742338832468 6.8231953429058185 96.81572850048542 2.3451444013044211 86.149763058871031 10.692158855497837 672.39457493834198 16.62173937773332 34.264134062919766 1.9707769555971015 7.1875478848814955 0.9743238091468801 1.0481203608214844 32.368828274309635 757.50399041501805 0.667123590596021 134.5877918950282
leaf_count=11 768 213 510 655 22 6035 12 312 226 58 381 518 606 6983 178 1626 31 1256 123 18537 255 923 12 47 7 10 1481 54917 20 3267
internal_value=0.00219924 0.0378098 0.00101192 -0.000422646 0.00457663 0.0176123 0.000327364 0.00321582 0.0283454 -0.00303385 0.00176662 -0.00096699 0.0119476 -0.0021659 0.0353383 0.0169082 0.0350165 0.010309 0.0864878 -0.00620379 0.0304699 0.0236099 -0.000385847 -0.00131457 -0.00759416 0.000664922 -0.00596114 0.000475301 0.0486396 -0.000154306
internal_weight=2525.29 81.4813 2443.81 2249.42 37.9582 194.389 2196.96 1523.28 83.0568 36.7204 1440.22 1135.37 304.851 1099.08 36.295 259.451 69.2981 190.153 13.0373 673.684 110.755 94.1334 37.2092 104.003 35.2385 904.801 34.6162 903.753 11.6615 892.092
internal_count=100000 1727 98273 90531 1514 7742 89876 71327 596 284 70731 66274 4457 65578 696 3851 922 2929 154 18549 1707 1452 942 1673 930 58595 1492 58585 401 58184
is_linear=0
shrinkage=0.03


Tree=119
num_leaves=31
num_cat=0
split_feature=392 436 15 108 143 1 215 405 19 28 114 434 104 290 43 11 335 121 4 439 365 64 15 64 405 0 28 40 43 135
split_gain=114.904 78.1263 62.4547 50.7111 47.0231 43.8353 36.1243 33.7187 31.7041 30.8504 52.2322 38.6491 55.1054 49.8113 38.3718 30.8947 42.227 35.0299 30.2036 29.9731 29.6925 38.8707 28.7928 40.1301 28.5757 29.6604 28.4604 28.0233 26.7872 26.2099
threshold=-32.999999999999993 -145.34940285246665 9.5000000000000018 3.5000000000000004 1.0000000180025095e-35 43.995000839233406 182.50000000000003 90.000000000000014 12.500000000000002 1.5000000000000002 2.5000000000000004 -0.42803747477608095 1.0000000180025095e-35 1.0000000180025095e-35 5.5000000000000009 189.50000000000003 6.5000000000000009 1.5000000000000002 580.50000000000011 41124.000000000007 215.92499542236331 1.5000000000000002 3.5000000000000004 1.0000000180025095e-35 570.00000000000011 5835681.0000000009 2.5000000000000004 539.50000000000011 1.0000000180025095e-35 1.5000000000000002
decision_type=8 2 2 10 10 2 10 10 2 2 10 2 10 10 8 10 8 8 10 2 8 10 2 8 8 2 2 10 8 10
left_child=1 19 3 5 -4 7 8 27 9 10 11 12 13 -7 -14 22 17 -17 26 -1 21 -11 -13 -24 -3 -26 -6 29 -20 -2
right_child=2 24 4 -5 18 6 -8 -9 -10 20 -12 15 14 -15 -16 16 -18 -19 28 -21 -22 -23 23 -25 25 -27 -28 -29 -30 -31
leaf_value=0.065170504205915081 -0.0097483935910738315 0.034804957660861273 0.02638270315637024 -0.03137274742980186 0.29005615762631504 0.0065033477172306651 0.051518572781390111 0.18562171531577579 0.085290331157339014 -0.0040986696496780693 0.04618359338535212 -0.0013455327041598209 0.057971916643533704 0.075849924496547413 0.21686263166187117 0.013924854833740173 0.13824293840682361 0.23370057262915564 0.16009062361441792 -0.017430861665431237 -0.029893361519126457 0.051044582982700731 -0.007781601771144662 0.053284011598007511 0.023589531716026322 -0.019668398838574613 -0.014413839529387053 0.10730533765588718 -0.030847066905373914 0.017630471329636573
leaf_weight=46.637014636769891 519.73651171987876 31.092780220322311 136.62192155513912 47.898762139491737 0.27788616344332595 115.34181566396728 13.348369982093571 0.81321899499744077 4.0982500314712516 400.48875861894339 26.30326385051012 852.53587964083999 11.507167423143981 10.14193818438798 1.5524579538032401 61.147563779260963 2.6646634340286246 0.65975412633269925 1.7589246081188312 4.3198849391192189 39.024063193239272 11.845087852794675 18.02672303840518 20.931635559536517 25.264021879993379 32.768635553307831 48.686208434868604 1.9005066771060217 1.0596717991866171 33.496724050492048
leaf_count=221 22574 386 2074 621 3 5197 78 14 50 24405 155 32871 150 120 28 2432 19 9 25 51 780 133 132 222 312 457 5621 23 80 757
internal_value=0.00213317 0.0285382 0.000580233 -0.000843491 0.0171556 -0.000161939 0.00237397 -0.00741284 0.00195779 0.00174057 0.0044074 0.00340344 0.0182119 0.0121081 0.07686 0.00125732 0.021312 0.0162708 -0.00718875 0.058168 -0.00488172 -0.00251457 -0.000193013 0.0250279 0.0115976 -0.000836428 -0.0126859 -0.00769562 0.0883062 -0.00809068
internal_weight=2521.95 140.082 2381.87 2193.46 188.405 2145.56 1589.62 555.947 1576.27 1572.17 1120.81 1094.51 138.543 125.484 13.0596 955.966 64.472 61.8073 51.7827 50.9569 451.358 412.334 891.494 38.9584 89.1254 58.0327 48.9641 555.134 2.8186 553.233
internal_count=100000 1427 98573 90770 7803 90149 66781 23368 66703 66653 41335 41180 5495 5317 178 35685 2460 2441 5729 272 25318 24538 33225 354 1155 769 5624 23354 105 23331
is_linear=0
shrinkage=0.03


Tree=120
num_leaves=31
num_cat=0
split_feature=392 435 313 48 369 372 104 26 71 88 108 366 7 362 0 88 372 16 333 439 383 27 212 398 0 89 16 20 167 30
split_gain=107.619 74.658 46.2116 44.0072 47.8072 48.2363 51.3108 45.1307 39.2147 50.3316 38.733 38.4764 36.8156 34.7013 44.2687 43.1145 34.6365 58.2704 31.6535 31.3661 34.9634 32.0118 39.8913 32.9967 32.5694 32.1746 30.3849 57.7612 47.3584 46.7092
threshold=-32.999999999999993 0.26391583673137142 2.5000000000000004 -1.0000000180025095e-35 1757.2500000000002 91.95999908447267 1.0000000180025095e-35 16.500000000000004 1.0000000180025095e-35 1.0000000180025095e-35 2.5000000000000004 527.42498779296886 117.50000000000001 171.23999786376956 5845718.0000000009 2.5000000000000004 1647.0000000000002 1.5000000000000002 2.5000000000000004 146.00000000000003 71.000000000000014 1.0000000180025095e-35 197.50000000000003 11.500000000000002 6187336.0000000009 7.5000000000000009 9.5000000000000018 5.5000000000000009 1.5000000000000002 259.50000000000006
decision_type=8 2 10 2 10 10 10 2 10 8 10 8 10 10 2 10 8 2 10 2 10 2 10 8 2 10 2 2 2 8
left_child=1 -1 3 7 5 11 13 10 -6 -10 19 26 -3 14 -7 16 -15 -18 -11 20 -2 23 -23 -21 -25 -26 -5 29 -29 -28
right_child=2 12 -4 4 8 6 -8 -9 9 18 -12 -13 -14 15 -16 -17 17 -19 -20 21 -22 22 -24 24 25 -27 27 28 -30 -31
leaf_value=0.05439319411945337 0.0053229778522156136 0.076846371338758462 0.028436704184448405 0.00043635165626453493 0.053509770417351561 0.065927963691828836 0.073664734944104415 0.031475421166249365 0.050444503503838653 -0.028555882572806581 -0.027448075513450056 -0.027404109888247642 0.0039125985899222566 -0.012446736793830862 0.0022125418501316449 0.089060444306917355 -0.031915167036104385 0.35584399058443467 0.030818610195922046 0.089699193382444045 0.059959700699716185 -0.010293281520578871 0.038480487920502203 0.010801565949392109 -0.0074703225525944682 -0.13878079687715503 0.29751693687209857 -0.0045373451105288403 0.080922665597562421 0.035536229699635068
leaf_weight=56.121556949801743 116.52964430907741 6.7716103829443446 52.346251818351448 852.07704375637695 29.798619776032865 20.24076728336513 14.472614625468848 31.313049145042896 19.136027993634343 25.140184844844043 65.419468007981777 43.443130560219288 77.733120915479958 53.453166706487536 19.051617511082441 4.3975952267646781 0.79681377485394367 0.62033263314515352 11.908959358930586 3.8633102886378765 11.589500308036802 656.37117718998343 15.447214046958832 157.93879482150078 138.58354423195124 1.7000096291303624 1.2596707213670009 21.553529047872871 8.0028881682083028 1.1921903463080523
leaf_count=369 8362 55 507 37497 370 504 119 296 148 407 1062 826 1003 1257 558 20 19 24 75 26 109 41667 398 1699 1592 11 30 839 130 21
internal_value=0.00206964 0.0275705 0.000561381 -6.61373e-05 0.00419117 0.00241465 0.0209174 -0.00406699 0.0256902 0.0109357 -0.0050203 0.000159826 0.00975699 0.0131719 0.0350344 -0.00132204 -0.00856577 0.13782 -0.00947073 -0.00368892 0.0102653 -0.00552464 -0.00917182 0.00258645 0.00145795 -0.00906159 0.00151429 0.0302096 0.0186024 0.170132
internal_weight=2518.27 140.626 2377.65 2325.3 1126.55 1040.56 113.033 1198.76 85.9838 56.1852 1167.44 927.528 84.5047 98.5603 39.2924 59.2679 54.8703 1.41715 37.0491 1102.02 128.119 973.904 671.818 302.086 298.222 140.284 884.085 32.0083 29.5564 2.45186
internal_count=100000 1427 98573 98066 42844 41844 2501 55222 1000 630 54926 39343 1058 2382 1062 1320 1300 43 482 53864 8471 45393 42065 3328 3302 1603 38517 1020 969 51
is_linear=0
shrinkage=0.03


Tree=121
num_leaves=31
num_cat=0
split_feature=392 435 15 108 328 48 8 161 47 335 437 13 12 135 36 213 28 27 3 3 36 4 437 39 424 143 373 32 13 119
split_gain=100.797 70.0038 56.9619 47.4842 44.4692 38.9634 57.5117 40.3459 38.5584 50.1676 69.3686 43.418 32.0392 31.5906 30.1587 44.9911 37.2728 38.8549 67.3276 70.8408 37.2603 35.1179 32.6061 114.953 31.1902 30.1886 36.0053 40.2235 56.6137 31.5005
threshold=-32.999999999999993 0.13742958228249111 9.5000000000000018 3.5000000000000004 77.528400421142592 1.0000000180025095e-35 1.5000000000000002 1.5000000000000002 1.0000000180025095e-35 6.5000000000000009 1621.0000000000002 52.500000000000007 205.50000000000003 3.5000000000000004 38.041666030883796 112.50000000000001 1.0000000180025095e-35 45.500000000000007 7585.5000000000009 7666.5000000000009 10.395833015441896 580.50000000000011 12261.500000000002 348.50000000000006 217.00000000000003 1.0000000180025095e-35 41.94075012207032 12.500000000000002 30.500000000000004 1.0000000180025095e-35
decision_type=8 2 2 10 8 2 2 2 2 10 2 2 8 10 10 10 2 2 2 2 10 10 2 8 2 8 10 8 2 8
left_child=1 -1 3 8 -4 13 -7 -8 9 14 -11 -12 -3 -6 15 16 20 25 -19 -20 21 24 -21 -24 -2 26 29 28 -28 -18
right_child=2 12 4 -5 5 6 7 -9 -10 10 11 -13 -14 -15 -16 -17 17 18 19 22 -22 -23 23 -25 -26 -27 27 -29 -30 -31
leaf_value=0.05797508423675287 0.012805814506835706 -0.019335203795941665 0.037291136656780188 -0.030838874710525613 -0.0055978043615119207 0.083313710565625268 -0.023880937315981607 0.14094189044132716 -0.0064145483639077476 0.049124168394639588 -0.022553031505649246 0.053376559100311242 0.021755270588728514 0.085327603943559219 -0.014456340692102656 0.071398842833215168 0.083726067611598398 -0.030961525776937355 0.38136662158811124 0.034881263529392269 0.069287006172759458 -0.020046352090064751 0.44989074701678233 0.033789570855200131 0.10365560989056721 -0.0087320895395299157 0.02000885919713646 -8.771915302372995e-05 0.10898978101541434 -0.00066971069618718365
leaf_weight=44.102447379380465 206.89500522147864 22.115528868511319 61.590771133545786 46.418911217711866 96.431757749523968 13.077219272963703 11.819518047384916 1.5070422003045685 628.41930109495297 47.144012124277651 29.629385485313833 8.788150121457873 74.978677371516824 3.5661567924544206 104.12146076187491 8.4297806881368142 4.006909778341651 12.138030012138186 0.58074068557471292 24.664125690236691 9.9073363561183196 30.704357702285051 0.79326057992875521 2.4217908503487706 3.4578927643597117 359.31629260117188 19.310722585767508 29.549768117256463 9.6517998930066842 599.80235588876531
leaf_count=223 3316 303 570 621 6607 113 476 16 18092 310 237 58 901 21 2886 53 143 800 19 1069 78 465 20 88 32 33099 392 939 140 27913
internal_value=0.00200677 0.0266325 0.00054221 -0.000820458 0.0163886 0.00620357 0.0386178 -0.00524185 -0.000169245 0.00242762 0.0247396 -0.00518386 0.0123959 -0.00235519 0.00108864 0.00231331 0.00186983 -0.000586839 0.0281958 0.0534261 0.012268 0.00992452 0.0465949 0.136456 0.0142993 -0.00173061 0.00206777 0.0245374 0.0496619 -0.000109656
internal_weight=2515.34 141.197 2374.14 2186.15 187.992 126.402 26.4038 13.3266 2139.73 1511.31 85.5615 38.4175 97.0942 99.9979 1425.75 1321.63 1313.2 1062.24 40.5979 28.4599 250.965 241.057 27.8792 3.21505 210.353 1021.64 662.322 58.5123 28.9625 603.809
internal_count=100000 1427 98573 90770 7803 7233 605 492 90149 72057 605 295 1204 6628 71452 68566 68513 64622 1996 1196 3891 3813 1177 108 3348 62626 29527 1471 532 28056
is_linear=0
shrinkage=0.03


Tree=122
num_leaves=31
num_cat=0
split_feature=4 411 15 108 330 135 1 212 3 38 439 25 335 188 78 405 372 3 48 8 161 311 411 43 6 0 216 27 438 29
split_gain=95.233 69.4083 52.7461 50.905 42.6523 40.4905 43.8142 48.0662 44.7584 68.4423 53.0665 43.2838 47.2648 40.4912 39.7007 38.3974 37.6566 40.4179 37.2781 54.3144 35.4381 35.02 30.7502 29.0504 48.924 74.1795 45.0598 31.6252 54.3609 32.3398
threshold=1.0000000180025095e-35 263.50000000000006 9.5000000000000018 3.5000000000000004 57.577751159667976 1.5000000000000002 76.99499893188478 157.50000000000003 18354.500000000004 32.500000000000007 7077.5000000000009 2.5000000000000004 6.5000000000000009 41.975000381469734 1.0000000180025095e-35 -449.99999999999994 107.97499847412111 7816.0000000000009 1.0000000180025095e-35 1.5000000000000002 1.5000000000000002 2.5000000000000004 253.50000000000003 52.500000000000007 1.5000000000000002 7339353.0000000009 127.50000000000001 1.0000000180025095e-35 5275.5000000000009 386.50000000000006
decision_type=10 10 2 10 8 10 2 10 2 8 2 2 10 2 8 8 8 2 2 2 2 10 8 8 2 2 10 2 2 10
left_child=1 14 3 5 -4 6 8 23 13 -10 -11 12 -7 16 -1 -9 -2 -18 -6 -20 -21 -15 -17 24 25 -8 -26 28 -25 -29
right_child=2 -3 4 -5 18 11 7 15 9 10 -12 -13 -14 21 -16 22 17 -19 19 20 -22 -23 -24 27 26 -27 -28 29 -30 -31
leaf_value=0.10480332805534259 -0.0076438098915807022 0.057910731613027809 0.036009433872234556 -0.030599039162623184 -0.0021723936763056138 0.012008493993614807 0.043004349990362387 0.1440836150178248 -0.032926832437130731 0.10268285103529308 0.6234642265056527 -0.01635292338701036 0.053483574603822116 0.011022478784875962 -0.0078138326085511207 -0.040820592887199358 0.12696083984216222 -0.03215110145240703 0.080887108106645275 -0.023633541937440435 0.12526160607548925 0.091016810690664016 0.044732509182936517 0.043876767818415881 0.0055695913178174707 0.2945479416376019 0.17664506304833724 -0.011034444221322121 -0.0013729427501262611 0.015232850552789588
leaf_weight=3.0880391225218773 935.10995336482301 46.421069446019828 63.747692417353392 49.202496817335486 102.56171177653596 108.82126855151728 9.2770576737821084 2.944853181950748 0.79191804863512394 0.33876936789602052 0.36672643152996898 33.839557596947998 32.000963717699051 54.884194173850119 32.132352953311056 4.5769258849322796 3.8140310491435221 2.3053217148408294 13.184318554587662 11.588459796737878 1.6425521923229105 5.4109719283878794 21.745761387981482 31.880286941304803 483.56139592360705 1.1905178576707829 1.3896408304572094 309.0955979321152 95.389473306946456 48.851201648358256
leaf_count=37 43991 218 594 655 6550 2537 220 36 35 13 30 603 167 1801 1472 70 71 90 106 476 16 27 212 304 18188 20 16 16616 991 3838
internal_value=0.00194659 0.0338166 0.000875628 -0.000421889 0.0159348 0.000256846 -0.000945419 0.00346551 -0.00538661 0.158507 0.373392 0.0141126 0.0214334 -0.00563165 0.00206017 0.0413501 -0.00715839 0.0670192 0.00601277 0.037793 -0.00514909 0.0182013 0.0298567 0.00233483 0.00744488 0.0716134 0.00605981 -0.00288266 0.00996183 -0.00744958
internal_weight=2511.16 81.6415 2429.51 2236.79 192.725 2187.59 2012.92 1009.9 1003.02 1.49741 0.705496 174.662 140.822 1001.52 35.2204 29.2675 941.229 6.11935 128.977 26.4153 13.231 60.2952 26.3227 980.635 495.419 10.4676 484.951 485.217 127.27 357.947
internal_count=100000 1727 98273 90531 7742 89876 86569 40511 46058 78 43 3307 2704 45980 1509 318 44152 161 7148 598 492 1828 282 40193 18444 240 18204 21749 1295 20454
is_linear=0
shrinkage=0.03


Tree=123
num_leaves=31
num_cat=0
split_feature=392 4 15 108 330 1 1 36 213 105 114 43 203 416 11 434 26 15 290 404 19 361 437 259 422 14 405 47 433 437
split_gain=90.6816 61.7125 50.968 43.5969 42.2115 37.6595 33.8992 32.44 44.5399 31.1524 32.3568 35.301 31.1273 30.0786 28.7385 31.4174 47.5764 47.1273 42.9731 30.9395 30.3093 29.4038 27.136 35.904 34.9132 27.1119 26.9794 26.8958 46.1889 26.6762
threshold=-32.999999999999993 1.0000000180025095e-35 9.5000000000000018 3.5000000000000004 77.528400421142592 43.995000839233406 58.960000991821296 39.958332061767585 112.50000000000001 2.5000000000000004 2.5000000000000004 29.500000000000004 1.5000000000000002 456.50000000000006 197.50000000000003 -0.42474412929708244 1.0000000180025095e-35 1.5000000000000002 1.0000000180025095e-35 43.500000000000007 12.500000000000002 62.975000381469734 2618.0000000000005 21.777699470520023 13.500000000000002 29.500000000000004 90.000000000000014 1.5000000000000002 3.5000000000000004 2513.5000000000005
decision_type=8 10 2 10 8 2 2 10 10 10 10 8 10 10 10 2 2 2 10 10 2 10 2 8 2 2 10 2 2 2
left_child=1 -1 3 5 -4 26 -6 8 9 10 13 -12 -9 14 15 16 18 29 -7 -20 -17 27 23 25 -24 -3 -2 -16 -29 -18
right_child=2 22 4 -5 6 7 -8 12 -10 -11 11 -13 -14 -15 21 20 17 -19 19 -21 -22 -23 24 -25 -26 -27 -28 28 -30 -31
leaf_value=0.05609352831808475 -0.0072436295764592533 0.040368714633193643 0.036495785579549266 -0.030090473618343445 -0.013698275129791096 0.0013247597461550382 0.018090372454390893 -0.021160332898418201 0.059753029105410631 -0.060980847940950662 0.043508610594879871 -0.034474525946407895 0.042392423073784394 0.084592727374032131 0.008462452516059777 -0.0013188047301121669 0.058835307689145938 -0.00041833010440247187 0.13811513916648424 0.028696189199649749 0.079285580832708771 0.054766046696132865 0.13701849287474008 -0.032189280702180516 -0.018338917652480431 -0.012464388053852353 0.15318586137616658 -0.0033197015144458613 0.31894063157946551 0.14792040552595323
leaf_weight=41.275373715907335 546.37091017374769 50.109050996601582 59.115673328749835 44.780496560037136 49.165504895150661 139.81389583973214 78.234009775798768 79.638154474087059 12.427004834637044 6.8773011714220038 31.31227539293468 6.2705119927413753 7.5978259705007067 3.9864677507430306 100.28756888955832 1138.4249123279005 13.597987224813556 11.082167857326565 3.4223576355725509 7.2587675349786878 4.2141110785305491 15.517622052226214 1.3635930996388221 9.2861999664455634 28.761511696502566 10.588810245506464 0.94505338184535403 0.96286041755229124 0.68508988805115223 3.8908314825966945
leaf_count=173 23354 593 562 621 3452 7628 3789 2110 69 29 171 104 145 29 4191 51359 232 226 39 59 45 230 11 96 439 115 14 30 24 61
internal_value=0.00188759 0.0252263 0.000492874 -0.000795274 0.0155444 -0.000180703 0.00582263 0.00215919 0.00319346 0.00272098 0.00301685 0.0304975 -0.0156252 0.00230119 0.00207324 0.000809481 0.0124934 0.0479836 0.00575566 0.0637553 -0.00102153 0.0162944 0.0124996 0.0227472 -0.0113068 0.0311519 -0.00696662 0.0104378 0.130651 0.0786545
internal_weight=2507.26 141.385 2365.88 2179.36 186.515 2134.58 127.4 1587.27 1500.03 1487.6 1480.73 37.5828 87.236 1443.14 1439.16 1321.71 179.066 28.571 150.495 10.6811 1142.64 117.453 100.109 69.9841 30.1251 60.6979 547.316 101.936 1.64795 17.4888
internal_count=100000 1427 98573 90770 7803 90149 7241 66781 64526 64457 64428 275 2255 64153 64124 59649 8245 519 7726 98 51404 4475 1254 804 450 708 23368 4245 54 293
is_linear=0
shrinkage=0.03


Tree=124
num_leaves=31
num_cat=0
split_feature=392 435 15 108 330 1 12 48 8 40 36 215 161 105 114 27 11 27 343 119 88 11 38 369 335 143 31 4 3 437
split_gain=85.3453 58.9994 48.067 41.7945 40.8929 35.7455 33.5121 32.8759 46.2019 31.5127 31.5015 42.8599 31.3938 29.2625 39.1385 31.9841 28.5429 34.1021 46.3386 36.4558 37.1287 36.2999 89.0196 36.0653 40.4641 33.5011 51.6428 33.4557 31.6769 30.6799
threshold=-32.999999999999993 0.26391583673137142 9.5000000000000018 3.5000000000000004 77.528400421142592 36.960000991821296 202.50000000000003 1.0000000180025095e-35 1.5000000000000002 539.50000000000011 33.979166030883796 102.50000000000001 1.5000000000000002 2.5000000000000004 2.5000000000000004 6.5000000000000009 283.50000000000006 2.5000000000000004 3.5000000000000004 1.0000000180025095e-35 2.5000000000000004 4.5000000000000009 147.50000000000003 195.38050079345706 6.5000000000000009 1.5000000000000002 1.5000000000000002 567.50000000000011 10860.500000000002 461.00000000000006
decision_type=8 2 2 10 8 2 8 2 2 10 10 10 2 10 10 2 10 2 10 8 10 8 10 10 8 10 10 8 2 2
left_child=1 -1 3 5 -4 9 -3 -6 -9 -2 11 13 -10 14 16 -16 17 18 -7 21 23 22 -19 24 29 -18 -27 -23 -20 -21
right_child=2 6 4 -5 7 10 -8 8 12 -11 -12 -13 -14 -15 15 -17 25 19 28 20 -22 27 -24 -25 -26 26 -28 -29 -30 -31
leaf_value=0.048244772487010243 -0.0082034540928356096 -0.025164565929763127 0.035949185337607104 -0.029718956200491812 -0.0022723194397042462 0.0035666318715415948 0.019172790434068439 0.073042946077704618 -0.023446023621590786 0.11976461905703806 -0.01475472613998554 0.054314305632586275 0.11215502748606386 -0.058815419968000784 0.043055580364302133 -0.030822718259691611 0.015173346558450734 -0.030241588028804615 0.088769479891584027 -0.013143944884597211 0.067575669164568128 -0.030462188510998231 0.74520728105630263 -0.018281797818668968 0.093113676689575348 0.48002430090847492 -0.030342462546858271 0.11213681442833436 -0.0119712262124263 0.0045399535006839537
leaf_weight=56.451323521323502 446.47035922808573 20.106745257973671 58.227619875222445 43.992087248712778 100.77822830853984 847.85033477190882 64.756305693648756 13.931660999543965 11.448750281240789 1.7386526316404332 97.175795949995518 14.426733538508413 1.7748027220368392 7.00378294289112 34.361747675575316 6.2302862280048421 110.5942235016264 0.31289027724415053 9.6322327144443971 147.8703225585632 6.1132382266223422 2.8311534388922155 0.23204710613936186 168.57308067101985 4.0200831368565551 0.35205609071999688 0.36182946851477027 3.1043872316367924 3.9657204924151293 219.16087455395609
leaf_count=369 19244 265 562 621 6636 30145 793 113 476 19 2498 84 16 30 204 86 4154 42 75 12589 40 266 23 3010 34 17 38 26 51 17474
internal_value=0.00183119 0.0244778 0.000476585 -0.000774923 0.0151077 -0.000177793 0.00866787 0.00562194 0.0349191 -0.00770705 0.00182597 0.00284125 -0.00524629 0.00236903 0.00264275 0.0317163 0.00186887 0.000717192 0.00444779 -0.00510247 -0.00594243 0.0656331 0.299963 -0.00677529 -0.00154775 0.0164957 0.221347 0.0441195 0.0593894 -0.00258457
internal_weight=2503.85 141.314 2362.53 2176.37 186.161 2132.38 84.8631 127.933 27.1552 448.209 1684.17 1587 13.2236 1572.57 1565.57 40.592 1524.97 1413.67 861.448 552.218 545.738 6.48048 0.544937 539.624 371.051 111.308 0.713886 5.93554 13.598 367.031
internal_count=100000 1427 98573 90770 7803 90149 1058 7241 605 19263 70886 68388 492 68304 68274 290 67984 63775 30271 33504 33147 357 65 33107 30097 4209 55 292 126 30063
is_linear=0
shrinkage=0.03


Tree=125
num_leaves=31
num_cat=0
split_feature=4 9 15 108 28 47 335 437 13 329 352 43 188 438 396 98 88 43 161 13 396 27 43 352 434 434 438 4 36 366
split_gain=80.0883 61.7853 44.5701 45.1282 40.0774 36.7158 44.0561 52.7515 37.2067 36.8281 46.0743 35.6251 34.0736 33.5979 29.2331 29.659 37.4593 29.2208 32.0142 36.2496 29.1547 35.2266 49.9529 36.3329 43.8619 39.2552 39.682 28.5341 28.2837 27.9125
threshold=1.0000000180025095e-35 319.50000000000006 9.5000000000000018 3.5000000000000004 9.5000000000000018 1.0000000180025095e-35 6.5000000000000009 1621.0000000000002 52.500000000000007 44.559749603271491 1.0000000180025095e-35 3.5000000000000004 333.22000122070318 5275.5000000000009 -7.4999999999999991 1.5000000000000002 2.5000000000000004 2.5000000000000004 1.5000000000000002 57.500000000000007 1.0000000180025095e-35 1.5000000000000002 1.0000000180025095e-35 1.0000000180025095e-35 -1.1400823146232433 0.25451289744106809 43593.000000000007 580.50000000000011 36.770832061767585 116.98654937744142
decision_type=10 8 2 10 2 2 10 2 2 10 10 10 2 2 8 10 10 8 2 2 8 2 10 10 2 2 2 10 8 10
left_child=1 12 3 5 -4 6 9 -8 -9 20 -11 -3 -1 -12 -7 16 -16 27 19 -19 -2 22 28 24 -24 26 -25 -6 -22 -26
right_child=2 11 4 -5 17 14 7 8 -10 10 13 -13 -14 -15 15 -17 -18 18 -20 -21 21 -23 23 25 29 -27 -28 -29 -30 -31
leaf_value=-0.017862938297331231 -0.0098049201799221882 0.055185294792985666 0.026874375422074225 -0.029566362531980306 0.021843018480815012 0.036465174907042645 0.044523864955086472 -0.020821547886838647 0.049856276577171642 0.037783532965027948 0.046740048887338785 -0.031340291205468725 0.13235175997377541 -0.017803539428384953 -0.0057698396921636134 -0.033716496006765975 0.076122599009032552 -0.01743240243848539 0.049358948446248947 0.35903384333167637 0.03101550724971136 -0.0024244601272310168 0.3968506003598915 0.085698589518709831 0.011138008966257109 -0.021891861177252454 0.26843822587327337 0.1479866699674931 0.0015630696870936082 0.056431427257714523
leaf_weight=22.918332278262827 216.92377456463873 52.400995844509453 106.99639889830723 46.746221866924316 12.482378178741781 14.49458583910018 47.958139365538955 27.288095598109066 8.8864081036299449 54.190915021114051 9.2607006402686221 4.6637762989848843 1.4447240424342442 33.573194511700422 608.38714171759784 34.407964744605124 5.0689478116109958 61.579000965692103 7.564537789206951 0.23105746833607455 31.882047832943499 637.39237708132714 0.28008706215768953 6.2116011977195722 57.916593843605369 2.4153019646182656 1.2919076224789021 1.8535487409681088 368.79184715775773 15.52857428928837
leaf_count=1008 5067 400 1707 655 565 211 312 226 58 510 96 288 31 496 17916 393 29 5228 190 28 395 43097 15 115 2292 67 22 24 18341 218
internal_value=0.00177494 0.0310388 0.000790114 -0.000400879 0.0147099 0.000223906 0.00279288 0.0238926 -0.00345926 0.0015564 0.0194038 0.0481138 -0.00895524 -0.0038492 -0.00567065 -0.00661335 -0.00509317 -0.000838384 -0.00889569 -0.0160251 0.000262811 0.00220978 0.00830872 0.0293957 0.0221434 0.0833011 0.117162 0.0381526 0.00390663 0.0207144
internal_weight=2501.03 81.4278 2419.6 2228.9 190.707 2182.15 1519.79 84.1326 36.1745 1435.66 97.0248 57.0648 24.3631 42.8339 662.359 647.864 613.456 83.7105 69.3746 61.8101 1338.63 1121.71 484.318 83.6441 73.7253 9.91881 7.50351 14.3359 400.674 73.4452
internal_count=100000 1727 98273 90531 7742 89876 71327 596 284 70731 1102 688 1039 592 18549 18338 17945 6035 5446 5256 69629 64562 21465 2729 2525 204 137 589 18736 2510
is_linear=0
shrinkage=0.03


Tree=126
num_leaves=31
num_cat=0
split_feature=392 4 15 34 328 40 279 1 48 8 26 135 43 404 161 393 105 135 335 11 88 11 55 369 372 39 352 36 36 203
split_gain=76.8597 53.4051 42.9534 38.7992 38.6233 36.6546 33.4836 32.947 30.2401 41.3449 29.2262 27.7333 28.0377 37.4965 27.1865 26.8862 26.0995 30.5595 42.5313 35.7697 27.8908 27.9966 31.1228 28.3826 29.0367 76.0414 27.7972 27.7 31.8067 30.6677
threshold=-32.999999999999993 1.0000000180025095e-35 9.5000000000000018 37.500000000000007 77.528400421142592 539.50000000000011 3.5000000000000004 29.729999542236332 1.0000000180025095e-35 1.5000000000000002 14.500000000000002 3.5000000000000004 2.5000000000000004 14.500000000000002 1.5000000000000002 4426.0000000000009 2.5000000000000004 1.5000000000000002 13.500000000000002 184.50000000000003 2.5000000000000004 1.5000000000000002 2.5000000000000004 176.09230041503909 1647.0000000000002 172.50000000000003 1.0000000180025095e-35 33.979166030883796 2.6874995231628422 1.5000000000000002
decision_type=8 10 2 10 8 10 10 2 2 2 2 10 8 8 2 8 10 10 10 10 10 10 10 10 8 10 10 10 10 10
left_child=1 -1 3 6 -4 10 7 -2 11 -10 -5 12 13 -6 -11 -9 17 19 26 20 21 22 27 24 -23 -26 -19 28 -17 -29
right_child=2 -3 4 5 8 -7 -8 15 9 14 -12 -13 -14 -15 -16 16 -18 18 -20 -21 -22 23 -24 -25 25 -27 -28 29 -30 -31
leaf_value=0.052298381333870457 -0.0097161389397050803 0.011514780488940611 0.034736028608870345 -0.023846954581427895 -0.16444206067348918 0.11847523094263818 0.054334319201742302 0.04687933842578778 0.068264935921708014 -0.023293648558580717 0.047355278031197531 0.07737407494335298 -0.014109921717936598 0.034179284866111805 0.098531000250035569 0.0010079833922909663 -0.056829767534493016 0.0032149687117172111 0.058077724566610478 0.015565199239887775 0.059552096523974307 -0.0044929025145204063 0.094342279547105792 -0.02270462439291443 -0.031226774483184554 0.41224323456898521 0.042483402047082577 -0.020161325666553515 0.024956411423529549 0.04138568846173752
leaf_weight=40.527555195614696 276.8339475300163 100.69479914009571 57.454739839304239 103.17086110031232 0.89457231760025024 1.7412640741094936 10.224430108442901 11.628204667009411 14.314232667908072 11.227151533123104 5.4630555361509314 3.7591904778964809 75.672930033411831 19.546714016236368 1.9323974307626492 906.56847865274176 6.9690392762422553 121.9340458419174 17.464543478563428 124.07930288743228 6.768265168182551 316.2441692687571 3.211909686215221 93.043784603010863 0.97456147335469612 0.54125363752245903 18.71395557327196 84.579194555059075 52.820365787483752 7.973234142176806
leaf_count=173 11162 1254 570 2544 6 17 60 175 113 476 30 21 5918 683 16 39863 30 2690 83 4986 45 24023 22 1651 38 17 209 2208 760 157
internal_value=0.0017218 0.0232187 0.0004331 -0.00074881 0.0143175 -0.0180775 0.000179408 -9.06453e-05 0.00510535 0.0329783 -0.0202663 -0.00256212 -0.00568856 0.025487 -0.00540446 0.00141183 0.00111175 0.00134185 0.0139227 9.61179e-05 -0.00120718 -0.0014877 0.00109916 -0.00813206 -0.00386505 0.127124 0.00843984 0.000814458 0.00232649 -0.0148592
internal_weight=2496.97 141.222 2355.75 2170.95 184.802 110.375 2060.57 2050.35 127.347 27.4738 108.634 99.8734 96.1142 20.4413 13.1595 1773.51 1761.89 1754.92 158.113 1596.8 1472.73 1465.96 1055.15 410.804 317.76 1.51582 140.648 1051.94 959.389 92.5524
internal_count=100000 1427 98573 90770 7803 2591 88179 88119 7233 605 2574 6628 6607 689 492 76957 76782 76752 2982 73770 68784 68739 43010 25729 24078 55 2899 42988 40623 2365
is_linear=0
shrinkage=0.03


Tree=127
num_leaves=31
num_cat=0
split_feature=392 435 15 108 330 137 34 400 48 8 12 48 372 43 303 439 274 359 28 90 6 0 3 348 30 16 11 439 439 28
split_gain=72.2691 51.3634 40.6658 38.2809 37.7842 32.6383 35.8259 30.6199 28.139 37.6844 26.7426 26.722 39.7486 39.8386 32.8597 34.3538 39.429 32.1263 39.5278 34.6178 34.2444 55.0354 33.7925 33.3952 29.2906 38.3638 29.0824 28.6161 49.7402 26.7382
threshold=-32.999999999999993 0.13742958228249111 9.5000000000000018 3.5000000000000004 77.528400421142592 2.5000000000000004 18.500000000000004 1.0000000180025095e-35 1.0000000180025095e-35 1.5000000000000002 205.50000000000003 -1.0000000180025095e-35 91.95999908447267 13.500000000000002 1.5000000000000002 146.00000000000003 1.5000000000000002 2602.2500000000005 1.5000000000000002 3.5000000000000004 1.5000000000000002 6919123.5000000009 10023.500000000002 2.5000000000000004 19.500000000000004 1.5000000000000002 21.500000000000004 3537.0000000000005 310.00000000000006 1.0000000180025095e-35
decision_type=8 2 2 10 8 10 10 10 2 2 8 2 10 8 10 2 10 10 2 10 2 2 2 8 10 2 8 2 2 2
left_child=1 -1 3 5 -4 6 7 11 -6 -10 -3 14 17 -14 15 16 -2 18 20 -20 21 -13 -19 24 25 -22 -23 28 -27 -17
right_child=2 10 4 -5 8 -7 -8 -9 9 -11 -12 12 13 -15 -16 29 -18 22 19 -21 23 26 -24 -25 -26 27 -28 -29 -30 -31
leaf_value=0.049574929085633074 0.0014197290049644542 -0.018952626859574273 0.034537836394127851 -0.028998640613837105 -0.0024325270641884717 0.043256694630937551 -0.017682769743073253 0.030506979644816065 0.064838281216832744 -0.0053043078776684148 0.018808695688173057 0.013723094725166651 0.037207830153065634 0.0036509387344558376 0.032479928027761236 0.00046862861642368267 0.045297230112549637 -0.010157900791234244 -0.010332327775949848 0.11540089670019946 0.001500632194432316 0.23370389743863626 0.043005055628805779 0.17483948984152717 -0.010419441380440757 0.023328500290836694 0.071356763986875793 0.014681739341997013 0.12832724556159208 -0.011067815994839976
leaf_weight=43.620432864874601 81.137368318624794 21.69778785854578 55.922602185048163 42.272199037950486 100.08578367019072 15.464488413184879 103.6695181610994 29.954570572357625 14.613844804465771 13.048723373096436 76.005824822932482 10.68805520609021 58.083130151964724 70.474325996357948 21.890072101727128 283.53503444138914 23.850141090340912 16.299526363611221 283.74158893991262 1.9845832595601667 363.25498959468678 1.7967408653348673 31.667101410217583 1.0155572937801469 122.14119008649141 13.33235862106085 2.2202161233872175 83.884845952503383 5.8387935422360888 499.08843542123213
leaf_count=223 6813 303 562 621 6636 152 2679 377 113 492 901 186 693 1899 195 3131 246 389 12892 24 14660 29 285 37 8153 314 25 1669 71 35230
internal_value=0.00167133 0.0225073 0.000418806 -0.000729812 0.0139723 -0.00016747 -0.0004858 0.000402989 0.00496962 0.0317513 0.0104228 -5.3381e-05 0.00316848 0.0188122 -0.00383113 -0.00472663 0.0113874 0.00102413 -0.000264949 -0.00945902 0.00408312 0.0493033 0.0249398 0.00295505 0.00265841 0.0060839 0.143973 0.0222391 0.0553071 -0.0068883
internal_weight=2492.28 141.324 2350.96 2167.28 183.671 2125.01 2109.55 2005.88 127.748 27.6626 97.7036 1975.92 1066.42 128.557 909.501 887.611 104.988 937.866 889.899 285.726 604.173 14.705 47.9666 589.468 588.452 466.311 4.01696 103.056 19.1712 782.623
internal_count=100000 1427 98573 90770 7803 90149 89997 87318 7241 605 1204 86941 41326 2592 45615 45420 7059 38734 38060 12916 25144 240 674 24904 24867 16714 54 2054 385 38361
is_linear=0
shrinkage=0.03


Tree=128
num_leaves=31
num_cat=0
split_feature=4 9 15 330 34 212 27 291 26 43 396 43 188 221 1 7 411 398 27 362 13 364 438 437 9 365 360 64 438 185
split_gain=68.6352 54.5678 38.1578 47.1632 40.8106 35.6155 36.2542 55.3557 35.0968 33.1465 32.4919 31.7884 29.3819 29.3391 30.2114 28.6565 28.7802 27.7609 26.3305 47.1677 39.5866 42.2989 36.5443 30.389 50.9412 29.948 36.543 29.4762 30.7505 57.1941
threshold=1.0000000180025095e-35 319.50000000000006 8.5000000000000018 57.577751159667976 18.500000000000004 191.50000000000003 1.0000000180025095e-35 1.0000000180025095e-35 6.5000000000000009 1.0000000180025095e-35 -1.4999999999999998 3.5000000000000004 333.22000122070318 1.0000000180025095e-35 58.960000991821296 113.00000000000001 214.50000000000003 10.500000000000002 2.5000000000000004 77.028350830078139 24.500000000000004 139.97499847412112 14865.500000000002 16.500000000000004 333.50000000000006 222.74500274658206 3568.0000000000005 1.5000000000000002 17576.000000000004 1899.7500000000002
decision_type=10 8 2 8 10 10 2 8 2 8 8 10 2 10 2 10 8 8 2 10 2 10 2 2 10 10 10 8 2 2
left_child=1 12 4 -4 5 6 10 -8 -6 -10 -2 -3 -1 14 -5 16 -12 -17 19 -9 23 -22 -23 24 -21 27 -27 28 29 -20
right_child=2 11 3 13 8 -7 7 18 9 -11 15 -13 -14 -15 -16 17 -18 -19 25 20 21 22 -24 -25 -26 26 -28 -29 -30 -31
leaf_value=-0.017633510461801026 0.042363224272261843 0.051701607973547017 0.033890652310785085 -0.013203075876846861 -0.021752238415189577 0.027291719835241434 -0.012870831928732951 7.5242307926263422e-05 0.070372308240949158 -0.035987434524537787 0.10011359683282486 -0.031307393620629807 0.11514646979883568 -0.10786386026905068 0.015672430301045405 0.062060725182043863 0.020746020262321946 0.002191596041815725 -0.011222415796163747 -0.0028480892867353627 0.07308910032250826 0.041499388020210339 -0.031205092586579882 0.0051012652859246405 0.15624315359771471 -0.032492764170540873 0.030256136933726554 0.033726436712728972 0.0059734826622416907 0.038128438754979926
leaf_weight=22.58758227201179 22.732837228104472 51.819766010623425 66.245807993225753 52.015071246773005 117.26250941352919 43.933691621292382 341.25921722594649 394.60274001536891 7.5071164853870851 4.0650681033730507 4.7195065766572952 4.5136939464136949 1.6065603531897057 2.107979465276002 87.412211714778095 7.0963584762066603 31.943152314983308 393.3765317434445 327.75410251086578 4.0472321794368318 21.682121723890305 18.675420143641535 9.3309750538319332 102.04148498736322 3.2789999200031161 53.872124412562698 9.8856177031993848 21.053129485808313 235.76804004609585 22.591933084651828
leaf_count=1008 161 400 653 3639 2933 698 10811 25302 47 64 31 288 31 14 4111 45 370 5183 23779 109 428 186 126 1875 50 1071 61 284 15966 276
internal_value=0.00162221 0.0288664 0.000710459 0.012999 -0.000450944 0.000568856 -1.07107e-05 -0.00218569 -0.0168334 0.0330103 0.00739504 0.0450505 -0.00881654 0.0032206 0.00490007 0.00557655 0.0309628 0.00325247 0.000791983 0.00563451 0.0194265 0.0416308 0.0172762 0.00933854 0.0683563 -0.00320416 -0.0227636 -0.00115025 -0.00240302 -0.00804004
internal_weight=2486.79 80.5276 2406.26 207.781 2198.48 2069.65 2025.71 1565.84 128.835 11.5722 459.868 56.3335 24.1941 141.535 139.427 437.136 36.6627 400.473 1224.58 553.659 159.056 49.6885 28.0064 109.368 7.32623 670.925 63.7577 607.167 586.114 350.346
internal_count=100000 1727 98273 8417 89856 86812 86114 80324 3044 111 5790 688 1039 7764 7750 5629 401 5228 69513 28076 2774 740 312 2034 159 41437 1132 40305 40021 24055
is_linear=0
shrinkage=0.03


Tree=129
num_leaves=31
num_cat=0
split_feature=4 47 1 212 437 135 3 389 13 38 239 437 43 19 0 436 216 6 0 176 4 121 9 3 129 405 38 43 183 43
split_gain=64.897 52.1944 36.4545 41.184 38.3146 41.7063 45.0173 37.9403 34.2198 33.3991 31.2601 30.2473 28.1005 39.2199 39.4324 37.2898 49.5962 37.4703 61.3743 32.1944 28.3319 63.8703 74.3289 30.5018 28.6563 28.0299 27.7358 37.9507 26.5865 32.1189
threshold=1.0000000180025095e-35 1.5000000000000002 76.99499893188478 157.50000000000003 109.50000000000001 1.5000000000000002 18354.500000000004 47.500000000000007 8.5000000000000018 56.500000000000007 2.5000000000000004 156.50000000000003 26.500000000000004 10.500000000000002 4913763.0000000009 -27.743076733223791 127.50000000000001 1.5000000000000002 7339353.0000000009 2.5000000000000004 561.50000000000011 1.0000000180025095e-35 453.50000000000006 9501.0000000000018 2.5000000000000004 -449.99999999999994 10.500000000000002 6.5000000000000009 99.974998474121108 1.0000000180025095e-35
decision_type=10 2 2 10 2 10 2 10 2 8 10 2 8 2 2 2 10 2 2 2 10 10 8 2 8 8 10 10 2 10
left_child=1 9 4 12 7 6 10 -2 -8 -1 -6 -11 13 15 -15 16 20 18 -17 -14 24 23 -23 -22 -4 -5 27 -19 29 -7
right_child=2 -3 3 25 5 28 8 -9 -10 11 -12 -13 19 14 -16 17 -18 26 -20 -21 21 22 -24 -25 -26 -27 -28 -29 -30 -31
leaf_value=-0.020790694253380284 -0.015448101294382198 0.051261802052355032 0.010594028594954178 0.11940392841976206 -0.0034463556816765918 -0.014773508549253696 0.049267824280733584 0.075341451552962985 0.30656941915410901 -0.029313528839308878 0.033935010303100366 0.062375641205333468 -0.0022897574880713484 0.38134814031272268 0.061075047819039815 0.031865907962185767 0.21604754066047149 0.00190950057719291 0.26845073204527059 0.033004361924371506 -0.033272557314572293 0.11581789758443847 0.53820621435002602 0.06015031433793698 0.084197730827399869 0.02824836566045566 -0.018473937797773819 0.035952945828840309 -0.035058125243075618 0.034428456020427288
leaf_weight=22.397891484666616 231.62726801075041 41.897943742573261 97.444426317699254 3.3914624666795135 869.7574578798376 14.774598696269093 1.3524610530585044 4.2180234147235742 0.70909831998869766 4.5373316863551727 20.610762361437082 11.308739848900585 590.96503746369854 0.36361803626641531 7.1339215231128037 5.8147987974807611 1.1756039466708887 321.57066724169999 1.1885782014578579 24.213482469785959 4.4084003670141128 1.8039246532134705 0.47333738487213839 10.977487592957912 5.0051355380564919 28.963513457216322 51.79964880598709 32.444493127986789 7.2610181565396479 62.259123295079917
leaf_count=893 11350 213 3211 37 39441 202 24 49 39 222 243 399 27144 19 253 138 13 11200 14 360 102 90 13 215 29 298 1719 727 142 1201
internal_value=0.00157428 0.0281311 0.000688117 0.00442039 -0.00297204 -0.000351574 -0.00225681 -0.0138244 0.13777 0.00279043 -0.00258103 0.0361216 0.00348668 0.00846993 0.0766078 0.00751344 0.0221376 0.00321677 0.0720179 -0.000900578 0.0202397 0.0553299 0.203613 0.0333826 0.0141899 0.0378033 0.00202943 0.00502949 0.0198192 0.0249918
internal_weight=2481.85 80.1419 2401.71 1189.14 1212.57 976.725 892.43 235.845 2.06156 38.244 890.368 15.8461 1156.78 541.604 7.49754 534.107 121.288 412.818 7.00338 615.179 120.113 17.6631 2.27726 15.3859 102.45 32.355 405.815 354.015 84.2947 77.0337
internal_count=100000 1727 98273 45582 52691 41292 39747 11399 63 1514 39684 621 45247 17743 272 17471 3673 13798 152 27504 3660 420 103 317 3240 335 13646 11927 1545 1403
is_linear=0
shrinkage=0.03


Tree=130
num_leaves=31
num_cat=0
split_feature=392 437 259 40 21 1 12 14 411 101 7 0 411 310 12 393 36 15 436 429 4 32 130 15 362 429 300 27 4 436
split_gain=62.5438 46.9401 42.8491 36.0708 42.0747 36.7668 33.5236 32.5739 32.2618 31.7858 32.4519 30.688 29.402 36.8655 28.6106 27.5244 30.2437 26.5993 26.4476 28.0474 25.9942 31.9332 26.8632 34.4554 30.8837 27.0225 25.5688 25.4683 24.8643 66.1899
threshold=-32.999999999999993 2618.0000000000005 21.777699470520023 296.50000000000006 3.5000000000000004 43.995000839233406 715.50000000000011 29.500000000000004 425.50000000000006 1.0000000180025095e-35 103.00000000000001 6453019.0000000009 412.50000000000006 2.5000000000000004 3.5000000000000004 84210.500000000015 70.812500000000014 4.5000000000000009 48.771333305007353 1.0000000180025095e-35 514.50000000000011 463.50000000000006 1.5000000000000002 8.5000000000000018 246.92499542236331 1.0000000180025095e-35 2.5000000000000004 1.0000000180025095e-35 580.50000000000011 -92.399700419235444
decision_type=8 2 8 10 2 2 10 2 10 10 8 2 8 10 8 8 10 2 2 2 8 10 10 2 10 2 10 2 10 2
left_child=1 2 7 4 5 15 -5 -1 -3 10 11 20 14 -14 -12 16 -2 -6 -16 -20 22 -22 23 24 25 -7 -17 -27 -11 -30
right_child=3 8 -4 6 17 9 -8 -9 -10 28 12 -13 13 -15 18 26 -18 -19 19 -21 21 -23 -24 -25 -26 27 -28 -29 29 -31
leaf_value=0.041675710831309491 0.017721972340055899 0.030359651845621619 -0.031720140206772447 -0.033974138933093354 -0.032283101471997228 -0.0065883778069597701 0.087250969274714055 -0.013571824767438206 -0.034543682714080953 -0.011581351396146172 0.033203879103642031 -0.0034780823229387616 0.0035703136585471438 0.040065248655149079 -0.016447207976221619 -0.0096630606786120583 -0.029438000706715314 0.031114575280212522 -0.011763507759460461 0.040100689131722447 -0.016596509987260921 0.13257584240662337 0.066158536244561986 0.11976382123994589 0.059770015157540095 0.11275308617601836 0.20886411200604227 0.0004354083977108228 0.12728945730654267 -0.012961787026086807
leaf_weight=89.941179261542857 68.430501142982394 10.55866921041161 9.2419514954090101 38.770722995512187 6.6329159857705227 31.250325600150973 2.1678907200694075 10.753062572330235 19.853346256539226 190.67212433321401 14.187516758684067 41.017665565945208 1115.8847242048942 25.480197249911726 154.61568401800469 464.11167230177671 14.904095936566589 58.376082852948457 20.916056342422962 17.020862645469606 16.349914918188009 1.4023141767829645 19.179049521684647 3.2372427065856746 12.518851017113773 3.7018897924572221 0.48238496668636699 3.5684194462373853 4.335849564988167 10.043571595568206
leaf_count=766 1217 149 96 921 72 851 30 115 301 23067 202 831 41718 188 3249 22939 571 576 304 171 324 22 147 50 132 28 7 72 212 672
internal_value=0.00152482 0.0209765 0.0301017 0.000357777 0.000854965 0.000162435 -0.0275547 0.0357759 -0.0120101 0.0023572 0.00389054 0.0180735 0.00249945 0.00438504 -0.00791048 -0.00658847 0.00928758 0.0246461 -0.0109398 0.011506 0.0277655 -0.00481283 0.0356388 0.0248545 0.0188348 0.00553117 -0.00943617 0.0576252 -0.00871252 0.0293284
internal_weight=2479.61 140.348 109.936 2339.26 2298.32 2233.31 40.9386 100.694 30.412 1685.38 1480.33 132.226 1348.11 1141.36 206.74 547.929 83.3346 65.009 192.553 37.9369 91.208 17.7522 73.4558 54.2767 51.0395 38.5206 464.594 7.27031 205.052 14.3794
internal_count=100000 1427 977 98573 97622 96974 951 881 450 72240 48289 2457 45832 41906 3926 24734 1788 648 3724 475 1626 346 1280 1133 1083 951 22946 100 23951 884
is_linear=0
shrinkage=0.03


Tree=131
num_leaves=31
num_cat=0
split_feature=4 47 15 108 28 47 20 27 9 11 38 329 352 1 438 11 3 32 437 396 8 6 438 9 365 365 139 9 90 108
split_gain=59.2824 48.0948 34.1042 40.5385 35.4331 30.8328 37.3492 53.0351 55.754 34.1161 30.7701 30.5503 47.5473 31.3452 30.0945 32.0065 29.4257 27.5242 26.9425 26.0261 34.4312 26.7245 25.8548 25.7926 42.6272 44.2148 31.5379 30.2565 39.0426 32.8984
threshold=1.0000000180025095e-35 1.5000000000000002 9.5000000000000018 3.5000000000000004 6.5000000000000009 1.0000000180025095e-35 4.5000000000000009 8.5000000000000018 182.50000000000003 11.500000000000002 56.500000000000007 44.559749603271491 1.0000000180025095e-35 57.950500488281257 43593.000000000007 1.5000000000000002 18367.500000000004 434.50000000000006 156.50000000000003 -1.4999999999999998 1.5000000000000002 2.5000000000000004 5275.5000000000009 124.00000000000001 115.95000076293947 117.45000076293947 2.5000000000000004 182.50000000000003 2.5000000000000004 2.5000000000000004
decision_type=10 2 2 10 2 2 2 2 8 8 8 10 10 2 2 8 2 8 2 8 2 2 2 8 10 8 10 10 10 8
left_child=1 10 3 5 -4 6 11 8 9 -8 -1 13 -13 16 -9 17 -2 -16 -12 20 -7 -21 -14 24 26 -26 -15 -25 -29 -30
right_child=2 -3 4 -5 -6 19 7 14 -10 -11 18 12 22 23 15 -17 -18 -19 -20 21 -22 -23 -24 27 25 -27 -28 28 29 -31
leaf_value=-0.020425324795726087 -0.006748609053468896 0.049523689383481596 0.029683432728217121 -0.028866301564721142 0.0027329565973235382 0.04783974684537487 0.36414412742478991 -0.0094802232482390017 0.048736199717015455 0.10248235246645428 -0.029062264556298897 0.036490705738147618 0.036411657487693094 0.0029908592758004712 0.55301927174180998 0.03866657193592337 0.15232587532257469 0.086522625929554814 0.057824329711774654 0.0013421664521901027 -0.0081418231046601983 -0.011633419071819135 -0.017774004294433675 -0.013903698580628357 0.23302852395461229 0.054519547889192582 0.14594348705189361 0.0035306040655239171 0.103200478389688 -0.012052167297260092
leaf_weight=21.923038301058114 425.62689287494868 41.101891248486936 70.735643947962672 44.13840315118432 115.75354819279164 18.715387319214642 0.83085186872631545 30.854442324023694 19.750422108918428 0.97439330304041516 4.4177477587945786 54.318797806277871 10.298606148920951 30.002831114456061 0.20559549890458306 9.4876837548799813 1.049149038735776 0.25503361877053976 11.768394454848019 227.39875287283212 20.963617258705199 384.24504424352199 34.390372417401522 91.92282280838117 1.4680627882480592 8.360915838740766 1.4563862197101105 782.52106061205268 6.4792375122196955 3.3980444371700287
leaf_count=893 26127 213 838 655 6904 205 17 1900 293 26 222 499 101 1507 16 496 32 24 399 6505 442 11397 507 4030 33 108 12 35439 104 56
internal_value=0.00147992 0.0270144 0.000635621 -0.000404385 0.0129553 0.000175883 0.00252436 0.0252585 0.063323 0.22291 0.00273752 0.00154753 0.0176336 0.000369783 0.0051495 0.0505232 -0.00635746 0.294737 0.03411 -0.0052819 0.018263 -0.00680932 -0.00528688 0.00347083 0.0266473 0.0811818 0.00960877 0.00238874 0.00427876 0.0635505
internal_weight=2474.81 79.2111 2395.6 2209.11 186.489 2164.97 1513.65 62.3584 21.5557 1.80525 38.1092 1451.29 99.0078 1352.29 40.8028 9.94831 426.676 0.460629 16.1861 651.323 39.679 611.644 44.689 925.609 41.2882 9.82898 31.4592 884.321 792.398 9.87728
internal_count=100000 1727 98273 90531 7742 89876 71327 2772 336 43 1514 68555 1107 67448 2436 536 26159 40 621 18549 647 17902 608 41289 1660 141 1519 39629 35599 160
is_linear=0
shrinkage=0.03


Tree=132
num_leaves=31
num_cat=0
split_feature=392 437 259 313 411 48 129 26 369 3 27 43 352 16 372 43 20 72 16 99 335 38 26 57 369 438 3 25 43 30
split_gain=56.4765 42.8538 39.5745 33.5363 30.4519 30.1662 34.3928 32.6684 31.462 49.1362 38.618 50.2786 41.721 41.1875 31.1216 51.9989 30.6741 116.882 30.2112 44.1694 44.5853 39.1868 39.5319 38.19 47.4363 32.645 33.7004 47.9727 118.264 30.0555
threshold=-32.999999999999993 2618.0000000000005 21.777699470520023 2.5000000000000004 425.50000000000006 -1.0000000180025095e-35 2.5000000000000004 57.500000000000007 1757.2500000000002 9634.0000000000018 1.5000000000000002 1.0000000180025095e-35 1.0000000180025095e-35 3.5000000000000004 1647.0000000000002 379.50000000000006 5.5000000000000009 1.0000000180025095e-35 4.5000000000000009 1.5000000000000002 3.5000000000000004 179.50000000000003 2.5000000000000004 1.5000000000000002 47.985450744628913 29974.000000000004 11919.500000000002 1.5000000000000002 161.50000000000003 401.50000000000006
decision_type=8 2 8 10 10 2 10 2 10 2 2 10 10 2 8 10 2 10 2 10 10 10 2 8 10 2 2 2 8 8
left_child=1 2 -1 5 -3 7 8 -2 10 -10 11 -7 -13 14 16 -16 -12 -18 19 20 25 22 -20 24 -21 -15 27 28 -27 -29
right_child=3 4 -4 -5 -6 6 -8 -9 9 -11 13 12 -14 18 15 -17 17 -19 21 23 -22 -23 -24 -25 -26 26 -28 29 -30 -31
leaf_value=0.034159784334530111 -0.0042044177369492579 0.028996865834997172 -0.03133060550952671 0.024813826687871302 -0.034142434435044285 0.0020988258079351605 0.048116728582588746 0.040326704354125928 -0.012763807589188155 0.036304572831013154 -0.0084485237819670392 0.019300512379235052 0.075221586316996658 -0.017976838347384585 -0.032706790481525298 0.28969597576359202 0.31061640732534657 -0.0084501406037989935 -0.019011442257070448 0.36094317951412641 0.06689638881370448 0.021397517871977145 0.1572369871747023 0.038100663575691515 0.082906353531906771 0.64781218256267947 -0.031281334094176654 0.013049215029492849 0.040904611940310101 0.18758132257492521
leaf_weight=100.1182359252125 1135.3551389798522 10.655600686557593 9.0553974974900466 49.273369850590825 19.375218988396227 262.27523820940405 15.187648436985908 15.022814400494097 27.213237294927239 56.502550737001002 502.75892558461055 89.130816620308906 13.876721373759208 23.197364821564406 0.96970928087830432 0.84045783709734678 1.3078531534411011 4.9222744349390259 56.543871923815459 0.99232679791748468 13.20698630530387 47.2758744279854 1.1690325736999501 2.664603915065527 1.245348324999213 0.44035409484058419 3.4214330157265067 4.6358819087035954 0.84056290239095688 1.0984057970345018
leaf_count=881 55075 149 96 507 301 11865 147 147 512 480 21550 2570 170 1067 21 20 29 151 2038 38 129 1502 8 46 12 15 195 156 71 52
internal_value=0.00143525 0.0199977 0.0287277 0.0003269 -0.0117392 -0.000201804 0.00327569 -0.00362288 0.00266573 0.0203541 0.00123199 0.00907398 0.026834 -0.00305927 -0.0071871 0.116984 -0.0076287 0.0585296 0.0103936 0.0291552 0.0201883 0.00114699 -0.0154414 0.114833 0.206205 0.00184761 0.0459111 0.0835592 0.249548 0.0464809
internal_weight=2470.57 139.204 109.174 2331.37 30.0308 2282.1 1131.72 1150.38 1116.53 83.7158 1032.81 365.283 103.008 667.531 510.799 1.81017 508.989 6.23013 156.732 51.7433 46.841 104.989 57.7129 4.90228 2.23768 33.634 10.4366 7.0152 1.28092 5.73429
internal_count=100000 1427 977 98573 450 98066 42844 55222 42697 992 41705 14605 2740 27100 21771 41 21730 180 5329 1781 1685 3548 2046 96 50 1556 489 294 86 208
is_linear=0
shrinkage=0.03


Tree=133
num_leaves=31
num_cat=0
split_feature=4 30 7 362 372 176 88 71 13 11 346 359 437 71 329 9 30 300 29 11 11 4 105 361 43 362 9 38 435 438
split_gain=54.54 46.2178 32.8121 37.9573 32.117 28.9858 41.6568 32.6596 51.5746 46.5859 35.1374 32.8065 92.3103 32.2794 31.5136 30.8886 41.4507 30.7222 28.6844 27.8148 98.4312 34.1136 27.3809 27.1461 27.0965 26.3016 25.0163 24.6422 26.1257 24.4937
threshold=1.0000000180025095e-35 57.500000000000007 103.00000000000001 246.92499542236331 88.798301696777358 2.5000000000000004 1.0000000180025095e-35 1.0000000180025095e-35 52.500000000000007 1.5000000000000002 7.5000000000000009 326.87500000000006 6932.0000000000009 1.5000000000000002 27.219750404357914 124.00000000000001 8.5000000000000018 1.5000000000000002 8.5000000000000018 477.50000000000006 493.50000000000006 275.50000000000006 1.0000000180025095e-35 62.975000381469734 3.5000000000000004 267.13999938964849 319.50000000000006 70.500000000000014 0.81313015485919271 5072.5000000000009
decision_type=10 8 8 10 10 2 10 8 2 8 10 8 2 10 8 8 8 10 10 10 10 10 8 10 8 10 8 8 2 2
left_child=1 -1 3 4 -2 7 14 8 15 11 17 12 18 -12 -7 16 -4 19 -10 -9 21 -21 -11 -22 -17 -5 -6 28 -25 -19
right_child=2 -3 5 25 26 6 -8 10 9 22 13 -13 -14 -15 -16 24 -18 29 -20 20 23 -23 -24 27 -26 -27 -28 -29 -30 -31
leaf_value=-0.021856636658740047 0.0014851700992823951 0.037138895202196764 0.14154886674688436 0.12480526805267729 0.00099410851836092455 -0.00026450622251809717 -0.027980455206866685 -0.0029477472395250774 0.34812877548430432 -0.026734812985239227 -0.027341582362149768 0.069871588546210422 0.5846096545852808 0.027089704079041599 0.049908019967125093 0.017653886154479118 0.020268296014745772 0.044239159282844796 -0.030490430286832609 0.30701016650094737 0.0020656848302815127 0.087479248575497923 0.037534794341825994 0.14155690746420638 -0.0064097391014929089 0.032746670926208019 0.087821057438030328 -0.036534806832528507 0.02794405943314986 0.0026811166898603089
leaf_weight=14.721442595589904 126.76189440255985 63.512025087373331 3.0689848833717432 3.0522505505941799 5.0657710847444806 17.356850067153573 13.034027833957223 1663.9349429700524 0.23751491587608764 8.5877114720642584 79.44610802596435 11.62450890429318 0.43832743633538485 11.186145589686928 32.112513612490147 57.612247546203434 14.610785598400978 23.161181752569973 0.74482100969180465 1.2964887083508068 60.844261322636157 1.2525009121745823 19.541578340809792 3.5130622754804763 156.56167727056891 32.9054523576051 7.2757920958101758 1.9864757517352707 3.7833943590521812 28.43359692953527
leaf_count=346 3585 1381 57 32 95 175 358 72538 15 549 1096 75 17 78 427 2936 674 210 76 30 3039 48 757 43 10473 399 77 49 53 312
internal_value=0.00138924 0.0260375 0.000582219 0.0130854 0.00598308 -0.000406244 0.0197331 -0.000991213 0.00870407 0.0396447 -0.00240011 0.0865032 0.222591 -0.0206235 0.0323045 0.00320938 0.0413211 -0.00147649 0.0610543 -0.00215427 0.0160126 0.199139 0.0179137 0.0093563 6.33156e-05 0.040561 0.0521817 0.0571421 0.0826458 0.0213368
internal_weight=2467.66 78.2335 2389.43 175.061 139.103 2214.37 62.5034 2151.87 273.028 41.1745 1878.84 13.0452 1.42066 90.6323 49.4694 231.854 17.6798 1788.21 0.982336 1736.61 72.6762 2.54899 28.1293 70.1272 214.174 35.9577 12.3416 9.28293 7.29646 51.5948
internal_count=100000 1727 98273 4188 3757 94085 960 93125 15629 1489 77496 183 108 1174 602 14140 731 76322 91 75800 3262 78 1306 3184 13409 431 172 145 96 522
is_linear=0
shrinkage=0.03


Tree=134
num_leaves=31
num_cat=0
split_feature=392 437 259 40 21 1 32 14 422 101 14 13 105 43 15 114 4 4 20 43 43 438 393 15 348 366 134 439 9 114
split_gain=51.6626 39.6186 36.6958 33.7354 39.1412 32.6403 31.0948 29.8946 29.1088 29.0859 27.4439 27.5603 26.8906 29.188 44.0033 35.8107 31.7468 37.1942 43.4836 34.3364 32.943 106.651 25.7674 24.8403 24.0226 28.0755 24.0982 83.1736 37.0145 35.0856
threshold=-32.999999999999993 2618.0000000000005 21.777699470520023 296.50000000000006 3.5000000000000004 43.995000839233406 541.50000000000011 29.500000000000004 13.500000000000002 1.0000000180025095e-35 16.500000000000004 22.500000000000004 2.5000000000000004 20.500000000000004 3.5000000000000004 2.5000000000000004 160.50000000000003 167.50000000000003 4.5000000000000009 150.50000000000003 158.50000000000003 29974.000000000004 84210.500000000015 4.5000000000000009 2.5000000000000004 653.17498779296886 1.0000000180025095e-35 41124.000000000007 326.00000000000006 1.0000000180025095e-35
decision_type=8 2 8 10 2 2 10 2 2 10 2 2 10 8 2 8 8 8 2 8 8 2 8 2 10 10 10 2 10 10
left_child=1 2 7 4 5 22 -5 -1 -3 10 12 -12 13 15 -15 24 -16 18 -18 -19 21 -21 -2 -6 25 26 27 -7 -29 -28
right_child=3 8 -4 6 23 9 -8 -9 -10 -11 11 -13 -14 14 16 -17 17 19 -20 20 -22 -23 -24 -25 -26 -27 29 28 -30 -31
leaf_value=0.03845135581495128 0.0090597903439653005 0.11558048695196169 -0.030927320049094171 -0.034854979938824575 -0.031872364492450594 0.014074673149859006 0.063698109455438398 -0.014393626721766859 -0.018447274825437399 -0.0084980739867916311 -0.019261629602668764 0.0067259248808623166 -0.054664028907905726 -0.0034177255018483939 -0.023384071953472405 0.035396640544884568 -0.030468548911738589 -0.010102463984215417 0.46139496176826977 -0.032405304828453309 0.022441168730186652 0.58711162265996386 -0.0090995965857952801 0.030363218532051112 0.043250369705229823 -0.035278780102364578 0.062335460780859546 0.16896397896350196 -0.0094862506571515536 0.0045777139592306755
leaf_weight=89.062437818385661 83.08709706319496 1.5378601197153354 8.872882782481609 36.646234712563455 6.424853096716105 56.10719525301829 3.12718541920185 10.803130868822334 28.226664829999208 202.67208790453151 88.574714566580951 62.745451064780354 6.7644729465246192 514.34643416013569 18.740069950465113 46.346976779401302 0.29058491624891658 33.73575680796057 0.36488965386524796 0.70309982867911547 131.01405530702323 0.38816188555210829 457.85007623536512 56.797227267641574 16.877467247191817 13.836559350602327 9.6585803064517659 4.8202517926692954 1.3360812077298758 473.9172139451839
leaf_count=766 1788 11 96 910 72 2728 41 115 439 23951 1817 953 29 21794 860 359 24 1133 18 33 4104 23 22946 576 145 183 188 79 34 13785
internal_value=0.0013452 0.0191455 0.02754 0.000285811 0.000762106 0.000100473 -0.0271062 0.0327348 -0.0115224 0.0021607 0.00361975 -0.0084858 0.00499784 0.00530301 0.0010975 0.0100262 0.0136349 0.0178016 0.243342 0.0169102 0.0238084 0.187957 -0.00631034 0.0240386 0.0079868 0.0069234 0.00799318 0.0255601 0.130236 0.00573132
internal_weight=2465.68 138.503 108.738 2327.17 2287.4 2224.18 39.7734 99.8656 29.7645 1683.24 1480.57 151.32 1329.25 1322.48 699.583 622.9 185.237 166.497 0.655475 165.841 132.105 1.09126 540.937 63.2221 576.553 559.676 545.839 62.2635 6.15633 483.576
internal_count=100000 1427 977 98573 97622 96974 951 881 450 72240 48289 2770 45519 45490 27989 17501 6195 5335 42 5293 4160 56 24734 648 17142 16997 16814 2841 113 13973
is_linear=0
shrinkage=0.03


Tree=135
num_leaves=31
num_cat=0
split_feature=4 435 7 362 130 9 26 34 396 103 8 417 0 7 71 13 9 27 434 438 38 4 43 9 359 4 49 81 43 12
split_gain=49.0956 42.9358 30.4183 34.5107 31.8779 29.8498 28.4793 36.3415 29.7643 35.1987 28.1055 27.8808 40.214 29.5204 38.5626 40.4169 37.6191 40.659 39.4573 37.7796 37.6201 38.9634 46.7683 41.0533 49.0324 34.2563 32.1268 29.9731 37.2801 27.478
threshold=1.0000000180025095e-35 0.24540080962436617 103.00000000000001 246.92499542236331 1.5000000000000002 312.50000000000006 6.5000000000000009 18.500000000000004 -1.4999999999999998 1.5000000000000002 1.5000000000000002 136.50000000000003 7274339.0000000009 190.50000000000003 1.0000000180025095e-35 52.500000000000007 124.00000000000001 7.5000000000000009 -0.64446436304142152 17576.000000000004 161.50000000000003 564.50000000000011 521.50000000000011 419.00000000000006 1.0000000180025095e-35 548.50000000000011 1.0000000180025095e-35 1.5000000000000002 372.50000000000006 200.00000000000003
decision_type=10 2 8 10 8 10 2 10 8 10 2 10 2 8 8 2 8 2 2 2 10 10 10 10 8 10 2 8 10 8
left_child=1 -1 3 4 -2 -6 7 8 10 11 29 13 -13 -10 15 16 17 18 -15 26 21 -18 23 -23 -25 -17 -20 -22 -29 -4
right_child=2 -3 6 -5 5 -7 -8 -9 9 -11 -12 12 -14 14 -16 25 20 -19 19 -21 27 22 -24 24 -26 -27 -28 28 -30 -31
leaf_value=0.044400290791840005 -0.0061077669411017067 -0.00050135517096935086 -0.0077433202305783773 0.038573293644516664 0.0050250842435039167 0.049387003260813078 0.020406836808129221 -0.017184653887819885 -0.0073358493207145749 -0.032552468182566581 -0.004522926499464148 0.019256416320481699 0.15281128045399028 0.38349338452163856 -0.00047310743867126154 0.051973738470731445 0.0073560855074222969 0.0078631607641971631 0.16982584236732431 -0.031636685264551351 -0.020219189730831651 0.009421545160166276 0.22435631074134288 0.37607391472711954 0.032886502279153275 -0.03626381812519678 -0.03091553537907793 -0.030229389059478581 0.66368265214608246 0.068686809021872824
leaf_weight=43.783338855486363 82.722004979848862 34.088659349828959 5.7537572961300611 36.376898799557239 33.461145635228604 23.057623106986284 57.563151384238154 117.67155315726995 435.75447362288833 30.425735101103783 15.339281939435748 25.201477977447215 2.2067639091983429 0.43375123478472222 1279.2558774175122 33.088842781726271 110.10222008358687 8.2949506002478284 3.8155514970421782 1.7377673247829077 50.104531094897538 6.583964179735629 1.498024790547787 0.6632095072418448 0.86124574625864636 4.498129542451351 0.88370626373216499 0.15057640383019943 0.12970052426680923 16.022506326437
leaf_count=352 2926 1375 72 431 514 317 591 2892 20627 297 359 319 20 15 56502 1023 6288 286 112 79 3818 239 30 33 33 180 56 21 19 174
internal_value=0.00130374 0.0247445 0.000537955 0.0125547 0.00575726 0.0231232 -0.000417801 -0.000975227 -3.69238e-05 -0.000531977 0.0265819 -3.62442e-05 0.0300095 -0.000461199 0.00153311 0.0130499 0.0072951 0.052569 0.106541 0.0878794 0.00325843 0.0124117 0.070355 0.0419034 0.182189 0.0414141 0.132076 -0.0184886 0.290884 0.0484923
internal_weight=2461.53 77.872 2383.66 175.618 139.241 56.5188 2208.04 2150.48 2032.81 1995.69 37.1155 1965.26 27.4082 1937.86 1502.1 222.846 185.259 15.1657 6.87078 6.43703 170.093 119.709 9.60644 8.10842 1.52446 37.587 4.69926 50.3848 0.280277 21.7763
internal_count=100000 1727 98273 4188 3757 831 94085 93494 90602 89997 605 89700 339 89361 68734 12232 11029 548 262 247 10481 6623 335 305 66 1203 168 3858 40 246
is_linear=0
shrinkage=0.03


Tree=136
num_leaves=31
num_cat=0
split_feature=392 4 40 21 1 32 101 36 213 203 105 40 437 405 393 89 224 262 9 135 15 25 337 19 27 337 183 88 3 436
split_gain=46.5008 37.0517 32.0852 36.7313 30.1669 29.2189 27.2283 26.8219 29.6718 26.2404 24.9058 24.6334 24.7429 32.2077 26.746 24.9672 23.779 26.6532 26.8824 23.6099 24.9633 32.6962 28.6398 28.0731 29.5392 45.8392 33.8043 31.1354 40.2983 33.3578
threshold=-32.999999999999993 1.0000000180025095e-35 296.50000000000006 3.5000000000000004 43.995000839233406 541.50000000000011 1.0000000180025095e-35 39.958332061767585 112.50000000000001 15.500000000000002 2.5000000000000004 293.50000000000006 105.50000000000001 90.000000000000014 152643.00000000003 6.5000000000000009 1.0000000180025095e-35 49.983650207519538 225.50000000000003 2.5000000000000004 13.500000000000002 7.5000000000000009 1.5000000000000002 12.500000000000002 2.5000000000000004 1.5000000000000002 123.87500000000001 1.5000000000000002 17323.500000000004 -177.71366823471936
decision_type=8 10 10 2 2 10 10 10 10 10 10 10 2 10 8 10 10 10 8 10 2 2 10 2 2 10 2 10 2 2
left_child=1 -1 3 4 11 -4 7 8 10 -9 16 12 13 -2 -14 -16 17 19 -19 20 23 22 -22 24 25 -6 -27 -26 29 -29
right_child=2 -3 5 -5 6 -7 -8 9 -10 -11 -12 -13 14 -15 15 -17 -18 18 -20 -21 21 -23 -24 -25 27 26 -28 28 -30 -31
leaf_value=0.044253183344692325 -0.021217436312271656 0.0089011116975445045 -0.034619532872413684 0.023479311603571067 0.0048665625589622936 0.060127800154398572 -0.0083082893242985428 -0.014584951819065741 0.049794203428907662 0.16274071290479111 -0.053616751521308931 0.16589212525182789 0.0085269723700641866 0.15803981734485481 -0.00716734963993477 -0.10172381484629185 -0.027128020677275187 0.15474235689798901 0.030130847159158401 0.031524240466506107 0.051168142133873863 0.019265728883631109 0.23216308811242795 0.099635207108535712 -0.0051094853445021052 0.05718807841954282 -0.0051248101927294501 0.096470738731197353 0.13263729363718421 0.0039021942059489037
leaf_weight=36.222330253571272 101.37625195179135 101.30780679825693 35.552712429780513 62.074239283334464 754.31076043331996 3.1923910975456229 200.88162615569308 83.396126475650817 12.868980221450327 0.75787786208093066 6.7125575691461554 0.74834225792437692 124.42298674909398 0.91018709260970254 307.13697575917467 2.5339523945003739 21.318142858333886 1.7926579751074285 11.90799864847213 28.232425068505108 2.1572041586041446 31.894717648625374 1.23860023682937 2.7060865373350671 448.40920375334099 26.53047093283385 11.119239296764134 3.9570765625685445 2.8107536304742089 30.571523727383465
leaf_count=173 5270 1254 910 648 22292 41 23951 2227 76 13 29 14 2631 10 16787 22 267 20 143 245 32 1250 24 28 20636 324 125 28 32 498
internal_value=0.00126263 0.018212 0.000258521 0.000717998 8.17614e-05 -0.0268129 0.00205675 0.00346105 0.00445084 -0.012988 0.00402972 -0.00610864 -0.00634861 -0.0196223 -0.00322089 -0.00794108 0.00431034 0.00480399 0.0464356 0.00437959 0.00379712 0.0286879 0.117185 0.00311108 0.00290665 0.00647904 0.038785 -0.00291775 0.0234029 0.0145108
internal_weight=2459.05 137.53 2321.52 2282.78 2220.7 38.7451 1683.57 1482.69 1398.54 84.154 1385.67 537.129 536.38 102.286 434.094 309.671 1378.96 1357.64 13.7007 1343.94 1315.71 35.2905 3.3958 1280.42 1277.71 791.96 37.6497 485.749 37.3394 34.5286
internal_count=100000 1427 98573 97622 96974 951 72240 48289 46049 2240 45973 24734 24720 5280 19440 16809 45944 45677 163 45514 45269 1306 56 43963 43935 22741 449 21194 558 526
is_linear=0
shrinkage=0.03


Tree=137
num_leaves=31
num_cat=0
split_feature=4 47 7 362 130 439 38 26 14 417 212 27 43 15 185 437 369 88 7 438 9 43 4 432 433 9 151 188 434 31
split_gain=44.4615 41.1767 28.27 31.3534 29.5192 29.3628 27.1936 26.9308 27.8319 35.6316 32.6825 31.7879 50.7267 37.132 27.4439 26.0877 56.2884 44.304 31.8308 56.2539 67.0443 31.9988 39.4712 40.9618 45.8948 37.9761 49.9725 33.4007 33.7033 55.0925
threshold=1.0000000180025095e-35 1.5000000000000002 103.00000000000001 246.92499542236331 1.5000000000000002 5681.5000000000009 56.500000000000007 51.500000000000007 16.500000000000004 136.50000000000003 191.50000000000003 1.5000000000000002 1.0000000180025095e-35 4.5000000000000009 1899.7500000000002 384.00000000000006 256.27220153808599 2.5000000000000004 222.50000000000003 47063.000000000007 324.50000000000006 519.50000000000011 485.50000000000006 11.500000000000002 1.5000000000000002 385.50000000000006 1.0000000180025095e-35 660.98999023437511 0.46319386220040237 26.500000000000004
decision_type=10 2 8 10 8 2 8 2 2 10 10 2 10 2 2 2 10 10 10 2 10 8 10 2 2 10 2 2 2 8
left_child=1 6 3 4 -2 -6 -1 8 9 11 -10 12 13 -4 15 17 18 -13 19 -17 -21 22 -20 24 25 27 -27 28 -24 -30
right_child=2 -3 7 -5 5 -7 -8 -9 10 -11 -12 14 -14 -15 -16 16 -18 -19 21 20 -22 -23 23 -25 -26 26 -28 -29 29 -31
leaf_value=-0.020306464298527876 -0.0059448410343268991 0.045681132349929078 -5.1763130093779403e-05 0.036703513766535877 0.056931511741416432 0.00882230352349451 0.03054755413207362 0.039386298951548791 -0.010425261654431346 0.037302472508125295 0.046194283793947036 -0.011924622531291449 0.021843804669531241 0.035613022102528397 0.020066958748704618 -0.0088573014913423086 -0.016883049728592749 0.068597297777949193 0.005440876062586756 -0.030663807398388872 0.4253459319905134 -0.011295338137591825 0.05398579538685834 0.017043856650039324 0.032373545597497763 0.49529034967192365 0.11611023915149211 0.36548998642531666 0.034097122787851916 0.52311813632112714
leaf_weight=21.799312022980303 82.198105198331177 38.357765857130289 644.75420883763582 36.780816080980003 15.791856675408779 41.22247608890757 16.724008192308247 15.186444986611603 316.76312547968701 23.6509003425017 9.4490898093208653 363.68230614252388 130.45380153460428 27.389235526323318 43.586636315099895 144.84199840435758 144.7757170367986 6.2555242637172332 178.88378246547654 0.57165691349655279 0.58930088905617595 54.862146377097815 6.7480444144457596 69.691925092134625 17.863017801661044 0.51279041357338406 0.80211586831137538 0.37719652475789178 0.45721579063683737 0.37938007339835167
leaf_count=893 2926 213 24776 431 198 633 621 145 7214 291 71 22429 3555 258 608 9688 2230 39 13096 46 13 3866 393 4029 1201 30 39 8 25 35
internal_value=0.00122451 0.0236786 0.000498722 0.012069 0.0055604 0.0221476 0.00177063 -0.000425802 -0.000702213 0.000714548 -0.00878522 0.00024361 0.00472422 0.00140154 -0.00323131 -0.00425572 -0.000500528 -0.010563 0.00447616 -0.00719014 0.200806 0.00962869 0.0137922 0.0292201 0.0604874 0.114623 0.263984 0.0899554 0.0762526 0.255859
internal_weight=2455.4 76.8811 2378.52 175.993 139.212 57.0143 38.5233 2202.53 2187.34 1861.13 326.212 1837.48 802.597 672.143 1034.88 991.294 621.356 369.938 476.581 146.003 1.16096 330.578 275.715 96.8317 27.1398 9.27674 1.31491 7.96184 7.58464 0.836596
internal_count=100000 1727 98273 4188 3757 831 1514 94085 93940 86655 7285 86364 28589 25034 57775 57167 34699 22468 32469 9747 59 22722 18856 5760 1731 530 69 461 453 60
is_linear=0
shrinkage=0.03


Tree=138
num_leaves=31
num_cat=0
split_feature=8 396 14 71 348 12 411 28 15 15 333 409 436 106 11 365 370 11 97 39 439 369 412 437 72 27 11 11 39 130
split_gain=37.1116 54.2424 44.4539 39.0445 41.6481 38.9722 37.3502 41.7929 57.9646 36.9493 35.2651 31.0513 30.4802 29.7558 74.303 36.0791 29.7007 29.502 44.7814 28.949 39.1783 28.466 26.5313 24.8026 57.3281 30.3684 23.9842 66.2905 31.7706 40.1929
threshold=1.5000000000000002 -1.4999999999999998 16.500000000000004 1.0000000180025095e-35 2.5000000000000004 1.5000000000000002 412.50000000000006 1.5000000000000002 13.500000000000002 14.500000000000002 1.0000000180025095e-35 20.500000000000004 -149.80739075479877 1.0000000180025095e-35 5.5000000000000009 48.960000991821296 2435.170043945313 1.5000000000000002 1.5000000000000002 1.0000000180025095e-35 18088.500000000004 623.95001220703136 230.00000000000003 7518.0000000000009 1.5000000000000002 2.5000000000000004 477.50000000000006 493.50000000000006 365.50000000000006 1.5000000000000002
decision_type=2 8 2 10 10 8 8 2 2 2 10 8 2 10 8 10 10 8 8 10 2 10 8 2 10 2 10 10 10 8
left_child=1 -1 5 17 16 -3 -7 11 10 -10 -9 -8 -6 14 -14 -15 21 18 -2 -13 -21 22 -5 25 -25 -22 -24 -28 -29 -30
right_child=3 2 -4 4 12 6 7 8 9 -11 -12 19 13 15 -16 -17 -18 -19 -20 20 23 -23 26 24 -26 -27 27 28 29 -31
leaf_value=0.041472472845479669 0.077129643533307313 0.042999456181035733 -0.0090841384038738392 0.13638389008129018 0.20058859435973803 -0.0078890008748750424 0.033514555075059106 -0.014557958521936212 0.17978473795857222 0.02988973700526136 0.020874640536640621 0.0072377415385078388 0.28737276291617531 -0.025938332916829225 0.035297739540797318 0.04443071598186752 0.041070566646643471 0.0041376495895631702 -0.0025576331526730926 -0.022394393351613789 0.05909558319306768 -0.025510426858128241 -0.0065216665208332652 0.042947650919207415 0.38241571343104663 0.01114714500391244 0.18792757895066775 -0.00039451755982457232 0.043426478934759476 0.2786428047065973
leaf_weight=36.539540056139231 12.803051695693284 26.625352682545781 183.02367557724938 1.1899203564971683 0.8860091045498838 140.66734178783372 65.85781832318753 144.40847836434841 1.569176997058096 26.056353102903813 30.645052494481206 296.60952299367636 1.2201746655628056 14.244641573168339 7.6548394449055204 12.151183761656283 11.944602921605108 350.82556588063017 12.586449499707669 10.594324644654987 25.323422586079687 66.350479272194207 895.43217035150155 1.5714652431197458 0.62611125782132138 22.407465073745698 1.9072289587929834 45.488411522470415 4.6466652937233439 0.76087857270613302
leaf_count=359 410 303 3316 10 8 2770 909 5244 24 576 314 7990 43 491 191 139 97 15487 1008 465 407 1057 54962 56 11 579 62 2425 266 21
internal_value=0.00118521 0.00558623 0.0042427 -0.00190914 -0.00484664 0.00731867 0.00607899 0.00921937 -0.00198174 0.038404 -0.00835509 0.0145865 0.0267991 0.0224335 0.0699541 0.0064557 -0.00595999 0.00639766 0.0376259 0.011096 0.0300045 -0.00651303 -0.0051854 0.041123 0.139665 0.036586 -0.00536305 0.0142847 0.00777774 0.076523
internal_weight=2452.62 1012.53 975.986 1440.09 1063.88 792.962 766.337 625.669 202.679 27.6255 175.054 422.99 36.1568 35.2708 8.87501 26.3958 1027.72 376.215 25.3895 357.132 60.5228 1015.78 949.425 49.9285 2.19758 47.7309 948.235 52.8032 50.896 5.40754
internal_count=100000 23323 22964 76677 59772 19648 19345 16575 6158 600 5558 10417 872 864 234 630 58900 16905 1418 9508 1518 58803 57746 1053 67 986 57736 2774 2712 287
is_linear=0
shrinkage=0.03


Tree=139
num_leaves=31
num_cat=0
split_feature=438 30 309 89 318 134 114 43 32 105 135 369 32 438 438 204 303 363 113 88 26 396 422 15 32 411 11 135 369 43
split_gain=41.1051 39.4529 28.8576 44.0911 29.3711 26.5765 56.9071 55.4726 45.8898 32.8332 30.4671 30.082 28.8505 30.0189 38.5133 31.797 29.9432 29.3126 35.1768 28.3989 28.3433 27.3439 31.5819 32.4284 26.9966 26.7834 26.597 25.8589 30.448 25.7124
threshold=1.0000000180025095e-35 57.500000000000007 3.5000000000000004 3.5000000000000004 45.889249801635749 1.0000000180025095e-35 1.0000000180025095e-35 26.500000000000004 180.50000000000003 1.0000000180025095e-35 1.5000000000000002 1552.5000000000002 9.5000000000000018 5275.5000000000009 5072.5000000000009 1.5000000000000002 1.5000000000000002 82.247249603271499 1.0000000180025095e-35 2.5000000000000004 6.5000000000000009 1.0000000180025095e-35 7.5000000000000009 4.5000000000000009 8.5000000000000018 507.50000000000006 21.500000000000004 1.0000000180025095e-35 419.94999694824224 536.50000000000011
decision_type=2 8 10 10 10 8 8 10 10 10 10 10 10 2 2 10 10 10 8 10 2 8 2 2 10 10 8 10 8 10
left_child=1 -1 3 5 -4 6 11 27 -9 -10 12 -2 13 14 15 16 29 19 -19 20 -14 22 -15 -24 25 -23 -16 -8 -29 -7
right_child=2 -3 4 -5 -6 10 7 8 9 -11 -12 -13 17 21 26 -17 -18 18 -20 -21 -22 24 23 -25 -26 -27 -28 28 -30 -31
leaf_value=-0.021700834805356978 -0.0045025094146811766 0.033362885349094394 0.02798327297069381 -0.032692749204057389 -0.068123022878785772 0.0019429716090748829 0.034364261265156376 -0.0053542176529290499 -0.027089846099155102 0.0578990496397239 0.010656890079114918 0.050549299625491498 -0.010705536338354537 0.14639337425959614 0.13836667287385843 0.044510511116805998 0.075346305745364092 0.30943010423076917 0.033831822535765881 0.051707307025816718 0.019244103058026596 -0.0020567148865028107 -0.014877740223656606 0.030955110695737711 0.067840143322466739 0.021135390714827666 0.034761451997382203 0.11461341226341611 0.016688497381950954 0.10635553259681617
leaf_weight=14.466661295620723 164.723939943593 61.477791031822562 49.538032415322959 36.642304619774222 3.0374092608690253 426.13674096390605 16.985417198855433 48.361323312390596 4.9707010826095965 23.116661205887794 191.07671592757106 9.4454218707978708 526.85063236439601 1.1372049348428834 2.6236692708916989 17.555582327768207 5.1340495627373448 0.44013834139332175 7.8666283455677313 7.0019175466150037 30.061342351138592 472.66910412441939 227.09920012904331 14.798964432440696 5.3558958573266855 49.509592138230801 14.863872795365749 10.806378698907789 3.885073460638524 2.1332784933038047
leaf_count=346 11548 1381 560 552 20 13362 372 2554 472 758 3715 148 34857 15 66 215 44 22 375 59 241 20779 5804 120 143 812 270 199 24 167
internal_value=0.00114764 0.0228738 0.000452571 -4.52314e-05 0.022431 0.000478394 0.00909585 0.0261911 0.0123591 0.0428583 -0.000736531 -0.00151698 -0.00193848 0.000634599 0.00662362 0.0049297 0.00332643 -0.00750992 0.0484345 -0.00833401 -0.0090889 -0.00300626 -0.0113323 -0.0120738 0.000829526 0.00014221 0.0503054 0.0595729 0.0887177 0.00246307
internal_weight=2449.77 75.9445 2373.83 2321.25 52.5754 2284.61 282.295 108.126 76.4487 28.0874 2002.31 174.169 1811.24 1239.02 468.447 450.96 433.404 572.221 8.30677 563.914 556.912 770.57 243.035 241.898 527.535 522.179 17.4875 31.6769 14.6915 428.27
internal_count=100000 1727 98273 97693 580 97141 16075 4379 3784 1230 81066 11696 77351 41797 14124 13788 13573 35554 397 35157 35098 27673 5939 5924 21734 21591 336 595 223 13529
is_linear=0
shrinkage=0.03


Tree=140
num_leaves=31
num_cat=0
split_feature=392 437 259 40 21 12 1 400 437 389 40 14 100 23 43 134 114 2 90 4 127 346 43 1 32 114 43 27 348 436
split_gain=39.6873 34.542 32.5663 29.8416 33.2662 29.2982 27.8333 28.6567 29.5416 29.5855 28.5695 25.8772 25.8275 33.0234 28.4097 39.3075 40.6238 38.7205 34.3661 32.6011 47.3758 28.9642 27.6306 37.4645 26.1395 28.6154 27.0417 36.2597 25.3894 25.2087
threshold=-32.999999999999993 2618.0000000000005 21.777699470520023 296.50000000000006 3.5000000000000004 715.50000000000011 76.99499893188478 1.5000000000000002 84.500000000000014 47.500000000000007 240.50000000000003 29.500000000000004 1.0000000180025095e-35 6.5000000000000009 26.500000000000004 1.0000000180025095e-35 1.0000000180025095e-35 1.5000000000000002 3.5000000000000004 320.50000000000006 1.0000000180025095e-35 12.500000000000002 554.50000000000011 113.97499847412111 10.500000000000002 1.0000000180025095e-35 6.5000000000000009 1.5000000000000002 1.0000000180025095e-35 -50.573871401101705
decision_type=8 2 8 10 2 10 2 10 2 10 10 2 10 2 8 10 8 2 10 8 10 10 8 2 10 8 10 2 10 2
left_child=1 2 11 4 6 -5 7 8 9 10 -2 -1 13 14 15 16 -8 -16 21 20 -18 -19 -15 -24 25 -17 -27 -28 -23 -14
right_child=3 -3 -4 5 -6 -7 12 -9 -10 -11 -12 -13 29 22 17 24 19 18 -20 -21 -22 28 23 -25 -26 26 27 -29 -30 -31
leaf_value=0.035334174250245938 -0.017886844421497714 -0.011706796037075652 -0.030620417120374919 -0.033217362742164067 0.022532402136832923 0.076526413662643011 0.014369726415796927 0.038931839171177374 -0.0018063147759691234 0.067503458009855549 0.16890056292440617 -0.014190879623750863 0.025262009646107978 0.027675298554205741 0.019485909240526178 0.06857672962269197 0.029904480462518312 -0.0066709248527473154 0.15224618139680543 0.02790173392436052 0.16279070822922151 0.046308177512719102 0.35441099181883029 -0.030539988823626959 -0.012755579531297905 0.00492234149864042 0.10247343614912477 0.019269938223917916 -0.033535557279760479 -0.013822959398745782
leaf_weight=86.469683928415179 172.63768045348115 29.689527434296906 8.7218935359269363 35.11504672979936 60.713576266542077 2.3349796095862976 38.627788146957755 14.098520005121825 848.91471787751652 3.8025525715202084 0.74013061076402564 10.666640023700891 16.935590892098844 39.128984768874943 70.327302681282163 7.0650848518125713 4.2261075386777538 418.1015438134782 1.2555174343287934 9.4755246168933791 5.6328969188034534 16.728518703021113 0.54188871942460437 0.39223487908020616 58.850254362914711 324.12540053436533 5.6348744267597786 28.842681776266545 4.5618303427472702 120.69248955277726
leaf_count=766 9978 450 96 921 648 30 1673 178 40875 41 16 115 1703 1176 805 88 46 16638 14 134 67 141 22 27 1441 7960 78 487 92 13294
internal_value=0.00111275 0.0168895 0.0249097 0.000186797 0.000624611 -0.0263749 2.31209e-05 -0.00354816 -0.00413184 -0.015274 -0.0170895 0.0298958 0.00319508 0.00482082 0.00374393 0.00896477 0.0321384 -0.00118578 -0.00448497 0.0676379 0.105828 -0.00493282 0.0315247 0.192772 0.00580071 0.00878714 0.00760919 0.0328684 0.0292003 -0.00901342
internal_weight=2445.05 135.548 105.858 2309.5 2272.05 37.45 2211.34 1040.19 1026.1 177.18 173.378 97.1363 1171.15 1033.52 993.455 482.481 57.9623 510.975 440.647 19.3345 9.859 439.392 40.0631 0.934124 424.518 365.668 358.603 34.4776 21.2903 137.628
internal_count=100000 1427 977 98573 97622 951 96974 51088 50910 10035 9994 881 45886 30889 29664 11974 1920 17690 16885 247 113 16871 1225 49 10054 8613 8525 565 233 14997
is_linear=0
shrinkage=0.03


Tree=141
num_leaves=31
num_cat=0
split_feature=392 36 437 0 313 437 14 411 12 105 135 318 42 272 213 101 438 101 11 438 3 188 43 182 6 310 436 15 372 3
split_gain=37.476 32.6443 30.0364 27.9153 26.8489 25.9233 26.1343 24.2337 23.7439 23.0399 26.1708 22.6165 22.1964 38.402 24.0524 21.2108 29.8247 40.6991 24.047 23.9485 31.6117 38.458 24.4079 24.3759 31.9982 31.2619 32.176 28.4827 27.5537 34.0398
threshold=-32.999999999999993 28.770833015441898 2618.0000000000005 7227963.0000000009 2.5000000000000004 84.500000000000014 16.500000000000004 101.50000000000001 4.5000000000000009 2.5000000000000004 2.5000000000000004 13.141350269317629 4.5000000000000009 1.5000000000000002 27.500000000000004 1.0000000180025095e-35 20008.500000000004 1.5000000000000002 329.50000000000006 100.50000000000001 7585.5000000000009 333.22000122070318 19.500000000000004 87.974998474121108 1.5000000000000002 1.5000000000000002 121.90751759346047 6.5000000000000009 35.052000045776374 7816.0000000000009
decision_type=8 8 2 2 10 2 2 8 8 10 10 10 10 10 10 10 2 8 10 2 2 2 10 2 2 8 2 2 10 2
left_child=1 3 -3 -1 5 -2 8 -8 -7 10 11 15 14 -14 -9 19 -17 -18 -19 20 21 -10 -22 24 -21 26 27 -26 -27 -30
right_child=4 2 -4 -5 -6 6 7 12 9 -11 -12 -13 13 -15 -16 16 17 18 -20 23 22 -23 -24 -25 25 28 -28 -29 29 -31
leaf_value=-0.014598100537048795 -0.006915192632030131 0.03445809569301686 -0.010814403434069031 0.055372734275545121 0.02236024863577591 0.027999898048625405 0.090408824370684343 -0.013819029073670917 -0.014995973800631052 -0.052135763914885898 0.027997982391484499 -0.030487193778440093 0.0068732656249710514 0.15279760962530517 0.052728929194417108 -0.016471461280902749 -0.00051644476848663014 0.057404891550496176 0.31031398991685311 0.048698861347832301 0.077332198313342149 0.15996974233383729 0.0056943598046059075 -0.0038932891548862049 -0.011156105928531293 0.0056188830114198007 0.054650761384377675 0.035794682813559769 0.045725844763576426 0.005928029971296515
leaf_weight=37.436956386081874 430.62405777722597 75.758079498074949 15.969562381505964 5.9466964043676844 48.087934939190745 32.637533481232822 2.2376537695527077 206.27307857293636 15.677255001850428 7.0062212198972693 35.101239052135497 19.283093257807195 29.090162183158103 1.7189959306269873 5.0066434154286972 117.82928922586143 64.759960889816284 8.7723982662428135 0.35193094843998629 15.148855734616516 13.008104418404402 1.2185153579339374 6.3797394544817498 345.37571870582178 179.99217812763527 622.2311562220566 7.6406961046159259 12.432081774808465 36.383970902301371 41.296506168786436
leaf_count=369 20190 710 303 45 507 549 14 5101 576 31 333 309 642 18 39 15526 8326 457 24 287 165 13 193 11113 4709 27424 85 117 655 1170
internal_value=0.00107873 0.016435 0.0265763 -0.00500704 0.000178818 -0.000293682 0.00126713 -0.00786485 0.00267702 0.00214377 0.00239026 0.00179411 -0.00877321 0.0150151 -0.0122421 0.0022123 -0.00710162 0.00784122 0.0671597 0.00358925 0.0276186 -0.00237753 0.0537591 0.00289756 0.00546049 0.00473268 -0.00572534 -0.00812273 0.00772203 0.0245685
internal_weight=2440.68 135.111 91.7276 43.3837 2305.56 2257.48 1826.85 244.327 1582.53 1549.89 1542.88 1507.78 242.089 30.8092 211.28 1488.5 191.714 73.8843 9.12433 1296.78 36.2836 16.8958 19.3878 1260.5 915.125 899.977 200.065 192.424 699.912 77.6805
internal_count=100000 1427 1013 414 98573 98066 77876 5814 72062 71513 71482 71149 5800 660 5140 70840 24333 8807 481 46507 947 589 358 45560 34447 34160 4911 4826 29249 1825
is_linear=0
shrinkage=0.03


Tree=142
num_leaves=31
num_cat=0
split_feature=392 437 430 40 21 411 1 40 14 404 138 15 424 36 215 101 203 224 260 105 416 9 3 134 433 94 20 28 64 404
split_gain=35.2962 30.8503 34.037 28.4109 31.2475 27.0333 26.5023 26.1051 24.934 24.6399 25.918 22.945 22.785 22.7109 28.0601 23.427 23.1411 22.4778 25.9333 21.9166 21.7509 21.0593 20.4163 53.0683 32.138 20.2922 20.0861 27.1173 31.016 25.5735
threshold=-32.999999999999993 2618.0000000000005 1.0000000180025095e-35 296.50000000000006 3.5000000000000004 425.50000000000006 39.004999160766609 539.50000000000011 24.500000000000004 14.500000000000002 2.5000000000000004 4.5000000000000009 39.500000000000007 39.958332061767585 102.50000000000001 1.0000000180025095e-35 1.5000000000000002 1.0000000180025095e-35 49.983650207519538 2.5000000000000004 456.50000000000006 225.50000000000003 18227.500000000004 1.0000000180025095e-35 5.5000000000000009 1.5000000000000002 4.5000000000000009 1.5000000000000002 1.5000000000000002 51.500000000000007
decision_type=8 2 2 10 2 10 2 10 2 8 10 2 2 10 10 10 10 10 10 10 10 8 2 10 2 8 2 2 10 8
left_child=1 2 12 4 6 -3 9 -5 -4 -2 -11 -6 -1 14 15 17 -15 18 19 20 26 -20 -17 -24 -25 -12 27 29 -29 -8
right_child=3 5 8 7 11 -7 13 -9 -10 10 25 -13 -14 16 -16 22 -18 -19 21 -21 -22 -23 23 24 -26 -27 -28 28 -30 -31
leaf_value=-0.027281508799732759 -0.073590290985078563 0.026172714947683026 0.039591216335215181 -0.034106987054606554 -0.031907753301026472 -0.033381755959140988 -0.0062130822166816006 0.053163859815332337 -0.024361235289312767 -0.0069040037983557102 0.039878426790244059 0.028332471980987369 0.024272837948244027 -0.018203829617351765 0.04397165356249369 -0.0083065980892367379 0.03365856870479695 -0.026546848638448094 0.13577763159241349 -0.051072392117173834 0.073887078313445195 0.029795643240623958 0.54566499504782084 -0.030399195881538131 0.3541249021502505 -0.049216442005103431 0.01581962709252431 -0.0070889592589565035 0.044943731978814599 0.0072072279604819935
leaf_weight=16.334843095391992 4.8262066156603396 10.919205022975804 68.700889858417213 33.284290031995624 6.3652896890416732 18.451987558975816 152.0362366149202 3.3999277278780928 5.9630643008276811 465.21958380751312 17.288597388193015 53.686386990826577 14.621786037459968 78.932345611508936 14.602128726430236 197.61884229001589 8.5854311008006317 21.981182344257832 1.962352540343997 6.5637608915567389 3.9823850309476247 12.043923271354288 0.20815172186121333 1.1896641333587457 0.2341167521663009 2.6539177130907765 112.46732595050707 291.35556086944416 10.688641687389461 801.43897301563993
leaf_count=196 83 149 546 908 72 301 3045 43 65 22711 150 576 170 2213 92 24380 164 311 21 29 28 147 20 146 31 19 3282 13354 95 26653
internal_value=0.0010455 0.0159549 0.0235177 0.000171432 0.000595436 -0.0112414 1.41667e-05 -0.0260186 0.0344836 -0.00613936 -0.00546838 0.0219472 -0.00293078 0.00177136 0.0025715 0.00219689 -0.0131162 0.0035535 0.00402863 0.00361597 0.00387761 0.0446443 -0.00743394 0.0982411 0.0328293 0.0280218 0.0036738 0.0025858 -0.00524764 0.00506729
internal_weight=2437.61 134.992 105.621 2302.62 2265.93 29.3712 2205.88 36.6842 74.664 489.988 485.162 60.0517 30.9566 1715.89 1628.37 1613.77 87.5178 1414.52 1392.54 1378.53 1371.97 14.0063 199.251 1.63193 1.42378 19.9425 1367.99 1255.52 302.044 953.475
internal_count=100000 1427 977 98573 97622 450 96974 951 611 22963 22880 648 366 74011 71634 71542 2377 46965 46654 46486 46457 168 24577 197 177 169 46429 43147 13449 29698
is_linear=0
shrinkage=0.03


Tree=143
num_leaves=31
num_cat=0
split_feature=4 435 344 135 335 134 33 310 90 4 25 394 133 318 362 254 204 437 7 11 27 11 151 15 28 20 0 399 9 90
split_gain=33.6734 35.2828 27.1785 28.025 26.8862 26.2602 40.2025 29.1204 27.6228 26.5988 56.3521 25.9936 23.8466 22.3726 22.1931 21.9801 21.5482 26.1073 21.4886 25.8617 20.8345 20.6744 23.4441 26.2104 40.784 30.2152 24.5519 32.9839 24.1605 53.0725
threshold=1.0000000180025095e-35 0.24540080962436617 5.5000000000000009 1.5000000000000002 13.500000000000002 1.0000000180025095e-35 5.5000000000000009 2.5000000000000004 4.5000000000000009 225.50000000000003 3.5000000000000004 3.5000000000000004 1.5000000000000002 55.988698959350593 960.20001220703136 61.991149902343757 1.5000000000000002 1072.5000000000002 103.00000000000001 5.5000000000000009 1.5000000000000002 283.50000000000006 1.5000000000000002 5.5000000000000009 3.5000000000000004 1.0000000180025095e-35 6084167.5000000009 -41.499999999999993 308.50000000000006 1.5000000000000002
decision_type=10 2 10 10 10 8 8 10 10 10 2 10 10 10 8 8 10 2 8 8 2 10 2 2 2 2 2 8 10 10
left_child=1 -1 3 5 15 6 9 8 11 -2 20 16 -8 -9 -3 -5 21 -18 19 -17 -11 22 23 26 -25 -26 28 -28 -7 -30
right_child=2 14 -4 4 -6 7 12 13 -10 10 -12 -13 -14 -15 -16 18 17 -19 -20 -21 -22 -23 -24 24 25 -27 27 -29 29 -31
leaf_value=0.040047276341209435 0.056560418170321571 -0.010963291336804921 -0.02741635950702331 0.037492545210021509 0.048681976072560799 -0.003365515224961927 0.00027455032359775545 0.016677234006682463 -0.037054660648231368 0.075258203016518352 0.058417098377974236 0.059047456817143379 0.052058309645403589 -0.051429511605846454 0.059165164965069121 0.13988626849335872 0.03616937960900387 -0.015109142907322506 0.0012335105931668266 0.023128295739537421 -0.022699910899421673 0.010665265913212381 -0.013120226016519004 0.035807456226151911 0.070215240875201451 -0.0055266843268938996 0.057071829545125539 -0.0086310508228258122 0.0045819390774649331 0.061156860220382546
leaf_weight=39.995210573077202 21.59178324835375 29.723566067405045 31.223102356307209 20.540103508159518 16.205546272918582 451.75397005374543 207.94826891715638 101.33667375426739 20.508700475096703 2.1460956595838097 16.251761611551046 6.2480109306052318 8.3238941738381964 4.5351682947948566 4.7041223542764774 2.0453467280603919 27.25442219665274 13.294689808040856 144.3093289192766 10.332330174744129 21.841799687594175 97.073819790035486 202.88833276904188 40.187708999030292 5.044223776087164 78.644307810580358 6.9570300290361047 595.11626401729882 189.30429924488999 16.20038705598563
leaf_count=352 492 1331 358 229 84 19093 14275 959 272 33 289 45 103 35 44 20 391 283 3371 105 783 4123 10622 416 38 5034 69 26058 10259 434
internal_value=0.00101413 0.0208827 0.000387335 0.000760257 0.0116946 -0.000230655 0.00836647 -0.00151861 -0.00244267 0.0296989 0.0152855 -0.00203235 0.00226761 0.0137598 -0.0013811 0.00831246 -0.00225375 0.0193569 0.00448724 0.0424219 -0.013936 -0.00277437 -0.00359691 -0.00220004 0.0109671 -0.000961433 -0.00349524 -0.00787185 0.000513893 0.00904186
internal_weight=2433.53 74.4229 2359.11 2327.88 193.433 2134.45 278.104 1856.35 1750.48 61.8314 40.2397 1729.97 216.272 105.872 34.4277 177.227 1723.72 40.5491 156.687 12.3777 23.9879 1683.17 1586.1 1383.21 123.876 83.6885 1259.33 602.073 657.259 205.505
internal_count=100000 1727 98273 97915 3809 94106 15975 78131 77137 1597 1105 76865 14378 994 1375 3725 76820 674 3496 125 816 76146 72023 61401 5488 5072 55913 26127 29786 10693
is_linear=0
shrinkage=0.03


Tree=144
num_leaves=31
num_cat=0
split_feature=392 435 40 21 305 0 11 101 107 368 40 13 4 176 36 36 396 113 367 353 3 26 15 126 4 1 5 1 13 396
split_gain=32.027 30.0526 27.1809 29.012 25.6893 27.8343 29.9712 26.4233 24.8321 27.1234 24.4268 23.8517 52.7064 23.3246 22.1792 35.3921 25.1833 30.7465 26.5318 38.3133 25.0657 22.5807 21.6571 21.5643 20.7412 20.0298 19.1116 18.9884 29.0261 24.3368
threshold=-32.999999999999993 0.13742958228249111 296.50000000000006 3.5000000000000004 2.5000000000000004 6453019.0000000009 1.5000000000000002 1.0000000180025095e-35 2.5000000000000004 1331.2500000000002 539.50000000000011 56.500000000000007 111.50000000000001 2.5000000000000004 59.020832061767585 0.93749949336051952 1.0000000180025095e-35 2.5000000000000004 351.47500610351568 1.0000000180025095e-35 16073.000000000002 2.5000000000000004 4.5000000000000009 1.0000000180025095e-35 565.50000000000011 30.960000038146976 163.00000000000003 149.95999908447268 2.5000000000000004 16.500000000000004
decision_type=8 2 10 2 10 2 8 10 10 10 8 2 8 2 10 10 8 8 8 10 2 2 2 8 10 2 10 2 2 10
left_child=1 -1 3 4 5 7 13 8 14 -10 -4 -8 -13 23 15 16 -2 18 19 21 -20 25 -5 -7 27 -18 -24 28 29 -19
right_child=2 -3 10 22 -6 6 11 -9 9 -11 -12 12 -14 -15 -16 -17 17 24 20 -21 -22 -23 26 -25 -26 -27 -28 -29 -30 -31
leaf_value=0.03815636318123266 -0.0067976614912360215 0.006421620139310062 -0.033867170032290173 -0.031599145884940304 0.032653203715725103 0.0080998789004923764 -0.0069590146294185506 -0.0095633570239444729 -0.030955853845078356 0.11915000645538362 0.049878237793594203 0.33658351853718926 0.018447424017676753 0.19734795468815225 -0.012562827388930177 0.022229356825353562 -0.012771813495246092 0.076130858352272596 -0.030874055074284583 0.029741684434509266 0.023212867250944364 -0.045559637782874293 -0.029922610513143807 0.071018022469034089 -0.019457091321867986 0.0054496267504095634 0.033279539710629476 0.048454701048554129 -0.0042213527660563688 -0.032364490805833229
leaf_weight=37.225053353235126 177.86887915804982 96.424453752115369 32.386397858615965 6.2184200547635546 21.483172518201172 37.647906065918505 689.74654000345618 155.61508328514174 26.220710321329538 1.1301010772585858 3.4705512234941116 0.57026563584804479 2.6311286161653697 0.64999385597184201 67.692422825843096 99.387638687621802 59.033649279735982 9.1935472050681692 34.234723128844053 53.377929191105068 9.9535283087752742 8.3728803852573019 4.7311079297214738 5.6366093400865784 8.5341985793784243 676.26416853489354 47.923922447487712 28.571172179654241 22.847594355233014 2.3328971816226831
leaf_count=223 4170 1204 908 72 222 2384 30032 20165 504 7 43 22 132 18 2122 1465 3798 177 552 962 125 93 34 66 145 29055 542 310 410 38
internal_value=0.00098489 0.0152606 0.00015308 0.000564627 8.20045e-06 -0.000313873 -0.00505638 0.00211192 0.00352579 -0.0247537 -0.0257616 -0.00657983 0.0751171 0.0189719 0.00414079 0.00509099 0.00352913 0.0055416 0.00393657 0.00519103 -0.0186908 0.00342888 0.0213479 0.0162932 0.0244311 0.00398671 0.0276008 0.0303815 0.0153593 0.0541719
internal_weight=2427.38 133.65 2293.73 2257.87 2199 2177.51 736.882 1440.63 1285.02 27.3508 35.8569 692.948 3.20139 43.9345 1257.67 1189.97 1090.59 912.716 841.237 797.049 44.1883 743.671 58.8735 43.2845 71.4794 735.298 52.655 62.9452 34.374 11.5264
internal_count=100000 1427 98573 97622 96974 96752 32654 64098 43933 511 951 30186 154 2468 43422 41300 39835 35665 34585 33908 677 32946 648 2450 1080 32853 576 935 625 215
is_linear=0
shrinkage=0.03


Tree=145
num_leaves=31
num_cat=0
split_feature=4 30 344 135 335 134 114 29 43 32 4 125 0 310 369 90 394 364 435 11 3 372 105 23 433 204 323 435 259 26
split_gain=30.7316 34.2562 25.423 25.9419 25.4311 24.2007 45.6672 46.4821 37.9225 46.349 38.411 31.1292 29.811 26.761 26.7542 26.2657 24.4011 23.7311 21.3493 20.6467 20.3252 20.293 19.9736 21.3171 69.8419 19.8169 21.5001 27.4676 19.8514 19.5988
threshold=1.0000000180025095e-35 57.500000000000007 5.5000000000000009 1.5000000000000002 13.500000000000002 1.0000000180025095e-35 1.0000000180025095e-35 196.50000000000003 26.500000000000004 180.50000000000003 320.50000000000006 1.0000000180025095e-35 5100059.0000000009 2.5000000000000004 1552.5000000000002 4.5000000000000009 3.5000000000000004 136.32759857177737 1.2049700278746507 6.5000000000000009 8150.5000000000009 186.0100021362305 1.0000000180025095e-35 1.5000000000000002 1.5000000000000002 1.5000000000000002 44.921749114990241 0.75018022980536891 4.5092499256134042 6.5000000000000009
decision_type=10 8 10 10 10 8 8 10 10 10 10 10 2 10 10 10 10 10 2 10 2 10 10 2 2 10 10 2 10 2
left_child=1 -1 3 5 18 6 14 8 10 11 12 -10 -8 15 17 16 25 -2 -5 22 21 -3 -11 24 -24 28 27 -27 29 -7
right_child=2 20 -4 4 -6 13 7 -9 9 19 -12 -13 -14 -15 -16 -17 -18 -19 -20 -21 -22 -23 23 -25 -26 26 -28 -29 -30 -31
leaf_value=-0.02164110280833503 0.00025823279396185341 -0.0097884563848685928 -0.026787125013265068 0.013612998759674857 0.047616054648416423 -0.002474736299357537 0.19547370141197429 -0.030769651156100714 -0.0059013524066617758 -0.023106639048110465 0.018170088389395714 0.14231674523162771 0.074210225275022579 0.013227064435150008 0.047454423910172953 -0.036386107090420443 0.057151574433397107 -0.032773784394307004 -0.011287996851824533 -0.021331015310867008 0.03941055815739216 0.21946702409186639 0.53659783839938946 0.063304919501185761 0.041253040006514058 -0.018850344056163294 0.066360529903262577 0.035279633525158192 -0.017994595478418262 0.02080223845398824
leaf_weight=14.261383793083949 140.88964891829528 12.397273584268984 30.645770506933331 137.14923493564129 15.880066763609646 1568.9330193863716 2.0932818152941826 12.508940949570386 39.691602124832571 2.2433462804183426 11.494460059795527 1.31762284785509 14.213283468503503 104.98600883875042 9.5001307027414423 20.191639971919358 6.2600481668487182 22.732829080894589 40.033270517829806 3.0961842339020214 46.270330235362053 0.35751684103161174 0.37020454043522721 17.883897474035621 0.83173093106597662 16.657415941357613 6.993477812036871 17.096228448674083 72.941409738268703 33.244838461279869
leaf_count=346 10702 717 358 2889 84 74409 38 1080 2004 191 250 10 181 994 148 272 45 809 836 226 648 16 32 241 63 433 47 194 1480 257
internal_value=0.000955052 0.0200858 0.000358414 0.000717108 0.0112464 -0.000238985 0.00799873 0.0235324 0.0308178 0.0183467 0.0601707 -0.00113912 0.0897769 -0.00148254 -0.00148932 -0.00236889 -0.00197004 -0.00433106 0.00798678 0.0510625 0.0301677 -0.00336242 0.0615713 0.0715243 0.193823 -0.00218574 0.0184858 0.0085665 -0.00268857 -0.00199174
internal_weight=2423.17 73.2865 2349.88 2319.23 193.063 2126.17 278.867 105.745 93.2356 65.4346 27.801 41.0092 16.3066 1847.3 173.123 1742.32 1722.13 163.622 177.183 24.4254 59.0251 12.7548 21.3292 19.0858 1.20194 1715.87 40.7471 33.7536 1675.12 1602.18
internal_count=100000 1727 98273 97915 3809 94106 15975 4316 3236 2767 469 2014 219 78131 11659 77137 76865 11511 3725 753 1381 733 527 336 95 76820 674 627 76146 74666
is_linear=0
shrinkage=0.03


Tree=146
num_leaves=31
num_cat=0
split_feature=8 438 437 13 411 369 367 367 365 135 32 1 372 30 32 437 22 434 369 369 411 362 62 437 4 4 78 33 38 438
split_gain=30.8401 57.5683 39.7814 35.3067 33.6746 31.324 26.9236 56.1971 28.1175 26.9064 26.8657 36.9839 42.8028 29.6609 54.8945 60.9918 27.3415 37.5831 26.2301 24.7738 23.8275 26.5259 27.1635 24.5822 27.23 62.2197 23.6409 23.5538 23.4956 23.4434
threshold=1.5000000000000002 6415.5000000000009 682.50000000000011 52.500000000000007 412.50000000000006 200.24684906005862 316.50000000000006 275.41999816894537 154.48500061035159 1.0000000180025095e-35 396.50000000000006 248.47499847412112 1647.0000000000002 520.50000000000011 418.50000000000006 3810.5000000000005 3.5000000000000004 -0.47349198165372824 1.0000000180025095e-35 35.103899002075202 482.00000000000006 301.05000305175787 1.0000000180025095e-35 82.500000000000014 545.50000000000011 555.50000000000011 1.5000000000000002 4.5000000000000009 474.50000000000006 5072.5000000000009
decision_type=2 2 2 2 8 8 8 10 10 8 8 2 8 8 8 2 2 2 10 10 10 10 10 2 10 10 10 10 10 2
left_child=1 2 3 19 -3 -5 7 10 -9 -4 20 12 16 14 15 -13 -12 18 -18 29 21 22 23 -2 -25 -26 -27 -15 -21 -1
right_child=6 4 9 5 -6 -7 -8 8 -10 -11 11 13 -14 27 -16 -17 17 -19 -20 28 -22 -23 -24 24 25 26 -28 -29 -30 -31
leaf_value=0.0039562065739587003 -0.01255708936778914 -0.015349851046139588 -0.020741458624293642 0.019341622233834975 0.0024178488754330253 0.09463626934395146 -0.02144272873837821 0.072446125879309445 0.0065934739884101409 0.024775197803731455 -0.0021475499194687367 -0.030350526049991302 0.17139749163914045 0.050698491766289745 -0.01688256935733231 0.58824025862117979 0.020963410951749646 -0.015513506703972134 0.084475202953192288 -0.022223523477032117 -0.016757934863992706 -0.020202601964970857 -0.018474610282845465 0.0018306937340505274 0.075770165601693557 -0.012529673506785485 0.19175216472710377 -0.030744530925752571 0.061188489616086063 0.060758880224691239
leaf_weight=170.89925924292766 100.81527930009179 126.80125500028953 12.408780905883759 22.743600491434339 395.25185424601659 6.3641486503183833 60.789825014770031 13.779559909366073 10.121906857471911 201.35394576983526 354.49910511262715 0.28416222566738725 1.3223824789747585 32.891552560962737 15.455824200995266 0.28970013558864594 14.210601878352465 13.406917488202451 9.9502476043999177 50.175867654383183 129.44798725377768 71.71699346229434 71.990746162598953 484.48949487227947 14.784325570799409 18.009383750148121 0.52471047267317672 3.5398729043081394 3.2352610770612946 6.799370731227099
leaf_count=4362 6169 2655 490 695 10784 51 1215 124 234 3364 21958 29 28 603 845 11 265 284 50 688 3573 3979 10094 25679 231 1036 5 265 27 207
internal_value=0.000926127 0.00497451 0.0125438 0.00466644 -0.00189774 0.0358041 -0.0019089 -0.00103675 0.0445585 0.022133 -0.00185147 0.00416146 0.00100616 0.027822 -0.0061851 0.28193 0.000431455 0.0247676 0.0471197 0.000744716 -0.00485768 -0.00283695 -0.00103361 0.000996049 0.00363479 0.0298686 -0.00674634 0.0427851 -0.017171 0.00612968
internal_weight=2418.35 996.033 473.98 260.218 522.053 29.1077 1422.32 1361.53 23.9015 213.763 1337.63 445.85 393.389 52.4611 16.0297 0.573862 392.067 37.5678 24.1608 231.11 891.779 762.331 690.614 618.623 517.808 33.3184 18.5341 36.4314 53.4111 177.699
internal_count=100000 23323 9884 6030 13439 746 76677 75462 358 3854 75104 24338 22585 1753 885 40 22557 599 315 5284 50766 47193 43214 33120 26951 1272 1041 868 715 4569
is_linear=0
shrinkage=0.03


Tree=147
num_leaves=31
num_cat=0
split_feature=8 438 437 13 411 71 348 29 9 343 369 370 359 438 16 129 30 38 0 19 436 405 143 11 85 11 439 5 369 32
split_gain=29.017 53.8992 37.1033 32.5731 31.9624 31.063 34.2197 54.558 64.2654 41.5139 28.1722 25.8495 32.221 28.7008 37.8588 60.5578 95.1123 103.586 39.0685 34.4001 32.5569 25.7269 25.296 25.2194 25.1363 23.5448 36.3093 24.482 23.4704 23.0734
threshold=1.5000000000000002 6415.5000000000009 682.50000000000011 52.500000000000007 412.50000000000006 1.0000000180025095e-35 2.5000000000000004 401.50000000000006 324.50000000000006 3.5000000000000004 200.24684906005862 2435.170043945313 1101.8999633789065 43593.000000000007 2.5000000000000004 1.5000000000000002 112.50000000000001 1.0000000180025095e-35 7402958.5000000009 1.0000000180025095e-35 -182.09970943412728 -389.99999999999994 1.0000000180025095e-35 21.500000000000004 1.0000000180025095e-35 1.5000000000000002 73092.000000000015 149.50000000000003 35.103899002075202 2.5000000000000004
decision_type=2 2 2 2 8 10 10 8 10 10 8 10 10 2 2 10 8 10 2 2 2 10 10 10 8 8 2 10 10 8
left_child=1 2 3 28 -3 25 11 9 -9 -8 21 12 13 -7 20 18 -17 -18 19 23 -15 -5 29 -16 -22 26 -2 -27 -1 -4
right_child=5 4 22 10 -6 6 7 8 -10 -11 -12 -13 -14 14 15 16 17 -19 -20 -21 24 -23 -24 -25 -26 27 -28 -29 -30 -31
leaf_value=0.0059232424237471906 -0.0007982670745151206 -0.015023071409854269 0.032657387905047554 -0.0017125400204538101 0.0023416605204149852 -0.0068375673788260106 -0.016965646712726989 -0.030996433829826059 0.24390692184299309 0.050583597387253015 0.088985075046339387 0.03847671571149 -0.025055799368202628 0.18525198176907826 0.027475327744914499 -0.0064921835576860643 0.095269711872161641 0.66951140457177616 0.36034686685985284 -0.0083456118395944957 -0.0062269604237858286 0.068204694044078348 -0.023019919928678283 0.10367727380736355 0.080908035620820287 0.094441352281554994 0.069933461813293366 0.0027796780965158442 -0.01684201937978122 0.012323646866855194
leaf_weight=178.32648525177501 13.68431031657383 125.68969920929521 114.47728239512071 16.364789938088514 395.85901610087603 774.56131811882369 18.77418451057747 1.2235474744811647 2.043748842086643 14.522147225216029 6.5620991420000783 11.849469155073164 74.610857779625803 0.82847800012677808 14.37293245829642 1.1886439844965928 0.57459310349076964 0.55656385468319058 0.30678654694929619 19.005116534652188 98.062719641486183 6.6658670268952838 10.974274923093615 5.3689229260198763 3.0729758446104816 2.6424116264097384 12.496687311213462 347.9288631407544 52.834234880283475 89.485147165134549
leaf_count=4569 1062 2655 1407 629 10784 46512 643 63 31 135 51 97 1832 51 541 48 19 31 23 2495 6994 66 881 165 92 44 356 15443 715 1566
internal_value=0.000896798 0.00481769 0.0121206 0.00451378 -0.00184312 -0.00186129 -0.0045329 0.0239753 0.14096 0.0124959 0.0341485 -0.00557074 -0.00609661 -0.00455553 0.00777604 0.03198 0.180899 0.377814 0.0231342 0.0204642 -0.0020451 0.0185239 0.021349 0.0481989 -0.00357939 0.00552006 0.0329633 0.00347057 0.00072 0.0237363
internal_weight=2414.91 997.239 475.69 260.753 521.549 1417.68 1040.92 36.5636 3.2673 33.2963 29.5928 1004.36 992.51 917.899 143.338 41.3736 2.3198 1.13116 39.0538 38.747 101.964 23.0307 214.937 19.7419 101.136 376.752 26.181 350.571 231.161 203.962
internal_count=100000 23323 9884 6030 13439 76677 59772 872 94 778 746 58900 58803 56971 10459 3322 98 50 3224 3201 7137 695 3854 706 7086 16905 1418 15487 5284 2973
is_linear=0
shrinkage=0.03


Tree=148
num_leaves=31
num_cat=0
split_feature=392 435 40 12 305 0 130 101 7 106 400 334 9 15 23 16 114 151 12 23 9 50 3 27 7 337 320 416 348 130
split_gain=28.0254 26.6186 26.0676 24.2298 24.0701 24.8433 26.822 25.9321 29.1403 22.9949 22.4981 22.6226 21.5653 21.4585 25.9993 28.4566 33.4139 23.6998 24.8807 23.0561 31.7893 21.8699 59.6758 24.4195 21.2655 20.9735 19.6207 19.5875 19.7113 37.8895
threshold=-32.999999999999993 0.13742958228249111 296.50000000000006 715.50000000000011 2.5000000000000004 6453019.0000000009 7.5000000000000009 1.0000000180025095e-35 103.00000000000001 2.5000000000000004 2.5000000000000004 8.5000000000000018 434.00000000000006 4.5000000000000009 12.500000000000002 4.5000000000000009 2.5000000000000004 1.5000000000000002 7.5000000000000009 2.5000000000000004 493.00000000000006 1.0000000180025095e-35 2157.5000000000005 2.5000000000000004 117.50000000000001 8.5000000000000018 5.0980501174926767 456.50000000000006 1.5000000000000002 1.5000000000000002
decision_type=8 2 10 10 10 2 10 10 8 10 10 8 8 2 2 2 10 2 8 2 10 2 2 2 8 8 10 10 10 8
left_child=1 -1 4 -4 5 7 10 8 12 13 11 -7 -2 14 15 16 17 27 -19 20 26 -20 -23 -24 -3 -9 -15 28 -10 -30
right_child=2 24 3 -5 -6 6 -8 25 9 -11 -12 -13 -14 19 -16 -17 -18 18 21 -21 -22 22 23 -25 -26 -27 -28 -29 29 -31
leaf_value=0.036518171448804981 0.025917700410062382 0.057662404780199392 -0.032602408190352684 0.063371473410122212 0.031842977177840945 -0.0046329193337240667 -0.061966950680438407 -0.010913531431162457 0.0020268888151645944 -0.040793649694775419 0.054706122267397725 0.054307290289170959 -0.0038149219247962224 0.023903187335860145 0.14337070621833439 -0.018532372872508151 0.039096416431397614 0.046161428011715536 -0.016152029758587892 -0.00078278426535716118 0.16952466811541503 0.54091231175435028 0.13413518253627002 -0.010672488545873837 0.0022462043672734949 0.064879816881903182 -0.020233512234970448 0.087553811313657359 0.046291825335873248 -0.013939118495989517
leaf_weight=35.530034692957997 85.150514878332615 6.700478089042007 32.44808940263465 2.5538126481696954 21.824216880835593 733.19143932848237 7.1779423328116527 149.50277352891862 758.69117440842092 10.976907674223183 5.8894890919327727 5.908099513500928 29.582316705957055 93.277695809490979 1.1557177305221547 62.979175494983792 21.69162639696151 6.6554663735441864 119.21347186993808 70.002244806382805 1.2889694813638914 0.20903480239212413 1.3876979453489182 4.2825505333021283 89.182588963769376 3.3597109210677436 10.040551804006098 2.4798716492950907 24.974579562433064 15.073022001888601
leaf_count=223 1563 56 921 30 229 32717 64 20132 29513 70 64 34 546 1496 7 1719 144 66 5079 3049 30 10 11 246 1148 33 101 27 457 215
internal_value=0.000866389 0.0143378 9.02601e-05 -0.0256 0.000490625 0.000182983 -0.00425247 0.00244946 0.00380496 0.00242874 -0.00369639 -0.00416177 0.0182515 0.0028263 0.0011609 0.000999393 0.00228791 0.00143211 -0.0103592 0.0125434 0.0214611 -0.0133664 0.043118 0.0247668 0.00611879 -0.0092477 0.0196139 0.00337101 0.00310965 0.0236222
internal_weight=2412.38 131.413 2280.97 35.0019 2245.97 2224.14 752.167 1471.98 1319.11 1204.38 744.989 739.1 114.733 1193.4 1018.79 1017.64 954.658 932.967 131.748 174.609 104.607 125.093 5.87928 5.67025 95.8831 152.862 103.318 801.219 798.739 40.0476
internal_count=100000 1427 98573 951 97622 97393 32879 64514 44349 42240 32815 32751 2109 42170 37494 37487 35768 35624 5412 4676 1627 5346 267 257 1204 20165 1597 30212 30185 672
is_linear=0
shrinkage=0.03


Tree=149
num_leaves=31
num_cat=0
split_feature=392 4 40 26 32 394 1 437 389 40 313 396 405 203 211 23 20 43 0 2 435 0 0 9 43 432 142 1 195 434
split_gain=26.4428 26.1965 24.9902 26.7932 22.5491 22.5443 24.2764 27.2921 31.1597 23.9567 23.3721 22.2642 22.0276 21.6678 26.3332 21.3247 85.7028 22.2772 24.0144 24.7416 21.2952 22.0906 25.7805 36.5293 57.6068 53.1284 73.9771 63.7507 31.5091 30.2947
threshold=-32.999999999999993 1.0000000180025095e-35 296.50000000000006 13.500000000000002 541.50000000000011 3.5000000000000004 76.99499893188478 84.500000000000014 47.500000000000007 240.50000000000003 1.5000000000000002 -1.4999999999999998 90.000000000000014 12.500000000000002 1115.9949951171877 6.5000000000000009 1.5000000000000002 52.500000000000007 6017013.5000000009 1.5000000000000002 2.4845219852381333 4802604.5000000009 5535328.5000000009 385.50000000000006 4.5000000000000009 7.5000000000000009 1.0000000180025095e-35 160.52500152587893 1.0000000180025095e-35 -0.42474412929708244
decision_type=8 10 10 2 10 10 2 2 10 10 10 8 10 10 10 2 2 8 2 2 2 2 2 10 10 2 10 2 10 2
left_child=1 -1 3 5 -4 6 7 8 9 12 11 -8 -2 15 -15 17 -17 20 19 -19 21 -13 23 28 25 26 -25 -28 -23 -24
right_child=2 -3 4 -5 -6 -7 10 -9 -10 -11 -12 13 -14 14 -16 16 -18 18 -20 -21 -22 22 29 24 -26 -27 27 -29 -30 -31
leaf_value=0.038798379034139734 -0.017868629273006073 0.0067068834902889651 -0.033459519134454239 0.029207796370433876 0.047085186684381677 0.053189979209888757 0.071891629203523322 -0.0012101773093692448 0.064569837618600856 0.1433529453862632 0.025473821564895447 -0.014247085676082601 0.11333456224194335 0.15048758138498158 -0.015703281277852945 0.429910842783439 0.016169340843712549 0.031355479331342445 -0.0107921544972289 -0.00063799286187667527 -0.0068365558880549597 0.012417408526257967 0.046073826140466859 0.11832366494074224 -0.014520396342462391 0.063280640259550713 0.15745230752193626 0.72917665844441693 0.20983905977460304 0.0022100245992357284
leaf_weight=29.555531801655889 169.67351865768433 101.5589560745284 30.887273338157684 28.832937018945813 3.4807521887123576 7.1755628278478971 4.098994430154562 864.3576147032436 4.4101161668077102 0.84289040137082238 39.869603484403342 38.842456789687276 1.1595209427177895 1.9310467569157475 1.544340427033603 0.4541928106918921 56.767962564947084 24.302717637270689 242.19274026202038 207.47232795646414 117.98970198724419 113.6713712005876 14.92364728823304 1.9988477751612692 6.7082611517980686 10.845404073595999 0.31634702021256078 0.3943350319750607 0.73228187393396993 280.9283421356231
leaf_count=173 10030 1254 910 366 41 56 63 41186 45 16 368 1269 11 28 36 12 3005 281 11112 11318 4008 3549 411 77 232 386 21 22 7 9707
internal_value=0.000840255 0.0139409 8.58291e-05 0.000474929 -0.025302 0.000100673 -7.19792e-05 -0.00340322 -0.0141682 -0.0161909 0.00290058 0.00210139 -0.0169781 0.00184643 0.0766382 0.00161404 0.0194534 0.000652219 -0.0041862 0.00271668 0.00455662 0.00742068 0.0093756 0.0202568 0.0573828 0.0929672 0.211793 0.474684 0.0136811 0.00442264
internal_weight=2407.92 131.114 2276.81 2242.44 34.368 2213.6 2206.43 1040.44 176.086 171.676 1165.98 1126.12 170.833 1122.02 3.47539 1118.54 57.2222 1061.32 473.968 231.775 587.351 469.361 430.519 134.667 20.2632 13.5549 2.70953 0.710682 114.404 295.852
internal_count=100000 1427 98573 97622 951 97256 97200 51288 10102 10057 45912 45544 10041 45481 64 45417 3017 42400 22711 11599 19689 15681 14412 4294 738 506 120 43 3556 10118
is_linear=0
shrinkage=0.03


Tree=150
num_leaves=31
num_cat=0
split_feature=1 13 41 333 65 437 333 11 372 341 18 122 334 437 437 435 30 437 359 7 167 437 5 29 5 318 319 318 408 353
split_gain=141.108 106.606 115.326 102.858 99.6086 90.4695 99.8834 89.9273 83.6081 78.4664 78.2991 75.343 86.9468 101.136 119.578 140.975 202.029 154.339 166.435 76.6091 56.3072 72.4987 50.5653 55.3109 52.8184 55.306 65.3118 59.6584 47.5715 44.8421
threshold=414.83500671386724 1.0000000180025095e-35 4.5000000000000009 1.0000000180025095e-35 1.0000000180025095e-35 43.500000000000007 1.5000000000000002 88.500000000000014 3050.974975585938 4.5000000000000009 17.500000000000004 1.0000000180025095e-35 1.5000000000000002 896.00000000000011 153.50000000000003 1.6998484137480696 154.50000000000003 177.50000000000003 913.50000000000011 164.00000000000003 2.5000000000000004 984.50000000000011 186.50000000000003 31.500000000000004 181.50000000000003 31.79790019989014 88.454902648925795 30.451649665832523 113.50000000000001 3.5000000000000004
decision_type=2 2 8 10 8 2 10 10 2 8 2 8 8 2 2 2 8 2 2 8 2 2 8 8 10 10 10 10 8 10
left_child=1 3 22 -1 -5 6 -6 -7 9 10 20 12 13 14 -2 16 -16 18 -17 -19 28 -22 23 24 -3 27 -27 -26 -4 -30
right_child=11 2 8 4 5 7 -8 -9 -10 -11 -12 -13 -14 -15 15 17 -18 19 -20 -21 21 -23 -24 -25 25 26 -28 -29 29 -31
leaf_value=0.011581169128477637 0.028702581718147883 -0.012814531616777225 0.065763570802544594 0.0098081025093383935 0.078166742822368823 0.064238785081952049 0.47638056989437527 0.28033107488092868 0.18903667085788339 -0.054317138806497502 -0.058674233531793324 -0.0048355034815017539 0.0092361102716313065 0.023364518957031958 0.11455877209976453 0.12972770162199262 0.5750437932843705 0.17244430825672388 0.75620981273552956 0.05139988449044728 -0.047611364909943929 0.16596574406461845 -0.03860807377944727 -0.020857686606639853 0.021801008887118712 0.082739942852293233 -0.042264144532053717 -0.1265929747232459 -0.0042349336704428841 0.091820264860406967
leaf_weight=271.22888688440435 20.444515688810498 37.92161734867841 8.8746632416732592 17.527417331468314 1.0920340791344672 18.009386145975444 1.1788702383637426 1.9177953116595734 2.0014644898474208 28.448889111168683 23.16754037886858 47.340609550941736 57.523503189440817 45.601399677805603 2.1327967010438473 0.92939394898712879 1.4340230822563169 6.2377568520605591 0.64758123364299536 19.160855386406183 2.261401113588362 3.8926870240829885 15.611662330105899 32.229412475135177 246.25479877972975 24.923355479724709 4.430399924516677 2.462651301175355 1343.3821852272376 4.3883682098239651
leaf_count=14112 634 1238 87 331 34 325 20 42 16 340 138 2717 598 1138 16 32 37 106 19 530 67 58 271 778 4992 307 77 31 70857 52
internal_value=0.00428732 0.0019773 -0.000853579 0.0181844 0.0632687 0.105481 0.284887 0.0850355 -0.00472349 -0.00499767 -0.00398532 0.0282668 0.0384352 0.0558249 0.0848565 0.122445 0.299695 0.0990083 0.386991 0.0811277 -0.00305561 0.087484 0.0142121 0.0165802 0.0203986 0.024928 0.0638729 0.0203317 -0.00346632 -0.00392218
internal_weight=2292.66 2091.21 1780.25 310.954 39.7255 22.1981 2.2709 19.9272 1416.42 1414.42 1385.97 201.452 154.112 96.5883 50.9869 30.5424 3.56682 26.9756 1.57698 25.3986 1362.8 6.15409 363.834 348.222 315.993 278.071 29.3538 248.717 1356.65 1347.77
internal_count=100000 94173 79309 14864 752 421 54 367 71615 71599 71259 5827 3110 2512 1374 740 53 687 51 636 71121 125 7694 7423 6645 5407 384 5023 70996 70909
is_linear=0
shrinkage=0.03


Tree=151
num_leaves=31
num_cat=0
split_feature=439 365 341 43 65 5 4 106 362 353 4 28 56 437 359 438 318 437 101 38 319 151 71 362 27 254 39 181 29 346
split_gain=106.398 96.8645 87.1484 73.4395 70.6174 103.12 69.8055 96.2127 78.9866 97.8561 82.4678 134.453 125.119 186.045 118.769 84.3536 82.397 75.6433 87.5429 132.939 68.57 62.0627 74.6078 116.521 69.085 63.4592 56.2895 253.58 52.5664 50.8874
threshold=611.50000000000011 323.42500305175787 4.5000000000000009 6.5000000000000009 1.5000000000000002 145.00000000000003 554.50000000000011 2.5000000000000004 351.87500000000006 2.5000000000000004 444.50000000000006 1.5000000000000002 1.0000000180025095e-35 1111.0000000000002 2581.4250488281255 1078.5000000000002 31.79790019989014 682.50000000000011 1.5000000000000002 446.50000000000006 88.454902648925795 4.5000000000000009 1.0000000180025095e-35 154.98000335693362 1.5000000000000002 71.537250518798842 128.50000000000003 169.50000000000003 295.50000000000006 2.5000000000000004
decision_type=2 10 8 10 8 8 8 10 2 8 10 2 8 2 2 2 10 2 10 10 10 2 10 2 2 8 10 2 8 2
left_child=1 28 4 -3 6 -6 8 -8 16 10 17 12 13 -12 15 -14 21 -10 29 -20 -18 24 23 -23 25 -2 -17 -28 -1 -19
right_child=2 3 -4 -5 5 -7 7 -9 9 -11 11 -13 14 -15 -16 26 20 18 19 -21 -22 22 -24 -25 -26 -27 27 -29 -30 -31
leaf_value=0.01990857336789462 0.023107124510905144 0.16013799643383297 -0.047260738646382555 0.0023626531109093522 0.072598989890756582 -0.013872825734255743 -0.012270836396546728 0.42383360169412648 -0.018560938110956576 0.38169581604549263 0.91519167583413763 0.0022210610817668766 0.16250928034574524 -0.033915319964526652 0.20603019524697178 -0.0077989821135442767 0.066820193954106988 0.043826388667214701 0.025881664906140505 0.55672743594550222 -0.038791702125608896 0.53654592926998657 0.021732343463283746 0.10267856518616697 -0.0053881780186572741 0.0026425611371105797 0.0107677823963763 0.96821020406601299 -0.018617818225320045 -0.014110339044971927
leaf_weight=323.07812198973261 202.93210778199136 7.4871035534888488 32.687012710142881 4.1142183798365295 12.918463285081087 316.50530723342672 209.02645524940453 0.45628979802131553 44.429931935388595 0.69804449938237567 0.41238018870353954 20.30775755434297 4.8361576264724198 0.33842114545404911 6.3379811421036711 11.565328051336108 31.278430671896785 45.151230519171804 1.0496721426025022 0.71296005463227619 6.7219219398684791 0.68616326898336355 8.3753742014523578 2.9618125814013183 532.07121788221411 415.79958905209787 1.4560277559794474 0.30031038681045163 35.362543733557686 19.552650850266218
leaf_count=13812 4616 85 397 116 123 6296 10647 10 1726 10 29 934 97 20 64 314 414 1748 67 17 142 34 482 64 35155 19328 142 19 2809 283
internal_value=0.00413351 0.0188691 0.00130761 0.104186 0.00214454 -0.0104818 0.00479814 -0.0113209 0.00728469 0.027285 0.0257037 0.0596872 0.105912 0.487385 0.0942194 0.0551919 0.00466731 0.0117439 0.0320013 0.240601 0.0481384 0.0032467 0.0710525 0.184287 0.00253828 0.00935454 0.0162325 0.174478 0.0161077 0.0263187
internal_weight=2299.61 370.042 1929.57 11.6013 1896.88 329.424 1567.46 209.483 1357.98 157.149 156.451 45.5544 25.2466 0.750801 24.4958 18.1578 1200.83 110.896 66.4665 1.76263 38.0004 1162.83 12.0234 3.64798 1150.8 618.732 13.3217 1.75634 358.441 64.7039
internal_count=100000 16822 83178 201 82781 6419 76362 10657 65705 5470 5460 1619 685 49 636 572 60235 3841 2115 84 556 59679 580 98 59099 23944 475 161 16621 2031
is_linear=0
shrinkage=0.03


Tree=152
num_leaves=31
num_cat=0
split_feature=1 13 41 341 22 103 76 435 19 334 127 29 437 437 437 435 33 366 439 372 395 134 167 127 13 435 29 437 1 365
split_gain=124.558 92.1987 101.963 72.971 73.6343 70.6692 68.3449 88.6404 72.8532 65.599 65.1598 75.5021 57.6407 89.5543 71.6044 93.1259 86.5967 62.854 57.0816 56.6122 54.6103 51.5581 63.3446 47.7946 46.0246 214.019 45.6408 46.1608 45.6101 41.8301
threshold=414.83500671386724 1.0000000180025095e-35 4.5000000000000009 4.5000000000000009 19.500000000000004 1.0000000180025095e-35 1.5000000000000002 4.5889205144054026 1.0000000180025095e-35 1.5000000000000002 1.5000000000000002 1.0000000180025095e-35 896.00000000000011 153.50000000000003 177.50000000000003 1.7872858143683581 22.500000000000004 886.50000000000011 18088.500000000004 2571.650024414063 -11.999999999999998 1.0000000180025095e-35 2.5000000000000004 2.5000000000000004 1.5000000000000002 0.2447644059709837 39.500000000000007 55.500000000000007 737.48001098632824 59.058349609375007
decision_type=2 2 8 8 2 10 8 2 2 8 10 10 2 2 2 2 8 8 2 2 8 8 2 8 2 2 8 2 2 10
left_child=1 5 26 4 19 10 7 8 9 12 29 -12 13 -2 -15 16 -16 28 -11 20 -4 22 24 -10 25 -22 27 -3 -17 -1
right_child=6 2 3 -5 -6 -7 -8 -9 23 18 11 -13 -14 14 15 17 -18 -19 -20 -21 21 -23 -24 -25 -26 -27 -28 -29 -30 -31
leaf_value=0.0093773209467279788 0.039721205286385321 -0.010851434379543385 0.35286426342174909 -0.052802390568192414 -0.062363945567068493 0.25186411639542883 -0.013742596311686455 0.0017664600309909 -0.0088960471626929084 0.099967566124183185 -0.037581174853624777 0.16065905839577377 0.040003884588126135 0.30683562673635228 0.11124556850751238 0.028762569895504134 0.35385366510658478 0.31257284891239118 0.0046728093112700835 0.11821263666624231 0.80847547062630343 -0.0046732278066171267 0.16202455076584393 0.37523719697299035 0.0087570305245672185 0.049254974030166175 -0.021531118630376021 0.020932953719164711 0.12566418104496688 0.042421385842331058
leaf_weight=270.76796825462952 15.10732478648424 47.952979244757444 0.38783445209264755 27.646992165595293 18.915279020555317 1.1452482435852278 32.611967566423118 54.428265057038516 20.376769991125915 7.1600333005189887 2.4972368497401458 5.6212662537582219 25.008782331831753 1.9416767554357672 2.7424412220716503 9.6669936385005766 2.5603645220398903 1.0400653146207322 26.952754865400493 3.4724947605282059 0.35748570831492443 1276.336552198045 2.7188946343958369 0.29574366752058168 75.874016357352957 5.1219315561465919 31.184097554069012 288.73938397504389 7.9806033028289667 39.509071860462427
leaf_count=13562 452 1222 5 340 125 13 479 2042 1444 72 40 76 573 36 17 284 42 17 284 30 22 65791 25 21 5000 277 747 5725 64 1173
internal_value=0.00398397 0.00178946 -0.000875965 -0.00454375 -0.00357916 0.0166264 0.0261351 0.0335553 0.0478743 0.0584571 0.0157803 0.0996807 0.0759052 0.0977828 0.131608 0.117426 0.228385 0.0859401 0.0246745 -0.00276412 -0.00307283 -0.00317431 0.0195814 -0.00340059 0.0148209 0.0987877 0.0131902 0.0164061 0.0725835 0.013585
internal_weight=2306.12 2098.25 1778.71 1410.83 1383.18 319.541 207.874 175.262 120.834 100.161 318.396 8.1185 66.0483 41.0395 25.9321 23.9905 5.30281 18.6877 34.1128 1364.27 1360.8 1360.41 84.0723 20.6725 81.3534 5.47942 367.876 336.692 17.6476 310.277
internal_count=100000 94173 79309 71615 71275 14864 5827 5348 3306 1841 14851 116 1485 912 460 424 59 365 356 71150 71120 71115 5324 1465 5299 299 7694 6947 348 14735
is_linear=0
shrinkage=0.03


Tree=153
num_leaves=31
num_cat=0
split_feature=1 13 0 438 341 333 9 373 40 438 27 393 5 167 372 11 438 11 28 439 6 5 438 9 4 409 438 29 260 0
split_gain=113.936 85.5264 84.8715 99.754 80.7664 78.6828 83.4877 76.0122 73.3249 71.8418 69.8239 64.1429 54.917 52.2356 53.5461 126.121 81.5568 101.906 49.4852 47.2426 51.7105 46.3053 44.2837 45.4701 58.8636 43.7499 43.037 48.4914 41.3567 55.3767
threshold=414.83500671386724 1.0000000180025095e-35 8975125.0000000019 2474.5000000000005 4.5000000000000009 1.0000000180025095e-35 124.00000000000001 29.552900314331058 22.500000000000004 667.50000000000011 1.5000000000000002 295687.00000000006 145.00000000000003 2.5000000000000004 473.44999694824224 5.5000000000000009 9069.0000000000018 2.5000000000000004 1.5000000000000002 18088.500000000004 2.5000000000000004 186.50000000000003 1083.5000000000002 328.50000000000006 174.50000000000003 13.500000000000002 43593.000000000007 9.5000000000000018 30.602700233459476 9561322.5000000019
decision_type=2 2 2 2 8 10 10 2 8 2 2 8 8 2 2 8 2 10 2 2 2 8 2 8 8 8 2 10 10 2
left_child=1 5 -2 9 8 -1 -7 18 10 -4 11 21 -10 14 25 16 -16 -18 22 20 -5 28 -8 24 -24 -14 -17 -28 29 -3
right_child=2 4 3 19 -6 6 7 -9 12 -11 -12 -13 13 -15 15 26 17 -19 -20 -21 -22 -23 23 -25 -26 -27 27 -29 -30 -31
leaf_value=0.010046568561121785 0.010462339118754408 0.016716510947978751 0.046201463446534849 -0.02243733721869233 -0.051636255402279514 -0.0066878291574598691 0.17781090512842032 0.22056528466514261 0.049551278319766613 0.16659103706246137 -0.014083095310971414 0.00222689960403963 -0.029636423271098784 0.080836278732505984 -0.032627136514706029 -0.011541464466187925 0.37949652424460067 0.11092980455897623 0.0044541436546003269 0.016452619896234293 0.11375693189490978 -0.037352740171570573 0.2294012180881651 -0.010918328926487909 0.059949570528059902 -0.003995739791881627 -0.031870051024461235 0.3582820499256017 0.0766522089916611 0.058092481004304718
leaf_weight=279.65689486637712 134.9519366081804 100.84695419832133 8.189842604100706 3.3264347170479569 27.747740051243454 14.18645615596324 4.2338413596153357 3.1715478263795367 17.516762281302363 9.7984038111753744 74.771594532765448 126.51563380006701 62.872450274880975 6.514892663806676 1.921694552758711 20.862429432105277 1.8187907831743357 4.2261622622609138 8.3054377874359471 45.514528162777424 10.210297613404691 8.5935865957289916 2.5005990313366011 4.5459656501188883 7.0373404189012954 1262.8765073439572 0.53609555959701427 0.61631901143118739 18.239842149429023 40.926563704852015
leaf_count=14112 3713 2026 253 129 364 219 57 39 363 186 1381 2996 1144 127 57 421 37 37 178 1306 240 140 47 72 140 69067 13 30 321 785
internal_value=0.00384306 0.0017281 0.0248044 0.0499276 -0.000854699 0.0159127 0.0532129 0.081734 -4.93556e-05 0.111779 0.011812 0.0183727 -0.00322921 -0.0039079 -0.00431514 0.0353311 0.137615 0.191736 0.0651954 0.0310864 0.0802894 0.0304879 0.092736 0.0671612 0.104375 -0.00521173 -0.00168306 0.176786 0.0341313 0.0286607
internal_weight=2313.03 2101.04 211.991 77.0395 1777.4 323.638 43.9812 29.7947 1749.66 17.9882 369.894 295.123 1379.76 1362.25 1355.73 29.9815 7.96665 6.04495 26.6232 59.0513 13.5367 168.607 18.3177 14.0839 9.53794 1325.75 22.0148 1.15241 160.013 141.774
internal_count=100000 94173 5827 2114 79309 14864 752 533 78945 439 7649 6268 71296 70933 70806 595 131 74 494 1675 369 3272 316 259 187 70211 464 43 3132 2811
is_linear=0
shrinkage=0.03


Tree=154
num_leaves=31
num_cat=0
split_feature=1 13 347 40 0 438 3 3 372 11 27 393 134 148 179 127 103 433 434 51 11 95 365 365 146 437 405 76 437 394
split_gain=105.325 79.6357 79.0587 78.3952 66.7483 110.631 76.6535 78.4698 56.8645 100.878 54.48 58.933 52.1268 71.746 70.1893 47.7442 50.2732 50.1496 45.5969 43.6144 48.3198 39.8084 38.6572 41.5889 39.6201 38.3214 38.1704 37.0031 35.8164 48.7353
threshold=335.16549682617193 1.0000000180025095e-35 3.5000000000000004 22.500000000000004 8975125.0000000019 2474.5000000000005 1940.5000000000002 13504.000000000002 473.44999694824224 14.500000000000002 1.5000000000000002 295687.00000000006 1.0000000180025095e-35 6.5000000000000009 341.22500610351568 1.5000000000000002 1.0000000180025095e-35 4.5000000000000009 0.63806574805065674 1.0000000180025095e-35 2.5000000000000004 1.5000000000000002 203.50000000000003 494.92500305175787 1.0000000180025095e-35 55.500000000000007 -269.99999999999994 1.5000000000000002 4512.0000000000009 1.0000000180025095e-35
decision_type=2 2 2 8 2 2 2 2 2 8 2 8 8 2 2 10 10 2 2 2 8 8 10 10 8 2 10 8 2 10
left_child=1 15 3 10 22 6 -6 -8 12 19 11 25 13 -5 -15 16 -1 -17 -9 20 -10 -13 -2 -24 -25 -3 -14 -7 -27 -30
right_child=4 2 -4 8 5 27 7 18 9 -11 -12 21 26 14 -16 17 -18 -19 -20 -21 -22 -23 23 24 -26 28 -28 -29 29 -31
leaf_value=0.012344876209713702 0.0010449701108901971 -0.0070205450768792482 -0.028219265488390689 0.0063005811175133059 0.44667343839225404 0.034771699528569795 0.018851671429903575 0.2333493242272115 0.2618719574536516 -0.011475844857494453 -0.010926752266453154 -0.0025717634827590492 -0.0060383969010938164 0.32245328197622974 0.062797023176648953 0.12520761442168282 0.18969780415621057 -0.031820374170096859 0.1047660550847281 0.0058255189394554666 0.098738379572980664 0.057807857746111718 0.059759426350475819 -0.021801596814495682 0.099631068763816777 0.042039987669237541 0.044247659733447006 -0.018821322881710817 -0.0090673129318237598 0.24812834396029726
leaf_weight=313.17991571966559 115.78796024108306 21.522031173110008 91.451841386966407 61.680834419792518 0.56455696420744317 59.870847540907562 8.0328999683260935 3.3601308879442504 2.1255406481213877 15.44848745735362 69.540952880401164 110.59036925202236 1177.3123614522628 1.0097622103057791 12.993326851166783 6.7124228570610267 1.4451124956831325 2.5167431784793735 9.4978535608388466 3.0679657228756687 7.0678375721909115 10.785811350680886 24.55937744025141 14.215026170946659 2.9138580234721294 123.20282837073319 13.744040388613938 14.379620464053003 20.061620902270082 0.6857333779335012
leaf_count=14565 4029 545 961 4833 19 1870 281 46 32 321 1311 2828 63996 32 249 86 12 31 189 76 83 119 258 230 18 1958 125 205 681 11
internal_value=0.00370929 0.00147139 -0.00106789 0.000436223 0.0219722 0.0417311 0.101734 0.0924121 -0.00299409 0.0395193 0.0128955 0.0186708 -0.00392406 0.0202179 0.0815208 0.0151323 0.0131595 0.0823869 0.138368 0.10377 0.136455 0.00279373 0.00996373 0.0347353 -0.00114424 0.0303168 -0.00545813 0.0243927 0.0358992 -0.000566583
internal_weight=2319.33 2066.15 1742.29 1650.84 253.182 95.7059 21.4554 20.8909 1294.45 27.7098 356.389 286.848 1266.74 75.6839 14.0031 323.854 314.625 9.22917 12.858 12.2613 9.19338 121.376 157.476 41.6883 17.1289 165.472 1191.06 74.2505 143.95 20.7474
internal_count=100000 92855 78161 77200 7145 2610 535 516 69747 512 7453 6142 69235 5114 281 14694 14577 117 235 191 115 2947 4535 506 248 3195 64121 2075 2650 692
is_linear=0
shrinkage=0.03


Tree=155
num_leaves=31
num_cat=0
split_feature=1 13 41 341 18 366 333 9 439 365 437 182 372 11 167 437 5 40 15 438 11 408 0 47 33 396 322 438 9 358
split_gain=97.0882 74.032 88.3496 65.0386 64.2337 61.8689 56.0736 64.0739 55.3418 66.442 56.8839 52.1207 45.3752 90.5687 44.9205 49.2303 43.4929 44.0524 43.2811 41.2804 43.5605 39.1561 39.156 40.5712 47.74 38.3806 50.1011 38.0428 37.2652 136.246
threshold=335.16549682617193 1.0000000180025095e-35 4.5000000000000009 4.5000000000000009 14.500000000000002 425.72500610351568 1.0000000180025095e-35 442.50000000000006 18088.500000000004 494.92500305175787 230.50000000000003 241.83500671386722 473.44999694824224 14.500000000000002 2.5000000000000004 984.50000000000011 186.50000000000003 272.50000000000006 1.5000000000000002 9069.0000000000018 2.5000000000000004 113.50000000000001 9033275.0000000019 -1.0000000180025095e-35 40.500000000000007 1.0000000180025095e-35 41.250949859619148 2474.5000000000005 500.00000000000006 151.08574676513675
decision_type=2 2 8 8 2 10 10 8 2 8 2 2 2 8 2 2 8 8 2 2 8 8 2 2 8 10 10 2 10 2
left_child=1 6 16 4 12 22 28 11 10 18 -7 -8 14 19 21 -16 17 25 -10 -14 -21 -4 -2 -24 -25 -3 -27 -26 -1 -30
right_child=5 2 3 -5 -6 8 7 -9 9 -11 -12 -13 13 -15 15 -17 -18 -19 -20 20 -22 -23 23 24 27 26 -28 -29 29 -31
leaf_value=0.0082427825793829224 0.0020353088046328816 0.011601778057392093 0.057574644836214356 -0.050993985200431247 -0.052436624869536659 0.17446488526518955 0.082968352842011026 -0.013918604470499349 0.088035418526466097 -0.0064829377616459367 0.052395598087120625 -0.018094912327790438 0.018331227205781921 -0.012402641171181863 -0.048449962040775119 0.13550565452312907 -0.038370167948549853 -0.02434722870236225 0.0087686237032514446 0.22595029202696312 0.083515179905089776 -0.0044566987109913954 -0.0022542111103549855 0.015418496174667007 0.13842568457052062 0.026233507337449613 0.098702074191199446 0.052987170890540426 0.039025493653268635 0.61421770468965864
leaf_weight=278.04939301870763 121.40111690806225 263.09817348560318 9.2249174742028099 26.63739849650301 23.859056888148189 5.4201699090190223 28.240514626726508 12.108408609405158 18.98411029716954 23.095055777579546 9.3841105727478844 5.4846315449103704 4.5000237354543087 16.951885246671736 1.9087012973614026 4.1695599816739559 14.877590362913905 25.103485488332808 9.2057936131022853 2.8708003582432839 5.9118778128176936 1270.1039420866873 23.049171462189406 22.753486728295684 6.4494246365502503 60.272119247354567 10.012276736088095 17.196988930925727 3.2677629082463677 0.41804456058889616
leaf_count=13761 4157 5452 87 335 149 64 452 206 160 319 118 80 85 371 64 53 271 649 119 37 72 69219 1219 429 133 1212 105 427 182 13
internal_value=0.00358394 0.00142211 -0.00104162 -0.00457613 -0.00365306 0.0209759 0.0145053 0.0452789 0.0459922 0.0312425 0.0970878 0.0665327 -0.00276838 0.0335587 -0.00362284 0.0777397 0.0118912 0.0139771 0.0621498 0.0922162 0.130073 -0.00400941 0.012313 0.0302791 0.04644 0.0168629 0.0365569 0.07629 0.00949898 0.104264
internal_weight=2324.01 2067.07 1739.5 1366.14 1339.5 256.939 327.569 45.8336 66.0892 51.285 14.8043 33.7251 1315.64 30.2346 1285.41 6.07826 373.364 358.486 28.1899 13.2827 8.78268 1279.33 190.85 69.4491 46.3999 333.383 70.2844 23.6464 281.735 3.68581
internal_count=100000 92855 78161 70472 70137 7145 14694 738 780 598 182 532 69988 565 69423 117 7689 7418 279 194 109 69306 6365 2208 989 6769 1317 560 13956 195
is_linear=0
shrinkage=0.03


Tree=156
num_leaves=31
num_cat=0
split_feature=1 13 41 341 22 19 76 0 438 333 69 134 372 438 346 5 29 5 319 319 319 438 167 333 364 15 13 1 13 188
split_gain=89.6922 68.7494 83.0043 62.3699 60.7268 57.068 68.5748 76.0727 75.8276 50.1246 49.1181 41.4819 50.466 77.4642 46.5275 41.3783 43.1955 40.7946 43.8703 52.2211 51.6291 40.5161 39.9716 38.2985 37.7756 39.3835 36.6656 80.3242 37.8449 69.3171
threshold=335.16549682617193 1.0000000180025095e-35 4.5000000000000009 4.5000000000000009 19.500000000000004 1.0000000180025095e-35 1.5000000000000002 8975125.0000000019 2474.5000000000005 1.0000000180025095e-35 1.0000000180025095e-35 1.0000000180025095e-35 601.25000000000011 29974.000000000004 2.5000000000000004 186.50000000000003 39.500000000000007 181.50000000000003 31.479100227355961 30.512100219726566 88.454902648925795 498.00000000000006 2.5000000000000004 4.5000000000000009 1784.9749755859377 5.5000000000000009 1.5000000000000002 29.520000457763675 52.500000000000007 362.17001342773443
decision_type=2 2 8 8 2 2 8 2 2 10 10 8 2 2 2 8 8 10 10 10 10 2 2 8 2 2 2 2 2 2
left_child=1 9 15 4 11 6 7 -2 21 -1 -11 22 14 -14 23 16 17 -3 19 -19 -20 -9 26 -13 25 -10 27 -4 -28 -30
right_child=5 2 3 -5 -6 -7 -8 8 24 10 -12 12 13 -15 -16 -17 -18 18 20 -21 -22 -23 -24 -25 -26 -27 28 -29 29 -31
leaf_value=0.0091337550061145901 0.018952275308316689 -0.012343384838684105 0.3791722047503388 -0.050286044701228862 -0.057962950658123541 -0.0095742137748059414 -0.007921159573533329 0.041801972971175397 0.029973581552324352 0.060572260840635106 -0.0091307849174286394 -0.0031926740131613769 -0.0063739412611982802 0.11307271852353142 -0.0217651973542091 -0.038190145266284434 -0.020773073390616445 0.017364901168595938 0.062545055229985824 -0.10657482025423977 -0.040685077938419321 0.14104272747515131 0.11769019831874636 0.12044522670748428 0.17364285276318142 0.17028640507030257 -0.0050456342638000159 0.04391585053808976 0.033025483047149203 0.35646447965232769
leaf_weight=283.90699801128358 103.67256635706872 38.594475316349417 0.72885148599743743 26.208540856139734 18.211156154982746 47.76994567271322 41.428676530718803 5.1988074947148588 45.752792972140014 35.050592521671206 12.288738247938452 1076.6064714374952 11.856679245363923 8.3121371739543957 132.59435303462669 14.504922662395982 30.327657087706029 248.24369492265396 34.980016428977251 3.0978033719584337 4.9813185902312389 12.863486736081539 3.4285898851230732 2.2595976777374736 1.8506318330764759 1.8741168286651362 56.619334256043658 5.4721341417171061 19.344042368000377 0.61531484313309093
leaf_count=13956 2080 1247 15 335 121 3443 512 116 821 529 209 62593 207 91 1838 271 738 4912 395 35 91 136 25 21 16 21 3640 279 1299 8
internal_value=0.00346325 0.00137407 -0.00101448 -0.00445404 -0.00355497 0.020056 0.0267124 0.0350927 0.0598681 0.0138991 0.0424782 -0.00280311 -0.00421128 0.0428534 -0.00499483 0.0114894 0.0134898 0.0166396 0.0204795 0.0158373 0.0496771 0.112479 0.0173149 -0.00293372 0.0406621 0.0354949 0.0131575 0.0833212 0.00747602 0.0429966
internal_weight=2328.64 2068.23 1736.99 1362.26 1336.05 260.411 212.641 171.212 67.5398 331.246 47.3393 1317.84 1231.63 20.1688 1211.46 374.73 360.225 329.897 291.303 251.341 39.9613 18.0623 86.2083 1078.87 49.4775 47.6269 82.7797 6.20099 76.5787 19.9594
internal_count=100000 92855 78161 70472 70137 7145 3702 3190 1110 14694 738 70016 64750 298 64452 7689 7418 6680 5433 4947 486 252 5266 62614 858 842 5241 294 4947 1307
is_linear=0
shrinkage=0.03


Tree=157
num_leaves=31
num_cat=0
split_feature=1 13 41 341 18 19 76 0 437 43 48 333 9 437 5 40 435 50 372 11 134 20 19 438 346 1 4 434 30 148
split_gain=82.9071 63.9899 78.0149 59.8313 57.2716 52.2771 62.2385 66.3661 64.0934 48.5289 51.1101 44.962 50.919 42.1927 39.3944 40.6128 39.1386 38.6311 38.5121 72.1731 41.4121 70.7194 97.5217 94.6637 44.3108 41.7545 71.1062 62.9241 56.8847 38.677
threshold=335.16549682617193 1.0000000180025095e-35 4.5000000000000009 4.5000000000000009 14.500000000000002 1.0000000180025095e-35 1.5000000000000002 8975125.0000000019 873.00000000000011 197.50000000000003 1.0000000180025095e-35 1.0000000180025095e-35 442.50000000000006 62.500000000000007 186.50000000000003 272.50000000000006 1.5802835581702139 1.0000000180025095e-35 473.44999694824224 14.500000000000002 1.0000000180025095e-35 3.5000000000000004 1.0000000180025095e-35 47063.000000000007 2.5000000000000004 29.001000404357914 225.50000000000003 -0.52504553703403867 66.500000000000014 10.500000000000002
decision_type=2 2 8 8 2 2 8 2 2 10 2 10 8 2 8 8 2 2 2 8 8 2 2 2 2 2 8 2 10 2
left_child=1 11 14 4 18 6 7 -2 13 -10 -11 -1 -13 17 15 -3 -15 -9 20 -20 21 25 23 -23 -22 26 27 -4 -29 -24
right_child=5 2 3 -5 -6 -7 -8 8 9 10 -12 12 -14 16 -16 -17 -18 -19 19 -21 24 22 29 -25 -26 -27 -28 28 -30 -31
leaf_value=0.008796440432797769 0.018142408759787718 0.015752347016727467 -0.030722326079938037 -0.049602786786335666 -0.049491302538231752 -0.0093725245966081935 -0.0077126092631741782 -0.010486538760117773 0.0033752399218162261 -0.020669745665505036 0.17669154562231965 0.057476218237842713 -0.013671962454359818 0.18982198952972257 -0.038013649768324061 -0.024076489928921641 0.084492927185903496 0.12873644534545461 0.078780483528963552 -0.012211632355565393 -0.0028341314827277251 0.09350100998763311 -0.021985482722444886 0.35380325806200869 -0.021457207348223869 -0.0086902168092531581 -0.0092318408250669833 0.56853102499011088 0.1773492639158098 0.090072883458768765
leaf_weight=285.91878560325131 105.03019842039794 336.96332107367925 0.62820359063334796 25.778981604846194 23.889541110955179 47.340567537117749 41.274818800389767 7.1534611573442799 23.696661579422656 1.8505837228149165 3.2635110029950738 36.769581500906497 12.010046204552053 3.5769365075975683 14.14060678752139 24.732666596304625 28.259672325104475 2.3940421808511019 14.674284270033242 16.85824366658926 1067.0178711230401 8.6402349784038961 10.057190028252078 1.4715403281152255 128.87534359563142 52.770080515882 3.115950035629794 0.5497976392507542 0.85462517850100994 3.8269108752720049
leaf_count=13956 2080 6769 52 335 149 3443 512 160 338 68 61 532 206 32 271 649 409 42 194 371 62462 151 1029 29 1813 3579 228 27 29 24
internal_value=0.0033472 0.0013281 -0.000988956 -0.00433451 -0.00345921 0.0191848 0.0254293 0.033236 0.05582 0.021463 0.105274 0.0133381 0.0399588 0.0797385 0.0111084 0.0130289 0.096327 0.0244237 -0.00261934 0.0301333 -0.00342758 0.0172081 0.0605144 0.131382 -0.00484105 -0.000733876 0.0808142 0.218852 0.330487 0.00890146
internal_weight=2333.38 2069.54 1734.85 1359.01 1333.23 263.84 216.5 175.225 70.1949 28.8108 5.11409 334.698 48.7796 41.3841 375.837 361.696 31.8366 9.5475 1309.34 31.5325 1277.81 81.9145 23.9959 10.1118 1195.89 57.9187 5.14858 2.03263 1.40442 13.8841
internal_count=100000 92855 78161 70472 70137 7145 3702 3190 1110 467 129 14694 738 643 7689 7418 441 202 69988 565 69423 5148 1233 180 64275 3915 336 108 56 1053
is_linear=0
shrinkage=0.03


Tree=158
num_leaves=31
num_cat=0
split_feature=439 347 4 88 365 5 364 320 353 392 106 318 34 434 29 435 189 433 26 30 439 9 432 3 20 27 437 7 319 15
split_gain=65.1136 69.7861 57.5253 61.0511 53.8425 52.9401 52.5607 70.4837 55.4585 50.8934 49.4943 48.4597 46.4417 45.9624 43.7674 42.8095 102.025 46 44.0162 42.7507 49.4432 107.527 46.7301 44.7859 66.3068 126.551 57.7263 42.2925 38.8552 37.3842
threshold=611.50000000000011 3.5000000000000004 554.50000000000011 1.5000000000000002 320.94999694824224 145.00000000000003 61.970001220703132 31.116300582885746 2.5000000000000004 -14.499999999999998 2.5000000000000004 30.451649665832523 35.500000000000007 -0.27518639808775913 295.50000000000006 0.63444890005682475 108.25000000000001 1.5000000000000002 1.0000000180025095e-35 83.500000000000014 2550.5000000000005 270.50000000000006 10.500000000000002 10057.500000000002 2.5000000000000004 27.500000000000004 547.00000000000011 100.50000000000001 88.454902648925795 1.5000000000000002
decision_type=2 2 8 8 10 10 2 10 10 8 10 10 10 2 8 2 2 2 2 10 2 8 2 2 2 2 2 8 10 2
left_child=4 2 3 6 14 -5 7 9 13 -2 -4 12 -11 -8 -1 16 17 18 -15 -17 21 -21 23 24 -22 26 -26 -7 -9 -6
right_child=1 -3 10 5 29 27 8 28 -10 11 -12 -13 -14 15 -16 19 -18 -19 -20 20 22 -23 -24 -25 25 -27 -28 -29 -30 -31
leaf_value=0.01531341914763264 0.019159458437045956 -0.023751900217654307 -0.010832186880901899 0.084772648231237757 0.10241691256895383 0.16961416707532234 -0.0015359868494019254 0.054766326153234214 0.12826891252587491 0.0017731750471248675 0.2271649929580089 -0.12403546105330945 -0.027191312195393218 0.23219970938083512 -0.019178898265827454 0.015460435367883734 0.46754077354375034 0.0082015549933799527 -0.031811692123036348 0.78686496635300263 0.057637854057140642 -0.030577601559494579 0.028788246733520401 0.039227484510588002 0.32039503596253804 0.068205144489727906 0.80327867095828631 -0.012647764003751167 -0.04168097846004272 0.0030759713869273919
leaf_weight=349.15955122513697 138.38322634249926 97.699054890777916 282.39840931026265 5.2327824225649229 10.23830929212272 1.1515997671522189 87.458624191116542 33.642218184657395 4.0624194499105206 794.477089518914 0.78861511871218581 2.8463590787723652 53.155136537272483 2.0441957945004092 36.577703892719001 163.90990289580077 0.59943614900112141 5.1381684667430818 0.78720760717988003 0.25692598847672599 1.666955152992162 0.33192820148542523 23.806670588441193 3.3047379748895764 0.42557750921696402 0.89321120595559478 0.4676366550847888 228.06761602242477 4.2322683297097674 5.1115088453516355
leaf_count=13804 2427 1032 12127 51 114 16 3145 382 31 51990 11 22 1479 66 2809 3146 18 203 24 20 99 26 1271 211 10 60 32 5210 69 95
internal_value=0.0032332 0.000955296 0.00226752 0.0045305 0.0142353 -0.00957817 0.00703283 0.00382546 0.0181902 0.00228716 -0.0101694 -0.000458166 -4.3192e-05 0.0166539 0.0120427 0.0244663 0.0900946 0.0617047 0.158797 0.0215833 0.053798 0.326085 0.0485521 0.118174 0.193722 0.320706 0.573206 -0.0117321 0.0439889 0.0693363
internal_weight=2338.32 1937.23 1839.53 1556.34 401.087 234.452 1321.89 1026.74 295.154 988.862 283.187 850.479 847.632 291.091 385.737 203.633 8.56901 7.96957 2.8314 195.064 31.1536 0.588854 30.5648 6.75812 3.45338 1.78643 0.893214 229.219 37.8745 15.3498
internal_count=100000 83178 82146 70008 16822 5277 64731 56369 8362 55918 12138 53491 53469 8331 16613 5186 311 293 90 4875 1729 46 1683 412 201 102 42 5226 451 209
is_linear=0
shrinkage=0.03


Tree=159
num_leaves=31
num_cat=0
split_feature=1 369 348 11 320 262 360 110 43 366 13 361 364 318 40 43 27 296 431 139 38 30 30 1 134 148 72 128 30 335
split_gain=75.5507 64.3644 55.5207 59.9108 53.818 52.5855 51.2256 48.8904 52.4847 48.3033 41.1774 49.6895 59.7367 43.9293 45.5558 43.2222 50.439 47.9669 49.2322 41.0334 40.9968 44.2125 65.4136 36.7337 36.0187 57.4957 40.1016 82.6076 66.7423 37.9683
threshold=335.16549682617193 638.47500610351574 3.5000000000000004 17.500000000000004 31.116300582885746 73.470699310302749 88.321601867675795 1.0000000180025095e-35 599.50000000000011 425.72500610351568 1.0000000180025095e-35 28.48499965667725 41.04280090332032 30.451649665832523 79.500000000000014 148.50000000000003 1.5000000000000002 1.5000000000000002 375.50000000000006 1.5000000000000002 29.500000000000004 27.500000000000004 48.500000000000007 994.47500610351574 1.0000000180025095e-35 6.5000000000000009 1.5000000000000002 1.0000000180025095e-35 51.500000000000007 1.0000000180025095e-35
decision_type=2 2 10 10 10 10 2 8 8 10 2 2 2 10 8 8 2 8 2 10 10 8 8 2 8 2 10 10 8 8
left_child=1 2 4 7 5 10 -6 8 -4 -2 11 -1 -13 14 15 -12 17 18 -17 23 21 -14 -23 -11 25 26 -16 28 -28 -27
right_child=9 -3 3 -5 6 -7 -8 -9 -10 19 13 12 20 -15 24 16 -18 -19 -20 -21 -22 22 -24 -25 -26 29 27 -29 -30 -31
leaf_value=0.00653952399408408 0.010507941180986651 -0.021758356821518547 0.077600952773504206 -0.035547050935623707 0.043112044761596413 -0.046422912525571292 -0.007028972856472979 -0.029723089289052432 0.3603356702951146 0.0569413927936014 0.0073157777912557309 0.15456731367230175 0.04039051000572761 -0.11548188705874667 -0.0013418676103081142 0.087809210229367093 0.0036121514131613863 0.045959108881991943 0.36327241999496129 -0.023524166618558138 -0.016457963343548088 0.51061625423007007 0.093026262866893916 -0.010167124501604003 -0.0046132769905314333 0.10160238219936743 0.50522217547842985 0.0093181377176689562 0.034961321528453694 -0.022783038089784127
leaf_weight=256.60403448017314 197.88718099240214 104.50827598385513 18.117812957381833 6.6848557721823445 52.887640483211726 21.036020936444402 28.070465264841914 3.9170129261910906 0.61082575609908119 53.695606015622616 337.88533849129453 3.8403354776091865 24.435897831805054 2.9948303671553722 58.136097295908257 1.0728653408586981 4.7706265011802316 2.3409548811614496 1.2813339186832307 8.2274260544218105 11.64538494683802 0.44209172623231885 1.4284564037807286 8.5034874277189356 1115.630917457398 10.104924083687362 0.67023729206994098 2.7282000966370106 0.45671041868627082 2.8264088528230795
leaf_count=12973 6365 1376 297 152 718 210 544 85 17 576 7296 100 311 27 4704 8 85 17 32 73 411 16 50 131 63051 190 16 63 38 68
internal_value=0.00312144 0.00118452 0.00240126 0.0433681 0.0017823 0.00074028 0.0257267 0.0666634 0.0868222 0.0181015 0.00127969 0.01148 0.0418148 -0.00069562 -0.000472092 0.00908704 0.0723132 0.142119 0.237737 0.0394383 0.0304054 0.051151 0.191721 0.0477667 -0.00326103 0.0168746 0.0048716 0.0985715 0.314643 0.0744154
internal_weight=2343.44 2075.13 1970.62 29.3305 1941.29 1860.33 80.9581 22.6457 18.7286 268.314 1839.3 298.396 41.7922 1540.9 1537.9 347.351 9.46578 4.69515 2.3542 70.4265 37.9518 26.3064 1.87055 62.1991 1190.55 74.9226 61.9912 3.85515 1.12695 12.9313
internal_count=100000 92855 91479 551 90928 89666 1262 399 314 7145 89456 13861 888 75595 75568 7438 142 57 40 780 788 377 66 707 68130 5079 4821 117 54 258
is_linear=0
shrinkage=0.03


Tree=160
num_leaves=31
num_cat=0
split_feature=27 19 346 362 320 352 319 0 424 261 437 38 4 362 32 437 7 11 434 365 11 11 82 20 5 14 14 409 405 393
split_gain=59.6952 110.157 58.4656 65.6039 56.8419 50.3306 45.2348 44.5301 44.5259 41.1262 39.4295 82.1911 57.4518 56.4024 53.3684 56.3306 50.9777 50.485 48.6089 48.441 44.0199 99.9493 39.8763 50.9644 39.1322 39.0499 88.5013 40.7716 44.3921 44.4023
threshold=124.50000000000001 25.500000000000004 4.5000000000000009 167.59999847412112 31.116300582885746 2.5000000000000004 88.454902648925795 8468025.5000000019 145.50000000000003 74.90000152587892 668.50000000000011 16.500000000000004 167.50000000000003 205.48500061035159 242.50000000000003 682.50000000000011 220.50000000000003 1356.5000000000002 0.11845795925665133 768.31500244140636 864.50000000000011 901.50000000000011 1.5000000000000002 11.500000000000002 184.00000000000003 38.500000000000007 37.500000000000007 13.500000000000002 -269.99999999999994 209751.50000000003
decision_type=2 2 2 2 10 10 10 2 2 10 2 8 10 2 10 2 8 10 2 8 10 8 8 2 10 2 2 10 8 8
left_child=1 2 3 4 9 10 24 -3 -4 25 11 12 13 -5 15 -12 -15 19 -14 -16 22 -22 23 -17 -6 26 27 28 -1 -30
right_child=-2 7 8 5 6 -7 -8 -9 -10 -11 14 -13 18 16 17 20 -18 -19 -20 -21 21 -23 -24 -25 -26 -27 -28 -29 29 -31
leaf_value=-0.014085057538239694 -0.025971850889352072 0.47503341856046927 -0.018166125291970928 0.31398386669512579 -0.011505864729767754 0.15262672074354769 -0.019737175563354692 0.13983240284933474 0.12321118084492627 -0.044197282225820228 0.21347758472621572 -0.015153949388015802 -0.011840229911208632 0.1859710766756566 0.043860996687796208 0.0051273718698537892 0.023967539064791515 0.29889226076144321 0.037284692363117766 0.34919305653701549 0.32503896901548779 0.036447660953371368 0.058125511196472732 0.2569896262583668 0.055037911185384786 -0.022405178934467362 0.25777553854323293 0.016842011017466758 0.016947140800305596 0.00042784361368560962
leaf_weight=161.54419580800459 62.237338564358652 0.41506532300263588 128.13409555656835 0.95453443331643839 9.8168356018140894 2.3962773438543072 13.240099283866583 2.5359556605108082 2.0367827583104363 17.815655425190926 1.2824972993694235 93.929997769184411 31.042563150171191 2.4586272211745355 48.396713679423556 155.82525463867933 6.0493018189445147 0.72564886836334963 43.575254555093125 0.47220145165920158 1.2849996923468978 6.772897315211595 14.606423437129704 0.72644516685977478 41.904305925127119 58.696584403980523 1.2214422672986973 156.80486230645329 168.66016831761226 1111.6464233510196
leaf_count=4140 4591 36 1645 39 220 27 274 69 16 214 32 5917 838 66 2303 5076 134 32 697 15 22 177 312 34 509 1337 16 3046 3097 65069
internal_value=0.00301693 0.00380652 0.00356965 0.00475068 0.00220741 0.0155393 0.0297416 0.186979 -0.015954 0.00114044 0.0147344 0.00413267 0.0256786 0.0953165 0.0229363 0.0153629 0.0707834 0.0504997 0.0168477 0.0468113 0.0139452 0.0824696 0.0107191 0.00629609 0.0424077 0.00162743 0.00250915 0.00231411 0.000734167 0.002604
internal_weight=2347.21 2284.97 2282.02 2151.85 1741.35 410.5 64.9612 2.95102 130.171 1676.39 408.103 178.01 84.0803 9.46246 230.093 180.499 8.50793 49.5946 74.6178 48.8689 179.216 8.0579 171.158 156.552 51.7211 1658.57 1599.88 1598.66 1441.85 1280.31
internal_count=100000 95409 95304 93643 77922 15721 1003 105 1661 76919 15694 7691 1774 239 8003 5653 200 2350 1535 2318 5621 199 5422 5110 729 76705 75368 75352 72306 68166
is_linear=0
shrinkage=0.03


Tree=161
num_leaves=31
num_cat=0
split_feature=341 3 437 3 4 24 320 3 366 128 320 437 7 350 185 34 11 38 38 3 108 134 20 337 437 23 78 78 335 34
split_gain=58.1379 56.8253 73.1246 69.7218 53.3882 48.8837 63.2517 55.6813 63.3047 62.7976 50.3563 51.3317 55.1595 53.8496 88.4535 43.952 43.0139 45.0215 42.541 42.5292 74.337 51.4256 57.3411 53.7622 69.9826 53.1117 51.3737 51.2434 52.2623 47.5095
threshold=4.5000000000000009 14649.500000000002 35.500000000000007 14626.500000000002 555.50000000000011 21.500000000000004 31.116300582885746 3771.5000000000005 1006.9750061035157 1.0000000180025095e-35 30.39124965667725 14547.000000000002 137.50000000000003 2.5000000000000004 524.97500610351574 388.50000000000006 1356.5000000000002 343.50000000000006 9.5000000000000018 12931.000000000002 5.5000000000000009 1.0000000180025095e-35 2.5000000000000004 3.5000000000000004 2783.0000000000005 6.5000000000000009 1.5000000000000002 1.5000000000000002 4.5000000000000009 21.500000000000004
decision_type=8 2 2 2 10 2 10 2 8 10 10 2 10 2 2 8 10 8 8 2 10 8 2 2 2 2 10 8 8 8
left_child=1 2 -1 4 5 6 7 8 -4 -10 11 12 -9 19 18 -13 -3 -18 -15 21 27 22 25 -24 -25 26 -14 28 -21 -23
right_child=-2 16 3 -5 -6 -7 -8 10 9 -11 -12 15 13 14 -16 -17 17 -19 -20 20 -22 29 23 24 -26 -27 -28 -29 -30 -31
leaf_value=-0.010142475402919522 -0.033971501307508555 -0.0063186026352552369 -0.0050166728941500541 0.093510986115555639 -0.011585020752389865 -0.028941397418015637 0.042957947277147766 -0.0019899971236011886 0.22582109285117571 -0.012478627938170495 -0.10804593048196193 0.20936755613016911 0.009643022061601848 0.0043261412795516608 -0.031947103081509588 -0.024921861558497009 0.058144341861751339 0.38307435111850308 0.10095600582725796 0.034950321397374542 0.40717412310993217 0.026836002064691816 0.030354420141146501 0.056313949406735224 0.1984937459229231 0.38061451511778638 0.1112901323993144 -0.020680476522053355 0.13019209515787161 0.0060716809359614961
leaf_weight=222.74723201664165 37.832668273011222 486.77634918456897 269.1032657448668 8.5765520457643998 118.9786925711669 29.469820995349437 50.835475105326623 174.38516265084036 2.1438222732394925 1.8576958822086451 3.1436154004186383 0.73375370725989342 64.21392642473802 5.1418138146400478 8.1999513236805779 40.310079116374254 3.2764408048242326 0.434697716962546 20.245255457237363 72.328471656423062 0.47855993360280891 120.70529291429557 14.562507361872123 7.6162980049848539 5.2726830360479653 0.36289012059569259 4.8102220534346989 13.936700196471064 5.585776978172361 555.89693819894455
leaf_count=9688 499 21929 11968 296 4147 329 654 6564 24 20 31 6 3875 95 207 2562 147 31 326 4323 12 2262 870 201 124 11 60 256 61 28422
internal_value=0.00291717 0.00352077 0.00596121 0.00820467 0.00774461 0.00930769 0.0100894 0.00888826 -0.0032554 0.115191 0.0118549 0.012193 0.0134516 0.0164458 0.053716 -0.0207334 -0.00554289 0.0962044 0.0813849 0.0149999 0.0342444 0.0127026 0.0331501 0.0698518 0.114478 0.0186298 0.0167267 0.0323014 0.0417783 0.00977602
internal_weight=2349.96 2312.13 1821.64 1598.9 1590.32 1471.34 1441.87 1391.03 273.105 4.00152 1117.93 1114.79 1073.74 899.357 33.587 41.0438 490.487 3.71114 25.3871 865.77 92.3295 773.441 96.8385 27.4515 12.889 69.387 69.0241 91.8509 77.9142 676.602
internal_count=100000 99501 77394 67706 67410 63263 62934 62280 12012 44 50268 50237 47669 41105 628 2568 22107 178 421 40477 4652 35825 5141 1195 325 3946 3935 4640 4384 30684
is_linear=0
shrinkage=0.03


Tree=162
num_leaves=31
num_cat=0
split_feature=1 369 3 437 3 372 38 49 20 1 41 4 19 15 47 438 0 32 16 381 310 185 395 439 437 20 3 11 25 134
split_gain=68.3313 57.927 48.9109 55.8141 61.5251 74.3775 63.4239 50.5175 55.561 88.7154 46.8138 48.5627 45.5873 50.2984 51.4031 51.0764 74.6466 47.4322 41.6815 40.9107 42.4033 37.5755 36.2001 35.007 40.9331 91.8848 34.5114 127.328 184.354 38.7689
threshold=335.16549682617193 638.47500610351574 14649.500000000002 35.500000000000007 8909.0000000000018 153.92500305175784 9.5000000000000018 1.0000000180025095e-35 1.5000000000000002 107.23500061035158 3.5000000000000004 103.50000000000001 1.0000000180025095e-35 1.5000000000000002 1.0000000180025095e-35 2474.5000000000005 8231887.5000000009 130.50000000000003 3.5000000000000004 2.5000000000000004 2.5000000000000004 78.704250335693374 -11.999999999999998 164644.50000000003 37.500000000000007 1.5000000000000002 14626.500000000002 5.5000000000000009 2.5000000000000004 1.0000000180025095e-35
decision_type=2 2 2 2 2 2 10 2 2 2 8 10 2 2 2 2 2 10 2 10 10 2 8 2 2 2 2 10 2 8
left_child=1 2 3 22 19 10 -7 8 9 -8 11 -6 13 14 15 16 -2 -16 -9 20 -5 -13 -1 24 25 -12 29 -28 -29 -26
right_child=12 -3 -4 4 5 6 7 18 -10 -11 23 21 -14 -15 17 -17 -18 -19 -20 -21 -22 -23 -24 -25 26 -27 27 28 -30 -31
leaf_value=0.15872661622849329 -0.011772232111837684 -0.020999475348562859 -0.0069518819423529101 -0.0013783479919248856 -0.019598692846354872 0.0033019596552945245 0.37416699287519062 -0.031405937263281482 0.086857137462525241 0.052915258695771218 -0.030491944158400366 0.035732345048562507 -0.009644020925148343 0.0026751577403939008 -0.025554078211403281 0.028807933768692316 0.095582370152879639 0.082561310629296933 0.25286473823847289 0.07194839329870549 0.033736157960960564 -0.045292605908773209 -0.011630168857513459 -0.0040002374707667956 0.031957095760533627 0.4098990577790575 0.03578393428417103 -0.030375065414024387 1.19856630665393 0.0045908290507003071
leaf_weight=1.1292982026934624 7.4723759908229104 102.69309276388958 421.82185652619228 703.70677857939154 18.522282800637186 12.348345446400343 1.6954985726624792 4.0672041052021077 13.272626539692281 1.422961159609258 0.99516007909551152 123.47215879196301 47.850557475350797 75.615766613744199 20.659572242759172 90.014905866235495 26.509040288627148 4.4363134605810037 0.52402801765128959 7.215742581523954 32.374516176059842 5.3754715025424948 189.91088174656034 177.65316461236216 60.926303437678143 0.74604876292869449 2.8779047867283221 0.21973219141364086 0.21970127196982503 198.00141287269071
leaf_count=8 153 1376 20301 34278 410 256 48 166 178 64 86 1961 3443 1325 374 1471 294 85 37 77 306 60 8923 10142 3061 37 117 24 21 10918
internal_value=0.00281895 0.000969151 0.00210942 0.00456482 0.00668947 0.0136485 0.0572466 0.0889936 0.11363 0.227579 0.0111814 0.0258226 0.0169436 0.0226053 0.0327133 0.0406381 0.0719755 -0.00644203 0.00103978 0.000862912 0.000166067 0.032352 -0.0106231 0.00629577 0.0132246 0.158201 0.012262 0.108411 0.584052 0.0110302
internal_weight=2353.75 2081.19 1978.5 1556.68 1365.64 622.34 33.3307 20.9823 16.3911 3.11846 589.009 147.37 272.559 224.708 149.092 123.996 33.9814 25.0959 4.59123 743.297 736.081 128.848 191.04 441.639 263.986 1.74121 262.245 3.31734 0.439433 258.928
internal_count=100000 92855 91479 71178 62247 27586 749 493 290 112 26837 2431 7145 3702 2377 1918 447 459 203 34661 34584 2021 8931 24406 14264 123 14141 162 45 13979
is_linear=0
shrinkage=0.03


Tree=163
num_leaves=31
num_cat=0
split_feature=1 341 409 396 439 333 41 0 439 118 130 0 48 392 129 353 56 365 365 1 364 29 361 362 4 347 4 438 146 76
split_gain=63.5693 52.2341 50.8886 55.2849 53.0656 44.1971 43.441 43.3134 41.4674 37.9298 36.298 36.0015 35.953 33.7285 40.1815 35.1409 33.6697 32.9 50.8184 32.8485 29.207 35.6646 44.2065 44.9162 36.9758 29.75 28.8827 28.6308 27.97 27.9315
threshold=414.83500671386724 4.5000000000000009 13.500000000000002 1.0000000180025095e-35 94.000000000000014 1.0000000180025095e-35 4.5000000000000009 8975125.0000000019 75.000000000000014 1.0000000180025095e-35 1.5000000000000002 8874241.0000000019 -1.0000000180025095e-35 -17.499999999999996 2.5000000000000004 3.5000000000000004 1.5000000000000002 331.00500488281256 494.92500305175787 489.97500610351568 98.121448516845717 353.50000000000006 255.50000000000003 836.50000000000011 inf 4.5000000000000009 593.50000000000011 279.50000000000006 1.0000000180025095e-35 1.5000000000000002
decision_type=2 8 8 10 2 10 10 2 2 8 10 2 2 8 8 8 10 10 10 2 2 10 2 2 8 2 10 2 8 10
left_child=1 2 -1 4 5 8 11 10 26 -7 17 -5 -9 27 15 20 29 19 -19 -2 25 -22 24 -24 -23 -15 -4 -6 -20 -14
right_child=7 -3 3 6 13 9 -8 12 -10 -11 -12 -13 16 14 -16 -17 -18 18 28 -21 21 22 23 -25 -26 -27 -28 -29 -30 -31
leaf_value=-0.020598640320496343 0.032271237298683066 -0.036426672079581841 0.0067840091346759966 0.0082008112189621458 -0.031902456253032965 -0.014618205784993236 -0.028406418470610557 -0.0029008373836209625 0.24954233741448126 0.053761702568977651 -0.032050185420217633 0.037001188614022212 0.05346251467601975 -0.0028550537814912165 -0.01639677200765011 0.083183432339805657 -0.039954725073835344 0.074465162457397219 -0.021955967740965161 -0.0074814768646483693 0.0047041197622246502 0.024296192554231062 0.32203380119406699 0.044675568904648168 0.35569171754866863 -0.042035406398081877 0.25615952759329702 0.016569684788754344 0.08018422744160203 -0.01877799419458066
leaf_weight=88.416236554272473 26.166810216382146 32.89459594967775 251.39181735320017 72.821326806675643 11.946639219298957 9.1443859916180372 15.886668377090244 19.355849740561098 0.63706461060792108 36.210916612297297 18.514604877214879 84.264881663490087 64.070390230044723 903.73640934191644 166.61239571403712 4.4795103063806883 4.1487089106813064 17.104488907847553 11.913090137299147 65.629657849669456 273.52804830973037 14.277110159629956 1.0147670092992478 1.0898695373907683 0.30958720063790757 17.785082588903606 0.41869334643706579 133.75475413165987 3.0257582664489755 5.2085803737863889
leaf_count=1735 765 455 13197 1480 225 149 286 1064 16 492 261 1422 936 60224 3969 40 38 121 191 2358 7133 944 34 19 8 164 37 2144 17 76
internal_value=0.00272385 0.00108284 0.00167385 0.00265882 0.00112355 0.0127089 0.0188689 0.0175234 0.00781022 0.0399752 0.00712851 0.02365 0.033472 -0.00113362 -0.00258015 -0.000687386 0.04306 0.0129859 0.0391577 0.00385013 -0.000997436 0.00730201 0.0498748 0.178406 0.0313297 -0.00361122 0.00719865 0.0125953 -0.00126819 0.0480313
internal_weight=2355.76 2120.62 2087.73 1999.31 1826.34 297.803 172.973 235.138 252.448 45.3553 142.354 157.086 92.7835 1528.53 1382.83 1216.22 73.4277 123.84 32.0433 91.7965 1211.74 290.219 16.6913 2.10464 14.5867 921.521 251.811 145.701 14.9388 69.279
internal_count=100000 94173 93718 91983 88795 13891 3188 5827 13250 641 3713 2902 2114 74904 72535 68566 1050 3452 329 3123 68526 8138 1005 53 952 60388 13234 2369 208 1012
is_linear=0
shrinkage=0.03


Tree=164
num_leaves=31
num_cat=0
split_feature=27 19 346 362 27 320 9 438 48 33 437 437 112 437 43 181 437 350 4 437 367 41 13 320 118 7 3 16 20 135
split_gain=55.1624 76.842 52.2256 53.5623 52.3969 61.7192 61.5385 140.843 56.1148 43.6167 41.6639 46.663 40.2331 39.7792 62.3679 52.7375 45.7746 50.5872 41.5873 39.6502 38.4219 67.6983 53.8515 40.007 38.3959 37.8065 37.3981 35.6488 79.1999 45.3755
threshold=124.50000000000001 25.500000000000004 4.5000000000000009 167.59999847412112 1.5000000000000002 31.479100227355961 500.00000000000006 119.00000000000001 1.0000000180025095e-35 1.5000000000000002 1025.5000000000002 682.50000000000011 2.5000000000000004 668.50000000000011 13.500000000000002 107.47000122070314 1111.0000000000002 1.5000000000000002 531.50000000000011 771.00000000000011 25.006950378417972 1.5000000000000002 1.0000000180025095e-35 30.39124965667725 1.5000000000000002 194.50000000000003 14649.500000000002 9.5000000000000018 11.500000000000002 1.0000000180025095e-35
decision_type=2 2 2 2 2 10 10 2 2 10 2 2 8 2 8 2 2 2 10 2 10 10 2 10 10 10 2 2 2 8
left_child=1 2 3 4 5 20 -6 -8 -9 -10 11 -4 -12 14 15 18 -15 27 26 -13 23 22 25 -1 -24 -22 -5 28 -18 -29
right_child=-2 -3 10 13 6 -7 7 8 9 -11 12 19 -14 16 -16 -17 17 -19 -20 -21 21 -23 24 -25 -26 -27 -28 29 -30 -31
leaf_value=0.0032626631994120883 -0.025510477563582195 0.14026290371017414 -0.0085465953438154819 0.071326139813862613 -0.0059936032025577545 0.040386561720376184 0.55849550807101989 -0.024903756526957699 0.20997554019210304 -0.009700226634597504 -0.036091738616444505 0.15675536972271653 0.10268929577580951 0.046045348376337669 -0.010753186701375442 -0.012332292835829203 0.0045946082801966263 0.060049925731653277 -0.0090726610600533938 0.022250015919411299 -0.0057106551680779832 0.23735309224899107 -0.0015342654176093787 -0.099605868384377516 0.074538808542262025 0.10063216354998049 -0.012938598004332324 0.16357473149860918 0.27757494988717152 0.014294369994703586
leaf_weight=987.07567425118759 61.050301590003073 3.6852057320065787 53.738781910389662 31.165721554774791 629.11062041553669 44.80853708088398 0.50909810839220782 4.6149810536298883 2.332157796248794 1.2491497425362466 64.125945029314607 2.8874722830951196 1.9368179067969311 54.551404918311164 110.73183529754169 22.522588859777898 156.6127058819402 19.83272435516119 10.545985206030307 6.2244718782603741 4.1349292690865687 1.3342216489836562 48.330315218772739 3.4143884778022757 6.8130011204630128 11.047697307541965 5.5905496715567997 2.9978194879367948 0.96242044307291408 4.714569261064752
leaf_count=35729 4591 105 812 472 39708 556 39 404 59 80 738 23 21 1478 6605 251 5898 375 240 67 60 35 1000 26 72 154 129 79 11 183
internal_value=0.00263473 0.00338258 0.00316268 0.00426725 0.00195149 0.00589775 -0.00489743 0.0743192 0.0442455 0.133353 -0.0153878 0.00209763 -0.032023 0.0138822 0.00324796 0.0254517 0.0218936 0.0147765 0.0434423 0.0648732 0.00444279 0.0256559 0.0216396 0.00290806 0.00786462 0.0716701 0.0585097 0.00934419 0.00626189 0.0723199
internal_weight=2358.65 2297.6 2293.92 2165 1744.77 1106.96 637.816 8.70539 8.19629 3.58131 128.913 62.8507 66.0628 420.228 180.557 69.8248 239.672 185.12 47.3023 9.11194 1062.15 71.6602 70.3259 990.49 55.1433 15.1826 36.7563 165.288 157.575 7.71239
internal_count=100000 95409 95304 93643 77922 37632 40290 582 543 139 1661 902 759 15721 7697 1092 8024 6546 841 90 37076 1321 1286 35755 1072 214 601 6171 5909 262
is_linear=0
shrinkage=0.03


Tree=165
num_leaves=31
num_cat=0
split_feature=1 369 409 396 439 352 1 437 364 29 7 373 48 1 134 152 392 129 401 352 335 0 38 36 133 36 41 31 135 185
split_gain=57.7479 51.8507 45.5758 46.7133 42.7469 42.4312 41.8642 45.9444 45.2986 40.7981 37.2464 37.1494 38.3156 37.2928 32.6501 62.6405 35.0832 32.8634 41.1844 35.4024 31.4803 31.3473 30.5291 29.6411 63.0203 61.6372 29.7556 29.5123 29.2612 29.1632
threshold=335.16549682617193 638.47500610351574 13.500000000000002 1.0000000180025095e-35 94.000000000000014 1.0000000180025095e-35 994.47500610351574 2550.0000000000005 415.92500305175787 66.500000000000014 196.00000000000003 125.45000076293947 1.0000000180025095e-35 115.02000045776369 1.0000000180025095e-35 1.5000000000000002 -17.499999999999996 2.5000000000000004 -7.4999999999999991 2.5000000000000004 5.5000000000000009 8874241.0000000019 9.5000000000000018 1.0208330154418948 1.5000000000000002 16.895833015441898 58.500000000000007 130.50000000000003 2.5000000000000004 25.97500038146973
decision_type=2 2 8 10 2 8 2 2 2 8 10 2 2 2 8 2 8 8 8 10 8 2 10 10 10 8 10 8 10 2
left_child=1 2 -1 4 10 6 7 8 -2 21 -4 29 13 -13 15 -6 23 18 -18 20 -20 -5 -21 27 26 -26 -25 -16 -3 -12
right_child=5 28 3 9 14 -7 -8 -9 -10 -11 11 12 -14 -15 16 -17 17 -19 19 22 -22 -23 -24 24 25 -27 -28 -29 -30 -31
leaf_value=-0.019606674261466037 0.022077501763518616 -0.024633696923688501 -0.0036624689217354526 0.0079806977787201978 0.0032057565765863899 -0.015614766191889427 -0.011066777778705267 0.0016466471645715261 0.056973090540949407 -0.030258837464144497 0.012028478049632018 0.20958277652041071 0.1769650860297548 -0.032090545759982499 -0.018883337743282162 0.064315628855422274 0.26829664103327788 -0.016272898639866692 -0.0010192317613823294 -0.004694930139597089 -0.026898696170287929 0.034898444710899194 0.15190508326724095 0.030149255988274348 0.044242823946471832 0.26474765432005465 -0.03859203605454687 0.015430910357545105 0.038273075890691725 0.044643827351294886
leaf_weight=84.896852372214198 103.72166595654562 93.604061232879758 93.502335998229682 73.245585878845304 65.531860552029684 34.775759507901967 33.998952869791538 56.291041979566216 49.437966998200864 14.532769146841018 160.34683582186699 0.74732525460421984 2.6909928526729345 2.487214932218194 36.529770853929222 19.615156926680356 0.50851847603917122 158.5588832963258 1000.3991001544055 2.0259014712646595 44.170736472588032 83.12804197659716 2.5066906781867146 38.164395927917212 2.7613218296319246 1.9441935895010818 6.6556499931029967 58.977524587884545 7.1642300868406883 29.160857663024217
leaf_count=1734 3313 1318 4442 1429 4746 647 1170 1568 447 375 8375 32 39 86 610 393 10 3879 61040 33 624 1345 38 404 27 26 111 1180 58 501
internal_value=0.00254568 0.000831692 0.00189842 0.00286024 0.00137988 0.0153831 0.019811 0.0248232 0.0333414 0.0178217 0.0119098 0.0193601 0.0933287 0.0237469 -0.000735363 0.0172835 -0.00186916 -0.00354278 -0.00161972 -0.00175055 -0.00211357 0.0222901 0.0819107 0.0120727 0.0309065 0.13535 0.0199414 0.00230635 -0.0201613 0.0170472
internal_weight=2362.08 2083.86 1983.09 1898.19 1727.29 278.225 243.45 209.451 153.16 170.906 288.936 195.433 5.92553 3.23454 1438.35 85.147 1353.2 1208.17 1049.61 1049.1 1044.57 156.374 4.53259 145.033 49.5256 4.70552 44.82 95.5073 100.768 189.508
internal_count=100000 92855 91479 89745 86596 7145 6498 5328 3760 3149 13475 9033 157 118 73121 5139 67982 65624 61745 61735 61664 2774 71 2358 568 53 515 1790 1376 8876
is_linear=0
shrinkage=0.03


Tree=166
num_leaves=31
num_cat=0
split_feature=1 341 409 396 439 41 7 333 437 435 352 437 437 4 47 143 1 392 167 139 397 7 4 158 32 29 32 347 361 30
split_gain=54.0378 47.9069 45.6257 47.7264 45.1883 39.1621 38.3634 42.702 37.9637 37.8736 44.9947 34.9107 45.233 43.9809 31.8667 31.2085 30.7418 35.2725 33.3798 35.1486 32.4177 30.9649 32.9867 36.0224 54.3534 59.4613 37.6891 36.6762 41.1914 50.9146
threshold=414.83500671386724 4.5000000000000009 13.500000000000002 1.0000000180025095e-35 94.000000000000014 4.5000000000000009 196.00000000000003 1.0000000180025095e-35 1109.0000000000002 4.5889205144054026 1.0000000180025095e-35 2550.0000000000005 104.50000000000001 531.50000000000011 1.0000000180025095e-35 1.0000000180025095e-35 4.6635000705719003 -17.499999999999996 2.5000000000000004 1.5000000000000002 -1.4999999999999998 194.50000000000003 554.50000000000011 1.5000000000000002 47.500000000000007 9.5000000000000018 196.50000000000003 2.5000000000000004 67.126850128173842 405.50000000000006
decision_type=2 8 8 10 2 10 10 10 2 2 8 2 2 10 2 10 2 8 2 8 8 10 10 2 10 8 10 2 2 8
left_child=1 2 -1 4 6 14 -4 -8 -9 10 11 12 -2 15 -5 -14 -6 -18 19 21 -21 -19 23 27 -25 26 -26 28 -23 -30
right_child=9 -3 3 5 16 -7 7 8 -10 -11 -12 -13 13 -15 -16 -17 17 18 -20 20 -22 22 -24 24 25 -27 -28 -29 29 -31
leaf_value=-0.019834744632426508 0.008488404609081306 -0.035441429694412156 -0.003981102295429694 0.010384941826334482 -0.051321125016594332 -0.027865087189182725 0.012768571775054343 0.076676485348179127 0.01294410567944904 -0.0035277429771955211 -0.018112224107483699 0.0045328614217573079 0.06209107298416041 -0.024373374557626493 0.037505168345233833 -0.010223806820140452 0.01341992419901015 -0.0072567466881644626 0.062708276495264906 0.027768067278981005 -0.014938715870220953 0.0038455565201227422 -0.012951777134250655 -0.015057525835980502 0.35936557836119626 0.055650598381948871 0.10760691062100018 -0.020986034831955776 0.024050818660460514 0.16984137691379611
leaf_weight=86.508854417130351 34.388102535624057 32.084457935066894 97.390175893437117 92.750798606779426 10.900896098464726 15.699413558468221 172.3583359438926 19.651187094859779 14.707487101666628 65.325846190098673 20.845011618919671 39.473640623036772 67.440003871452063 6.6268048901110879 67.278236941434443 5.8358354098163536 142.96848935261369 368.77573229302652 7.0853679291903964 17.072300183121115 253.91175532946363 498.43612424680032 96.074707519030198 7.1190257496200529 1.0704351612366712 8.0710787337739021 1.07023104513064 46.203005679417402 64.723996389657259 2.2301719733513883
leaf_count=1735 915 455 4535 1706 143 286 8945 228 183 2156 333 926 871 166 1196 460 2326 19969 121 316 7403 36003 6088 144 25 138 26 573 1483 146
internal_value=0.00246341 0.000939024 0.00149697 0.0024171 0.000982934 0.0173508 0.0115427 0.0188564 0.0493954 0.0159587 0.0232491 0.0288563 0.0372571 0.0496384 0.0217866 0.0563318 -0.00112185 -0.000760602 -0.00223844 -0.00257563 -0.0122481 -0.000179247 0.00342077 0.00592185 0.048573 0.0929324 0.233498 0.00471324 0.00681336 0.0289069
internal_weight=2364.08 2124.14 2092.06 2005.55 1829.82 175.728 304.107 206.717 34.3587 239.935 174.609 153.764 114.291 79.9026 160.029 73.2758 1525.71 1514.81 1371.84 1364.76 270.984 1093.77 724.999 628.924 17.3308 10.2117 2.14067 611.593 565.39 66.9542
internal_count=100000 94173 93718 91983 88795 3188 13891 9356 411 5827 3671 3338 2412 1497 2902 1331 74904 74761 72435 72314 7719 64595 44626 38538 333 189 51 38205 37632 1629
is_linear=0
shrinkage=0.03


Tree=167
num_leaves=31
num_cat=0
split_feature=27 19 346 364 437 437 438 112 261 318 318 400 32 7 352 4 11 24 38 30 27 437 438 32 11 11 11 341 3 365
split_gain=51.9357 63.613 46.977 52.1315 39.3943 41.1918 36.8866 36.7335 35.43 51.9708 36.8786 34.0584 36.3426 55.0941 47.2015 39.4972 34.8737 34.6489 43.0776 49.7127 81.5865 124.554 151.017 63.4709 48.4627 47.8998 65.3138 100.578 38.0973 33.9354
threshold=124.50000000000001 25.500000000000004 4.5000000000000009 25.044100761413578 1025.5000000000002 682.50000000000011 253.00000000000003 2.5000000000000004 65.978950500488295 31.79790019989014 30.451649665832523 2.5000000000000004 268.50000000000006 220.50000000000003 1.5000000000000002 553.50000000000011 2026.5000000000002 4.5000000000000009 317.50000000000006 424.50000000000006 30.500000000000004 1928.0000000000002 7507.5000000000009 473.50000000000006 8.5000000000000018 63.500000000000007 931.50000000000011 1.5000000000000002 14291.000000000002 506.47000122070318
decision_type=2 2 2 2 2 2 2 8 10 10 10 10 8 8 8 10 10 2 10 8 2 2 2 8 8 10 10 10 2 8
left_child=1 2 3 8 5 -4 -5 -6 9 10 -1 12 16 -14 15 17 -8 18 25 -20 21 -21 -23 -24 -25 28 27 -27 29 -15
right_child=-2 -3 4 6 7 -7 11 -9 -10 -11 -12 -13 13 14 -16 -17 -18 -19 19 20 -22 22 23 24 -26 26 -28 -29 -30 -31
leaf_value=0.001128922271614139 -0.025187340989871645 0.12137645475666944 -0.0081770382059498676 -0.01401995899800183 -0.035446400010219488 0.059728867984574462 0.0070322797349855028 0.093068532541034962 -0.035578772711436231 0.045828282136056872 -0.10448093622785209 0.17748079308863796 -0.0015520177750970585 0.049875259170319916 0.17412677645701041 -0.01165212675904566 0.11910142699094323 -0.028155760004336755 -0.010904930757264418 -0.030381047491943348 -0.011732169386774851 1.0921616270484185 0.68240376170885286 0.43264723959455992 -0.030670894076232042 0.081873691579018693 -0.0070903508223332983 0.35880866863283578 -0.010371700890422848 0.15765540945929765
leaf_weight=1523.699501585681 59.937618909170851 4.0852050175890318 53.104128883220255 47.229098179843277 62.333558774553239 9.4739879602566344 365.39828948187642 2.0681035164743653 23.410922195762396 23.553167663980275 2.9816551376134148 1.1389571968466032 53.686723479069769 60.999044864904135 2.143289132975041 16.193502520443872 2.5162218916229895 6.6253170571289948 21.417961566708986 1.0047926362603896 3.0503102359361947 0.24045593617483962 0.25243691867217388 0.32391192950308334 0.54514779150485992 3.0964366388507178 2.2528269146569073 1.907334553543478 9.3346296481322479 2.7475919537246218
leaf_count=75625 4591 105 812 1629 738 90 9595 21 303 207 24 14 1858 1585 21 615 45 131 907 104 236 15 21 32 43 124 51 34 396 28
internal_value=0.00238251 0.00309886 0.00288903 0.00392418 -0.0148479 0.00210355 0.0114315 -0.0313195 0.00105175 0.00160493 0.000922663 0.0135978 0.0132607 0.0240752 0.0344875 0.0321852 0.00779874 0.0384232 0.0425391 0.00963015 0.0908218 0.222995 0.409926 0.263651 0.142015 0.0535316 0.127045 0.187436 0.0462321 0.0545208
internal_weight=2366.75 2306.81 2302.73 2175.75 126.98 62.5781 602.104 64.4017 1573.65 1550.23 1526.68 554.875 553.736 185.822 132.135 129.992 367.915 113.798 107.173 26.835 5.41706 2.36675 1.36195 1.1215 0.86906 80.3379 7.2566 5.00377 73.0813 63.7466
internal_count=100000 95409 95304 93643 1661 902 17484 759 76159 75856 75649 15855 15841 6201 4343 4322 9640 3707 3576 1358 451 215 111 96 75 2218 209 158 2009 1613
is_linear=0
shrinkage=0.03


Tree=168
num_leaves=31
num_cat=0
split_feature=1 341 3 437 3 366 3 372 41 4 132 76 435 310 0 437 138 1 381 9 438 432 186 3 346 361 366 106 9 7
split_gain=49.8828 44.4502 43.2989 50.1862 49.5167 53.5957 73.0094 44.2968 37.7963 44.045 40.8099 37.5333 46.034 37.4533 37.0636 39.1953 38.8926 44.1745 35.9983 35.6523 58.7162 122.969 53.0106 65.3481 34.8037 33.6644 45.1253 39.85 38.4526 41.6844
threshold=414.83500671386724 4.5000000000000009 14649.500000000002 35.500000000000007 8909.0000000000018 1006.9750061035157 4046.5000000000005 601.25000000000011 3.5000000000000004 113.50000000000001 1.0000000180025095e-35 1.5000000000000002 4.5889205144054026 2.5000000000000004 9334954.0000000019 1025.5000000000002 3.5000000000000004 474.97500610351568 2.5000000000000004 500.00000000000006 194.50000000000003 3.5000000000000004 75.09180068969728 9027.5000000000018 4.5000000000000009 103.95999908447267 124.87500000000001 2.5000000000000004 438.50000000000006 220.50000000000003
decision_type=2 8 2 2 2 8 2 2 8 10 8 8 2 10 2 2 8 2 10 10 2 2 2 2 2 2 10 10 10 8
left_child=1 2 3 -1 5 13 -7 8 9 -6 -11 12 14 18 16 -16 -2 -18 24 -10 21 -21 23 -22 25 27 28 -5 -27 -30
right_child=11 -3 -4 4 7 6 -8 -9 19 10 -12 -13 -14 -15 15 -17 17 -19 -20 20 22 -23 -24 -25 -26 26 -28 -29 29 -31
leaf_value=-0.010509222667782717 0.016141968752150463 -0.034590580543404741 -0.0069870845785212814 -0.0028096925884155601 -0.011659346431765106 0.28903826790384829 0.0068243803805787488 0.065702841493855149 0.0054341741117537009 0.19452826164616988 0.029177295784623507 -0.014480264692384478 -0.0022156522554238525 0.031388224203508508 0.072338259372388344 0.011639821521112601 0.28205988080108224 0.041772889433898244 0.065809257504827051 0.66194785575831194 0.34881998084619847 -0.031581132102136311 0.23066691683883939 -0.019666526468289029 -0.029757182695788763 0.042132118911102523 -0.0010918157119490666 0.1436341141710159 0.042950878875449419 0.29577227117528032
leaf_weight=199.85734868678264 102.64155583549291 31.413978828350082 441.4054278023541 649.74732459895313 26.413735247217119 1.3640966936945909 2.0876573319546878 13.300294024404137 498.52236456400715 1.3580958792008448 123.86405876092613 33.117750137113035 60.330512865446508 32.533533208305016 28.925351638812572 14.312095584347842 1.0534446248784655 1.9880708213895557 7.0848475387319914 0.43267205916344931 0.46681364066898812 0.49145195283927023 1.1174483280628917 6.0053010028786957 38.902441420592368 18.758300180546943 29.263180127367377 1.6766729364171613 1.1596717066131526 1.1884124791249631
leaf_count=9115 2439 455 20792 33301 525 22 58 160 25116 22 1893 479 2042 315 455 336 24 52 71 15 7 29 12 395 764 542 467 21 28 48
internal_value=0.00229943 0.000830978 0.00136161 0.00358749 0.00552282 0.000399656 0.118352 0.0114983 0.0104038 0.0235448 0.0309706 0.015195 0.0198916 -0.000122113 0.0288477 0.0522464 0.0192748 0.124998 -0.00149303 0.00647376 0.0673474 0.293127 0.0398559 0.00691127 -0.00213678 -0.000605702 0.0230235 -0.00243277 0.0564585 0.170909
internal_weight=2370.78 2128.42 2097 1655.6 1455.74 783.766 3.45175 671.972 658.672 151.636 125.222 242.369 209.251 780.314 148.921 43.2374 105.683 3.04152 747.781 507.036 8.51369 0.924124 7.58956 6.47211 740.696 701.794 50.3696 651.424 21.1064 2.34808
internal_count=100000 94173 93718 72926 63811 35637 80 28174 28014 2440 1915 5827 5348 35557 3306 791 2515 76 35242 25574 458 44 414 402 35171 34407 1085 33322 618 76
is_linear=0
shrinkage=0.03


Tree=169
num_leaves=31
num_cat=0
split_feature=27 19 1 346 395 409 313 361 396 352 1 1 25 12 424 3 400 32 43 43 0 0 29 437 39 39 3 3 125 13
split_gain=48.9534 53.9454 45.2375 42.5651 39.3867 42.2756 38.1427 39.4097 34.8138 34.3964 35.8457 42.1683 33.4473 32.5606 29.7807 29.4477 29.1814 28.3034 36.4944 50.5116 49.7957 29.5954 27.6291 43.3788 27.4044 35.2619 26.6504 36.2883 28.8607 26.6384
threshold=124.50000000000001 25.500000000000004 335.16549682617193 4.5000000000000009 -8.4999999999999982 13.500000000000002 3.5000000000000004 25.005000114440922 1.0000000180025095e-35 1.0000000180025095e-35 994.47500610351574 845.20999145507824 1.0000000180025095e-35 10.500000000000002 145.50000000000003 14014.500000000002 2.5000000000000004 419.50000000000006 142.50000000000003 98.500000000000014 7912278.5000000009 8630581.0000000019 419.50000000000006 3159.0000000000005 17.500000000000004 20.500000000000004 9634.0000000000018 12598.500000000002 1.5000000000000002 57.500000000000007
decision_type=2 2 2 2 8 8 10 2 10 8 2 2 2 10 2 2 10 8 8 10 2 2 8 2 10 10 2 2 10 2
left_child=1 2 3 4 -1 -6 7 8 15 10 11 12 -4 -10 26 -7 17 -9 19 24 -21 22 -20 -24 -19 -26 -5 -28 -29 -2
right_child=29 -3 9 14 5 6 -8 16 13 -11 -12 -13 -14 -15 -16 -17 -18 18 21 20 -22 -23 23 -25 25 -27 27 28 -30 -31
leaf_value=0.12440134586121185 -0.026854877778947565 0.10762359792010372 0.1978732227364487 -0.032805784357133022 -0.019513998530259286 0.0016874224310112105 0.04097910054241214 0.006841415691888301 0.019721908072885447 -0.014560252666982278 -0.010930626048334131 0.053887956259162276 0.015820480571685919 -0.02091790135456351 0.086277580922907396 -0.0084034354824310768 0.14284460439466834 0.029310418416711947 0.020798983397110588 0.44420996132245089 0.099726332835345932 -0.019863119877551551 0.011837524376769092 0.2563493145532359 0.3008763267498919 0.075422489919170319 0.034830904833877324 -0.025532966933620588 0.10921314475838394 0.17926714366208929
leaf_weight=2.3708287896588445 58.04624564317055 4.4193784971721461 0.91282658837735553 59.046029266901314 78.476478767348453 1055.4513684785925 23.459320636466146 191.02608383237384 132.39777001179755 33.516370916739106 33.738733716309071 32.368559310212731 181.453326059971 20.48900280892849 2.4699699487537137 345.47353171254508 1.5576445460319508 20.34749573934824 16.616233625914905 0.56552030984312196 1.1368521507829425 16.28877878235653 1.4043279816396528 1.2205765172839163 0.71614995831623574 4.8710518032312393 15.653627288993446 34.345104104839265 1.4927772488445032 0.56982883997261424
leaf_count=27 4551 105 31 839 1679 56755 217 4447 2396 641 1165 462 4762 480 14 19220 12 283 398 11 45 499 94 26 9 122 176 474 20 40
internal_value=0.00222403 0.00291009 0.00270965 0.00114336 0.00219977 0.0020482 0.00297133 0.0024786 0.000682436 0.0139678 0.017816 0.0223326 0.0167317 0.0142756 -0.0167477 -0.000801022 0.0133912 0.0125979 0.0300063 0.0558611 0.214162 0.00989511 0.0350872 0.125535 0.0454701 0.10432 -0.0190498 -0.00327572 -0.0199203 -0.0248511
internal_weight=2371.9 2313.29 2308.87 2026.88 1913.87 1911.5 1833.02 1809.56 1553.81 281.99 248.473 214.735 182.366 152.887 113.008 1400.92 255.751 254.193 63.167 27.6371 1.70237 35.5299 19.2411 2.6249 25.9347 5.5872 110.538 51.4915 35.8379 58.6161
internal_count=100000 95409 95304 88243 86720 86693 85014 84797 78851 7061 6420 5255 4793 2876 1523 75975 5946 5934 1487 470 56 1017 518 120 414 131 1509 670 494 4591
is_linear=0
shrinkage=0.03


Tree=170
num_leaves=31
num_cat=0
split_feature=16 335 13 27 437 43 41 313 19 14 14 437 366 367 310 7 7 404 6 422 436 437 264 309 13 401 437 0 31 435
split_gain=46.9027 43.5389 47.7823 40.8005 40.4102 39.7595 44.1198 38.5884 37.0739 32.439 41.2899 29.9091 34.2858 37.2511 35.0903 37.1997 40.1076 73.9017 46.2903 35.302 32.9604 32.5309 31.7233 30.8996 29.9956 53.5946 50.505 61.7501 113.072 43.1171
threshold=17.500000000000004 8.5000000000000018 2.5000000000000004 1.0000000180025095e-35 35.500000000000007 33.500000000000007 260.50000000000006 3.5000000000000004 25.500000000000004 38.500000000000007 37.500000000000007 3525.0000000000005 1006.9750061035157 58.960000991821296 2.5000000000000004 137.50000000000003 164.00000000000003 32.000000000000007 1.5000000000000002 98.000000000000014 -118.92630601305839 37.500000000000007 31.17665004730225 7.5000000000000009 1.5000000000000002 -7.4999999999999991 2997.0000000000005 7705481.0000000009 33.500000000000007 0.32184231685983133
decision_type=2 8 2 2 2 8 10 10 2 2 2 2 10 10 10 10 10 10 2 2 2 2 8 10 2 8 2 2 8 2
left_child=1 4 -3 -2 -1 6 -5 8 9 10 11 12 14 -14 15 -6 17 -17 19 -18 21 -20 -16 -13 25 -22 -27 28 -28 -29
right_child=3 2 -4 5 7 -7 -8 -9 -10 -11 -12 23 13 -15 22 16 18 -19 20 -21 24 -23 -24 -25 -26 26 27 29 -30 -31
leaf_value=-0.0070439975097285456 -0.25822158977765214 0.028618033909195113 -0.037451456472808814 0.0046737620797580853 -0.0045879553411386879 -0.025945408434656474 0.21512529191994023 0.045305318827557721 0.099429944570015805 -0.018356730588276138 0.18156014127407771 -0.00060034731991302922 0.17746436915932565 0.031811525401615283 0.063850529545261395 0.062714744857238644 0.02741874734710386 -0.0034155642870271224 0.14245319896661085 0.13300044424596999 0.32893873970372395 -0.01526528751009314 0.013421537804493197 -0.12415386940886296 0.0048943050052810662 0.013973754854004219 0.80977313766101233 0.17962683483923311 -0.030529399341264984 0.027417022267192743
leaf_weight=268.88994388678111 0.6192004568874826 12.674984266515819 44.226933126104996 43.254389589186758 243.63720704196021 86.526917676441371 0.91552103310823341 21.537133402191103 3.7283136658370486 53.21128903562203 1.1967543214559544 487.73431903752498 1.6829972476698483 25.902092732489109 17.78844506200403 32.758989590685815 8.1854299409314972 28.388655466027558 1.1958610322326411 4.3726751487702122 0.49846201576292515 74.586543708341196 30.436364215798676 1.8285658285021771 684.50689205783419 183.79299581819214 0.28563339309766789 2.2329323675949109 0.29089486040174961 6.7030955948866904
leaf_count=11837 12 130 489 1151 9598 4358 9 190 50 1201 13 21111 28 332 134 581 105 700 52 29 12 3703 246 11 35045 8462 27 62 23 299
internal_value=0.00215194 0.00317249 -0.0227344 -0.0152743 0.00384704 -0.0141232 0.00903584 0.0053751 0.00492127 0.00473495 0.00540347 0.0052887 0.00759636 0.040698 0.00690443 0.0059517 0.00845009 0.0320128 0.00695958 0.0641818 0.0062064 -0.0127765 0.032023 -0.00106183 0.00784428 0.0182635 0.0174623 0.0848658 0.385788 0.0654512
internal_weight=2373.59 2242.27 56.9019 131.316 2185.37 130.697 44.1699 1916.48 1894.95 1891.22 1838.01 1836.81 1347.25 27.5851 1319.66 1271.44 1027.8 61.1476 966.651 12.5581 954.093 75.7824 48.2248 489.563 878.311 193.804 193.306 9.51256 0.576528 8.93603
internal_count=100000 94470 619 5530 93851 5518 1160 82014 81824 81774 80573 80560 59438 360 59078 58698 49100 1281 47819 134 47685 3755 380 21122 43930 8885 8873 411 50 361
is_linear=0
shrinkage=0.03


Tree=171
num_leaves=31
num_cat=0
split_feature=27 19 41 13 341 408 5 138 27 362 437 437 7 7 57 438 30 43 38 28 20 11 146 16 29 396 22 119 318 333
split_gain=45.2557 44.3415 43.1444 39.8911 47.8453 40.038 57.747 55.166 41.8952 41.3955 46.4965 50.1496 41.3744 40.1178 37.8147 37.2109 40.2517 70.5962 118.334 49.9371 44.5932 44.2814 41.3568 40.1098 39.6914 35.3805 46.1432 40.9353 33.3679 32.4726
threshold=124.50000000000001 25.500000000000004 4.5000000000000009 1.0000000180025095e-35 4.5000000000000009 200.50000000000003 145.00000000000003 1.5000000000000002 1.0000000180025095e-35 173.86000061035159 12.500000000000002 41.500000000000007 100.50000000000001 136.00000000000003 1.5000000000000002 29974.000000000004 130.50000000000003 62.500000000000007 136.50000000000003 1.5000000000000002 11.500000000000002 9.5000000000000018 1.0000000180025095e-35 3.5000000000000004 423.50000000000006 1.0000000180025095e-35 1.0000000180025095e-35 2.5000000000000004 17.080050468444828 1.0000000180025095e-35
decision_type=2 2 10 2 8 10 8 8 2 2 2 2 8 10 10 2 10 8 10 2 2 10 8 2 10 10 2 8 10 10
left_child=1 2 3 29 5 6 -5 9 12 -8 13 -12 -9 -11 -15 -13 20 18 -18 21 22 -19 -17 -23 -20 26 -7 -28 -27 -1
right_child=-2 -3 -4 4 -6 25 7 8 -10 10 11 15 -14 14 -16 16 17 19 24 -21 -22 23 -24 -25 -26 28 27 -29 -30 -31
leaf_value=0.0083889281953437225 -0.024373138864779247 0.093839337453044597 -0.01905270528348306 0.050504488017555194 -0.039050202540758978 0.11800331383571123 -0.0016839818563160604 0.15682737447468934 -0.021671082481432579 0.28771286477198882 -0.031755035329151429 0.0049369338524401681 -0.0010028267938315318 0.022955944798372086 0.17176076455676823 0.006213107453196632 0.040403281705744427 0.057881789201463467 0.86633749603005239 -0.00043912289213991458 0.18814971163786154 0.15172442024329508 0.073227381454034166 0.49975235549586217 0.36486402180234778 0.019685271805916026 0.0018969940502497808 0.045022831332114217 0.070983028455054539 0.032387359104777573
leaf_weight=299.33582181390375 56.807533864397556 4.7975735226646057 80.38560637505725 20.003938419278711 25.752481935080141 3.2862354144453993 781.3469185999129 1.5126274190843094 176.04325109883212 0.74826156091876228 25.408640082692727 220.44264776003547 127.10166302835569 6.4297332575079036 2.0198044069111347 72.861658595269546 0.84134496003389336 9.3615938210859948 0.2676006481051445 10.386755415471269 1.3424000865779806 2.4508269203361119 9.3518943032249791 0.33929266827180971 0.30277024954557419 62.779796678572893 277.80675228242762 21.330062594264746 13.947838569059966 61.103635712061077
leaf_count=13659 4591 105 1804 416 380 30 50970 14 6112 27 1218 7321 1447 266 29 2064 54 341 22 825 19 161 73 19 20 1193 5769 156 149 746
internal_value=0.00208137 0.00272939 0.00254052 0.00331754 0.00155913 0.00212512 -0.000118762 -0.000817845 -0.0121621 0.0022035 0.0105815 0.00884814 0.000853408 0.0771715 0.0585267 0.011994 0.0264645 0.0607516 0.266552 0.0478612 0.0166366 0.0891461 0.0138361 0.194046 0.60014 0.0108163 0.00620034 0.0049721 0.0290104 0.0124573
internal_weight=2375.9 2319.09 2314.29 2233.91 1873.47 1847.71 1468.56 1448.56 304.658 1143.9 362.555 353.357 128.614 9.1978 8.44954 327.949 107.506 23.9502 1.41172 22.5385 83.556 12.1517 82.2136 2.79012 0.570371 379.151 302.423 299.137 76.7276 360.439
internal_count=100000 95409 95304 93500 79095 78715 71418 71002 7573 63429 12459 12137 1461 322 295 10919 3598 1442 96 1346 2156 521 2137 180 42 7297 5955 5925 1342 14405
is_linear=0
shrinkage=0.03


Tree=172
num_leaves=31
num_cat=0
split_feature=27 1 19 346 320 318 261 76 19 435 4 437 435 1 128 14 14 3 437 3 112 437 318 34 5 43 14 359 134 439
split_gain=43.2293 39.8099 39.9179 39.3489 36.5711 42.5459 35.5825 32.1434 35.743 32.6061 33.2974 33.1414 40.9335 39.5815 36.0248 32.0626 61.4175 32.0041 36.9285 42.1715 31.6877 33.9876 31.256 35.0407 48.1723 44.7564 45.6744 42.1617 44.3407 44.2043
threshold=124.50000000000001 335.16549682617193 25.500000000000004 4.5000000000000009 31.116300582885746 88.455150604248061 74.90000152587892 1.5000000000000002 1.0000000180025095e-35 4.5889205144054026 553.50000000000011 78.500000000000014 1.7872858143683581 737.48001098632824 1.0000000180025095e-35 38.500000000000007 37.500000000000007 14649.500000000002 35.500000000000007 3213.5000000000005 3.5000000000000004 1025.5000000000002 30.451649665832523 22.500000000000004 143.50000000000003 148.50000000000003 18.500000000000004 59.015150070190437 1.0000000180025095e-35 164644.50000000003
decision_type=2 2 2 2 10 10 10 10 2 2 10 2 2 2 10 2 2 2 2 2 10 2 10 8 8 10 2 2 10 2
left_child=1 2 3 4 6 -6 15 8 9 10 11 -3 -13 14 -14 16 17 18 -1 -20 21 -5 23 25 -25 -21 -27 -26 29 -29
right_child=-2 7 -4 20 5 -7 -8 -9 -10 -11 -12 12 13 -15 -16 -17 -18 -19 19 22 -22 -23 -24 24 27 26 -28 28 -30 -31
leaf_value=-0.0090329018501390922 -0.024088962420978535 0.00065406896741215163 0.087922586907944064 -0.0014928007975586208 0.030818606690632269 -0.033380970460481947 -0.039392120890314374 -0.019765436551994753 -0.0081833302453482998 -0.0010765049856962196 -0.0028307668064733171 0.079652481224423755 0.050508939132072932 0.061856771726348445 0.0050884430730792308 -0.020458088325220659 0.19321520701833272 -0.0057214934060564422 -0.0064736026549957531 0.01848738001376803 0.1213667924052251 -0.034849479916029706 -0.082916335787790355 0.13283293178044617 -0.00080535982414628069 0.044932019227891876 0.24309216135823167 0.036452346698181287 0.0062241768492179691 -0.008724575609834976
leaf_weight=167.24119328404777 55.769164388300851 23.551349430344999 4.7621542466804376 54.811009887140244 67.774857005570084 10.76625797851011 19.312365852762014 24.449931564740837 44.802902574185282 46.261097616516054 27.601797633804381 19.253384722396731 23.366229849401861 28.357313768938184 48.001147241331637 57.718240020796657 1.514670930802821 371.55307146371342 203.48357661673799 170.60247429739684 1.4833426326513279 55.155882840510458 3.3562286291271439 2.6968459817580879 424.655349830864 3.0543907890096298 1.5927318213507531 99.991735848132521 290.08065094496123 24.212958823656663
leaf_count=8173 4591 412 103 822 955 228 257 430 3251 884 444 180 400 188 874 1349 16 18609 9472 3058 12 689 27 82 27436 41 30 3446 12633 908
internal_value=0.0020121 0.00263913 0.00116757 0.000964158 0.0019703 0.0220183 0.00111504 0.0131271 0.0162061 0.0212558 0.0273283 0.0331688 0.039605 0.0318732 0.0199595 0.00154446 0.00226437 0.00210027 0.00418961 0.00599667 -0.0163656 -0.0182234 0.00848381 0.00878548 0.00624429 0.0209896 0.112848 0.00583736 0.0126464 0.0276454
internal_weight=2377.23 2321.47 2035.82 2031.06 1919.61 78.5411 1841.07 285.645 261.195 216.392 170.131 142.529 118.978 99.7247 71.3674 1821.75 1764.04 1762.52 1390.97 1223.73 111.45 109.967 1020.24 1016.89 841.638 175.25 4.64712 838.941 414.285 124.205
internal_count=100000 95409 88346 88243 86720 1183 85537 7063 6633 3382 2498 2054 1642 1462 1274 85280 83931 83915 65306 57133 1523 1511 47661 47634 44505 3129 71 44423 16987 4354
is_linear=0
shrinkage=0.03


Tree=173
num_leaves=31
num_cat=0
split_feature=260 1 320 342 49 348 14 14 11 19 76 135 9 437 0 438 362 3 9 3 438 438 352 134 1 366 0 436 359 434
split_gain=42.4184 39.5197 43.1114 38.6736 34.7677 39.2139 35.0834 52.1389 33.9947 33.1204 34.1897 32.3325 44.7907 60.4148 30.6553 37.1216 29.8312 38.4579 59.5279 68.9291 51.3821 41.2837 29.5467 29.2268 54.375 45.4789 101.751 37.6227 74.4361 29.2074
threshold=76.28025054931642 335.16549682617193 31.116300582885746 3.5000000000000004 1.0000000180025095e-35 3.5000000000000004 38.500000000000007 37.500000000000007 19.500000000000004 1.0000000180025095e-35 1.5000000000000002 1.5000000000000002 236.50000000000003 10.500000000000002 8975125.0000000019 2474.5000000000005 83.909999847412124 9002.5000000000018 202.00000000000003 7206.0000000000009 3982.0000000000005 14865.500000000002 2.5000000000000004 1.0000000180025095e-35 29.001000404357914 133.9049987792969 8808299.0000000019 -58.532695436507936 150.07185363769534 -0.50268965328105586
decision_type=10 2 10 2 2 10 2 2 10 2 10 10 8 2 2 2 2 2 10 2 2 2 10 8 2 8 2 2 2 2
left_child=1 2 3 4 5 6 7 11 -7 10 14 -1 13 -13 -3 -16 -15 18 20 -20 -18 -19 23 24 25 27 -27 29 -29 -6
right_child=-2 9 -4 -5 22 8 -8 -9 -10 -11 -12 12 -14 16 15 -17 17 21 19 -21 -22 -23 -24 -25 -26 26 -28 28 -30 -31
leaf_value=0.0018687945009529308 -0.030901707643415918 0.011278820993256323 0.023779213275281794 -0.030308219270556745 -0.02055753197922721 0.053694702369606127 -0.020499094661559768 0.17187250131203743 -0.036300778582377624 -0.0098310227034804874 -0.018249332754473845 0.28888159362484317 0.0058951721345476852 -0.0016043363354680043 0.064139978099055583 0.022121003224718026 0.19446371877710106 -0.038750532182213415 0.097212929347463062 0.47395362126554802 -0.032234404065565415 0.071939744147437756 0.093838791826889242 -0.010829766248892576 0.0015159646932985887 0.78860941721512368 -0.0306404730697287 -0.030298122463638437 0.7970657483302882 0.11641509725250619
leaf_weight=1287.6064845607616 34.86013068864122 124.06126508070156 72.029435886535794 36.816851047798991 2.8434448009356852 22.673572579864416 58.064621050842106 1.6494444459676731 4.5327586550265542 48.181806892156601 21.947738568298519 0.92697427049279468 63.329962030984461 9.2451706235297042 26.432200937531888 66.601877385750413 1.5537038012407749 4.3871011845767489 0.92379242181777932 0.82958562951534986 2.1381063819862902 9.8213502457365376 2.6379645816050461 370.0012456222903 100.17152831330895 0.25621687015518535 0.2918706419877708 0.21279193856753309 0.1812054980546236 2.7621098428498958
leaf_count=55713 463 2167 1004 465 222 303 1362 16 104 3443 313 22 1377 256 263 944 23 101 20 24 56 99 36 25548 5458 14 26 30 14 114
internal_value=0.00194764 0.00243637 0.000980095 0.00015231 0.000728292 0.00301935 0.00234543 0.00330496 0.0387008 0.01286 0.0174337 0.00310359 0.020171 0.0504833 0.0210411 0.0340591 0.0428363 0.0637414 0.13153 0.275462 0.0631718 0.0377622 -0.00628639 -0.00684044 0.00699079 0.0907494 0.352338 0.0668521 0.350219 0.0469351
internal_weight=2377.97 2343.11 2055.89 1983.86 1947.04 1467.68 1440.48 1382.41 27.2063 287.225 239.043 1380.76 93.1557 29.8258 217.095 93.0341 28.8988 19.6536 5.44519 1.75338 3.69181 14.2085 479.358 476.72 106.719 6.54764 0.548088 5.99955 0.393997 5.60555
internal_count=100000 99537 92407 91403 90938 59476 59069 57707 407 7130 3687 57691 1978 601 3374 1207 579 323 123 44 79 200 31462 31426 5878 420 40 380 44 336
is_linear=0
shrinkage=0.03


Tree=174
num_leaves=31
num_cat=0
split_feature=27 41 439 335 4 128 27 26 396 318 29 364 437 1 437 368 152 7 11 395 433 410 439 439 433 344 11 27 30 13
split_gain=40.7528 41.131 37.1568 44.5706 44.5684 46.2967 54.8939 37.8417 35.6247 40.0951 34.1957 33.5078 46.3874 43.8633 43.8586 34.3754 33.9283 33.306 30.7433 30.5792 30.131 30.3255 29.996 28.4775 28.2383 27.9394 26.9789 40.0379 44.9234 44.7113
threshold=124.50000000000001 4.5000000000000009 611.50000000000011 8.5000000000000018 554.50000000000011 1.5000000000000002 1.0000000180025095e-35 1.5000000000000002 1.0000000180025095e-35 25.006950378417972 295.50000000000006 160.97499847412112 12.500000000000002 310.12500000000006 111.50000000000001 110.10300064086915 1.5000000000000002 139.50000000000003 1050.5000000000002 -11.999999999999998 1.5000000000000002 319.00000000000006 913.50000000000011 536.50000000000011 4.5000000000000009 1.5000000000000002 6.5000000000000009 30.500000000000004 7.5000000000000009 29.500000000000004
decision_type=2 10 2 8 8 8 2 2 10 10 8 2 2 2 2 2 2 8 10 8 2 10 2 2 2 2 8 2 10 2
left_child=1 2 10 4 5 8 20 -5 11 -10 23 15 13 25 -14 16 -4 -16 26 -6 -7 -22 -21 -1 -20 -13 27 28 -19 -30
right_child=-2 -3 3 7 19 6 -8 -9 9 -11 -12 12 14 -15 17 -17 -18 18 24 22 21 -23 -24 -25 -26 -27 -28 -29 29 -31
leaf_value=0.01300067832907748 -0.023715302521159755 -0.018706111980495248 0.0036466159429151376 -0.038110884627015507 0.14992471362524187 -0.014292604894305292 -0.019250786641273124 0.0364393750474429 0.016708314746251004 0.075446593858187805 -0.018309700961233057 0.092550158493550291 -0.022052414363212706 0.002235177580555124 -0.011869100667121744 -0.015785596517659206 0.04016208673439476 0.026176849550651894 0.049192911839155036 0.16191641551359778 -0.003326594654501394 0.041300853106359121 -0.0102442090997654 0.076652354130160999 0.20088299326307499 0.31461418492815968 0.014173126972581499 -0.017997317883965389 0.066489710940256977 0.18675533976435327
leaf_weight=361.10062824911438 54.688834426458925 79.613236310658976 912.52896072668955 41.103645390830934 1.0850038304924965 28.385413609445095 146.99412585212849 7.2015860662795594 67.039590207161382 12.392400580458341 31.804241895675659 0.9336938690394162 25.691817956510931 1.5431905328296123 25.073444934096187 81.198980763554573 23.49030518066138 19.018470979295671 3.4058126499876371 0.91393331647850473 22.781849518418312 34.391593872569501 268.44650467974134 6.438733846647664 1.6346029741689561 1.1235060705803332 96.058767745504156 7.887541134376078 11.639371227473019 3.6560127059929064
leaf_count=13022 4591 1804 53337 485 7 323 4265 51 1214 118 2465 21 639 19 432 1187 819 207 63 37 267 361 11492 104 21 26 1940 285 279 119
internal_value=0.0018824 0.00248462 0.00323611 0.00144081 0.0022051 0.0041933 -0.00813078 -0.0269966 0.0064076 0.0258722 0.0115334 0.00513496 0.0164373 0.123135 0.0144578 0.00293869 0.00456301 0.0200288 0.02561 -0.00901983 0.0109739 0.0235182 -0.00966007 0.0141158 0.0983859 0.213827 0.0229569 0.0429504 0.0569601 0.0952365
internal_weight=2379.27 2324.58 2244.96 1845.62 1797.31 1526.87 232.553 48.3052 1294.32 79.432 399.344 1214.88 197.666 3.60039 194.066 1017.22 936.019 168.374 143.301 270.445 85.5589 57.1734 269.36 367.539 5.04042 2.0572 138.26 42.2014 34.3139 15.2954
internal_count=100000 95409 93605 78014 77478 65942 5216 536 60726 1332 15591 59394 4051 66 3985 55343 54156 3346 2914 11536 951 628 11529 13126 84 47 2830 890 605 398
is_linear=0
shrinkage=0.03


Tree=175
num_leaves=31
num_cat=0
split_feature=260 341 1 320 19 4 4 1 439 333 318 42 22 281 411 0 24 330 262 437 38 339 353 38 437 11 185 409 13 408
split_gain=39.7165 39.2786 35.2652 37.4122 31.0289 34.8801 42.8274 57.1132 28.2756 33.8671 29.4757 29.5075 38.6481 38.5089 27.3749 27.7354 27.0877 25.9801 25.7851 23.93 57.1975 71.2257 53.9572 52.6748 42.4318 49.3482 34.0426 33.2176 30.0257 29.0543
threshold=76.28025054931642 4.5000000000000009 335.16549682617193 31.116300582885746 1.0000000180025095e-35 325.50000000000006 531.50000000000011 994.47500610351574 94.000000000000014 1.0000000180025095e-35 30.451649665832523 6.5000000000000009 7.5000000000000009 4.5000000000000009 592.50000000000011 9812864.5000000019 4.5000000000000009 34.771699905395515 75.564601898193374 682.50000000000011 38.500000000000007 1.5000000000000002 1.0000000180025095e-35 226.50000000000003 1055.5000000000002 709.50000000000011 884.50000000000011 19.000000000000004 1.0000000180025095e-35 113.50000000000001
decision_type=10 8 2 10 2 10 10 2 2 10 10 10 2 10 10 2 2 10 10 2 10 2 10 10 2 10 2 10 2 8
left_child=1 2 3 8 5 -4 7 -7 9 -1 11 12 19 -14 -13 -16 17 18 -5 28 24 -22 -23 -24 25 26 27 -21 -10 -30
right_child=-2 -3 4 16 -6 6 -8 -9 10 -11 -12 14 13 -15 15 -17 -18 -19 -20 20 21 22 23 -25 -26 -27 -28 -29 29 -31
leaf_value=0.0046732907005391849 -0.030168722906086212 -0.029785714299761942 0.003059320722492711 0.01179362595637751 -0.0095014830746111782 0.045799327362022642 0.0023403140240035297 -0.028166650366313266 0.11113303095624205 0.032164756506411457 -0.091207934968032936 0.011180622528952463 -0.023150536534816728 -0.14415662649882338 0.042007626451551358 0.18261952317324978 -0.03355046891940363 0.069648323728497316 0.072990071735501344 0.0080940013864358624 0.0068200501274841676 0.038068912114776074 0.26025227358262182 0.062740807390154765 -0.0055990042406867902 0.1323092776281232 0.21816392629383519 0.16863812755405513 0.044602204772798928 -0.0065212416267395506
leaf_weight=282.9427655749023 34.426253642421216 33.864927001995966 95.584268146194518 47.14012029254809 47.467323361430317 86.294758349657059 45.052712669596076 10.5433047497645 1.9853677470237006 47.0336445979774 3.2563632405363014 70.057100009638816 37.944557287264615 2.5244240518659344 6.3189605614170423 1.5777250039391217 7.0105274314992121 11.404497233219443 7.1345269540324798 116.66609238577075 155.80983892665245 39.044966244604439 2.0341290580108753 3.0186523180454969 536.95959346368909 3.0936096529476336 0.70919854566454787 1.1715513356029976 10.165509921964256 633.26986924232915
leaf_count=13653 463 497 1679 735 3428 1095 733 146 26 601 26 1452 385 31 85 32 132 85 52 3879 13544 1295 26 25 22102 48 8 12 120 33605
internal_value=0.00182021 0.00228941 0.00275898 0.00137062 0.0126416 0.0170676 0.0265043 0.0377462 0.000585095 0.00859182 -0.00104016 -0.00085918 -0.00176816 -0.0306988 0.0171493 0.0701013 0.0225039 0.0284871 0.019838 -0.00098967 0.0022915 0.0163466 0.0500066 0.142254 -0.0019747 0.0140241 0.0109373 0.00969014 -0.00535412 -0.00571355
internal_weight=2381.51 2347.08 2313.22 2028.27 284.942 237.475 141.891 96.8381 1955.58 329.976 1625.61 1622.35 1544.4 40.469 77.9538 7.89669 72.6897 65.6791 54.2746 1503.93 858.508 199.908 44.0977 5.05278 658.6 121.64 118.547 117.838 645.421 643.435
internal_count=100000 99537 99040 91959 7081 3653 1974 1241 90955 14254 76701 76675 75106 416 1569 117 1004 872 787 74690 40939 14890 1346 51 26049 3947 3899 3891 33751 33725
is_linear=0
shrinkage=0.03


Tree=176
num_leaves=31
num_cat=0
split_feature=409 41 396 439 347 32 437 4 126 424 128 38 4 28 348 11 11 16 4 30 106 1 1 56 181 15 0 122 167 1
split_gain=38.841 37.9503 44.2222 38.2847 41.0762 38.6773 57.8385 35.6198 33.591 32.9455 32.5231 30.0734 39.3801 29.1486 37.6064 28.9214 129.64 123.797 31.8053 29.2361 27.9152 27.6717 64.8811 67.4272 35.0225 29.4305 54.5843 34.1627 27.0465 28.5135
threshold=13.500000000000002 4.5000000000000009 1.0000000180025095e-35 913.50000000000011 3.5000000000000004 575.50000000000011 2550.0000000000005 554.50000000000011 1.5000000000000002 182.50000000000003 1.5000000000000002 34.500000000000007 592.50000000000011 4.5000000000000009 2.5000000000000004 864.50000000000011 914.50000000000011 1.5000000000000002 180.50000000000003 1.0000000180025095e-35 2.5000000000000004 102.48600006103517 107.23500061035158 1.0000000180025095e-35 28.97500038146973 13.500000000000002 8273056.5000000009 1.0000000180025095e-35 2.5000000000000004 414.83500671386724
decision_type=8 10 10 2 2 10 2 8 10 2 8 10 10 2 10 10 10 2 10 8 10 2 2 8 2 2 2 10 2 2
left_child=9 2 3 5 7 11 -7 10 -6 -1 13 21 -13 14 15 28 17 -17 19 -18 -9 24 23 -23 -2 27 -27 -24 29 -5
right_child=1 -3 -4 4 8 6 -8 20 -10 -11 -12 12 -14 -15 -16 16 18 -19 -20 -21 -22 22 25 -25 -26 26 -28 -29 -30 -31
leaf_value=-0.022300064714946683 0.0038732383965319533 -0.018248058526188753 0.018046323086294443 0.0021363521332819764 -0.027327313840529808 0.62483670268542479 -0.031285770638748774 -0.010778728914845638 0.034220101492054039 0.053199952683690703 -0.010225692956935538 -0.0037582485492153824 0.31706149356816116 -0.0099679190647405155 0.04030619359995756 0.046125459423490708 0.33201455723118545 0.55624314460512114 0.00091140109395124614 0.066123858514547842 0.1336038684162108 0.32921542614527666 0.029938142880039945 0.065757322518502886 0.051423520465990739 -0.031145272692153978 0.37661269943451803 -0.01595580629059859 0.074281503082461453 0.016675928930216913
leaf_weight=83.984154682839289 151.73981679347344 76.56119241961278 167.70225576963276 904.21839610836469 73.207870459649712 0.22893128707073529 0.25628111837431788 221.33391636935994 8.9572742823511344 5.5451318980194619 150.03305151523091 111.85859905835241 0.34541142964735527 112.47405194444582 28.130235618213192 0.8997101262211824 0.41101682744920509 0.81693962076678872 18.115371520863846 3.9390493021346629 1.2117820493876923 1.2406379170715798 77.392912595067173 2.9607578897848725 15.350997543428091 0.59332456113770493 0.58855253923684359 17.991115518379956 4.963899456895887 140.21611211402342
leaf_count=1700 5289 1738 2948 48810 852 24 16 11218 69 99 3730 7261 34 8035 517 33 6 38 714 191 11 35 1601 46 203 37 35 1157 72 3481
internal_value=0.00176131 0.00251795 0.00323502 0.00202306 6.51243e-05 0.0106098 0.278284 0.00113611 -0.0206177 -0.0176239 0.00295154 0.010268 -0.00277063 0.00457981 0.00606499 0.0051678 0.0376045 0.288886 0.0184033 0.0912466 -0.00999255 0.0157299 0.0281465 0.143554 0.00824179 0.0231253 0.171911 0.0212817 0.00442033 0.0040883
internal_weight=2383.27 2293.74 2217.18 2049.48 1668.93 380.547 0.485212 1586.76 82.1651 89.5293 1364.22 380.062 112.204 1214.18 1101.71 1073.58 24.1821 1.71665 22.4654 4.35007 222.546 267.858 100.767 4.2014 167.091 96.5659 1.18188 95.384 1049.4 1044.43
internal_count=100000 98201 96463 93515 77777 15738 40 76856 921 1799 65627 15698 7295 61897 53862 53345 982 71 911 197 11229 8403 2911 81 5492 2830 72 2758 52363 52291
is_linear=0
shrinkage=0.03


Tree=177
num_leaves=31
num_cat=0
split_feature=409 341 21 313 43 394 24 24 424 3 3 3 126 366 7 38 255 295 16 28 9 20 20 38 401 11 337 359 128 346
split_gain=36.8332 36.4125 36.2579 38.3557 35.9363 31.7317 32.0155 42.8076 30.8477 30.6131 37.488 30.0951 43.469 30.6735 29.8865 34.37 31.596 42.4972 31.2299 40.1398 30.9681 34.3171 45.2221 33.0526 30.2167 29.007 38.0651 28.6443 28.1427 27.5117
threshold=13.500000000000002 4.5000000000000009 2.5000000000000004 3.5000000000000004 72.500000000000014 1.0000000180025095e-35 8.5000000000000018 13.500000000000002 182.50000000000003 14649.500000000002 14626.500000000002 3771.5000000000005 2.5000000000000004 1006.9750061035157 136.00000000000003 286.50000000000006 92.502998352050795 1.5000000000000002 9.5000000000000018 61.500000000000007 496.00000000000006 2.5000000000000004 5.5000000000000009 130.50000000000003 -7.4999999999999991 717.50000000000011 4.5000000000000009 913.50000000000011 1.0000000180025095e-35 2.5000000000000004
decision_type=8 8 2 10 10 10 2 2 2 2 2 2 10 8 10 8 10 10 2 2 10 2 2 10 8 10 2 2 10 2
left_child=8 2 3 5 -4 6 9 -8 -1 10 11 13 14 29 -13 16 17 20 -17 -20 24 -22 23 -23 -16 -11 -27 -28 -15 -2
right_child=1 -3 4 -5 -6 -7 7 -9 -10 25 -12 12 -14 28 15 18 -18 -19 19 -21 21 22 -24 -25 -26 26 27 -29 -30 -31
leaf_value=-0.02191289288622579 -0.0028306273453526758 -0.029159498347876633 -0.0024872489404836641 0.043943859515667545 -0.041711570312991407 0.042385658088204187 0.079386396082108332 -0.0031662217466317021 0.050345996647239218 -0.0058219115649401311 0.060496978006156325 -0.0065570753167612655 0.18440444469129397 0.11901581755158017 0.15795954657729094 -0.0061977161929479005 -0.015728354296374356 0.04457419923511844 0.065085161334347927 -0.026782965151025646 0.027973316291592415 0.078612402601151599 0.046257341902144707 0.37503633075425752 0.0088045390398301913 0.020981601352340312 0.30621996261362261 0.047531453078406512 -0.018404288860092509 -0.034720471411712181
leaf_weight=82.920273864874616 281.17431013006717 32.371341345831752 65.188130248337984 21.090610949322581 31.027057932224125 18.52211751928553 11.401414048392327 11.213347312062977 5.6815291633829466 422.13962080772035 10.656766752945257 155.02740703639574 1.2279991302639235 3.418321354314684 1.2241315245628355 213.25326035637408 41.26506577944383 32.921714422293007 12.595280090346934 6.4839766889344892 15.978083392605187 0.54913571337237888 2.2804441824555397 0.88281990820541978 864.51505523384549 10.084409236907957 0.7958654724061478 0.74664766062051058 2.2073286101222038 26.655754081904888
leaf_count=1700 13524 474 721 174 302 200 183 243 99 20876 313 7203 14 26 18 10566 585 304 458 772 741 57 65 27 39422 384 18 26 26 479
internal_value=0.00170085 0.00243301 0.00288462 0.00368426 -0.0151361 0.00328882 0.00294863 0.0384533 -0.0172793 0.00256739 0.00440946 0.00404975 0.00599649 -0.00432339 0.00583384 0.00744543 0.00995205 0.011106 -0.0029078 0.0338643 0.00986157 0.0470636 0.129228 0.261362 0.00901544 -0.00453441 0.0422112 0.181003 0.0650965 -0.00559205
internal_weight=2385.5 2296.9 2264.53 2168.31 96.2152 2147.22 2128.7 22.6148 88.6018 2106.08 1672.32 1661.66 1348.2 313.456 1346.98 1191.95 959.616 918.351 232.333 19.0793 885.43 19.6905 3.7124 1.43196 865.739 433.767 11.6269 1.54251 5.62565 307.83
internal_count=100000 98201 97727 96704 1023 96530 96330 426 1799 95904 74600 74287 60232 14055 60218 53015 41219 40634 11796 1230 40330 890 149 84 39440 21304 428 44 52 14003
is_linear=0
shrinkage=0.03


Tree=178
num_leaves=31
num_cat=0
split_feature=27 437 12 335 105 320 318 1 437 4 1 7 4 272 424 195 361 364 4 24 365 392 167 437 393 30 9 27 137 95
split_gain=37.2173 33.6187 34.0244 33.0427 36.209 31.885 42.2941 30.773 36.8869 43.9584 43.1177 32.9386 61.49 42.8463 34.8367 40.5666 32.7415 32.9917 29.1311 28.4501 27.2664 32.2974 31.5896 27.0847 26.9267 26.8186 33.5369 30.8906 24.9466 27.8086
threshold=124.50000000000001 35.500000000000007 530.50000000000011 8.5000000000000018 1.5000000000000002 31.116300582885746 88.817649841308608 414.83500671386724 1701.5000000000002 529.50000000000011 994.47500610351574 194.50000000000003 160.50000000000003 3.5000000000000004 122.00000000000001 2.5000000000000004 28.97500038146973 39.07609939575196 322.50000000000006 4.5000000000000009 160.72499847412112 -14.499999999999998 1.5000000000000002 1476.5000000000002 477515.00000000006 405.50000000000006 264.50000000000006 36.500000000000007 1.5000000000000002 2.5000000000000004
decision_type=2 2 10 8 10 10 10 2 2 10 2 10 8 10 2 10 2 2 10 2 10 8 2 2 8 8 10 2 10 8
left_child=1 -1 3 5 -5 7 19 11 9 10 18 12 13 20 -14 -16 28 -18 23 -7 21 24 -23 -9 -3 -19 -27 -28 -13 -30
right_child=-2 2 -4 4 -6 6 -8 8 -10 -11 -12 16 14 -15 15 -17 17 25 -20 -21 -22 22 -24 -25 -26 26 27 -29 29 -31
leaf_value=-0.0076326680886446936 -0.023121467647472572 0.061335562239159085 -0.0359870929259756 -0.030945610605350504 0.038638710697041487 0.039876492843602958 -0.033419539288074313 0.012802217243910749 -0.00080332249249671147 -0.014926748401549252 -0.022065057048716225 0.0025983233308212806 -0.0092438527198032243 -0.073780846300216141 0.024455897487361853 0.23141318579068995 0.069463328178729564 0.012049886829136287 0.053985057944595849 -0.031447009399683562 0.091244465247827825 0.00067988943903839183 0.071391552754515933 0.081591297555396652 -0.020068893312024015 -0.032236894550046663 0.18587898626614266 -0.030634012108512361 0.054438404543659086 -0.027475667431618351
leaf_weight=275.39394194609486 53.387461449485272 21.019613527692854 19.426205249037594 42.77403823682107 7.9870618600398293 55.955803419463336 9.8769309911876899 41.276630358304828 87.107469579204917 21.491254836320877 11.872354162856935 930.99283697130159 468.78104355675168 4.3820486590266219 14.469638406764712 0.90577251510694701 10.46497139520943 145.61455899709836 51.741690405178815 5.5309219826012841 4.8780651977285734 59.835755036910996 6.2830150336958459 5.8860090887174001 4.4273142702877548 1.5486769815906871 2.5978667973540728 0.76850212737917889 16.226625962182883 4.8432607827708116
leaf_count=11979 4591 307 422 511 51 694 168 1022 2103 517 493 47919 21861 31 343 17 284 3009 786 87 56 1956 73 73 73 86 88 53 258 89
internal_value=0.001645 0.00221141 0.00352809 0.00390447 -0.0199968 0.00451452 0.0242043 0.00378169 0.0143554 0.0243385 0.0319561 0.00241564 -0.00334788 0.0179658 -0.00778646 0.0366478 0.00544473 0.0179571 0.0384408 0.0334607 0.0221345 0.0184527 0.00739935 0.0213873 0.0471726 0.0143763 0.0832997 0.136452 0.00332888 0.0356091
internal_weight=2387.75 2334.36 2058.97 2039.54 50.7611 1988.78 71.3637 1917.41 219.375 132.268 110.777 1698.04 584.982 100.826 484.156 15.3754 1113.06 160.995 98.9043 61.4867 96.4438 91.5657 66.1188 47.1626 25.4469 150.53 4.91505 3.36637 952.063 21.0699
internal_count=100000 95409 83430 83008 562 82446 949 81497 4994 2891 2374 76503 24717 2496 22221 360 51786 3520 1881 781 2465 2409 2029 1095 380 3236 227 141 48266 347
is_linear=0
shrinkage=0.03


Tree=179
num_leaves=31
num_cat=0
split_feature=260 341 3 437 4 3 437 34 41 260 3 42 22 272 5 369 439 128 439 435 266 11 337 4 11 3 367 372 38 334
split_gain=35.5138 34.1693 33.987 43.0955 38.2827 33.9664 36.2025 43.7998 34.3839 30.0288 28.8732 28.6441 54.4949 33.4156 30.946 46.3138 29.0575 30.5263 28.2432 32.1567 31.2956 26.8639 27.5473 25.9684 52.431 63.761 43.2135 25.5633 41.0204 42.6623
threshold=76.28025054931642 4.5000000000000009 14649.500000000002 35.500000000000007 555.50000000000011 3376.0000000000005 14547.000000000002 388.50000000000006 52.500000000000007 75.564601898193374 14626.500000000002 23.500000000000004 1.0000000180025095e-35 7.5000000000000009 143.50000000000003 87.00315093994142 18088.500000000004 1.5000000000000002 164644.50000000003 1.4425496928763777 145.02075195312503 717.50000000000011 4.5000000000000009 181.50000000000003 413.50000000000006 13956.500000000002 887.00000000000011 213.50000000000003 179.50000000000003 1.5000000000000002
decision_type=10 8 2 2 10 2 2 8 10 10 2 8 2 10 8 2 2 8 2 2 8 10 2 8 10 2 8 2 8 10
left_child=1 2 3 -1 5 -5 8 -8 10 21 11 12 -7 14 15 -13 -16 23 19 20 -14 -4 -23 24 26 -26 -18 -25 29 -29
right_child=-2 -3 9 4 -6 6 7 -9 -10 -11 -12 13 18 -15 16 -17 17 -19 -20 -21 -22 22 -24 27 25 -27 -28 28 -30 -31
leaf_value=-0.0085200117594250776 -0.028921746910095289 -0.028527000913839723 -0.0062098825273773821 -0.0025933336311777331 -0.010863948468642366 0.2198459852375311 0.14057714597233864 -0.024652547585660527 -0.030465785229662912 0.15185459140442648 0.060290485753455851 0.019817085575473868 0.015236612621530289 -0.097604434059118395 0.016682498114126709 0.25509182184823415 0.013549056185991346 -0.010033011550463973 0.031458381588174579 -0.023344276681900679 0.17637361494424586 0.019954837136029295 0.14625748002172392 0.0021512055446078772 0.072088513974405535 0.40925834837262165 0.26901079340524453 0.067990177566935692 -0.024216748386346722 -0.0050824717946109689
leaf_weight=209.19915236532688 33.839798424392939 32.477462408365682 462.36843484267592 263.88777909614146 113.54841394280083 1.2292514871805895 1.4990561753511427 39.245102540589869 18.452934479806572 1.1002330109477032 10.516080532921476 2.226588732330129 81.921647382434458 2.6757733002305022 267.41501868213527 1.1378107154741881 127.91990531678312 102.83472140762024 93.71372864744626 22.107969315722585 1.0993216102942813 10.257948149461297 1.8316760775633145 434.28860640246421 6.8201775162015101 0.54512335802428413 0.59874001517891784 21.345781442243606 10.789766232483087 10.843771983403711
leaf_count=9586 463 497 21547 11153 4156 15 9 2562 439 7 258 91 1677 14 10945 15 6199 2309 1282 401 12 384 44 24859 222 26 20 319 263 226
internal_value=0.00159276 0.00203144 0.00245896 0.00430144 0.00594029 0.00719304 0.00924391 -0.0185734 0.0101741 -0.00469256 0.010799 0.0103615 0.0207142 0.00826806 0.00855515 0.099385 0.00824441 0.00509285 0.0194832 0.00880828 0.0173703 -0.00505558 0.0390907 0.00762968 0.0192003 0.0970433 0.0147392 0.00433539 0.0264057 0.043374
internal_weight=2387.74 2353.9 2321.42 1845.86 1636.66 1523.11 1259.23 40.7442 1218.48 475.558 1200.03 1189.51 200.072 989.442 986.766 3.3644 983.402 715.987 198.843 105.129 83.021 474.458 12.0896 613.152 135.884 7.3653 128.519 477.268 42.9793 32.1896
internal_count=100000 99537 99040 77058 67472 63316 52163 2571 49592 21982 49153 48895 3387 45508 45494 106 45388 34443 3372 2090 1689 21975 428 32134 6467 248 6219 25667 808 545
is_linear=0
shrinkage=0.03


Tree=180
num_leaves=31
num_cat=0
split_feature=27 19 346 364 437 438 125 437 394 55 12 14 14 7 4 32 27 189 12 437 1 437 11 0 29 9 437 434 16 9
split_gain=35.1574 32.8457 33.9142 31.7682 30.3275 29.506 28.7164 28.0342 27.6283 27.1978 27.4468 28.3288 45.5856 26.8274 40.4516 31.3427 60.7662 39.5949 34.2126 33.4077 31.0671 41.0211 45.5183 27.8056 31.6816 30.6422 30.6385 31.2274 27.3639 32.3228
threshold=124.50000000000001 25.500000000000004 4.5000000000000009 25.044100761413578 1025.5000000000002 253.00000000000003 1.5000000000000002 682.50000000000011 1.5000000000000002 1.5000000000000002 530.50000000000011 38.500000000000007 37.500000000000007 192.00000000000003 554.50000000000011 20.500000000000004 11.500000000000002 28.138299942016605 121.50000000000001 843.50000000000011 107.23500061035158 1744.5000000000002 22.500000000000004 7425903.5000000009 1.0000000180025095e-35 249.00000000000003 1010.5000000000001 -0.68932491992693989 1.5000000000000002 128.00000000000003
decision_type=2 2 2 2 2 2 10 2 10 10 10 2 2 8 10 8 2 2 10 2 2 2 8 2 8 10 2 2 2 8
left_child=1 2 3 9 7 -5 -6 -4 13 10 11 12 -1 23 15 18 17 -17 -15 -18 21 -19 -23 24 -7 26 -25 -28 -21 -30
right_child=-2 -3 4 5 6 8 -8 -9 -10 -11 -12 -13 -14 14 -16 16 19 20 -20 28 -22 22 -24 25 -26 -27 27 -29 29 -31
leaf_value=0.0022861074911814118 -0.022772927126458377 0.076367622324038514 -0.0078302146625480584 -0.014277326393672785 -0.032215784413779404 0.28112538512354823 0.094911055378127482 0.046510432075064917 0.13799645555964796 -0.020626855786596732 -0.03526299047423883 -0.01934295352517865 0.15445848967133002 0.0064574848066888567 -0.0099241330924548735 0.034779092935982157 -0.019998577650158264 0.052100184804229337 0.12984964394676601 -0.02621907974899565 0.035817645160693058 0.30732680873440493 0.09956612008323984 0.029365082655753431 0.014833349255442845 -0.013971625739345458 0.16753466498435954 -0.011424419868003631 0.17611818062863011 0.024653656212300101
leaf_weight=1452.4520961830858 52.353112742537633 5.345089037436991 50.62485467037186 47.481891647912562 58.236522789113224 0.67096029082313058 1.644336076453327 10.279328869655727 1.5213250648230303 53.041629970539361 18.331280620535836 55.625635121017694 1.7738991491496552 159.71073305909522 54.66575179877691 94.093171618878841 27.281075742794201 3.0175398052670044 2.0482745375484219 9.7936348398216051 4.9291562465950847 1.8416199660860004 1.9582701027393339 42.649369736900553 1.003461682703346 84.771924888016656 0.89804257126524945 38.452658483292907 1.3002575673162926 51.163321230793372
leaf_count=72064 4591 105 812 1629 738 19 21 90 12 2368 410 1301 16 3028 1638 2643 1492 63 31 428 91 27 17 953 26 2514 16 1049 73 1735
internal_value=0.00154052 0.00208528 0.00191497 0.00276079 -0.0135644 0.0084619 -0.0287249 0.00134133 0.0103178 0.00049202 0.00122503 0.00166804 0.00247173 0.00998303 0.0141087 0.0177873 0.0258739 0.0412623 0.00801994 0.00768385 0.0931949 0.13468 0.200258 -0.000102921 0.12154 -0.00132424 0.0117507 -0.0073403 0.0198143 0.0284076
internal_weight=2388.96 2336.61 2331.26 2210.48 120.785 629.252 59.8809 60.9042 581.771 1581.22 1528.18 1509.85 1454.23 580.249 411.803 357.137 195.378 105.84 161.759 89.5383 11.7466 6.81743 3.79989 168.446 1.67442 166.772 82.0001 39.3507 62.2572 52.4636
internal_count=100000 95409 95304 93643 1661 17484 759 902 15855 76159 73791 73381 72080 15843 11266 9628 6569 2841 3059 3728 198 107 44 4577 45 4532 2018 1065 2236 1808
is_linear=0
shrinkage=0.03


Tree=181
num_leaves=31
num_cat=0
split_feature=27 2 437 335 367 363 437 366 320 47 359 437 11 433 339 106 36 437 181 25 1 4 4 124 111 31 5 1 25 405
split_gain=34.955 55.5632 45.9482 54.899 40.4691 41.5918 39.4941 50.1967 37.6775 34.2917 45.9433 51.9047 90.2908 42.4193 90.6768 179.685 33.6246 33.0453 32.2951 32.0347 31.8321 36.05 37.6763 29.4567 48.8897 29.4397 34.1226 38.0635 33.763 32.3061
threshold=1.5000000000000002 2.5000000000000004 668.50000000000011 8.5000000000000018 25.006950378417972 50.074300765991218 1123.0000000000002 886.50000000000011 31.479100227355961 -1.0000000180025095e-35 146.16864776611331 1089.5000000000002 6.5000000000000009 1.0000000180025095e-35 1.0000000180025095e-35 1.0000000180025095e-35 1.312499523162842 920.00000000000011 135.97499847412112 18.500000000000004 166.99500274658206 350.50000000000006 355.50000000000006 1.5000000000000002 1.0000000180025095e-35 1.0000000180025095e-35 166.50000000000003 374.96000671386724 2.5000000000000004 -269.99999999999994
decision_type=2 2 2 8 10 2 2 10 10 2 2 2 8 2 2 10 10 2 2 2 2 8 8 10 10 8 10 2 2 10
left_child=4 23 20 6 8 16 7 9 19 10 -4 13 -13 14 15 -12 17 18 -6 25 -3 -22 -23 -2 -25 -1 27 28 29 -27
right_child=1 2 3 -5 5 -7 -8 -9 -10 -11 11 12 -14 -15 -16 -17 -18 -19 -20 -21 21 22 -24 24 -26 26 -28 -29 -30 -31
leaf_value=-0.010396542676900124 -0.018970081858388541 -0.012943178392705527 0.0053173739940223005 -0.035021397237981325 0.04398301158531652 -0.012530769050669912 0.0042688195977138152 0.092870792673746885 0.038121489218753669 0.006498917748254787 1.0671803619345419 0.52303715395601091 -0.032111418128621616 0.043862120658447822 0.0692112698025142 0.051319765528820421 0.080733352541480091 0.0053786901390041235 -0.018941219315254595 -0.21629588653496237 -0.016097841268629183 0.24397522091634127 0.015154225501195219 0.18125529266494553 0.0055814302316365815 -0.0056060653596110323 0.013378302491628991 0.017036265780570974 0.043622943115454393 0.042323690578264406
leaf_weight=145.4074896927923 205.16562183247879 262.28687246865593 16.241189554100856 27.404002554249018 59.266962637659162 30.976726303808391 426.81127525889315 8.7971447827294451 26.616782894358039 72.388912747381255 0.27334156306461155 0.59499710192903754 0.47351234802044939 15.765664658974854 1.8011662764474747 0.3672485095448792 9.4014246221631748 58.357194056268781 8.3785659335553628 0.60487636551260848 46.07882038410753 0.65270230663008888 83.155633009038866 1.544154211878779 18.595110132358968 478.89732141676359 256.12678116583265 102.03460342530161 13.573939561378209 13.000156971625982
leaf_count=2698 4424 21401 2062 223 780 439 24501 79 252 2529 30 34 40 704 53 41 138 834 66 17 2147 21 3025 24 262 24649 5245 3002 156 124
internal_value=0.00148914 -0.00215983 0.000977681 0.0064086 0.00509488 0.0188289 0.00849751 0.0239628 0.00288977 0.018345 0.0424891 0.0738086 0.277022 0.0618829 0.178238 0.48479 0.0260031 0.0219196 0.0361892 0.00196097 -0.00692854 0.00521709 0.0169363 -0.0155715 0.019051 0.0020918 0.00419443 0.00032248 -0.00305137 -0.00433935
internal_weight=2391.04 1188.4 963.092 570.918 1202.64 166.381 543.514 116.703 1036.26 107.906 35.5171 19.2759 1.06851 18.2074 2.44176 0.64059 135.404 126.003 67.6455 1009.65 392.174 129.887 83.8083 225.305 20.1393 1009.04 863.633 607.506 505.471 491.897
internal_count=100000 61600 56890 30296 38400 2257 30073 5572 36143 5493 2964 902 74 828 124 71 1818 1680 846 35891 26594 5193 3046 4710 286 35874 33176 27931 24929 24773
is_linear=0
shrinkage=0.03


Tree=182
num_leaves=31
num_cat=0
split_feature=27 41 436 13 347 4 65 27 396 362 396 29 76 4 7 437 433 438 46 7 119 1 434 43 438 157 11 11 43 3
split_gain=33.3132 32.9009 29.8381 30.8386 35.095 31.5008 31.5682 48.6511 33.8746 31.7653 29.8503 29.023 28.7023 29.846 28.1097 27.2651 26.3575 36.8287 25.1752 25.3704 30.5972 25.2864 44.3379 24.9064 31.036 37.8043 36.1918 80.2165 30.3243 62.9252
threshold=124.50000000000001 4.5000000000000009 -223.37358961851936 1.0000000180025095e-35 2.5000000000000004 554.50000000000011 1.5000000000000002 1.0000000180025095e-35 1.0000000180025095e-35 136.25000000000003 3.5000000000000004 295.50000000000006 1.5000000000000002 553.50000000000011 192.00000000000003 2550.0000000000005 1.5000000000000002 6188.0000000000009 1.0000000180025095e-35 130.00000000000003 1.0000000180025095e-35 115.02000045776369 0.47560157657791752 487.50000000000006 9069.0000000000018 1.5000000000000002 864.50000000000011 901.50000000000011 475.50000000000006 13956.500000000002
decision_type=2 10 2 2 2 8 8 2 10 2 10 8 10 8 10 2 2 2 2 8 8 2 2 10 2 2 10 10 10 2
left_child=1 2 -1 11 5 6 8 16 9 -5 -10 14 13 23 18 -6 -8 -18 19 20 21 -4 -23 24 28 26 -26 -28 -11 -30
right_child=-2 -3 3 4 15 -7 7 -9 10 12 -12 -13 -14 -15 -16 -17 17 -19 -20 -21 -22 22 -24 -25 25 -27 27 -29 29 -31
leaf_value=-0.02795635645438687 -0.022426840046153061 -0.017263177433941061 0.053596071992903123 0.0018433276847424991 -0.0043952912041296654 -0.0071950747780956635 -0.013652854170968658 -0.018433471159408504 0.040545628043328903 0.0064021015939598686 0.0032643518090434373 -0.017460156239825282 -0.020616215954645557 0.23251335879838703 0.018945165054684878 -0.033872943369030531 0.053189859673109199 0.001961037624684372 -0.019924938088045477 -0.00077876825991414424 0.0223332860638745 0.41264573241381375 0.075485206997561366 -0.0073657247702434772 0.018925620693864578 0.078652683621145802 0.34277867910771276 0.049995804083342532 -0.030525884085916624 0.50497547144811572
leaf_weight=28.361478157574311 51.510032398393378 77.453559926943853 2.0567477885633711 888.96817082096823 92.378373677376658 253.23238343582489 24.277814337983727 123.74431356298737 46.228902430273592 120.9144975328818 33.217879343312234 29.791955755557865 21.314322963124141 0.56901232851669092 240.86953574046493 40.673976667691022 22.380194653756917 28.989910293836147 36.312068329658359 44.119378137867898 14.658407562412323 0.60654763504862763 0.83327471930533648 38.71426183078438 108.34053823701106 12.35721827065572 0.95725442469119926 7.0070741889066994 0.47962495987303455 0.33573142439126968
leaf_count=1122 4591 1804 88 47464 1040 11407 288 3635 725 4584 621 2314 737 34 8038 449 199 374 1802 1317 563 18 28 2286 4102 136 13 163 44 14
internal_value=0.00143784 0.00196314 0.00262127 0.0030094 0.00144119 0.00258178 0.00425599 -0.00684705 0.00598637 0.00473031 0.0249578 0.0109305 0.0129828 0.015455 0.0134222 -0.0134066 0.0121059 0.0242797 -7.1828e-05 0.0115045 0.0413547 0.121097 0.217519 0.0150278 0.0184902 0.0287636 0.023463 0.0851862 0.00763167 0.189972
internal_weight=2391.65 2340.14 2262.69 2234.33 1865.08 1732.03 1478.8 199.392 1279.4 1199.96 79.4468 369.248 310.99 289.675 339.456 133.052 75.6479 51.3701 98.5864 62.2744 18.155 3.49657 1.43982 289.106 250.392 128.662 116.305 7.96433 121.73 0.815356
internal_count=100000 95409 93605 92483 78315 76826 65419 4496 60923 59577 1346 14168 12113 11376 11854 1489 861 573 3816 2014 697 134 46 11342 9056 4414 4278 176 4642 58
is_linear=0
shrinkage=0.03


Tree=183
num_leaves=31
num_cat=0
split_feature=27 30 437 38 362 353 1 411 4 5 4 437 366 52 126 346 20 5 393 438 15 367 138 113 43 29 43 108 11 433
split_gain=32.6062 65.1966 48.7327 42.4836 46.9443 44.0425 41.8797 38.9828 36.1157 43.5108 39.0242 34.4881 51.9288 40.2042 36.9951 39.2034 33.4512 30.9781 45.3534 32.9773 32.316 30.8535 29.4554 28.8262 28.2692 28.0656 27.6237 34.4382 33.2266 70.0472
threshold=1.5000000000000002 1.0000000180025095e-35 668.50000000000011 40.500000000000007 136.25000000000003 1.0000000180025095e-35 166.99500274658206 183.50000000000003 474.50000000000006 145.00000000000003 529.50000000000011 1109.0000000000002 153.86000061035159 1.0000000180025095e-35 2.5000000000000004 4.5000000000000009 11.500000000000002 166.50000000000003 295687.00000000006 7919.5000000000009 4.5000000000000009 78.95999908447267 1.5000000000000002 1.5000000000000002 392.50000000000006 17.500000000000004 88.500000000000014 1.5000000000000002 16.500000000000004 5.5000000000000009
decision_type=2 10 2 8 2 10 2 8 10 8 10 2 10 2 10 2 2 10 8 2 2 10 10 10 8 8 10 10 10 2
left_child=1 16 6 11 7 26 -2 -5 9 -8 24 12 -4 21 15 -13 17 20 19 -19 22 -14 -1 -3 -10 -7 27 28 -6 -30
right_child=2 23 3 4 5 25 8 -9 10 -11 -12 14 13 -15 -16 -17 -18 18 -20 -21 -22 -23 -24 -25 -26 -27 -28 -29 29 -31
leaf_value=0.00010862872001664662 -0.015138159252804465 0.023872017232530806 -0.0044018142918581405 0.073997161052423113 0.03887494756377817 0.13395890601695204 0.14797309812394391 -0.0034479308457675806 0.066568768385041097 -0.012921089118265583 0.0026974372279463771 -0.0050060165941936052 0.14543469992292121 0.0050818251503529036 0.13330909718793502 -0.038167574572617137 -0.22432277460243044 0.027940414356560452 -0.0023984531090860241 0.0023183718454750975 0.047806774926151895 0.052290145058770346 -0.025538095561052871 0.092192225328628793 -0.017198425113793367 0.025876273618744634 0.010607879920024078 -0.023907372933411955 0.081994688140675578 0.43154456689088372
leaf_weight=695.96340875327587 342.36780087510124 95.974630351178348 49.209431788185611 6.0853406097739935 30.563647667178884 5.0661875782534453 1.5442170053720472 151.0177890448831 19.652569687459618 74.166741394903511 39.607278595911339 277.47198900161311 4.3763066036626723 12.076635238016026 1.6564628249034274 36.279634512029588 0.58359299972653289 135.74310233723372 148.47079214733094 67.785800902638584 12.222225189674644 11.913604114670305 42.781038785353303 5.8998352019116274 4.4461340005509582 3.7722227263730028 104.72745358198881 6.5561185239348552 4.6949060910847029 0.57966256258077908
leaf_count=29174 23128 1780 2046 88 894 56 22 12218 431 3135 1504 11245 45 251 18 332 9 1822 3079 1455 118 157 914 49 222 55 5356 158 216 23
internal_value=0.00138967 0.00486571 -0.00213784 0.0028817 0.0111266 0.0227862 -0.00949389 -0.000448119 0.0043668 -0.00963946 0.0210125 -0.00368646 0.0142337 0.046562 -0.008094 -0.00884054 0.00274588 0.00286603 0.0102096 0.0194069 -0.00057611 0.0773136 -0.00137659 0.0278286 0.051114 0.0878294 0.0188787 0.0393102 0.050875 0.120409
internal_weight=2393.26 1205.42 1187.83 706.047 313.063 155.96 481.785 157.103 139.417 75.711 63.706 392.984 77.576 28.3665 315.408 313.752 1103.55 1102.97 352 203.529 750.967 16.2899 738.744 101.874 24.0987 8.83841 147.122 42.3943 35.8382 5.27457
internal_count=100000 38400 61600 33158 19064 6758 28442 12306 5314 3157 2157 14094 2499 453 11595 11577 36571 36562 6356 3277 30206 202 30088 1829 653 111 6647 1291 1133 239
is_linear=0
shrinkage=0.03


Tree=184
num_leaves=31
num_cat=0
split_feature=260 341 3 437 4 3 437 34 7 37 4 7 9 286 393 40 43 260 13 128 5 95 25 13 322 4 11 435 15 39
split_gain=32.4271 29.8268 30.3511 38.2892 33.6052 30.3955 32.672 37.777 33.6342 36.206 25.1601 28.5848 37.1954 25.5932 27.5594 24.3352 34.8206 24.334 23.7835 26.9115 31.1165 23.6909 29.6831 30.0185 23.6335 23.4911 45.293 34.7779 40.4146 34.1782
threshold=76.28025054931642 4.5000000000000009 14649.500000000002 35.500000000000007 555.50000000000011 3376.0000000000005 14547.000000000002 388.50000000000006 136.00000000000003 0.062499500811100013 103.50000000000001 164.00000000000003 228.50000000000003 1.0000000180025095e-35 255680.00000000003 10.500000000000002 2.5000000000000004 75.564601898193374 1.0000000180025095e-35 1.5000000000000002 143.50000000000003 1.5000000000000002 1.5000000000000002 18.500000000000004 40.783498764038093 130.50000000000003 413.50000000000006 0.46029495643615514 2.5000000000000004 42.500000000000007
decision_type=10 8 2 2 10 2 2 8 10 8 8 10 8 10 8 8 8 10 2 8 10 10 2 2 10 10 10 2 2 10
left_child=1 2 3 -1 5 24 8 -8 9 -7 -10 12 -12 14 15 16 -14 -4 -13 21 -21 25 23 -23 -5 26 -20 28 -28 -27
right_child=-2 -3 17 4 -6 6 7 -9 10 -11 11 18 13 -15 -16 -17 -18 -19 19 20 -22 22 -24 -25 -26 29 27 -29 -30 -31
leaf_value=-0.0082867974009322581 -0.027979883148407166 -0.027334196290407523 -0.0049695042857237281 -0.0041051731646425888 -0.010464862323517251 0.10869571703051684 0.12234961338950996 -0.024370413282549717 -0.013741673621424175 -0.0071100626539533597 0.060027887618099997 0.020034279088213477 0.032140911730840091 0.04664457466507746 -0.0034292488251284887 0.00032788478538416902 0.13534934020363976 0.12773957635566513 0.01729643212046441 0.13487358281258008 -0.0085056141624030284 0.032683104510052685 0.017595864482281971 0.19022178278997229 0.054563276184308784 0.0024374731416127574 0.083109241075967372 0.046315751596622878 0.32327679562730061 0.019525028651487888
leaf_weight=206.67330895573832 33.462744326796383 31.290222295792773 472.95991105027497 257.51158996298909 111.83256611600518 2.4761336697265506 1.6477352157235143 38.080255350330845 35.577072868356481 129.72110167215578 21.91510273469612 168.82998111890629 32.505823459941894 22.982594478409737 54.11139109544456 20.262898514978588 3.234813939779996 1.2468054294586171 68.226180501049384 1.3806105703115452 102.51287256879732 2.1136253140866748 8.5371209848672134 2.2445963174104691 6.3315567872487 405.52168525056913 1.4881582721136504 4.421320469584316 1.0942979096435008 142.32306548464112
leaf_count=9586 463 497 21975 11091 4156 26 9 2562 818 5897 256 6217 462 222 964 400 38 7 3877 8 2279 38 128 39 62 17506 33 117 28 10239
internal_value=0.00134499 0.00176096 0.00215206 0.00388475 0.0054122 0.00656888 0.00849211 -0.0182851 0.00935595 -0.00494095 0.0110753 0.0119053 0.0238123 0.0178493 0.0118393 0.0265919 0.0414821 -0.00462058 0.0098741 0.00755564 -0.00660029 0.00986818 0.0501165 0.11382 -0.00269728 0.00903519 0.0247546 0.0974071 0.184879 0.0068766
internal_weight=2392.52 2359.05 2327.76 1853.56 1646.88 1535.05 1271.21 39.728 1231.48 132.197 1099.28 1063.71 155.013 133.098 110.115 56.0035 35.7406 474.207 908.694 739.864 103.893 635.97 12.8953 4.35822 263.843 623.075 75.23 7.00378 2.58246 547.845
internal_count=100000 99537 99040 77058 67472 63316 52163 2571 49592 5923 43669 42851 2342 2086 1864 900 500 21982 40509 34292 2287 32005 205 77 11153 31800 4055 178 61 27745
is_linear=0
shrinkage=0.03


Tree=185
num_leaves=31
num_cat=0
split_feature=409 27 30 2 363 0 100 411 396 20 366 352 424 178 43 42 22 137 438 113 9 369 438 16 23 362 161 11 11 38
split_gain=31.4958 32.9141 55.7509 39.7323 37.467 44.8456 40.8832 37.2024 37.0531 36.512 35.7539 32.3377 28.5519 28.1301 26.903 40.3784 27.5044 51.0219 58.7917 25.0956 23.6541 25.556 30.0117 31.419 40.6244 28.7062 26.654 25.6549 51.6313 27.8797
threshold=13.500000000000002 1.5000000000000002 1.0000000180025095e-35 2.5000000000000004 23.382550239562992 7431176.5000000009 1.0000000180025095e-35 334.00000000000006 1.0000000180025095e-35 15.500000000000002 916.97500610351574 2.5000000000000004 182.50000000000003 107.97499847412111 80.500000000000014 1.0000000180025095e-35 4.5000000000000009 1.5000000000000002 5462.0000000000009 1.5000000000000002 500.00000000000006 335.16560363769537 6287.5000000000009 182.50000000000003 131.50000000000003 134.95999908447268 3.5000000000000004 816.00000000000011 901.50000000000011 40.500000000000007
decision_type=8 2 10 2 2 2 8 8 10 2 10 10 2 2 8 10 2 10 2 10 10 2 2 2 2 2 2 10 8 10
left_child=12 2 8 14 7 6 -6 -5 9 13 11 20 -1 -2 15 -3 -17 -18 -19 -4 21 22 23 26 -25 -24 -9 29 -29 -27
right_child=1 3 19 4 5 -7 -8 10 -10 -11 -12 -13 -14 -15 -16 16 17 18 -20 -21 -22 -23 25 24 -26 27 -28 28 -30 -31
leaf_value=-0.021042281765073768 0.0035635334714851368 -0.01489741532188172 0.022914814786046594 0.040439567050489109 0.03435722472705096 0.018314929014358886 0.27861320321231614 -0.010388024472599485 0.01847698686040922 -0.24599593160011984 0.02576913595245521 0.071101114004062119 0.048002604540506214 -0.011984451615659142 -0.026767203813750994 0.0014964344101642537 0.029433626921018658 0.03290929730945525 0.32672542970909257 0.085294224825055914 0.034020357144814897 -0.016059400096332797 -0.0039507824094588114 0.72975063961026032 -0.030439489403464963 -0.0050627041343103392 0.27773141966734816 0.19595728455068229 0.025956505953361585 0.01876095419422431
leaf_weight=80.965808749897406 794.03568575740792 87.390790251549333 96.450714674312621 19.438347146380693 1.3186828391626471 59.363931436091661 1.158595450222492 257.80434336140752 130.11683900887147 0.53672420978546043 41.175723842345178 5.2856960208155206 5.7747727506794027 120.64063199656084 83.291009987005964 18.148981330450628 10.086243683472274 1.2078572865575545 1.2443875698372719 6.1760681625455609 14.977835688041521 132.90942484769039 229.19999187311623 0.11841274076141317 0.1358563166577369 74.581248857546598 0.28929910063743491 1.9572373630944611 9.0079552421811968 108.56024884944782
leaf_count=1700 31278 1863 1764 273 20 1840 38 20664 2209 7 555 65 99 1804 1876 449 156 31 18 49 829 2086 20425 17 24 2994 5 46 307 6509
internal_value=0.0013012 0.00196857 0.00556888 -0.0015985 0.000949464 0.0235337 0.148593 -0.000610254 0.00349736 0.00136769 -0.00152114 -0.00286716 -0.0164456 0.00151284 -0.0137112 -0.0045016 0.0251033 0.0592733 0.182006 0.0266688 -0.00333848 -0.00402541 -0.00167902 -0.00973669 0.32358 0.00323865 -0.0100651 0.0117279 0.0563009 0.00905918
internal_weight=2393.35 2306.61 1147.96 1158.65 957.283 61.8412 2.47728 895.442 1045.33 915.213 876.003 834.828 86.7406 914.676 201.369 118.078 30.6875 12.5385 2.45224 102.627 829.542 814.564 681.655 258.348 0.254269 423.307 258.094 194.107 10.9652 183.141
internal_count=100000 98201 37111 61090 56697 1898 58 54799 35298 33089 54526 53971 1799 33082 4393 2517 654 205 49 1813 53906 53077 50991 20710 41 30281 20669 9856 353 9503
is_linear=0
shrinkage=0.03


Tree=186
num_leaves=31
num_cat=0
split_feature=27 41 436 439 32 347 43 5 19 32 393 43 431 3 29 43 438 7 11 11 3 0 39 51 359 439 5 1 435 41
split_gain=30.911 29.5052 27.9487 27.2978 34.8248 32.5748 29.4618 46.0143 29.4583 29.0359 35.9385 41.2843 37.2073 33.717 31.0297 57.785 62.0652 45.1378 43.5721 76.8233 33.8285 60.2045 38.2916 33.3893 32.4033 50.1306 30.3604 29.5886 31.1955 28.3676
threshold=124.50000000000001 4.5000000000000009 -223.37358961851936 611.50000000000011 574.50000000000011 2.5000000000000004 172.50000000000003 145.00000000000003 25.500000000000004 130.50000000000003 288890.00000000006 145.50000000000003 1435.0000000000002 12541.500000000002 9.5000000000000018 17.500000000000004 6415.5000000000009 196.00000000000003 78.500000000000014 86.500000000000014 8767.5000000000018 8387743.5000000009 115.50000000000001 1.0000000180025095e-35 333.04499816894537 41124.000000000007 184.00000000000003 414.83500671386724 2.1655911653423616 3.5000000000000004
decision_type=2 10 2 2 10 2 8 8 2 10 8 8 2 2 8 10 2 8 10 10 2 2 10 2 2 2 10 2 2 8
left_child=1 2 -1 4 -4 6 9 -8 -9 10 11 12 13 26 15 -11 -17 -18 -16 -20 21 -19 24 -23 25 -22 -5 -12 -29 -28
right_child=-2 -3 3 5 -6 -7 7 8 -10 14 27 -13 -14 -15 18 16 17 20 19 -21 22 23 -24 -25 -26 -27 29 28 -30 -31
leaf_value=-0.027644201470004071 -0.021941986200658563 -0.016564718615431656 0.0094582954081037732 -0.011454116727563961 0.25359743531632689 -0.013371899655057869 0.050218871911244245 -0.0056098531263036617 0.1198346584024883 0.015870071470469285 -0.0017254489722469562 0.2015371885015548 0.00042185136025635767 -0.0022623033474284621 -0.0060147280430134058 0.022718613432882399 -0.0068295526595636884 0.052093881279780478 0.39826299334258064 0.042981257181617424 0.5605502922372364 0.52971322280607813 -0.0068901313980860171 0.23744085014467198 0.11075441815366309 0.15099275764773021 0.039392597007063622 0.038044756294011016 0.0055335117655196707 0.1741458386185474
leaf_weight=27.57137805246748 50.59773029293865 76.515295979566872 406.46153325843625 10.985355352517216 0.52652448322623868 128.6374131240882 13.862201682757584 500.70780029939488 1.6904831826686848 32.032139596063644 724.45966644515283 1.0563161950558413 102.43544188234955 29.444365367293358 42.379710398148745 6.8464293512515706 1.3945001442916689 0.70027019083499942 0.62769803684204717 4.3011289029382169 0.45563907315954588 0.74826671741902806 1.2469554508570579 0.66390180960297585 1.7102020680904386 0.65656867483630776 71.594923391239718 34.181086384691298 119.17173254163936 1.4341705897822965
leaf_count=1122 4591 1804 15300 299 28 1453 174 27098 37 985 36334 13 1860 687 2798 248 92 27 28 258 14 34 70 16 11 36 1011 634 2908 30
internal_value=0.00125737 0.00175805 0.00237621 0.00274565 0.00977414 0.00118545 0.0022839 -0.00370002 -0.00518775 0.00488313 0.00351086 0.0144444 0.013529 0.0253627 0.0209055 0.0383215 0.0881849 0.147344 0.00380385 0.0882272 0.182123 0.279527 0.13156 0.392307 0.192728 0.318777 0.0350444 0.000808636 0.01278 0.0420389
internal_weight=2395.1 2344.5 2267.98 2240.41 406.988 1833.42 1704.79 516.26 502.398 1188.53 1094.76 216.951 215.894 113.459 93.7634 46.4549 14.4227 7.5763 47.3085 4.92883 6.1818 2.11244 4.06937 1.41217 2.82241 1.11221 84.0144 877.812 153.353 73.0291
internal_count=100000 95409 93605 92483 15328 77155 75702 27309 27135 48393 43776 3900 3887 2027 4617 1533 548 300 3084 286 208 77 131 50 61 50 1340 39876 3542 1041
is_linear=0
shrinkage=0.03


Tree=187
num_leaves=31
num_cat=0
split_feature=260 341 436 40 323 272 14 14 409 405 393 334 7 9 4 4 49 38 348 346 38 343 364 365 82 437 38 431 360 9
split_gain=29.7761 27.9477 26.9291 25.9611 27.801 32.0143 24.9798 40.1412 24.921 29.3613 30.4569 34.1342 33.6175 44.9046 53.4645 54.1165 41.7377 40.1833 33.9736 29.2969 28.1096 31.9025 35.6473 29.3576 27.287 43.1103 27.1037 26.7196 26.5412 26.4386
threshold=76.28025054931642 4.5000000000000009 -223.37358961851936 470.50000000000006 27.352199554443363 6.5000000000000009 38.500000000000007 37.500000000000007 13.500000000000002 -269.99999999999994 209751.50000000003 1.0000000180025095e-35 194.50000000000003 228.50000000000003 496.50000000000006 111.50000000000001 1.0000000180025095e-35 573.50000000000011 2.5000000000000004 1.5000000000000002 286.50000000000006 2.5000000000000004 67.969997406005874 35.829099655151374 1.5000000000000002 2783.0000000000005 268.50000000000006 646.50000000000011 3109.0000000000005 309.00000000000006
decision_type=10 8 2 10 10 10 2 2 10 8 8 10 10 8 10 8 2 10 10 2 8 2 2 10 8 2 8 2 2 10
left_child=1 2 -1 4 5 6 7 8 9 27 11 -11 13 14 15 -12 18 19 20 -16 21 22 -14 -24 28 -26 -25 29 -23 -4
right_child=-2 -3 3 -5 -6 -7 -8 -9 -10 10 12 -13 16 -15 17 -17 -18 -19 -20 -21 -22 24 23 26 25 -27 -28 -29 -30 -31
leaf_value=-0.027463499478827633 -0.027109143399245483 -0.026814804006216792 -0.011038190315580766 -0.036075138576791815 0.020998271584695364 -0.067785202706135292 -0.01859472308310485 0.14126420586683081 0.01374665056930275 -0.022911775373939149 0.057258324477055311 0.019558607334285643 0.0081280006273674824 -0.010527865778944595 0.050674461251802833 -0.0065909440179191675 -0.0027751974937089601 0.29779744694296267 0.04112440486430987 -0.029830684952408724 -0.0093034171727980897 -0.015188253344092613 -0.00080023655555781044 0.031976695438238487 -0.030544903981590849 0.27965587267537595 0.13841823270545645 -0.01516171857386466 0.045608531164109775 0.06659497472818314
leaf_weight=27.618891150457785 32.946381120476872 30.72819793515373 8.2782121915370208 15.7278038370423 71.608230896759778 5.8996298387646666 50.83277544612065 1.8794767754152406 165.51155702141114 19.195356494747102 13.2862605843693 151.107528551016 375.18197213578969 370.84211139054969 26.95238834456541 118.52584996190853 445.6247987865936 0.54725566343404253 28.421673320932314 4.7916169960517427 77.855079630156979 73.659516034182161 27.342326153535396 94.872977278195322 0.86227214336395153 0.75738504808396101 2.2030150499194852 138.42691568122245 7.0840508639812461 7.5478367470204821
leaf_count=1167 463 497 184 228 1031 43 1284 16 3066 488 307 2532 22370 17663 1213 6583 26041 37 455 81 5428 1946 1252 1545 79 25 31 3788 60 97
internal_value=0.00121424 0.00160911 0.00198357 0.00233644 0.00260036 0.00200624 0.00219242 0.00268144 0.0025608 0.00163202 0.00268648 0.0147716 0.00145318 -0.00474589 0.00832027 -0.000155132 0.00437783 0.0429166 0.00900931 0.0385226 0.00762595 0.00989076 0.0127427 0.0266583 -0.00740861 0.114511 0.0343922 -0.0109399 -0.00985424 0.025987
internal_weight=2396.12 2363.17 2332.44 2304.83 2289.1 2217.49 2211.59 2160.76 2158.88 1993.37 1839.11 170.303 1668.81 534.945 164.103 131.812 1133.87 32.2913 688.24 31.744 659.819 581.964 499.6 124.418 82.3632 1.61966 97.076 154.253 80.7436 15.826
internal_count=100000 99537 99040 97873 97645 96614 96571 95287 95271 92205 88136 3020 85116 25884 8221 6890 59232 1331 33191 1294 32736 27308 25198 2828 2110 104 1576 4069 2006 281
is_linear=0
shrinkage=0.03


Tree=188
num_leaves=31
num_cat=0
split_feature=27 41 409 396 439 347 43 424 362 437 437 43 437 437 11 43 139 7 366 38 43 30 30 366 437 393 437 130 183 410
split_gain=29.1014 27.7395 25.7322 32.6364 26.7875 29.9233 27.7603 25.5148 24.4504 33.4405 42.0233 33.2333 38.7524 41.9722 30.3382 28.4974 27.6611 26.4007 25.4454 35.1096 50.3446 48.6619 28.8488 24.5705 24.3205 24.2979 24.5269 23.6903 23.6369 23.3193
threshold=124.50000000000001 4.5000000000000009 13.500000000000002 1.0000000180025095e-35 913.50000000000011 2.5000000000000004 487.50000000000006 182.50000000000003 136.25000000000003 12.500000000000002 153.50000000000003 295.50000000000006 3901.0000000000005 159.50000000000003 8.5000000000000018 172.50000000000003 1.5000000000000002 164.00000000000003 201.23500061035159 48.500000000000007 375.50000000000006 91.500000000000014 62.500000000000007 1304.5000000000002 2550.0000000000005 288890.00000000006 55.500000000000007 3.5000000000000004 307.97500610351568 482.50000000000006
decision_type=2 10 8 10 2 2 8 2 2 2 2 10 2 2 10 10 10 10 10 8 8 10 8 8 2 8 2 10 2 10
left_child=1 2 7 4 -4 6 8 -1 25 14 -11 15 13 -13 17 16 -12 -10 19 20 21 -14 -21 28 -7 26 -6 -8 -15 -3
right_child=-2 29 3 -5 5 24 27 -9 9 10 11 12 18 23 -16 -17 -18 -19 -20 22 -22 -23 -24 -25 -26 -27 -28 -29 -30 -31
leaf_value=-0.019567731210210302 -0.02156443567181739 -0.022107956444279507 0.0089359949068244723 0.015462772108528405 -0.018924007988732606 -0.0055688336661281574 -0.0095305872771288096 0.045306030407577247 0.20347337490397416 -0.015053384657268664 0.015773987483355911 0.25771939903736985 0.10702338192168319 -0.019192493308410656 0.15806139275616132 -0.021547603492342804 -0.024195114007462944 0.017014374811544608 -0.012783588056281625 0.16570831964678276 0.0060544522632762811 0.45949204775827251 0.04708702607907439 0.18091187819527935 -0.035164981496327734 -0.0018385052339422567 0.014261794770050892 0.10898055334157329 0.0468378748290759 0.030660333451897261
leaf_weight=72.221974309533834 49.603131000883877 67.300671045668423 382.91261236392893 170.41660505253822 22.833884752821177 84.918408218771219 214.62894556019455 5.9021758725866666 0.75669849803671052 57.529281429713592 183.99612611555494 0.6136741759255554 0.63467555772513218 15.908490663859999 2.3471635081805289 25.044223928125575 17.025393988005817 7.0578383959364146 2.7798929493874303 2.2208494963124386 0.8045143238268796 0.79297859175130725 10.909105208236724 0.70462474692612787 35.408230380620807 779.12496991222724 164.03782453504391 1.5288960877805937 7.0376368542201808 8.4878258544485998
leaf_count=1563 4591 1618 14969 2941 560 962 11580 99 20 2836 4821 10 13 1109 90 1461 400 226 77 28 40 28 294 17 411 45997 2897 10 146 186
internal_value=0.00117503 0.00165584 0.00225191 0.00285491 0.00179207 0.0001227 0.00126396 -0.0146666 0.0029167 0.00988528 0.00821475 0.0132007 0.037571 0.0127732 0.0634784 0.00862925 0.0123888 0.0350696 0.0707373 0.085851 0.195847 0.302799 0.0671511 0.00641753 -0.014278 0.000491658 0.0102068 -0.00869235 0.00105919 -0.0161982
internal_weight=2395.49 2345.89 2270.1 2191.97 2021.56 1638.64 1518.32 78.1242 1302.16 336.163 326.001 268.472 42.4064 24.2644 10.1617 226.066 201.022 7.81454 18.142 15.3621 2.23217 1.42765 13.13 23.6508 120.327 965.997 186.872 216.158 22.9461 75.7885
internal_count=100000 95409 93605 91943 89002 74033 72660 1662 61070 11616 11280 8444 1762 1282 336 6682 5221 246 480 403 81 41 322 1272 1373 49454 3457 11590 1255 1804
is_linear=0
shrinkage=0.03


Tree=189
num_leaves=31
num_cat=0
split_feature=27 41 436 58 28 1 49 29 409 396 7 378 372 36 43 107 435 410 401 135 16 30 16 9 30 438 11 88 435 9
split_gain=27.7912 26.274 25.6369 25.1743 35.813 25.9921 27.0864 28.0668 28.71 26.5365 35.7228 36.0477 34.4502 32.1584 26.2026 25.853 26.8756 25.7344 26.498 26.6349 46.6462 45.7165 44.1482 52.2924 51.2037 116.464 43.9421 27.3157 127.477 24.3494
threshold=124.50000000000001 4.5000000000000009 -223.37358961851936 1.5000000000000002 14.500000000000002 422.51499938964849 1.0000000180025095e-35 491.50000000000006 13.500000000000002 1.0000000180025095e-35 194.50000000000003 1.0000000180025095e-35 473.44999694824224 1.062499523162842 72.500000000000014 1.5000000000000002 2.0323194925967982 217.50000000000003 -7.4999999999999991 1.0000000180025095e-35 9.5000000000000018 258.50000000000006 1.5000000000000002 192.50000000000003 66.500000000000014 7507.5000000000009 88.500000000000014 1.0000000180025095e-35 0.24091901837683977 202.00000000000003
decision_type=2 10 2 10 2 2 2 8 8 10 10 8 2 10 10 8 2 8 8 8 2 10 2 10 10 2 10 8 2 10
left_child=1 2 -1 5 -5 6 7 8 -4 10 13 -12 17 -10 -15 16 -7 -13 -19 20 22 -22 23 24 -20 -26 27 28 -25 -8
right_child=-2 -3 3 4 -6 15 29 -9 9 -11 11 12 -14 14 -16 -17 -18 18 19 -21 21 -23 -24 26 25 -27 -28 -29 -30 -31
leaf_value=-0.027207788429428816 -0.021276817449818429 -0.015852051661357981 -0.014177118002586465 -0.016615764451553831 0.21661721913374446 0.040433464386077929 -0.017425543628986961 -0.025877062229578363 -0.0059050432684085424 0.016843848851220623 -0.010673579014381021 0.034591638957083559 0.051680597990842479 0.024395243247114926 -0.053450957943522427 -0.012035941643816002 0.011559950095296579 0.13821479878677029 0.075790166961292912 0.0050237157571262079 0.070014733758527098 0.31914139997381241 -0.006417464135546243 0.80416568436167024 0.62050057400798064 -0.030384693819683024 0.097848744969510085 -0.00079784908012035067 -0.030425073370794538 -0.00071062087723835305
leaf_weight=26.407525848830119 48.778027729131281 75.13788183266297 70.614096965873614 73.057670409791172 0.59736556885763903 35.274253730662167 101.39956709055696 27.923712738789618 389.70671227085404 162.02788997907192 85.042710823938251 33.495598551584408 17.410845283186063 51.335552050266415 4.2106418819166711 32.87355751497671 163.4712618002668 1.3954795673489568 9.3411874412558937 566.54870337527245 2.9784151194617148 0.85274635534733523 35.709490852663293 0.21535836439579981 0.50667401100508946 0.48352410923689604 5.4699234263971439 26.595957109704614 0.70039789192378521 346.36789623065852
leaf_count=1122 4591 1804 1534 2580 14 649 5797 2266 16553 2800 2420 576 238 900 68 379 4274 13 262 24668 75 29 2043 8 39 45 97 1234 78 22844
internal_value=0.00113598 0.00160175 0.00217897 0.00252455 -0.0147242 0.00310948 0.00197561 0.00391702 0.00448505 0.00543038 0.00392932 0.00777236 0.0100079 -0.00286119 0.0184942 0.0126083 0.0166846 0.00894761 0.00762775 0.00734713 0.0232345 0.125466 0.0182781 0.0386385 0.0975348 0.302666 0.0201894 0.00474905 0.165846 -0.00449581
internal_weight=2395.93 2347.15 2272.01 2245.61 73.655 2171.95 1940.33 1492.57 1464.64 1394.03 1232 786.747 701.704 445.253 55.5462 231.619 198.746 684.293 650.798 649.402 82.8537 3.83116 79.0225 43.313 10.3314 0.990198 32.9816 27.5117 0.915756 447.767
internal_count=100000 95409 93605 92483 2594 89889 84587 55946 53680 52146 49346 31825 29405 17521 968 5302 4923 29167 28591 28578 3910 104 3806 1763 346 84 1417 1320 86 28641
is_linear=0
shrinkage=0.03


Tree=190
num_leaves=31
num_cat=0
split_feature=260 346 112 437 9 3 437 3 95 437 157 395 26 43 32 4 4 43 30 20 437 7 437 1 365 435 0 114 49 270
split_gain=27.313 26.0975 26.8182 28.2296 31.0127 26.7529 38.2931 35.3152 34.5827 36.9416 37.0067 31.0581 30.78 39.117 30.0593 29.2669 41.7373 38.2595 70.7274 65.1096 29.0165 28.4597 30.3074 38.8826 42.1251 28.4864 29.481 43.7632 42.4926 31.2693
threshold=76.28025054931642 5.5000000000000009 3.5000000000000004 907.00000000000011 296.50000000000006 14649.500000000002 153.50000000000003 14626.500000000002 1.5000000000000002 1109.0000000000002 1.5000000000000002 -8.4999999999999982 1.5000000000000002 11.500000000000002 47.500000000000007 529.50000000000011 496.50000000000006 568.50000000000011 248.50000000000003 1.5000000000000002 165.50000000000003 100.50000000000001 896.00000000000011 280.13000488281256 768.31500244140636 1.1239991387971255 9561322.5000000019 1.0000000180025095e-35 1.0000000180025095e-35 7.5000000000000009
decision_type=10 2 10 2 10 2 2 2 10 2 2 8 2 8 10 10 10 10 10 2 2 8 2 2 10 2 2 8 2 8
left_child=1 5 3 4 -3 6 11 8 9 15 -11 -1 13 -10 -12 16 21 -17 19 -19 -18 -8 23 24 -23 26 -24 28 -28 -29
right_child=-2 2 -4 -5 -6 -7 7 -9 12 10 14 -13 -14 -15 -16 17 20 18 -20 -21 -22 22 25 -25 -26 -27 27 29 -30 -31
leaf_value=0.11578438756169344 -0.026203610915990213 -0.024626388654651284 0.1202564778205808 -0.032772107201916471 0.022053572077143927 -0.0043055795783557725 0.12539098828826445 0.062429857086790143 0.047887861372631235 -0.00059558730855785024 0.0011161970528153135 -0.0046596707694298647 0.015077201577722828 0.18644734713574926 0.061384119965938989 -0.010860446428426053 0.18274715505186465 0.65630969831365327 -0.030574164830741185 0.063410996141775436 0.03582303237555607 -0.00013570455452480813 0.02231107193631585 0.025966595023297619 0.28250963438681487 0.00031034975233040811 0.36263215970654084 0.099296953320762882 0.050300270851293329 0.021123672174155828
leaf_weight=1.9356894260272384 32.533765560947359 24.56617940752767 1.3271633759140957 45.341524861752987 26.76471009477973 462.81718170898966 1.9315835556481022 9.980946528259663 10.16046388633549 740.06267667689826 13.895314510911705 421.63818306243047 24.991094536613673 2.237558019347488 16.052776884054765 67.605746129527688 1.2407695902511466 0.34907886292785295 0.93960290239192545 0.31905592628754675 48.412534299772233 265.62858645920642 54.533656680956483 66.819123697467148 0.47541883820667763 32.471812038449571 0.83685745997354388 7.5838336311280727 0.73754068836569786 11.724871001904836
leaf_count=14 463 497 9 620 322 21858 41 253 108 32483 337 20151 322 32 270 2629 57 17 96 31 1253 12693 2214 1609 7 1028 37 99 41 409
internal_value=0.00109685 0.00147267 -0.0136843 -0.0155231 -0.000286744 0.00212835 0.00378029 0.00620366 0.00579374 0.00499477 0.000727423 -0.00410925 0.0342491 0.0728947 0.033421 0.0108456 0.0134132 -0.00742082 0.137216 0.373181 0.0394945 0.0104883 0.00998477 0.00550676 0.000369267 0.023803 0.0339182 0.0642287 0.216318 0.0518276
internal_weight=2395.92 2363.38 97.9996 96.6724 51.3309 2265.38 1802.56 1378.99 1369.01 1331.62 770.011 423.574 37.3891 12.398 29.9481 561.61 492.397 69.2135 1.60774 0.668135 49.6533 442.743 440.812 332.923 266.104 107.889 75.4168 20.8831 1.5744 19.3087
internal_count=100000 99537 1448 1439 819 98089 76231 56066 55813 55351 33090 20165 462 140 607 22261 19488 2773 144 48 1310 18178 18137 14309 12700 3828 2800 586 78 508
is_linear=0
shrinkage=0.03


Tree=191
num_leaves=31
num_cat=0
split_feature=260 346 3 437 3 437 29 95 359 16 30 395 360 43 32 438 43 55 411 313 3 295 7 32 43 7 32 437 112 437
split_gain=25.9813 24.7797 25.1347 35.8875 33.3148 33.6012 53.177 49.2076 31.9009 33.4579 49.012 28.1659 27.1738 32.7298 35.8794 29.9534 30.0522 26.4955 26.3561 28.187 26.2874 26.564 26.773 26.2783 25.2299 25.0443 24.0773 28.0316 23.944 27.4065
threshold=76.28025054931642 5.5000000000000009 14649.500000000002 153.50000000000003 3771.5000000000005 2222.0000000000005 62.500000000000007 1.5000000000000002 132.53074645996097 145.50000000000003 210.50000000000003 -8.4999999999999982 280.49499511718756 357.50000000000006 37.500000000000007 5462.0000000000009 299.50000000000006 2.5000000000000004 500.50000000000006 2.5000000000000004 14626.500000000002 1.5000000000000002 100.50000000000001 5.5000000000000009 7.5000000000000009 220.50000000000003 1.0000000180025095e-35 3079.0000000000005 3.5000000000000004 907.00000000000011
decision_type=10 2 2 2 2 2 10 10 2 2 10 8 2 10 10 2 8 10 10 10 2 10 8 10 10 8 8 2 10 2
left_child=1 2 3 11 -5 12 7 18 9 -8 -11 -1 20 14 -14 -16 -17 26 19 -7 21 22 -6 -13 -9 -23 27 -10 29 -3
right_child=-2 28 -4 4 5 6 8 24 17 10 -12 23 13 -15 15 16 -18 -19 -20 -21 -22 25 -24 -25 -26 -27 -28 -29 -30 -31
leaf_value=0.10797184713036334 -0.02572912731929566 -0.00028255402738358956 -0.0041899456208938533 -0.0039069001610613366 0.15685324641580858 -0.007228028332801447 3.7807077405220944e-05 0.037673594968545103 0.22360857797493286 -0.015167787623157236 0.85547752219840734 -0.00011862855085839825 0.020670102057431083 -0.019383555645685564 0.023689795338473159 0.073218351670028242 0.21067272221509573 0.24525714805503573 0.015522907423992772 -0.093606587179645886 0.065982633660489343 0.050015191622587718 0.0064466097765685654 -0.017278097763807676 0.15441041451404172 0.0059147646918487279 0.030249177938931195 0.020239702500604185 0.10878658035482756 -0.032507960652730705
leaf_weight=2.0122396992519498 32.145659344736487 51.136021328158677 461.34499735909048 250.51558820647188 1.0674750751350064 307.64806999266148 42.173177974997088 7.2218471337109786 1.2781014582142227 0.13617157586850126 0.1016173237003386 312.05358094954863 82.320604930398986 13.208958950126542 11.678956259274857 14.346090888371689 1.5902121323160816 0.54219571617431839 48.83749809069559 3.4380011409521094 7.3475803993642321 26.064878833480179 486.74070657324046 108.16209682531189 2.1660105977207422 20.868520481046289 52.752493423176929 1.1669100490398703 1.4215162023901928 44.353622970171273
leaf_count=14 463 819 21858 10440 37 12856 4025 71 41 22 21 11502 954 304 225 191 25 17 987 22 235 266 22405 8649 29 207 2617 69 9 620
internal_value=0.00105992 0.00142424 0.00205936 0.00365625 0.0059931 0.00818265 0.00201875 -0.00319752 0.021646 0.00203863 0.356896 -0.00399923 0.0125141 0.0252355 0.0305966 0.0601871 0.0869343 0.0365648 -0.00496608 -0.00818265 0.00962415 0.00884976 0.00677575 -0.00453542 0.0646077 0.0304063 0.0345148 0.126548 -0.0134314 -0.0152508
internal_weight=2395.84 2363.7 2266.78 1805.44 1383.21 1132.7 467.462 369.311 98.1507 42.411 0.237789 422.228 665.234 123.145 109.936 27.6153 15.9363 55.7397 359.924 311.086 542.089 534.742 487.808 420.216 9.38786 46.9334 55.1975 2.44501 96.9112 95.4896
internal_count=100000 99537 98089 76231 56066 45626 20777 13965 6812 4068 43 20165 24849 1699 1395 441 216 2744 13865 12878 23150 22915 22442 20151 100 473 2727 110 1448 1439
is_linear=0
shrinkage=0.03


Tree=192
num_leaves=31
num_cat=0
split_feature=27 2 437 335 7 437 95 437 11 43 139 1 43 3 23 33 5 437 437 439 38 43 46 3 437 28 437 49 33 72
split_gain=26.9449 43.8581 36.5287 40.5763 35.4617 33.0904 41.7378 31.8695 31.2306 29.0628 28.6959 26.3586 30.568 33.0737 40.3238 54.6685 30.7284 27.2303 36.859 24.5873 24.3271 40.6323 32.1757 31.6119 37.8242 36.3837 61.7107 101.343 132.606 28.1711
threshold=1.5000000000000002 2.5000000000000004 668.50000000000011 8.5000000000000018 183.50000000000003 984.50000000000011 1.5000000000000002 39.500000000000007 4.5000000000000009 80.500000000000014 3.5000000000000004 166.99500274658206 19.500000000000004 15257.500000000002 3.5000000000000004 344.50000000000006 143.50000000000003 12.500000000000002 5.5000000000000009 32643.500000000004 22.500000000000004 74.500000000000014 1.0000000180025095e-35 12931.000000000002 3328.0000000000005 2.5000000000000004 9144.5000000000018 1.0000000180025095e-35 23.500000000000004 1.5000000000000002
decision_type=2 2 2 8 8 2 10 2 10 8 8 2 10 2 2 8 8 2 2 2 8 10 2 2 2 2 2 2 8 8
left_child=5 9 11 4 10 7 -7 8 -1 -2 -4 -3 13 14 17 -16 -14 18 -13 -19 -6 22 -22 24 -24 26 -25 28 -28 -23
right_child=1 2 3 -5 20 6 -8 -9 -10 -11 -12 12 16 -15 15 -17 -18 19 -20 -21 21 29 23 25 -26 -27 27 -29 -30 -31
leaf_value=-0.0054420252059963845 -0.004663205438271591 -0.012270691610207536 -0.010003001017348818 -0.032355443854635908 0.001791457961269246 -0.0026923247757793009 0.043705558128047758 0.012652918465192588 0.053395981323025477 -0.02671171979679958 0.047182400671022154 -0.032765333008114732 0.19652853737618897 -0.030748796836603764 0.055443437454413699 0.43394757447208726 -0.010039019689582002 0.040002716547533602 0.17798823849750683 -0.0063621817760691358 0.016851796340512912 0.0055896427902857246 0.065116945619820205 0.10524140426074235 -0.0037595950427841132 -0.030787381001931843 1.3353913021432828 -0.030869668277247551 0.15139918437528144 0.054556024138861341
leaf_weight=160.63061678782105 122.68475118745118 253.24311794724781 126.16298265312798 24.650795939727686 154.28396537574008 540.86372001189739 18.030922269448638 485.2655354833696 8.5512956234160793 95.833728429395705 8.4249183256179077 1.1165304621681564 0.65384273324161768 9.2448013429529947 1.0252284957095967 0.51641939394176017 74.092817353084683 23.376728667877614 2.2557274117134511 18.393017021007836 46.665075092110783 168.77528502955101 19.052799032069746 6.7841916868928802 11.511207073926924 1.5084912583697585 0.17572388099506486 0.25286497292108834 0.16514351777732372 11.281050334684549
leaf_count=5298 2625 21401 8522 223 6143 18975 208 13637 282 2085 244 32 20 234 34 34 4068 304 50 417 1474 11294 843 262 646 137 21 27 22 438
internal_value=0.00102509 -0.00219837 0.000553357 0.00530678 0.00697945 0.00416564 -0.00119545 0.00874398 -0.00246806 -0.0143328 -0.00642332 -0.00662405 0.00431893 0.021093 0.0313592 0.182234 -0.00823208 0.0262067 0.108209 0.0195863 0.0112697 0.0167636 0.0337125 0.0536566 0.0391762 0.10346 0.130909 0.424193 0.761771 0.00865753
internal_weight=2395.47 1182.13 963.613 579.694 555.044 1213.34 558.895 654.447 169.182 218.518 134.588 383.918 130.675 55.9285 46.6837 1.54165 74.7467 45.142 3.37226 41.7697 420.456 266.172 86.1155 39.4504 30.564 8.88642 7.37792 0.593732 0.340867 180.056
internal_count=100000 61600 56890 30296 30073 38400 19183 19217 5580 4710 8766 26594 5193 1105 871 68 4088 803 82 721 21307 15164 3432 1958 1489 469 332 70 43 11732
is_linear=0
shrinkage=0.03


Tree=193
num_leaves=31
num_cat=0
split_feature=27 41 436 58 19 183 341 313 14 14 394 437 57 409 421 423 7 9 49 9 437 20 438 9 438 11 335 38 20 11
split_gain=25.8903 23.8 24.0157 23.5091 31.2486 22.8989 32.4083 22.9558 22.7775 35.7397 22.8602 22.9755 23.0045 23.5212 23.3981 36.0681 33.3076 28.7435 25.3023 26.0822 36.993 45.6032 32.0918 30.8001 97.5142 52.6577 30.7302 32.8823 27.5602 26.8955
threshold=124.50000000000001 4.5000000000000009 -223.37358961851936 1.5000000000000002 26.500000000000004 443.94999694824224 4.5000000000000009 3.5000000000000004 38.500000000000007 37.500000000000007 1.0000000180025095e-35 35.500000000000007 2.5000000000000004 13.500000000000002 8.5000000000000018 28.000000000000004 194.50000000000003 236.50000000000003 1.0000000180025095e-35 249.00000000000003 37.500000000000007 1.5000000000000002 2821.0000000000005 270.50000000000006 7507.5000000000009 1.0000000180025095e-35 2.5000000000000004 544.50000000000011 8.5000000000000018 12.500000000000002
decision_type=2 10 2 10 2 2 8 10 2 2 10 2 10 10 2 10 10 10 2 10 2 2 2 10 2 8 8 8 2 10
left_child=1 2 -1 5 -5 6 7 8 9 10 11 -4 13 14 15 16 17 -13 -18 -20 21 -21 -22 24 25 -24 27 -27 29 -25
right_child=-2 -3 3 4 -6 -7 -8 -9 -10 -11 -12 12 -14 -15 -16 -17 18 -19 19 20 22 -23 23 28 -26 26 -28 -29 -30 -31
leaf_value=-0.026879404029852234 -0.020831112878632388 -0.015310658180616091 -0.0066957762097532752 -0.016357857728951933 0.19051412400526699 0.017749447397740769 -0.033964355435326193 0.033378023984940261 -0.016707524507202493 0.13041476722809567 0.033560004927460543 0.0025619730069396281 0.040830446503266844 0.015724321493322178 -0.012070263289134128 0.068291070922340741 0.0095863660893674863 -0.011703800495695211 -0.012160827429262104 -0.03069660422369426 -0.016769820354331933 0.2605388720339547 0.45558694117587029 -0.0031021780122640801 0.0025345384955683145 0.073751249404038821 0.34613609883496466 0.30358852115723378 0.079279439032106783 0.032631552923919616
leaf_weight=25.662285407772288 47.966940747573972 73.995133688440546 223.54868766479194 72.062507006921805 0.66320686228573222 89.244849253911525 22.027694485499524 21.606598693877459 55.250233331229538 1.97378903441131 21.362784948665649 311.05985738406889 14.74741065665148 125.2063720698934 96.84628283069469 7.6095406897366038 640.15278585534543 214.95290359156206 115.14203235227615 0.851278510177507 49.732164206681773 1.1212415308691559 0.43149790097959595 112.23308973317035 16.855330949882045 5.7039640487637371 0.47657770290970791 0.62124325335025776 4.3939856179058543 22.80943478946574
leaf_count=1122 4591 1804 10702 2583 11 1221 412 212 1338 16 210 10461 150 2247 2674 74 27517 12642 6566 69 3635 34 26 6857 1150 276 11 22 156 1211
internal_value=0.000987557 0.00143322 0.00197798 0.0023073 -0.0144713 0.00286808 0.00223164 0.0026178 0.0022925 0.00282059 0.00269377 0.00235812 0.00352069 0.00320195 0.00222263 0.00314289 0.00281163 -0.00326768 0.00610654 -0.000636224 0.00552912 0.134851 0.00433296 0.0107509 0.0420756 0.134216 0.113829 0.0963252 0.0053393 0.00293345
internal_weight=2396.31 2348.34 2274.35 2248.69 72.7257 2175.96 2086.72 2064.69 2043.08 1987.83 1985.86 1964.5 1740.95 1726.2 1600.99 1504.15 1496.54 526.013 970.525 330.372 215.23 1.97252 213.257 163.525 24.0886 7.23328 6.80179 6.32521 139.437 135.043
internal_count=100000 95409 93605 92483 2594 89889 88668 88256 88044 86706 86690 86480 75778 75628 73381 70707 70633 23103 47530 20013 13447 103 13344 9709 1485 335 309 298 8224 8068
is_linear=0
shrinkage=0.03


Tree=194
num_leaves=31
num_cat=0
split_feature=27 2 437 335 437 4 437 39 362 4 437 362 16 43 43 128 15 27 437 362 437 437 11 4 13 50 260 81 437 411
split_gain=25.5012 40.9768 33.9093 37.5556 31.1818 38.8713 29.9952 40.3442 34.1406 29.0704 28.6037 32.0071 28.0956 27.7594 25.7876 44.1851 37.329 37.3368 31.2105 29.4911 25.5835 36.2307 48.1956 59.2998 40.5629 87.7277 25.0549 23.156 22.1686 29.0955
threshold=1.5000000000000002 2.5000000000000004 668.50000000000011 8.5000000000000018 984.50000000000011 542.50000000000011 25.500000000000004 461.50000000000006 211.89499664306643 528.00000000000011 1123.0000000000002 146.25000000000003 110.50000000000001 80.500000000000014 411.50000000000006 1.0000000180025095e-35 2.5000000000000004 11.500000000000002 1010.5000000000001 154.98000335693362 253.50000000000003 153.50000000000003 2.5000000000000004 474.50000000000006 24.500000000000004 1.0000000180025095e-35 41.025201797485359 1.5000000000000002 896.00000000000011 222.50000000000003
decision_type=2 2 2 8 2 8 2 10 2 10 2 2 2 8 10 8 2 2 2 2 2 2 10 8 2 2 10 10 2 8
left_child=4 13 20 10 5 6 7 8 -1 28 11 -4 14 -2 15 16 17 -13 -19 -17 21 -3 23 27 -25 -26 -6 -23 -8 -30
right_child=1 2 3 -5 26 -7 9 -9 -10 -11 -12 12 -14 -15 -16 19 -18 18 -20 -21 -22 22 -24 24 25 -27 -28 -29 29 -31
leaf_value=-0.014018924204002543 -0.0045366769655119195 -0.0071961886196060341 0.0025309864324235855 -0.031720386375394004 -0.0022978088078594032 -0.0045290909415409983 0.011541893736311558 0.16750102543504192 0.093843216179136435 0.058027026708214996 0.0029916192620365887 0.092481251305388062 0.19927992569760952 -0.026191426104092266 -0.017566496773702752 0.17302834655070051 -0.031543774011468462 0.14902312897249506 0.41438415123025529 0.023825345648367233 -0.017768210929719839 -0.0070136189804884145 -0.011601595629135686 0.050685468533601397 0.097782459485802178 0.43260935576289555 0.035856740284249518 0.19500562148465375 0.17727618746294188 0.029521923560196596
leaf_weight=62.175333041930571 122.24949389137328 199.80824672675226 55.524798170430586 24.01388734660577 542.28229380748235 158.05993019673042 371.64542727638036 1.1808848888613273 2.758206636644899 13.946928490418939 435.80759751517326 5.0947240749374014 0.90558993862941761 94.432636524084955 8.5549835376441461 1.2224822600837786 1.5271597374230621 0.98512800969183423 0.67034360859543085 48.259583873441443 122.79875299870037 14.670687927165996 25.117919555166736 12.374829768901693 4.6034046509303144 0.83147497312165786 15.945128011517225 0.52906171022914428 1.2316587595269082 45.89367201551795
leaf_count=2113 2625 14993 3709 223 18962 5148 10865 20 27 210 24501 105 58 2085 466 28 84 38 15 1069 8194 1148 1623 469 120 22 221 25 21 813
internal_value=0.000954744 -0.00218657 0.00046488 0.00501516 0.00400522 0.00843539 0.0125433 -0.00627689 -0.00943722 0.0154188 0.00659454 0.0193868 0.0333099 -0.0139741 0.0310434 0.0382432 0.102398 0.1327 0.256475 0.0275115 -0.00649756 -0.0011318 0.0197141 0.0435431 0.0806897 0.149007 -0.00120797 1.81182e-05 0.0139998 0.0333836
internal_weight=2395.1 1179.98 963.301 582.566 1215.12 656.892 498.832 66.1144 64.9335 432.718 558.552 122.745 67.22 216.682 66.3144 57.7594 8.27736 6.7502 1.65547 49.4821 380.734 257.936 58.1274 33.0095 17.8097 5.43488 558.227 15.1997 418.771 47.1253
internal_count=100000 61600 56890 30296 38400 19217 14069 2160 2140 11909 30073 5572 1863 4710 1805 1339 242 158 53 1097 26594 18400 3407 1784 611 142 19183 1173 11699 834
is_linear=0
shrinkage=0.03


Tree=195
num_leaves=31
num_cat=0
split_feature=342 435 409 31 49 366 28 185 41 311 146 46 13 3 433 433 139 312 361 366 43 367 332 113 405 4 396 267 401 167
split_gain=24.8722 29.8859 24.9651 23.8856 22.5604 23.5844 26.5453 24.6213 21.524 21.414 21.0979 35.3166 44.7645 25.5533 21.3566 21.0544 19.6688 21.663 19.338 21.416 19.9922 19.7087 18.8179 22.4737 18.4971 18.3527 21.0211 28.3344 20.7784 18.6607
threshold=3.5000000000000004 1.2273021533669504 13.500000000000002 14.500000000000002 1.0000000180025095e-35 363.00500488281256 2.5000000000000004 486.00000000000006 4.5000000000000009 3.5000000000000004 1.0000000180025095e-35 1.0000000180025095e-35 2.5000000000000004 14207.000000000002 4.5000000000000009 1.5000000000000002 4.5000000000000009 1.5000000000000002 557.00000000000011 369.94999694824224 544.50000000000011 57.000249862670906 6.5000000000000009 1.5000000000000002 510.00000000000006 554.50000000000011 1.0000000180025095e-35 62.402200698852546 -7.4999999999999991 2.5000000000000004
decision_type=2 2 8 10 2 10 2 2 10 10 10 2 2 2 2 2 10 10 2 10 8 10 2 10 10 8 10 10 8 2
left_child=2 -2 24 4 5 7 15 8 9 16 22 14 13 -13 -12 -7 25 -18 19 -17 21 -21 23 -6 -1 26 27 28 -4 -30
right_child=1 -3 3 -5 10 6 -8 -9 -10 -11 11 12 -14 -15 -16 18 17 -19 -20 20 -22 -23 -24 -25 -26 -27 -28 -29 29 -31
leaf_value=-0.016433365449908047 -0.034143036999097563 0.020182551541788916 0.11254771477840421 -0.0075149800547066395 -0.00071076961094332825 -0.00012199237618057971 -0.016069871896375241 -0.019103040318892376 -0.014173778321019036 0.031507661898223287 0.047672578647762386 0.029991173484607576 -0.024990970831469009 0.18816801301958927 0.15998415094407842 0.16281329869672356 -0.013391254907536102 -0.12244861278812205 -0.024969977335469611 0.098368975139052253 0.12042569542490528 0.028577535412050221 -0.028297129269438039 -0.028090570644058604 0.11889263456116822 -0.0039102776230272645 0.018111953930962772 -0.024003757390922711 0.0054334199509147316 0.056063940466474005
leaf_weight=80.957101890817285 36.033931863959879 12.19926974037662 1.6434109276160596 217.03813885780983 466.24481798347551 17.391300637507811 14.734472593059762 40.511367698665708 52.707736191805452 27.632402989082038 7.4563213400542754 2.4603554885834487 14.61659155320376 1.4674129476770756 1.9151782887056468 1.317855963949113 6.9306186679750663 2.1471293624490499 4.0212732702493659 4.0214819172397247 2.6282569123432031 38.553969368571416 26.385254263877869 28.63809551554732 0.91936548054218192 174.71751254587434 125.52344107348472 29.258955171797425 948.80911309807561 6.5971168908290556
leaf_count=1772 517 180 25 21318 24384 264 437 628 1196 291 103 36 284 18 24 14 73 12 39 48 38 530 547 455 5 6613 2113 391 37576 69
internal_value=0.000922119 -0.0204029 0.00136032 0.00194851 0.00295125 0.00485685 0.0204325 0.00394782 0.00462649 0.00537534 -0.0022506 0.0231584 -0.000829022 0.089086 0.0706248 0.0283496 0.004818 -0.0391862 0.0381464 0.0436022 0.0401267 0.0351697 -0.00361135 -0.0022952 -0.0149138 0.00512849 0.00654888 0.00507729 0.00596636 0.00578303
internal_weight=2395.48 48.2332 2347.25 2265.37 2048.33 1499.15 82.6686 1416.48 1375.97 1323.26 549.184 27.9159 18.5444 3.92777 9.3715 67.9341 1295.63 9.07775 50.5428 46.5216 45.2037 42.5755 521.268 494.883 81.8765 1286.55 1111.83 986.309 957.05 955.406
internal_count=100000 697 99303 97526 76208 50357 1370 48987 48359 47163 25851 465 338 54 127 933 46872 85 669 630 616 578 25386 24839 1777 46787 40174 38061 37670 37645
is_linear=0
shrinkage=0.03


Tree=196
num_leaves=31
num_cat=0
split_feature=342 435 436 12 313 259 239 14 14 49 348 11 146 46 13 29 106 421 437 30 43 421 424 5 188 7 410 255 310 1
split_gain=23.6375 28.6477 23.6613 23.167 23.7579 24.4666 28.4927 22.7976 32.871 19.8684 22.4072 25.4112 21.1764 31.6088 40.4871 20.8505 35.6412 22.6417 20.3965 26.588 36.5057 25.8261 48.6004 36.8442 25.1291 24.5528 23.77 20.8505 24.3398 28.9326
threshold=3.5000000000000004 1.2273021533669504 -223.37358961851936 530.50000000000011 3.5000000000000004 105.49329757690431 2.5000000000000004 38.500000000000007 37.500000000000007 1.0000000180025095e-35 3.5000000000000004 11.500000000000002 1.0000000180025095e-35 1.0000000180025095e-35 2.5000000000000004 295.50000000000006 2.5000000000000004 67.500000000000014 10352.500000000002 273.50000000000006 42.500000000000007 7.5000000000000009 1.0000000180025095e-35 145.00000000000003 601.25000000000011 100.50000000000001 214.50000000000003 92.502998352050795 1.5000000000000002 4.6635000705719003
decision_type=2 2 2 10 10 10 10 2 2 2 10 10 10 2 2 8 10 2 2 10 10 2 2 10 2 8 8 10 10 2
left_child=2 -2 -1 4 5 6 7 8 9 10 15 -12 -11 -14 -15 18 17 -17 21 24 -21 22 27 -23 -20 -25 -24 28 -4 -30
right_child=1 -3 3 -5 -6 -7 -8 -9 -10 12 11 -13 13 14 -16 16 -18 -19 19 20 -22 23 26 25 -26 -27 -28 -29 29 -31
leaf_value=-0.026932958471596269 -0.033734387812379286 0.019347748366910944 0.005466849867677601 -0.029268869923476475 0.032276022303658794 -0.030135641614093617 0.029058726078088022 -0.018218878747607362 0.12277679970735102 -0.0038959236238972576 0.042175105379272354 -0.0293378295340966 0.066895927489552559 0.082402375552834542 -0.024531960726154524 -0.015929626178539838 0.18530991033088856 0.22601110269954081 -0.011909474847395577 0.48536415321781196 -0.030331403824980133 0.051081533439139522 0.16837129702830056 0.15831602401856595 0.076503714338779144 -0.0096526563038813306 0.045191690380969277 -0.0129591242889717 -0.072327355784865308 0.026170239809047927
leaf_weight=26.38257863605395 35.386179942637682 12.341641100589184 1010.5836533023976 21.623041654005647 22.986039909999818 21.624652934726328 34.306741779437289 51.500208561308682 2.0254193786531678 589.33194555074442 24.757624760735784 5.4578218129463485 9.613327828235926 4.1179004497826126 14.08963395655155 71.462355598574504 0.81048363447189231 0.34982724394649167 105.9657245692797 0.2318567163310935 0.26445400202646852 9.7549001039005798 1.5447073765099046 0.78687435109168191 2.9744534771889439 168.9477033270523 16.158188758417968 50.692540738265961 2.7814371697604647 76.599279913119972
leaf_count=1179 517 180 43474 479 227 290 359 1319 13 34260 300 127 132 53 280 6385 6 15 4397 11 30 85 34 17 19 4233 217 583 21 758
internal_value=0.000892741 -0.0200082 0.00131764 0.00163872 0.00192933 0.00162294 0.00192748 0.00150836 0.0019767 0.0018638 0.00367622 0.0292577 -0.00268851 0.0228883 -0.000347195 0.00316767 -0.0125183 -0.014751 0.00395477 -0.0084974 0.210581 0.00497336 0.00661412 -0.0056155 -0.00949548 -0.00887397 0.05594 0.00584858 0.0067233 0.022719
internal_weight=2395.45 47.7278 2347.73 2321.34 2299.72 2276.73 2255.11 2220.8 2169.3 2167.28 1550.12 30.2154 617.153 27.8209 18.2075 1519.91 72.6227 71.8122 1447.29 109.436 0.496311 1337.85 1158.36 179.489 108.94 169.735 17.7029 1140.66 1089.96 79.3807
internal_count=100000 697 99303 98124 97645 97418 97128 96769 95450 95437 60712 427 34725 465 333 60285 6406 6400 53879 4457 41 49422 45087 4335 4416 4250 251 44836 44253 779
is_linear=0
shrinkage=0.03


Tree=197
num_leaves=31
num_cat=0
split_feature=27 40 12 437 310 1 313 1 5 436 19 367 437 38 13 8 437 30 410 37 13 346 32 30 59 27 82 135 19 20
split_gain=23.8201 22.4673 21.9773 23.5382 23.4549 33.3068 23.0238 22.6422 24.2179 21.7615 21.0089 20.9515 52.6553 23.9265 26.6293 23.949 20.2484 38.304 73.8385 90.7215 38.832 26.5005 25.6341 25.66 34.7014 23.2786 26.5888 24.374 23.3562 27.8329
threshold=124.50000000000001 470.50000000000006 530.50000000000011 35.500000000000007 2.5000000000000004 4.6635000705719003 3.5000000000000004 141.0100021362305 147.50000000000003 -223.37358961851936 25.500000000000004 179.40000152587893 18.500000000000004 19.500000000000004 52.500000000000007 1.5000000000000002 4512.0000000000009 202.50000000000003 425.50000000000006 0.14583300054073337 57.500000000000007 2.5000000000000004 309.50000000000006 240.50000000000003 1.5000000000000002 36.500000000000007 1.5000000000000002 1.0000000180025095e-35 1.0000000180025095e-35 3.5000000000000004
decision_type=2 10 10 2 10 2 10 2 8 2 2 10 2 8 2 2 2 10 10 10 2 2 10 10 8 2 10 8 2 2
left_child=1 2 3 7 6 -6 9 -1 -9 -5 16 -10 13 14 15 -13 25 21 20 -20 22 -18 -19 24 -24 28 -27 -28 29 -11
right_child=-2 -3 -4 4 5 -7 -8 8 11 10 -12 12 -14 -15 -16 -17 17 18 19 -21 -22 -23 23 -25 -26 26 27 -29 -30 -31
leaf_value=-0.014214930351942741 -0.020311811114439936 -0.035277893242506957 -0.028666418046678604 -0.030587605041287141 -0.10811385569281307 0.02217041950755053 0.042377337046040138 0.056411595702748195 -0.0065754433390490617 0.0046915435035661457 0.058923268832547088 0.18623212494121114 -0.039025390010073366 -0.021001857454265936 -0.020329262634093268 0.074516653895169441 -0.0037263667406274934 -0.014757356230919567 0.017879684514351134 0.56409504510705288 0.35115026257627868 -0.0278494674824349 0.048603712312385382 0.0071941497803997131 0.20743189099868514 -0.017782371074595731 0.15578118456947221 -0.030420186323972795 -0.0054326570151335398 0.022311783683791882
leaf_weight=151.15582702751271 46.869834302458912 15.026620298624037 21.501903794240206 18.281192867550999 1.8083980344235886 75.328280222602189 12.787005647085605 7.3081233841367066 84.234462595544755 1207.1493050574791 5.8789726714603594 2.4250397561117998 6.8495340552180997 2.3985686632804581 1.8040713276714093 6.000273870304226 304.43342297361232 14.531710438197477 0.59830612130463012 0.5043699718080461 0.31229932233691116 47.36184568842873 6.5818798304535457 10.343159739160908 1.5248607024550445 62.689284522901289 1.550097853410989 1.0690798368304959 188.55452608177438 86.460767692420632
leaf_count=8467 4591 232 490 799 11 758 103 82 3051 36623 101 30 119 63 24 68 13079 1214 31 31 10 607 81 1062 21 3870 35 115 22894 1338
internal_value=0.000864568 0.00128756 0.00152323 0.00180425 0.00288785 0.019116 0.00225262 -0.00665927 0.00362789 0.00199056 0.00229762 -9.15408e-05 0.0279494 0.0642773 0.0842734 0.106671 0.00212546 -0.00401974 0.0261957 0.267722 0.0181965 -0.00697404 0.0150438 0.0385161 0.078479 0.00365908 -0.0138697 0.0797787 0.00443145 0.00586922
internal_weight=2393.32 2346.45 2331.43 2309.92 2047.75 77.1367 1970.61 262.176 111.02 1957.83 1939.54 103.712 19.4775 12.628 10.2294 8.42531 1933.66 386.192 34.3966 1.10268 33.2939 351.795 32.9816 18.4499 8.10674 1547.47 65.3085 2.61918 1482.16 1293.61
internal_count=100000 95409 95177 94687 82783 769 82014 11904 3437 81911 81112 3355 304 185 122 98 81011 16136 2450 62 2388 13686 2378 1164 102 64875 4020 150 60855 37961
is_linear=0
shrinkage=0.03


Tree=198
num_leaves=31
num_cat=0
split_feature=27 2 363 437 0 437 346 7 6 4 157 27 29 148 369 16 437 95 4 222 437 39 362 4 51 90 124 111 9 434
split_gain=22.8328 38.2 31.709 32.6703 31.2678 30.1375 41.2036 30.4491 32.548 36.2961 35.2099 34.5958 36.164 36.7441 29.133 28.8065 28.7311 37.9694 35.7895 27.1696 26.7122 34.422 28.8174 26.7794 26.34 26.0451 25.521 31.5414 25.2353 24.8429
threshold=1.5000000000000002 2.5000000000000004 23.382550239562992 682.50000000000011 7431176.5000000009 1123.0000000000002 5.5000000000000009 217.00000000000003 2.5000000000000004 513.50000000000011 1.5000000000000002 29.500000000000004 526.50000000000011 1.5000000000000002 1247.9000244140627 65.500000000000014 984.50000000000011 1.5000000000000002 542.50000000000011 1.0000000180025095e-35 25.500000000000004 461.50000000000006 211.89499664306643 528.00000000000011 1.0000000180025095e-35 3.5000000000000004 1.5000000000000002 1.0000000180025095e-35 500.00000000000006 -0.50969021812591897
decision_type=2 2 2 2 2 2 2 10 2 10 2 2 10 2 2 2 2 10 8 8 2 10 2 10 2 10 10 10 10 2
left_child=15 26 3 28 -4 24 7 19 9 11 14 12 13 29 25 16 18 -18 20 -7 21 22 -1 -22 -5 -10 -2 -28 -3 -9
right_child=1 2 4 5 -6 6 -8 8 10 -11 -12 -13 -14 -15 -16 -17 17 -19 -20 -21 23 -23 -24 -25 -26 -27 27 -29 -30 -31
leaf_value=-0.013548941919602476 -0.016935758892738913 -0.009496679152380106 0.1158161151038089 0.024729339780705184 0.016184792976668642 0.11508308883596657 -0.032365678865621084 0.23327873185555337 -0.0020146547942693667 -0.015630107041403538 0.041685521642308279 -0.032000509555157548 0.22383346068698015 0.086058957465960581 0.093619628319739662 -0.19522188974160179 -0.0026275806333808027 0.041462355300759944 -0.004446508112207515 -0.013346550912949701 0.013280671617081826 0.14603380832728893 0.08104656513970826 0.055177738346534284 -0.0099439485375672869 0.12881145861133086 0.1331977991314294 0.0062790655753527458 0.038171062897223641 0.0072679817321585462
leaf_weight=60.949940090766177 193.91442436329089 345.13827563764062 2.9732791506685308 90.44859688077122 60.942028768826276 1.5046113114804029 32.869155210442841 0.45416086399927635 222.48356982308906 10.889186220010741 19.857406287221238 4.2445389495696864 1.1612995462492097 14.086617416469378 2.954194957856088 0.65474252589046855 539.45247305720113 18.171265226323158 156.90396226500161 100.88000457442831 422.89263273519464 1.3145362236537028 3.0430917125195256 14.19090161891654 25.215285916812718 1.3780401721596707 1.9545698743313575 17.911688707070425 10.293542865896596 12.084468918386852
leaf_count=2113 4424 25407 58 3865 1846 18 490 31 13783 362 323 358 51 313 40 11 18972 208 5147 7171 11692 20 27 210 1377 9 24 262 490 898
internal_value=0.00083629 -0.00214959 0.000404681 -0.00105169 0.0208195 0.00359382 -0.000102376 0.00260305 0.0075747 0.0316859 0.00337944 0.0477713 0.0599568 0.0528091 2.57937e-05 0.00371442 0.00382146 -0.00119082 0.00806079 -0.0114592 0.011967 -0.005929 -0.0090506 0.014641 0.0171704 -0.00120932 -0.013618 0.0187661 -0.00811619 0.0154543
internal_weight=2391.21 1173.64 959.858 895.943 63.9153 540.511 424.847 391.978 289.593 42.9203 246.673 32.0311 27.7865 26.6252 226.816 1217.57 1216.92 557.624 659.295 102.385 502.391 65.3076 63.993 437.084 115.664 223.862 213.781 19.8663 355.432 12.5386
internal_count=100000 61600 56890 54986 1904 29089 23847 23357 16168 2013 14155 1651 1293 1242 13832 38400 38389 19180 19209 7189 14062 2160 2140 11902 5242 13792 4710 286 25897 929
is_linear=0
shrinkage=0.03


Tree=199
num_leaves=31
num_cat=0
split_feature=27 40 58 1 185 28 348 438 438 320 318 106 272 0 48 261 239 14 14 439 257 438 43 9 438 107 204 395 437 32
split_gain=22.3529 21.1929 20.7507 23.888 23.6456 23.2199 22.4769 23.3071 33.2461 25.0414 27.527 22.9781 22.4614 22.4602 22.5237 20.9765 24.0128 20.4158 29.8838 19.7488 19.7231 19.5856 19.3052 24.0764 20.9247 18.474 18.2032 17.65 17.0946 23.0521
threshold=124.50000000000001 470.50000000000006 1.5000000000000002 335.16549682617193 529.37500000000011 14.500000000000002 2.5000000000000004 113.50000000000001 119.00000000000001 31.116300582885746 88.455150604248061 2.5000000000000004 5.5000000000000009 8975125.0000000019 -1.0000000180025095e-35 68.395599365234389 2.5000000000000004 38.500000000000007 37.500000000000007 164644.50000000003 55.051500320434577 43593.000000000007 354.50000000000006 474.00000000000006 3195.5000000000005 1.5000000000000002 1.5000000000000002 -8.4999999999999982 837.00000000000011 268.50000000000006
decision_type=2 10 10 2 2 2 10 2 2 10 10 10 10 2 2 10 10 2 2 2 10 2 10 10 2 10 10 8 2 8
left_child=1 2 3 4 6 -4 7 11 -9 12 19 -1 15 -5 -15 16 17 18 20 25 27 22 23 -8 -24 -11 -17 -10 -16 -30
right_child=-2 -3 5 13 -6 -7 21 8 9 10 -12 -13 -14 14 28 26 -18 -19 -20 -21 -22 -23 24 -25 -26 -27 -28 -29 29 -31
leaf_value=-0.018727055249057791 -0.019912693205777446 -0.034783130508093001 -0.016188889341530375 0.0029113391319793938 -0.018212228394273392 0.14393650852439457 -0.014028350972973332 0.064032609458209641 0.075227601055816953 0.026782975450073861 -0.031991883417315174 0.099973331112301375 -0.049711907644287248 -0.0049457330808615092 0.037458230374938804 -0.042702661348313499 0.029816699521592899 -0.018697269452762882 0.11380156208793192 0.04375044158847069 0.10016232149950041 0.060551316836776253 -0.03507761612305392 0.057309080496638687 0.056971096163041503 -0.016668129806094896 0.041710208451940463 0.00077761798711494727 -0.0045111299611857595 0.046853650725703633
leaf_weight=68.498763569630682 45.953867047210224 14.627430150285361 71.60067164816428 163.00824680086225 57.266717704245821 0.82443120703101058 24.583122923504565 7.6101241116411975 2.8710048785433173 23.624420932494104 8.6884211064316315 1.4998899903148402 7.9951850152574471 25.389303937088698 55.656765075400472 16.222493132343519 25.702867893734947 47.936467776075006 2.1173141095787278 28.30231068842113 1.8039579736068834 9.1149953594431263 2.7188889246899626 5.149933567736297 12.176998625043778 14.040301921311764 2.6788392243906847 1606.1894591510063 25.765367107465863 11.317803514190016
leaf_count=3449 4591 232 2607 4227 924 14 601 155 24 330 210 12 60 1310 652 268 323 1270 13 293 18 93 66 47 134 271 19 77284 358 145
internal_value=0.000808407 0.00121447 0.00144043 0.00194744 0.000783752 -0.0143661 0.00135047 0.000799506 0.0014615 0.00119521 0.0182034 -0.0161836 0.000454184 0.0101298 0.0200906 0.000689354 0.00104156 0.000596262 0.00116965 0.0248146 0.00102161 0.020478 0.0122934 -0.0016723 0.0401698 0.0105857 -0.030739 0.000910457 0.0269447 0.0111654
internal_weight=2390.94 2344.98 2330.36 2257.93 1976.79 72.4251 1919.53 1865.78 1795.78 1788.17 74.6555 69.9987 1713.52 281.137 118.129 1705.52 1686.62 1660.92 1612.98 65.967 1610.86 53.7439 44.6289 29.7331 14.8959 37.6647 18.9013 1609.06 92.7399 37.0832
internal_count=100000 95409 95177 92556 85864 2621 84940 83999 80538 80383 1104 3461 79279 6692 2465 79219 78932 78609 77339 894 77326 941 848 648 200 601 287 77308 1155 503
is_linear=0
shrinkage=0.03


Tree=200
num_leaves=31
num_cat=0
split_feature=223 1 4 96 60 39 108 25 39 20 21 241 1 337 26 3 341 411 7 427 214 437 143 11 30 27 337 11 43 43
split_gain=362.57 263.227 163.965 730.704 99.7691 93.721 75.6064 69.2395 296.607 149.33 83.707 61.175 178.774 52.8786 65.0142 342.851 338.511 92.8704 152.231 65.7844 94.4717 53.3894 116.931 525.939 93.7266 204.858 81.7945 73.1926 48.3864 47.4979
threshold=20.500000000000004 35.958000183105476 584.50000000000011 1.5000000000000002 4.5000000000000009 48.500000000000007 3.5000000000000004 128.50000000000003 3.5000000000000004 117.50000000000001 5.5000000000000009 2.5000000000000004 14.048000335693361 1.5000000000000002 1.5000000000000002 17491.500000000004 3.5000000000000004 611.50000000000011 137.50000000000003 1.0000000180025095e-35 31.500000000000004 6932.0000000000009 1.5000000000000002 36.500000000000007 600.50000000000011 25.500000000000004 8.5000000000000018 1.5000000000000002 228.50000000000003 208.50000000000003
decision_type=10 2 10 10 10 10 10 2 8 2 2 10 2 2 2 2 8 10 10 2 8 2 10 10 8 2 2 10 10 10
left_child=2 -2 4 6 7 -5 -4 10 9 -9 13 -12 -13 -1 17 16 -16 19 -19 21 -21 28 24 -24 26 -26 -23 -28 29 -15
right_child=1 -3 3 5 -6 -7 -8 8 -10 -11 11 12 -14 14 15 -17 -18 18 -20 20 -22 22 23 -25 25 -27 27 -29 -30 -31
leaf_value=-0.0033930948850010947 -0.46716277749442925 0.031510888854656 -0.017895397163520795 0.49189690945092479 0.32741113307540842 0.93401825692998963 0.27483157261354735 1.1459763310590672 0.027062747768242253 0.32251803338336588 -0.032264495077581681 -0.54821965652528781 -0.038181176642853851 0.0050535119417402406 0.0092808766362063918 0.51114546860019827 0.54831183957282525 0.77174761630190403 -0.030781719355228571 0.01217135145177445 0.57114420266025467 0.0041845070404099216 -0.010432703111805509 1.2122112792459034 1.1864079331461581 -0.030311716019608203 0.20035538068156158 0.023082393604443151 -0.014163468092257178 0.0783169978102288
leaf_weight=1712.1257298708661 2.5805270839482537 1.5101837031543253 8.6929131897631979 1.0884246984496719 0.83253542822785576 0.71497296588495363 0.87393541261553842 0.28039918793365359 29.254844457609583 0.67611297522671521 42.127801012247801 0.82700017280876581 2.4532785317860544 279.96205804659985 30.101961100939665 1.3807282801717509 1.0863885069265951 0.37368542328476806 0.49387878086417913 0.6926715113222599 0.44820049870759138 48.234563484089449 1.3867337154224504 0.41034807125106443 0.19724069628864427 0.33789436356164515 3.917003470938651 4.5092710689641535 143.9049209645018 8.1973890953231585
leaf_count=74163 43 46 577 24 19 24 9 15 647 61 390 18 65 10868 758 31 28 12 34 32 16 2031 96 25 18 42 48 158 9192 510
internal_value=-0.000878954 -0.283065 -0.000382587 0.113262 -0.000940946 0.66718 0.00884533 -0.00105911 0.0440598 0.563913 -0.00165614 -0.0419811 -0.166768 -0.000837872 0.00748513 0.048537 0.028057 0.00477348 0.314891 0.00422686 0.231768 0.00369822 0.0304687 0.268747 0.0229821 0.418148 0.0192499 0.105489 4.30347e-05 0.00713767
internal_weight=2329.67 4.09071 2325.58 11.3702 2314.21 1.8034 9.56685 2313.38 30.2114 0.956512 2283.17 45.4081 3.28028 2237.76 525.635 32.5691 31.1883 493.066 0.867564 492.198 1.14087 491.057 58.9931 1.79708 57.196 0.535135 56.6608 8.42627 432.064 288.159
internal_count=100000 89 99911 634 99277 48 586 99258 723 76 98535 473 83 98062 23899 817 786 23082 46 23036 48 22988 2418 121 2297 60 2237 206 20570 11378
is_linear=0
shrinkage=0.03


Tree=201
num_leaves=31
num_cat=0
split_feature=223 335 331 36 60 25 39 21 410 41 335 334 340 6 4 411 411 367 36 365 136 431 49 26 8 101 0 261 437 343
split_gain=263.257 250.607 142.194 136.351 71.7293 62.0207 139.271 74.534 67.1179 123.18 52.6258 81.9888 114.957 281.219 57.3364 43.2592 42.9899 70.8729 60.0967 43.8467 43.0749 45.1283 68.7907 109.548 73.4197 73.5244 87.0908 64.4746 62.7714 79.9385
threshold=20.500000000000004 16.500000000000004 3.5000000000000004 32.041666030883796 4.5000000000000009 128.50000000000003 3.5000000000000004 5.5000000000000009 154.00000000000003 2.5000000000000004 8.5000000000000018 5.5000000000000009 1.5000000000000002 2.5000000000000004 584.50000000000011 564.00000000000011 611.50000000000011 24.023599624633793 33.979166030883796 33.410900115966804 2.5000000000000004 722.00000000000011 1.0000000180025095e-35 2.5000000000000004 1.5000000000000002 1.5000000000000002 12292910.000000002 535.00000000000011 12261.500000000002 3.5000000000000004
decision_type=10 10 2 8 10 2 8 2 8 8 8 10 10 2 10 10 10 8 8 10 10 2 2 2 2 10 2 10 2 2
left_child=1 4 -3 -2 5 7 -7 10 9 -9 16 12 14 -14 15 -12 20 -18 -19 -20 21 22 24 28 25 -1 -27 -23 -24 -30
right_child=3 2 -4 -5 -6 6 -8 8 -10 -11 11 -13 13 -15 -16 -17 17 18 19 -21 -22 27 23 -25 -26 26 -28 -29 29 -31
leaf_value=0.02080449048086825 0.031465711077483915 0.31610451730026146 0.017303960300890785 -0.30959796540482937 0.24335106986018651 0.30701732967756995 0.025913020942490265 -0.045820697585945112 -0.025371199880658536 -0.34300487265146212 0.015558140892022574 -0.044697984377934388 0.48260996708611875 0.026185521370880704 0.28860602661970192 0.16735513161158105 0.01538247286678439 0.001794524340584599 0.35160966413335693 0.10504277182347313 0.14586449517156777 -0.010243886462334869 -0.010471960100609634 0.31520865505572576 0.0013956689536119935 0.054235124818349273 0.50601497040638699 0.2071533924939494 0.027053467340569202 0.30242614972568038
leaf_weight=173.15524587454274 1.4676234964281318 3.5157985314726821 2.4199968725442886 3.7517486549913874 1.0816469320561726 1.6765262400731444 29.454006012296308 4.2936618831008673 38.615301151527092 1.7738313842564819 34.450061389361508 10.925358498468993 1.8029229640960682 3.7252128217369318 0.74656283296644588 1.7767855359707017 23.124599235598001 1.5481961274053899 1.4049094738438719 1.2065467443317173 1.7715635839849699 528.10383421345614 561.78691319713835 0.94305648282170196 871.16062564472668 1.0315764590632159 0.61177112022414792 1.2306480016559351 24.388011681381617 0.98716413369402189
leaf_count=5064 46 41 13 43 19 77 656 40 400 27 1051 99 32 31 13 38 552 42 28 26 19 11995 33135 11 44753 41 17 12 1633 46
internal_value=-0.000873484 -0.000396484 0.194285 -0.213695 -0.000893987 -0.00100778 0.0410518 -0.0015794 -0.0399458 -0.132702 -0.000816085 0.0286019 0.0474442 0.175042 0.0283662 0.0230032 -0.00153296 0.0358892 0.149892 0.237691 -0.00200453 -0.00212562 0.000340467 -0.00786837 0.004956 0.0227 0.22242 -0.00973846 -0.00838727 0.0377662
internal_weight=2333.93 2328.71 5.9358 5.21937 2322.78 2321.69 31.1305 2290.56 44.6828 6.06749 2245.88 53.4269 42.5015 5.52814 36.9734 36.2268 2192.45 27.2843 4.15965 2.61146 2165.17 2163.4 1634.06 588.105 1045.96 174.799 1.64335 529.334 587.162 25.3752
internal_count=100000 99911 54 89 99857 99838 733 99105 467 67 98638 1264 1165 63 1102 1089 97374 648 96 54 96726 96707 84700 34825 49875 5122 58 12007 34814 1679
is_linear=0
shrinkage=0.03


Tree=202
num_leaves=31
num_cat=0
split_feature=223 335 36 345 61 9 26 3 136 16 39 28 20 27 65 133 411 366 32 103 151 362 260 437 230 29 122 368 3 436
split_gain=209.002 201.698 88.6911 87.9815 56.0142 52.9945 109.76 181.33 76.9786 77.0105 112.971 136.629 79.8244 78.4562 74.1927 66.1031 50.344 53.0296 47.3873 46.9864 88.1949 187.92 46.1315 44.6603 43.0547 42.7037 42.6156 113.404 109.805 39.4532
threshold=20.500000000000004 16.500000000000004 32.041666030883796 3.5000000000000004 4.5000000000000009 326.00000000000006 1.5000000000000002 17966.500000000004 2.5000000000000004 6.5000000000000009 91.500000000000014 3.5000000000000004 10.500000000000002 16.500000000000004 1.0000000180025095e-35 1.5000000000000002 611.50000000000011 22.004899978637699 90.500000000000014 1.0000000180025095e-35 1.5000000000000002 320.01499938964849 15.236399650573732 78.500000000000014 42.500000000000007 105.50000000000001 1.5000000000000002 52.749799728393562 16633.500000000004 -41.481647424710744
decision_type=10 10 8 2 10 10 2 2 10 2 8 2 2 2 10 10 10 8 8 10 10 2 8 2 10 10 10 2 2 2
left_child=1 4 -2 -3 5 16 8 14 9 12 11 13 19 -11 -8 -12 24 -18 -16 29 -21 -22 23 -19 26 -14 -1 -28 -29 -7
right_child=2 3 -4 -5 -6 6 7 -9 -10 10 15 -13 25 -15 18 -17 17 22 -20 20 21 -23 -24 -25 -26 -27 27 28 -30 -31
leaf_value=-0.0045597693692335604 0.031421902871954045 0.24087371139530797 -0.23865388930771791 0.016671172206766033 0.19618186539691554 -0.011671446032322281 -0.033358037730780075 0.35829079558574356 0.27051490618470436 0.60130350740951422 0.012897372369729408 0.078302083373039288 0.011782345378568008 0.20642731027726657 0.2629522404345806 0.45678393464494532 0.013302102802575964 0.013538251431604684 0.063907985640886816 0.021090976174847186 0.58073083846724882 0.029012676744466424 0.0056782618382039043 0.22519931989601982 -0.25297366351558703 0.19199602971919932 0.0067994020037176472 0.10482339670518698 0.50814984513602313 0.0060650524699413962
leaf_weight=1734.807565315743 1.4262043824419377 4.4573831595480433 4.7029271945357314 2.4362434819340706 1.2975243311375368 200.69249204709195 5.2354757105931622 1.9911103164777149 0.98260749131441016 0.75762540753930618 30.312209355412055 7.2063905543182045 1.9499856531620015 1.125673236325383 1.602066578576341 0.30497775599360366 24.326434512622658 1.2489939858205614 3.2812516815029085 15.661278763320299 0.83356195827946011 1.6663613468408582 2.562025526771321 3.1851856326684356 0.62556694820523162 3.0102570429444313 17.324662279104817 2.7972554226871575 0.77604854106903065 257.94471637881361
leaf_count=72063 46 41 43 13 19 11050 97 28 11 28 2004 589 24 24 32 10 566 34 52 306 34 22 53 43 6 23 1501 85 18 11135
internal_value=-0.000854194 -0.000394049 -0.175809 0.161639 -0.000874787 -0.000984891 0.00730273 0.0965917 0.00523309 0.00473321 0.0448906 0.137761 0.00142341 0.365281 0.0450963 0.0173189 -0.00346312 0.0342357 0.129208 0.000177872 0.0475041 0.212975 0.107024 0.16558 -0.00413544 0.12115 -0.00404678 0.0385379 0.192418 -0.00169616
internal_weight=2336.53 2330.4 6.12913 6.89363 2323.51 2322.21 534.558 12.1099 522.448 521.466 39.7069 9.08969 481.759 1.8833 10.1188 30.6172 1787.65 31.3226 4.88332 476.798 18.1612 2.49992 6.99621 4.43418 1756.33 4.96024 1755.71 20.898 3.5733 458.637
internal_count=100000 99911 89 54 99857 99838 25469 209 25260 25249 2655 641 22594 52 181 2014 74369 696 84 22547 362 56 130 77 73673 47 73667 1604 103 22185
is_linear=0
shrinkage=0.03


Tree=203
num_leaves=31
num_cat=0
split_feature=223 335 40 25 21 345 410 241 337 347 3 366 364 114 341 365 72 9 176 148 30 30 9 341 261 13 82 23 9 227
split_gain=173.47 168.905 56.9012 56.6736 68.3777 55.963 54.0578 84.223 49.7444 64.6614 63.9474 61.161 52.8142 65.312 57.387 70.8756 49.6024 54.9778 52.735 55.5631 50.5926 82.6769 66.3668 103.386 48.9976 48.5853 46.7762 45.9413 42.6896 41.4057
threshold=20.500000000000004 16.500000000000004 6.5000000000000009 128.50000000000003 5.5000000000000009 2.5000000000000004 154.00000000000003 2.5000000000000004 1.5000000000000002 4.5000000000000009 17187.500000000004 1.0000000180025095e-35 78.985000610351577 1.5000000000000002 3.5000000000000004 206.50000000000003 1.0000000180025095e-35 205.50000000000003 1.5000000000000002 6.5000000000000009 101.50000000000001 72.500000000000014 270.50000000000006 2.5000000000000004 452.50000000000006 1.0000000180025095e-35 1.0000000180025095e-35 2.5000000000000004 496.00000000000006 2.5000000000000004
decision_type=10 10 8 2 2 2 8 10 2 2 2 8 2 8 8 10 8 8 8 10 10 8 10 10 10 2 10 2 10 10
left_child=1 3 -2 4 8 -3 7 -6 29 16 12 -12 13 -11 -14 -16 -10 24 19 -19 21 22 23 -21 -18 -5 27 -23 -20 -1
right_child=2 5 -4 25 6 -7 -8 -9 9 10 11 -13 14 -15 15 -17 17 18 28 20 -22 26 -24 -25 -26 -27 -28 -29 -30 -31
leaf_value=-0.0032891844737201127 0.011804985155367688 0.19687498078360743 -0.19657962147762639 0.20497177495583366 -0.046208973057953712 0.025422523185195792 -0.024379249212852543 -0.27909549682772417 -0.013825715481228925 0.040043499583091953 0.2775819443300826 0.046501950842683888 -0.0080247701900829638 0.19785526976529824 -0.034013977710810633 0.2025722934825113 -0.012624867246961262 0.014207220726007556 -0.022247750738619405 0.05909130309344493 0.014471897473361911 -0.03078011387815606 0.019886789290912952 0.34655117231194871 0.15950905179250152 0.030650510932067936 0.35652514780103078 0.20258826844693617 0.22570706892680589 0.17752342888912265
leaf_weight=1710.3555434087757 1.509391637519002 5.1437122188508502 5.3929980471730223 1.5108342389576161 4.5763456569984555 2.5691970214247704 38.743494821945205 2.0120927235111594 108.18800638755783 8.396323655266313 1.920736732892691 2.2249571182765067 25.978973172605041 3.2831524228677145 1.9290841352194537 2.7847041897475719 97.635547814657912 199.58413928351365 35.430506475269794 3.9237953387200895 19.273360119899735 1.0485497862100595 15.097419967176391 1.57922051474452 1.5113156139850605 30.244508795905858 1.1505335394758729 2.7513346904888749 0.63613339862786134 1.1406043516471971
leaf_count=74583 47 40 42 66 37 14 400 30 5196 139 22 25 458 27 28 30 5318 10495 1126 60 617 57 314 32 10 667 24 36 38 22
internal_value=-0.000837999 -0.000393246 -0.151011 -0.000858618 -0.00141028 0.139764 -0.0378888 -0.117332 -0.000673966 0.00731682 0.041112 0.153563 0.0301098 0.0844051 0.0094489 0.105751 0.00409408 0.00920103 0.0159889 0.020986 0.051169 0.0788502 0.0523961 0.141585 -0.010001 0.0389443 0.188935 0.138192 -0.0178744 -0.00316868
internal_weight=2337.53 2330.62 6.90239 2322.91 2291.16 7.71291 45.3319 6.58844 2245.82 534.328 46.5179 4.14569 42.3722 11.6795 30.6928 4.71379 487.81 379.622 280.475 244.408 44.8242 25.5509 20.6004 5.50302 99.1469 31.7553 4.95042 3.79988 36.0666 1711.5
internal_count=100000 99911 89 99857 99124 54 467 67 98657 24052 729 47 682 166 516 58 23323 18127 12799 11635 1140 523 406 92 5328 733 117 93 1164 74605
is_linear=0
shrinkage=0.03


Tree=204
num_leaves=31
num_cat=0
split_feature=223 335 25 21 255 337 3 3 359 439 9 28 23 11 3 3 105 19 25 11 149 54 11 3 90 436 7 217 27 337
split_gain=147.993 145.202 52.717 63.3389 50.3721 46.5066 58.1025 219.502 148.054 142.96 58.9053 71.2276 89.3303 66.6204 169.483 232.632 222.206 202.13 114.655 78.179 70.806 66.3974 51.3527 63.6359 62.4241 181.583 70.1281 53.8702 47.6241 46.1413
threshold=20.500000000000004 16.500000000000004 128.50000000000003 5.5000000000000009 688.94064331054699 1.5000000000000002 5029.0000000000009 5034.0000000000009 431.82499694824224 164644.50000000003 205.50000000000003 4.5000000000000009 5.5000000000000009 29.500000000000004 13530.500000000002 13832.500000000002 1.5000000000000002 1.5000000000000002 3.5000000000000004 32.500000000000007 2.5000000000000004 4.5000000000000009 9.5000000000000018 15606.500000000002 1.5000000000000002 -160.84835355209054 137.50000000000003 17.500000000000004 27.500000000000004 5.5000000000000009
decision_type=10 10 2 2 8 2 2 2 2 2 8 2 2 10 2 2 10 2 2 10 10 10 10 2 10 2 8 10 2 2
left_child=1 2 3 5 -2 -1 -7 8 -8 -10 21 12 13 22 19 16 -16 18 -17 -15 -19 -9 23 24 27 -26 29 -12 -14 -27
right_child=4 -3 -4 -5 -6 6 7 10 9 -11 11 -13 28 14 15 17 -18 20 -20 -21 -22 -23 -24 -25 25 26 -28 -29 -30 -31
leaf_value=-0.0030809516240647614 -0.16956771515881844 0.12398943245618771 0.03733775234792993 -0.036263028076747333 0.031363781307887154 -0.012195820185067683 -0.030911222930853528 -0.011430362675076352 0.18887677356163796 0.60805065873483355 0.019236726121089551 -0.017181606708436329 -0.0055556372193286182 0.42473785897515687 0.69992462133095146 0.0067617324225853828 0.14473620152795019 0.26079541526813432 0.29869038601393644 -0.00025073325879829107 0.68314220021197225 0.21277426241912892 -0.021044015087339357 -0.018740917586573685 0.61574365079806037 0.11812515969330162 0.035447108961106817 0.29616300477771157 0.16318254226169385 0.385517770126515
leaf_weight=1707.6406888028141 6.2042653486132622 8.4171886444091779 32.105376855237409 45.889956849394366 1.371025227010249 111.86134320078418 1.5510510446038086 109.57803714065813 2.2808463922701776 1.0785207939334216 126.0783887275029 47.790524357231334 2.0056457184255105 0.39541986375116067 1.1474740421399501 11.297562276944516 1.492966465651989 1.2296041946392495 1.3561720787547518 26.302239757962525 0.50355524010956276 1.2018262138590206 34.339622960425913 32.611417814856395 0.55651182401925581 1.7912755727302259 12.936395351774991 0.63539760559797187 6.0351069686003029 0.85949555225670327
leaf_count=74605 43 54 733 467 46 4997 125 5670 40 25 4924 2578 47 37 36 403 11 71 20 1048 12 11 1872 1559 18 47 363 9 117 12
internal_value=-0.000817237 -0.000387008 -0.000837762 -0.00137287 -0.133202 -0.000659542 0.00704165 0.0121044 0.21152 0.323452 0.00977371 0.0164956 0.0226486 0.0195264 0.0532128 0.12717 0.386008 0.0796657 0.0380494 0.00604379 0.383505 -0.00899802 0.0125061 0.0190719 0.0277038 0.0832631 0.0642518 0.0206254 0.121093 0.204826
internal_weight=2338.54 2330.97 2322.55 2290.45 7.57529 2244.56 536.916 425.055 4.91042 3.35937 420.145 309.365 261.574 253.533 43.725 17.0273 2.64044 14.3869 12.6537 26.6977 1.73316 110.78 209.809 175.469 142.857 16.1437 15.5872 126.714 8.04075 2.65077
internal_count=100000 99911 99857 99124 89 98657 24052 19055 190 65 18865 13184 10606 10442 1638 553 47 506 423 1085 83 5681 8804 6932 5373 440 422 4933 164 59
is_linear=0
shrinkage=0.03


Tree=205
num_leaves=31
num_cat=0
split_feature=335 223 30 347 3 7 143 8 38 13 16 3 9 43 346 23 411 366 9 23 103 3 3 432 28 372 39 436 108 334
split_gain=128.947 127.819 47.0408 47.5378 67.4053 64.6937 46.3836 52.4609 60.7763 63.1204 68.0106 45.255 45.2538 47.8254 41.4569 39.8213 39.6215 43.8486 96.082 142.08 162.523 104.146 187.729 95.8142 60.8916 41.6321 40.4731 120.366 76.4041 38.9534
threshold=16.500000000000004 20.500000000000004 99.500000000000014 4.5000000000000009 5029.0000000000009 137.50000000000003 1.5000000000000002 1.5000000000000002 15.500000000000002 18.500000000000004 1.5000000000000002 5524.5000000000009 296.50000000000006 484.50000000000006 5.5000000000000009 2.5000000000000004 611.50000000000011 1.0000000180025095e-35 328.50000000000006 2.5000000000000004 1.0000000180025095e-35 5291.5000000000009 4272.5000000000009 17.500000000000004 4.5000000000000009 775.75000000000011 13.500000000000002 -147.71473313882635 1.5000000000000002 1.5000000000000002
decision_type=10 10 8 2 2 10 8 2 8 2 2 2 10 8 2 2 10 10 10 2 10 2 2 2 2 2 8 2 8 10
left_child=1 2 3 6 -5 -6 16 8 9 15 -11 -7 -13 -14 -9 -8 17 18 26 20 -20 22 -21 -24 -23 -19 27 -1 -29 -4
right_child=-2 -3 29 4 5 11 7 14 -10 10 -12 12 13 -15 -16 -17 -18 25 19 21 -22 24 23 -25 -26 -27 -28 28 -30 -31
leaf_value=0.47021997815756789 0.11269676371946065 -0.1197861320547535 -0.0019375346193483119 -0.042695298507096725 -0.028710875372960565 0.20132119483462049 0.036586207256874344 0.0099280711239332579 0.0029202046013649652 0.36749163715066346 0.053553677158243537 0.020487857493162065 0.061112495907218296 0.17440041935135325 0.25468737266564256 0.19670521002620622 0.068311622228707 -0.0054840531062058271 -0.0053643677453681805 -0.030860436035615758 0.47835487429443807 0.1496756250296109 0.96720090290635596 0.33349386796568442 -0.03088474083826119 0.043269997633198137 -0.0081647617999552995 -0.010586797614956745 0.22427801490804863 -0.015375988967605654
leaf_weight=0.59764041285961766 8.9736093878746015 8.1576633136719447 1269.8956142342649 9.1399877127259952 8.4301695078611356 2.0204553529620162 6.1547725452110189 78.994537288788706 7.4458086260128757 1.5694994702935221 1.0277372184209523 17.299821983557194 14.167318576481197 4.3939379677176449 0.6277668597176661 1.8086811741814015 7.5957932015880933 536.10309997247532 18.071713607059799 0.58576302137225755 0.64753034431487222 7.8718644469045085 0.4508022335357964 0.41005214722827077 2.1373614543117583 16.240910304710269 71.195829785894603 7.1963285091333082 1.5077744056470681 229.16007409500889
leaf_count=22 54 89 67278 102 116 16 81 2802 169 31 23 203 199 40 17 23 160 17362 1214 57 21 177 27 18 230 154 4551 604 40 4120
internal_value=-0.000806536 -0.0012435 -0.000827174 0.00493231 0.0317579 0.0464518 0.00299604 0.0223158 0.0685595 0.114838 0.243265 0.0631786 0.0553955 0.0879307 0.0118578 0.0729529 0.00018344 -0.000597065 0.0166383 0.0622934 0.0113683 0.145507 0.383439 0.665346 0.111119 -0.00405051 -0.00047579 0.0583758 0.0300978 -0.00399187
internal_weight=2339.88 2330.91 2322.75 823.693 55.4517 46.3117 768.241 97.6288 18.0065 10.5607 2.59724 37.8815 35.8611 18.5613 79.6223 7.96345 670.612 663.017 110.673 30.1751 18.7192 11.4558 1.44662 0.860854 10.0092 552.344 80.4976 9.30174 8.7041 1499.06
internal_count=100000 99946 99857 28459 676 574 27783 3146 327 158 54 458 442 239 2819 104 24637 24477 6961 1744 1235 509 102 45 407 17516 5217 666 644 71398
is_linear=0
shrinkage=0.03


Tree=206
num_leaves=31
num_cat=0
split_feature=335 223 30 347 11 8 19 43 15 1 437 439 365 436 38 350 43 15 411 30 38 9 32 392 16 4 335 214 1 437
split_gain=114.886 111.713 43.9612 43.615 58.592 43.073 57.0758 138.528 96.3012 71.4302 66.4983 135.857 50.5182 50.3234 41.9977 41.6278 64.1109 43.7178 42.1633 39.3728 44.3766 58.4362 71.8466 57.1788 39.559 38.3071 37.6504 35.3048 58.318 31.7631
threshold=16.500000000000004 20.500000000000004 99.500000000000014 4.5000000000000009 13.500000000000002 1.5000000000000002 1.5000000000000002 13.500000000000002 1.5000000000000002 29.954999923706058 6456.0000000000009 164644.50000000003 108.50500106811525 24.733163892918309 8.5000000000000018 4.5000000000000009 98.500000000000014 2.5000000000000004 611.50000000000011 63.500000000000007 269.50000000000006 328.50000000000006 490.50000000000006 -1.0000000180025095e-35 4.5000000000000009 156.50000000000003 2.5000000000000004 25.500000000000004 24.994999885559086 1013.5000000000001
decision_type=10 10 8 2 10 2 2 8 2 2 2 2 10 2 10 2 10 2 10 8 8 10 8 10 2 8 10 10 2 2
left_child=1 2 3 5 25 6 8 12 9 -1 13 -12 -8 -11 -6 18 -17 -18 19 29 -21 23 24 -22 -23 -5 27 -4 -29 -7
right_child=-2 -3 26 4 14 15 7 -9 -10 10 11 -13 -14 -15 -16 16 17 -19 -20 20 21 22 -24 -25 -26 -27 -28 28 -30 -31
leaf_value=0.24103457399452455 0.10347755015769783 -0.10821114254254463 -0.0029779725550461576 0.08066378864788315 0.0045952671256571896 0.0020348889076925746 0.34016546959128074 0.0022101229665096533 -0.016939662094606657 -0.0012258176090470848 0.050552241675625165 0.3668986108456721 0.13514045262567637 0.045067245396055292 0.10068363370554928 -0.017244309977001722 0.2632081996450098 0.057738719053406565 0.063533767958631623 0.0043394058954720075 -0.015913707037562095 0.14192056431124403 0.008799308098365979 0.30505076178603624 0.34303348835437825 -0.0049092291522442062 -0.022201290148801237 0.22099038242562569 0.015875291999940821 -0.012886822573453423
leaf_weight=1.4262603963725258 9.4717435613274557 8.7495564511045796 1393.7832077671774 5.5389204025268546 5.8264726661145714 249.44293061224744 1.6094145411625485 8.5030847131274623 65.538523308234289 47.524212008342147 6.5554531370289606 1.5016728742048142 3.2982505587860942 38.05853627808392 13.766175909433512 3.829449040349572 1.8113565370440485 1.9197063930332658 8.7422310274559987 48.752772952662781 7.9543891109060514 4.1629260550253075 3.4758125520311296 0.53300471324473608 1.1162948540877549 31.38938570022583 94.588558339048177 1.6463723918423046 5.1496104784309864 264.55707462853752
leaf_count=42 54 89 69852 44 47 9955 41 421 1354 704 84 39 37 354 146 49 21 36 174 3968 658 80 178 11 36 439 1445 24 77 9541
internal_value=-0.000792325 -0.00121606 -0.00081289 0.00473798 0.0301746 0.00287159 0.0160035 0.0754609 0.0110387 0.030327 0.0271176 0.109512 0.202376 0.0193606 0.0721088 -0.000960647 0.0689859 0.15749 -0.00185889 -0.00284455 0.0189693 0.0603352 0.114713 0.00424272 0.184446 0.00792597 -0.00388254 -0.00264538 0.0655658 -0.00564535
internal_weight=2340.22 2330.75 2322 826.834 56.521 770.313 174.015 13.4107 160.605 95.0661 93.6399 8.05713 4.90767 85.5827 19.5926 596.298 7.56051 3.73106 588.737 579.995 65.9952 17.2424 8.75503 8.48739 5.27922 36.9283 1495.17 1400.58 6.79598 514
internal_count=100000 99946 99857 28459 676 27783 3076 499 2577 1223 1181 123 78 1058 193 24707 106 57 24601 24427 4931 963 294 669 116 483 71398 69953 101 19496
is_linear=0
shrinkage=0.03


Tree=207
num_leaves=31
num_cat=0
split_feature=335 223 25 16 20 281 337 3 3 359 88 143 103 3 118 438 437 20 333 348 337 3 25 1 3 437 86 331 57 27
split_gain=103.199 98.6536 48.7892 60.7301 109.572 44.1593 41.2181 55.5262 131.92 63.6943 48.6371 61.1144 58.7869 114.463 66.5802 51.6135 56.7369 105.586 48.5216 67.8377 50.0686 48.6442 47.4094 81.232 60.4905 47.1698 52.3028 53.1116 46.6806 42.356
threshold=16.500000000000004 20.500000000000004 128.50000000000003 76.500000000000014 9.5000000000000018 31.500000000000004 1.5000000000000002 5029.0000000000009 5034.0000000000009 431.82499694824224 1.0000000180025095e-35 1.5000000000000002 1.0000000180025095e-35 13751.500000000002 1.0000000180025095e-35 117.50000000000001 9144.5000000000018 1.5000000000000002 1.0000000180025095e-35 1.5000000000000002 4.5000000000000009 7509.0000000000009 19.500000000000004 160.52500152587893 7830.0000000000009 6772.0000000000009 1.0000000180025095e-35 4.5000000000000009 3.5000000000000004 5.5000000000000009
decision_type=10 10 2 2 2 10 2 2 2 2 8 8 10 2 10 2 2 2 10 10 2 2 2 2 2 2 10 2 10 2
left_child=1 2 3 5 -5 6 22 -8 9 -9 18 12 28 14 -14 -13 -17 -18 20 21 -10 -20 -1 -24 -25 26 27 -22 -12 -15
right_child=-2 -3 -4 4 -6 -7 7 8 10 -11 11 15 13 29 -16 16 17 -19 19 -21 25 -23 23 24 -26 -27 -28 -29 -30 -31
leaf_value=-0.0031961791958879993 0.095793863484350747 -0.098743407218704074 0.035843644255385922 -0.19742845189086686 -0.022326976077522948 -0.29514355899134415 -0.012427145988378678 -0.0308872347936609 -1.3877942993953071e-05 0.19224305897554791 -0.0041627777467942223 0.21201003771411778 0.21534538266084247 0.12802463738098466 -0.029701411065970254 0.017906274209915866 0.2443633341649632 -0.021534236772463376 0.14657438581083621 0.27437407062755964 -0.023776693346000979 0.019832396482235611 0.03612703547883362 0.59461158645497814 0.099622215535831102 0.098897979902577371 0.11457913881857844 0.3144866525212075 0.15253315700254205 0.38808434326076091
leaf_weight=1700.8071064669639 9.9172769933938962 9.2919278396293503 32.253930022707209 3.4955552062019697 40.268064938602038 0.45810565166175266 108.77531156083569 1.4744224117603142 44.878428312717006 5.2554902564734221 277.80288700037636 1.4708580237347622 1.2107250592671333 1.11382990796119 5.6770696612074953 36.835253981407732 2.919424162246286 2.4908028249628842 3.8995934864506117 1.4500149954110373 11.792716526193548 9.0514171686954779 7.5813916802871955 0.43051097262650717 0.45920135895721614 11.169713157694785 3.8839209717698386 0.43309783423319537 1.7216575201600779 1.1411095187067983
leaf_count=72661 54 89 733 34 3491 9 4698 119 3083 63 11774 53 23 23 147 1253 68 88 44 18 675 175 322 18 36 151 54 13 13 18
internal_value=-0.000775629 -0.00118675 -0.000796056 -0.00131258 -0.036313 -0.000630039 -0.000569908 0.00670176 0.0115899 0.143359 0.00947318 0.00425686 -0.000749203 0.0741082 0.0133725 0.0373129 0.0312304 0.121947 0.0295037 0.0797817 0.0194694 0.0579948 -0.00284357 0.0679518 0.339136 0.0515219 0.0186737 -0.0117938 -0.00319765 0.259628
internal_weight=2339.41 2329.49 2320.2 2287.95 43.7636 2244.18 2243.73 534.448 425.672 6.72991 418.943 332.384 288.667 9.14273 6.88779 43.7163 42.2455 5.41023 86.5589 14.401 72.1579 12.951 1709.28 8.4711 0.889712 27.2794 16.1097 12.2258 279.525 2.25494
internal_count=100000 99946 99857 99124 3525 95599 95590 22553 17855 182 17673 13460 11998 211 170 1462 1409 156 4213 237 3976 219 73037 376 54 893 742 688 11787 41
is_linear=0
shrinkage=0.03


Tree=208
num_leaves=31
num_cat=0
split_feature=335 223 25 39 16 20 284 9 23 28 20 88 3 16 438 372 284 161 118 438 48 114 57 11 32 434 261 214 11 23
split_gain=93.3279 87.8458 45.7084 71.4076 57.0803 88.8063 42.158 38.9967 97.3584 77.7936 71.2925 54.7652 75.3822 53.9087 49.4085 107.916 97.3812 80.3249 52.7129 79.7189 74.4333 49.3583 48.2784 46.0432 45.7142 67.7622 42.3345 40.9397 40.4729 40.0581
threshold=16.500000000000004 20.500000000000004 128.50000000000003 3.5000000000000004 76.500000000000014 9.5000000000000018 38.500000000000007 328.50000000000006 2.5000000000000004 4.5000000000000009 4.5000000000000009 1.0000000180025095e-35 2392.5000000000005 4.5000000000000009 261.50000000000006 209.97499847412112 3.5000000000000004 1.5000000000000002 1.0000000180025095e-35 488.00000000000006 1.0000000180025095e-35 1.5000000000000002 3.5000000000000004 814.50000000000011 194.50000000000003 -0.7995866422466047 452.50000000000006 57.500000000000007 80.500000000000014 27.500000000000004
decision_type=10 10 2 8 2 2 10 10 2 2 2 8 2 2 2 2 10 10 8 2 2 8 10 10 8 2 10 10 8 2
left_child=1 2 4 -4 6 -6 7 22 14 10 11 12 -10 -14 15 16 17 27 19 20 -16 -12 26 -21 -13 -26 29 -9 -27 -1
right_child=-2 -3 3 -5 5 -7 -8 8 9 -11 21 24 13 -15 18 -17 -18 -19 -20 23 -22 -23 -24 -25 25 28 -28 -29 -30 -31
leaf_value=-0.0032405101080900446 0.089280732593355505 -0.090833176326626075 0.18605843205434316 0.021506588365990797 -0.17222980431805823 -0.021884618702636097 -0.28395054578114792 0.0028137671338484649 0.4763041832330685 -0.0083665121839213586 0.1212793435874914 -0.022096407623452989 -0.019395473962794431 0.15996448708266256 0.0072764057125703522 0.22576952605401723 0.42620284429151667 0.44933872979439282 -0.0054737923205980107 0.016313399796596951 0.39461349457373168 -0.0072958342070118011 0.121807623098508 0.24158057883154013 0.51114395983175764 -0.0057232780688919816 0.14169873203273292 0.28021148077280256 0.074799974511226469 0.095800841312424959
leaf_weight=1733.6947850247379 10.315084949135779 9.7899669688194972 2.5786211909726262 29.83078059530817 3.8802048237994304 39.855878239497542 0.47253984212875266 28.548038204200576 0.47308792406693001 26.575826142216101 16.444044710835442 15.34072857000865 2.632810793351382 3.5306647389661521 0.77526573115028674 2.4924995130859307 0.5227028913795938 0.3750361162237813 351.72427223366685 22.266799185890708 1.0529557969421148 3.212000111583623 2.799329738598316 0.84769320581108232 0.27698953892104583 10.098890544846656 1.820872171781956 0.48699823580682178 12.660531080327926 3.6831635464914134
leaf_count=72366 54 89 77 656 34 3491 6 1570 34 1788 340 701 274 102 48 31 8 31 15965 912 22 57 30 15 33 607 14 9 295 341
internal_value=-0.000758316 -0.00115714 -0.000778554 0.034599 -0.00127999 -0.035223 -0.000618085 -0.000558376 0.00682367 0.0348445 0.0526019 0.0317873 0.11136 0.0833485 0.000573796 0.0361081 0.020315 0.0131012 -0.00248517 0.0396583 0.230361 0.100269 -0.00267865 0.0245748 0.0180268 0.0447461 -0.00287902 0.0074665 0.0390699 -0.00303055
internal_weight=2339.06 2328.74 2318.95 32.4094 2286.54 43.7361 2242.81 2242.34 500.338 91.2456 64.6697 45.0137 6.63656 6.16348 409.092 32.4253 29.9328 29.4101 376.667 24.9427 1.82822 19.656 1742 23.1145 38.3771 23.0364 1739.2 29.035 22.7594 1737.38
internal_count=100000 99946 99857 733 99124 3525 95599 95593 22842 4231 2443 2046 410 376 18611 1649 1618 1610 16962 997 70 397 72751 927 1636 935 72721 1579 902 72707
is_linear=0
shrinkage=0.03


Tree=209
num_leaves=31
num_cat=0
split_feature=335 223 9 26 9 16 39 34 136 7 20 436 438 427 438 365 127 118 151 437 437 404 4 43 27 57 20 43 122 11
split_gain=84.8803 78.7523 38.3452 66.082 85.93 60.5945 66.4767 64.8219 54.4459 46.6761 43.3622 41.5222 64.6816 77.1528 87.1651 69.7679 62.2988 59.3449 73.8644 57.21 54.1674 54.0432 56.1338 53.73 41.1883 41.1692 38.3089 37.556 42.5806 57.1305
threshold=16.500000000000004 20.500000000000004 326.00000000000006 1.5000000000000002 442.50000000000006 6.5000000000000009 91.500000000000014 448.50000000000006 2.5000000000000004 225.00000000000003 10.500000000000002 -41.481647424710744 261.50000000000006 1.0000000180025095e-35 257.50000000000006 296.81001281738287 1.0000000180025095e-35 1.0000000180025095e-35 1.5000000000000002 3525.0000000000005 322.00000000000006 14.500000000000002 568.50000000000011 15.500000000000002 16.500000000000004 3.5000000000000004 2.5000000000000004 105.50000000000001 1.5000000000000002 121.50000000000001
decision_type=10 10 10 2 8 2 8 10 10 10 2 2 2 2 2 10 8 8 8 2 2 8 8 8 2 10 2 10 10 10
left_child=1 2 25 5 26 8 9 -8 10 -7 11 -4 13 14 15 -13 -16 18 19 -14 -20 -19 -23 -24 -11 27 -5 28 -1 -30
right_child=-2 -3 3 4 -6 6 7 -9 -10 24 -12 12 17 -15 16 -17 -18 21 20 -21 -22 22 23 -25 -26 -27 -28 -29 29 -31
leaf_value=-0.0013319715345795195 0.08368134522290864 -0.08410873540331408 -0.01034859620067367 0.041404650368567088 -0.033113400840129772 -0.0015850523532517286 0.011691459139319557 0.44325218245450043 0.19655646538231253 0.2630843361362834 0.077667594854808591 0.0030302780314202795 -0.0083131578684317118 0.28556557281111883 0.25956873756231658 0.22188241936490719 -0.012401005253342437 0.18632241132328983 0.32212422032474231 0.10708585090824919 0.067954748484874317 -0.0067014433177053573 0.097222271452788861 -0.020818617611313088 0.10191403576707873 0.10689313915133997 0.16416890630882239 -0.011337793963023503 0.019314482748054976 0.16235074457798415
leaf_weight=1366.8927971767262 10.669423684477804 10.248064212501047 204.61813894705847 3.5880755861289764 4.9787395116873094 2.97836967767216 30.935108308680359 0.31644680490717192 1.2838084176182736 1.8168513253331182 6.5382516197860232 19.520346496719878 12.289078329224145 1.2205339688807715 2.5138150379061694 1.4053649702109385 1.085275921737775 1.3688423275016246 1.4322242294438177 5.6413230525795361 1.595053555909544 212.00941634480841 9.3820941057056171 5.5079701519571236 6.6519651119597256 3.0683576306328169 6.3123481473885477 388.05173833796289 12.081289041088892 3.1732472018338731
leaf_count=45484 54 89 11184 58 100 301 1998 16 11 45 47 1023 466 16 38 25 27 34 33 98 37 9281 136 152 296 32 51 28133 664 71
internal_value=-0.000741774 -0.00112861 -0.000761788 0.00619789 0.0685517 0.00444774 0.0387163 0.0160614 0.00144571 0.100566 0.000930449 -0.00011571 0.00749903 0.0527695 0.0411839 0.0177283 0.177559 0.00282253 0.0511359 0.0279941 0.188204 -0.0016132 -0.00274698 0.0535579 0.136491 -0.00290075 0.119677 -0.00309106 -0.000775706 0.0490689
internal_weight=2339.17 2328.5 2318.26 544.989 14.8792 530.11 42.6987 31.2516 487.412 11.4472 486.128 479.589 274.971 25.7453 24.5248 20.9257 3.59909 249.226 20.9577 17.9304 3.02728 228.268 226.899 14.8901 8.46882 1773.27 9.90042 1770.2 1382.15 15.2545
internal_count=100000 99946 99857 25473 209 25264 2656 2014 22608 642 22597 22550 11366 1129 1113 1048 65 10237 634 564 70 9603 9569 288 341 74384 109 74352 46219 735
is_linear=0
shrinkage=0.03


Tree=210
num_leaves=31
num_cat=0
split_feature=335 223 25 16 25 38 16 23 3 337 3 3 9 28 23 146 87 64 7 7 436 422 114 32 4 55 359 3 25 4
split_gain=77.5697 70.9963 41.9237 53.6804 72.3849 41.111 59.4769 38.0132 67.9399 36.4536 50.0103 111.144 50.2151 48.0662 51.8742 50.5512 62.8755 56.8498 56.8125 67.0554 246.583 52.4957 76.9339 53.8056 61.0775 47.9536 46.9504 44.4112 43.798 92.2296
threshold=16.500000000000004 20.500000000000004 128.50000000000003 68.500000000000014 16.500000000000004 3.5000000000000004 203.00000000000003 24.500000000000004 2755.5000000000005 1.5000000000000002 5029.0000000000009 5034.0000000000009 205.50000000000003 4.5000000000000009 5.5000000000000009 1.0000000180025095e-35 1.0000000180025095e-35 1.0000000180025095e-35 220.50000000000003 225.00000000000003 -82.905195063487938 47.500000000000007 2.5000000000000004 6.5000000000000009 298.50000000000006 2.5000000000000004 431.82499694824224 8777.0000000000018 3.5000000000000004 513.50000000000011
decision_type=10 10 2 2 2 8 2 2 2 2 2 2 8 2 2 8 8 10 8 8 2 2 8 10 8 10 2 2 2 10
left_child=1 2 3 7 -5 6 -4 9 -9 -1 -11 26 25 14 15 16 17 -14 -19 20 -20 22 23 -17 -25 -13 -12 -24 -18 -30
right_child=-2 -3 5 4 -6 -7 -8 8 -10 10 11 12 13 -15 -16 21 28 18 19 -21 -22 -23 27 24 -26 -27 -28 -29 29 -31
leaf_value=-0.0028751806378031416 0.078809482216291984 -0.078309275069043685 0.19821595487015167 -0.13573711847292977 -0.019473747531425424 0.0078868633258796922 0.040028198177936791 0.32027808752663278 0.021034541468773864 -0.012258604259985498 -0.030875738751240091 -0.013928079308400293 -0.0039129850718990708 -0.015944716625382639 0.08604651267587908 0.022634433386849583 -0.0032750043008065721 -0.029242710786602091 1.026909057006443 0.070552862517280393 0.059937812602106538 0.01030497050866231 0.28708045501543078 0.21508317958333317 0.040313113236461875 0.077234303151459363 0.16232146382179655 0.093774401755743308 -0.024618614726064823 0.16002234814894273
leaf_weight=1696.6709969496587 10.98405885696411 10.670002577826379 2.8103801687248042 5.4512248672544947 41.590094324434176 21.206830561859533 8.9567610642407072 0.91355536249466185 2.7037844182923436 106.85448030335829 1.3949451385997225 100.44537073909305 17.280925400555134 40.282667088089511 10.049433156382291 19.014211217639971 150.28783778962679 4.9543828908354071 0.31195748783648014 24.915796210989356 0.99232877162285393 25.817690402269363 2.0506557654589441 3.2582652133423826 4.0201094916556031 5.476297083310782 6.0078171174973249 2.2359804389998317 5.1741551093291474 4.5987734836526215
leaf_count=72811 54 89 78 45 3657 533 122 31 270 4634 111 5116 1410 1678 164 467 6587 219 20 655 98 530 23 56 75 87 62 19 233 66
internal_value=-0.000726397 -0.00110193 -0.000746183 -0.00123132 -0.0329465 0.0328393 0.0778086 -0.000564003 0.0966082 -0.00072148 0.00610324 0.0106814 0.00865591 0.0146604 0.0191442 0.0166062 0.00979082 0.0397316 0.0639251 0.0815295 0.291217 0.0418049 0.0684 0.0491864 0.118551 -0.00921486 0.125916 0.186249 0.000726803 0.0622665
internal_weight=2337.38 2326.4 2315.73 2282.75 47.0413 32.974 11.7671 2235.71 3.61734 2232.1 535.424 428.57 421.167 315.245 274.963 264.913 208.516 48.4554 31.1745 26.2201 1.30429 56.3969 30.5792 26.2926 7.27837 105.922 7.40276 4.28664 160.061 9.77293
internal_count=100000 99946 99857 99124 3702 733 200 95422 301 95121 22310 17676 17503 12300 10622 10458 9288 2402 992 773 118 1170 640 598 131 5203 173 42 6886 299
is_linear=0
shrinkage=0.03


Tree=211
num_leaves=31
num_cat=0
split_feature=335 129 411 25 26 16 25 9 38 11 3 341 6 1 312 405 227 264 422 20 26 48 438 438 108 136 49 8 16 348
split_gain=71.1815 66.7858 46.2292 40.7623 53.0313 39.2774 38.3121 64.099 74.0171 71.3619 58.1779 56.6967 70.7357 54.4996 46.4763 43.2507 43.0586 40.3786 69.5124 39.9194 57.2471 60.7622 42.6569 38.914 38.5339 44.9204 37.2049 67.7713 45.7602 42.4648
threshold=16.500000000000004 5.5000000000000009 564.00000000000011 128.50000000000003 5.5000000000000009 10.500000000000002 1.5000000000000002 328.50000000000006 65.500000000000014 36.500000000000007 12934.500000000002 3.5000000000000004 2.5000000000000004 53.960000991821296 1.0000000180025095e-35 -269.99999999999994 2.5000000000000004 14.93935012817383 51.500000000000007 4.5000000000000009 1.5000000000000002 1.0000000180025095e-35 6415.5000000000009 1648.5000000000002 2.5000000000000004 2.5000000000000004 1.0000000180025095e-35 1.5000000000000002 6.5000000000000009 3.5000000000000004
decision_type=10 10 10 2 2 2 2 10 10 10 2 8 2 2 8 10 10 10 2 2 2 2 2 2 8 10 2 2 2 8
left_child=1 3 -3 4 6 -6 15 8 11 14 -11 16 -13 -12 -9 24 -8 19 -19 -16 21 -21 -23 -15 26 -26 27 -1 -28 -29
right_child=-2 2 -4 -5 5 -7 7 9 -10 10 13 12 -14 23 17 -17 -18 18 -20 20 -22 22 -24 -25 25 -27 28 29 -30 -31
leaf_value=0.023376692441150173 0.0745266724630336 -0.089502450090113345 0.024257611450510148 0.031578878509423029 0.036020785079085009 -0.036447802629915114 0.0050728908106580884 0.20297295020619241 -0.015943366398156574 0.018514345934957412 0.19941922304673962 0.14050367100076719 -0.025569179167846678 0.10923803872281554 -0.0022259272037358909 0.078920346334280481 0.19774291315075501 0.2034033124083594 0.01191548010789306 -0.0066978779907132802 0.1738528529325328 -0.023885108114122002 0.09800492752193074 -0.00088080628397549257 -0.014546545853984023 0.14146656441509364 -0.0090853690511783387 -0.0025516994083591544 0.20858298670888872 0.03905885763716184
leaf_weight=120.25793753843755 11.262355558574198 12.597997582284735 4.3165664486587039 34.805626786313951 7.6309166401624671 57.083366059698164 371.64674640400335 1.1393064870499074 177.57708216353785 14.827112594153734 3.8388053129892823 6.1806065256241691 3.6841764219570905 8.1805036063306016 108.72446931153536 5.752003767527639 1.0468767923302937 2.6153422035276881 4.9080009078606963 23.230993778444827 2.4290761570446184 3.3240423088427624 11.606928692664949 4.4643529583699992 274.08515196759254 1.6711049079895008 397.00813674577512 637.15762167260982 0.8711473667062809 22.865286693908274
leaf_count=3600 54 113 93 755 57 574 11845 20 13639 613 102 75 97 89 5359 77 33 22 60 2052 53 132 111 161 6850 13 22392 30285 30 644
internal_value=-0.000712023 -0.0010764 -0.0604711 -0.00064123 -0.00113443 -0.0279025 -0.000350272 0.00516346 6.31202e-05 0.0202562 0.0616317 0.00749306 0.0784808 0.100416 0.0120557 -0.00318114 0.00561409 0.0106688 0.0784825 0.00725197 0.0326388 0.0236503 0.0708689 0.0703598 -0.00350595 -0.0136011 -0.00114311 0.00266377 -0.00860879 -0.00111018
internal_weight=2336.79 2325.53 16.9146 2308.61 2273.81 64.7143 2209.09 749.424 560.135 189.289 31.3108 382.558 9.86478 16.4837 157.978 1459.67 372.694 156.839 7.52334 149.316 40.591 38.162 14.931 12.6449 1453.92 275.756 1178.16 780.281 397.879 660.023
internal_count=100000 99946 206 99740 98985 631 98354 34463 25689 8774 965 12050 172 352 7809 63891 11878 7789 82 7707 2348 2295 243 250 63814 6863 56951 34529 22422 30929
is_linear=0
shrinkage=0.03


Tree=212
num_leaves=31
num_cat=0
split_feature=335 223 25 16 25 38 19 334 335 11 49 8 38 437 343 148 334 9 154 26 19 27 43 360 337 87 182 103 261 422
split_gain=65.5482 60.3829 36.6352 48.5844 55.3149 37.9351 48.2916 34.3748 64.5962 60.3098 38.2044 76.7271 49.0949 46.3695 48.0729 48.6324 45.6337 42.8469 69.0769 42.5098 41.5568 46.3704 44.4142 44.166 43.5172 37.9174 35.4869 35.1803 35.151 65.3215
threshold=16.500000000000004 20.500000000000004 128.50000000000003 76.500000000000014 16.500000000000004 3.5000000000000004 146.50000000000003 5.5000000000000009 8.5000000000000018 4.5000000000000009 1.0000000180025095e-35 1.5000000000000002 65.500000000000014 12261.500000000002 3.5000000000000004 1.5000000000000002 1.5000000000000002 511.50000000000006 1.0000000180025095e-35 2.5000000000000004 1.5000000000000002 2.5000000000000004 5.5000000000000009 268.08799743652349 1.5000000000000002 1.0000000180025095e-35 1493.5000000000002 1.0000000180025095e-35 59.879299163818366 49.500000000000007
decision_type=10 10 2 2 2 8 2 10 10 10 2 2 8 2 2 8 10 10 10 2 2 2 8 2 2 10 10 10 10 2
left_child=1 2 3 7 -5 6 -4 8 10 -10 11 12 20 19 -15 -16 28 -14 -19 -12 21 24 23 25 -1 -22 27 -23 -13 -30
right_child=-2 -3 5 4 -6 -7 -8 -9 9 -11 13 16 17 14 15 -17 -18 18 -20 -21 22 26 -24 -25 -26 -27 -28 -29 29 -31
leaf_value=0.029260701254650353 0.070727719295772068 -0.070426450910732658 0.051177790231928061 -0.12905878734739049 -0.020696846215530217 0.0066077313830082739 0.23774964435031165 -0.032210284080730095 -0.0013111187897383639 0.086994680500374538 -0.009836425019782288 0.0012873364940253662 -0.011496978315418755 0.021574168676449498 0.43448608583059123 0.067861162612384354 -0.010488443269283968 -0.030753752191910833 0.43175088052698263 0.13337953914119346 0.13734418840326224 -0.028538533058436313 0.020309252368337336 0.099740005761715572 0.10722299630261707 0.47998894721779373 0.083718049570724401 0.13975021551994535 0.12181829459144231 0.012809898655768492
leaf_weight=96.241405887529254 11.50734359025955 11.23624071665108 10.555510326055808 4.7567990142852059 38.997496168827638 21.487220160430297 1.4161045150831331 30.456996468827128 13.210102559067311 14.713590764440594 536.22870997572318 1063.4247708057519 45.287306136451662 25.598195215454329 0.51320336014032242 0.89092791406437766 329.83308916771784 0.66447385400533565 0.5165746808052063 1.8718106895685185 0.52898589847609334 24.148864507209517 3.1462066958192736 2.3153188349679112 6.9060757011175147 0.64517203904688358 3.3090656902641049 1.1722429543733586 6.0432226350530973 27.284521780908108
leaf_count=2347 54 89 171 35 3490 533 29 322 113 95 31934 49809 1984 1548 12 33 5844 38 8 11 14 678 165 17 45 33 17 11 72 449
internal_value=-0.00069578 -0.00104953 -0.000712381 -0.00116997 -0.0324775 0.0304514 0.0732471 -0.000557049 -0.000119733 0.0452191 -0.000701394 0.00165227 0.0198362 -0.00741319 0.0309491 0.201861 -0.000704313 -0.00684489 0.17154 -0.00933824 0.0287936 0.0251048 0.102048 0.175745 0.0344805 0.325619 -0.00867349 -0.0207476 0.00223813 0.0325761
internal_weight=2334.91 2323.4 2312.16 2278.71 43.7543 33.4588 11.9716 2234.95 2204.49 27.9237 2176.57 1611.47 184.882 565.103 27.0023 1.40413 1426.59 46.4684 1.18105 538.101 138.413 131.778 6.63568 3.48948 103.147 1.17416 28.6302 25.3211 1096.75 33.3277
internal_count=100000 99946 99857 99124 3525 733 200 95599 95277 208 95069 61531 5357 33538 1593 45 56174 2030 46 31945 3327 3098 229 64 2392 47 706 689 50330 521
is_linear=0
shrinkage=0.03


Tree=213
num_leaves=31
num_cat=0
split_feature=130 335 24 411 431 431 260 143 24 366 7 9 20 190 11 3 16 78 72 335 4 11 32 335 126 185 431 438 19 15
split_gain=61.8471 86.1555 41.9631 37.7845 34.6922 59.504 104.425 47.1342 44.1201 59.6295 98.3848 43.4322 41.9144 38.0956 38.0058 64.586 64.3933 40.8951 47.3022 52.0428 37.2322 56.2063 51.7435 37.1376 71.4623 48.82 35.7648 32.8829 68.5779 100.396
threshold=4.5000000000000009 16.500000000000004 4.5000000000000009 611.50000000000011 695.50000000000011 603.50000000000011 24.530499458312992 1.5000000000000002 1.5000000000000002 754.50000000000011 223.50000000000003 326.00000000000006 126.50000000000001 1.5000000000000002 85.500000000000014 12934.500000000002 2.5000000000000004 1.5000000000000002 1.5000000000000002 1.5000000000000002 359.50000000000006 4.5000000000000009 67.500000000000014 8.5000000000000018 1.0000000180025095e-35 450.50000000000006 702.50000000000011 47063.000000000007 1.0000000180025095e-35 1.5000000000000002
decision_type=10 10 2 10 2 2 10 8 2 8 8 8 2 10 10 2 2 8 10 8 10 10 10 8 10 10 2 2 2 2
left_child=1 3 -2 4 5 7 -7 11 9 -6 -11 23 27 26 17 -16 -17 18 -13 20 -20 -22 -23 -1 25 -25 -10 -9 -29 -30
right_child=2 -3 -4 -5 8 6 -8 12 13 10 -12 14 -14 -15 15 16 -18 -19 19 -21 21 22 -24 24 -26 -27 -28 28 29 -31
leaf_value=-0.0060084830099168774 -0.0059318425994298561 0.086767290783934803 -0.069155601924506899 0.03074667816757724 -0.01442630475773498 0.043085873949319758 0.37785875338590114 0.010044146630480073 -0.14209221230653848 0.0053510616722704258 0.43907774825486784 0.0027237701529988015 0.21088398088047194 0.15163511934113238 0.0029662370235516607 -0.0059513060396755284 0.11112226732680985 -0.037210571097204027 0.06081134431205578 0.006565680920165004 0.091283260116963333 0.6283570671220986 0.18372055120593578 0.026756530922450741 -0.050311662775774979 0.13540243856070044 0.0043552806822693604 -0.0069167964221291227 0.21502150385153054 0.014399598019110975
leaf_weight=885.57116461044643 18.21934829140082 10.241060771048067 19.625705705024302 34.433276701020077 364.31607553153299 7.1946909893304092 0.9492257460951804 158.23629352054559 1.5131654739379872 1.4799466282129281 0.69021489098668087 507.28722206701059 0.98238037806004186 1.5684671849012364 29.90314788883552 6.2447408728767213 13.09467135183513 21.766174296382815 8.5224836454726773 14.476461128098888 1.9049928537569933 0.40914743347093452 0.55517558194696903 9.9401315597351658 6.5505273477174333 5.9507060628384343 184.2347011717502 8.6892424162942934 4.3409928553737682 4.6493006120435894
leaf_count=52660 271 48 159 721 9068 147 17 7388 14 44 26 22388 60 11 1093 248 213 451 179 178 67 17 32 360 71 36 3264 307 181 281
internal_value=-0.000679728 -5.26509e-05 -0.0387184 -0.000441689 -0.000918769 0.00120867 0.0821058 0.000818618 -0.00743864 -0.0134923 0.143297 -0.00089544 0.0154709 0.00440549 0.00533752 0.0305964 0.0733189 0.0030961 0.00474163 0.0443127 0.0922809 0.185752 0.372373 -0.00504267 0.03307 0.0674416 0.00316227 0.0143796 0.0531831 0.111271
internal_weight=2333.54 2295.7 37.8451 2285.45 2251.02 1697.22 8.14392 1689.07 553.803 366.486 2.17016 1512.18 176.898 187.316 604.164 49.2426 19.3394 554.922 533.155 25.8683 11.3918 2.86932 0.964323 908.013 22.4414 15.8908 185.748 175.916 17.6795 8.99029
internal_count=100000 99570 430 99522 98801 86374 164 86210 12427 9138 70 77993 8217 3289 24866 1554 461 23312 22861 473 295 116 49 53127 467 396 3278 8157 769 462
is_linear=0
shrinkage=0.03


Tree=214
num_leaves=31
num_cat=0
split_feature=130 346 341 24 334 39 431 431 365 27 439 25 322 24 366 4 411 150 1 431 4 8 19 43 15 43 9 3 1 57
split_gain=57.811 47.0262 78.0995 38.6711 38.342 34.7917 44.6976 53.8877 66.3172 49.4721 207.794 40.7916 40.6456 39.5867 40.6368 56.5496 115.213 38.1906 33.968 33.1355 32.7252 32.1822 48.849 78.6073 64.7167 48.7882 36.7596 40.235 36.2658 33.5549
threshold=4.5000000000000009 7.5000000000000009 3.5000000000000004 4.5000000000000009 3.5000000000000004 277.50000000000006 695.50000000000011 603.50000000000011 31.97500038146973 745.50000000000011 41124.000000000007 128.50000000000003 60.782501220703132 1.5000000000000002 754.50000000000011 327.50000000000006 504.00000000000006 2.5000000000000004 160.52500152587893 702.50000000000011 584.50000000000011 1.5000000000000002 1.5000000000000002 13.500000000000002 1.5000000000000002 9.5000000000000018 504.50000000000006 2159.5000000000005 323.23500061035162 3.5000000000000004
decision_type=10 2 8 2 10 10 2 2 8 2 2 2 10 2 8 8 10 10 2 2 10 2 2 8 2 8 8 2 2 10
left_child=1 4 -3 -2 5 6 7 9 -9 11 -11 12 17 14 -8 -16 -17 21 -13 -15 -6 22 24 28 25 -1 -26 -28 -24 -23
right_child=3 2 -4 -5 20 -7 13 8 -10 10 -12 18 -14 19 15 16 -18 -19 -20 -21 -22 29 23 -25 26 -27 27 -29 -30 -31
leaf_value=0.0082486117161160635 -0.0057574319521860812 0.007349261071186072 0.084668317297292045 -0.066290491412364386 -0.020001805100732149 -0.01128986172279463 -0.012495205648771431 0.047407659342723424 0.2979600737137662 1.5780911654344307 -0.030214714286347224 0.037372892316373377 0.067695585521892476 -0.13063535313469768 0.019038126286914894 -0.030982778094849488 0.70636921434419131 0.13543141500462663 0.17761237000427552 0.0066941755958129555 0.11044618240614509 -0.00026674838113734459 0.17285475191752836 0.01329322376811746 -0.012846539929590993 0.041222961392812764 0.29450422567217971 0.014938673700814193 -0.034632789561095827 0.10601992175167875
leaf_weight=125.96426964714192 18.208301839884371 53.025085628964007 15.10744273662567 19.856079800520092 109.84413378569297 216.78598042333033 358.93961054622196 7.8946368787437651 1.080940010026098 0.093270604731514051 0.32156425528228283 9.9202244135085476 8.7463474478572589 1.5951554989442218 1.996105475816875 0.39781528757885087 0.3663547053001821 1.9513406590558577 1.8432619953528036 181.73183655668981 1.7585205733776081 1007.2520722036716 5.4570506988093257 11.933145339367913 105.54621561453678 59.439734161132947 0.72982035577297111 1.2688065210822967 0.88047543354332436 2.6803730479441574
leaf_count=3407 271 752 91 159 1263 18733 9106 160 16 24 70 324 111 14 27 22 25 48 48 3227 9 56174 143 804 3118 1737 8 54 24 31
internal_value=-0.00066557 -5.72732e-05 0.0244937 -0.0373342 -0.000808578 9.58124e-05 0.00139624 0.00431818 0.077582 0.00382892 0.331393 0.00372778 0.00323652 -0.00585733 -0.0116134 0.103054 0.322515 0.00281042 0.0593475 0.00549925 -0.0179463 0.00261454 0.0110492 0.0586412 0.00808093 0.01882 -0.010433 0.117025 0.144028 1.53377e-05
internal_weight=2332.62 2294.55 68.1325 38.0644 2226.42 2114.82 1898.03 1353 8.97558 1344.03 0.414835 1343.61 1331.85 545.027 361.7 2.76028 0.76417 1323.1 11.7635 183.327 111.603 1321.15 311.22 18.2707 292.949 185.404 107.545 1.99863 6.33753 1009.93
internal_count=100000 99570 843 430 98727 97455 78722 66301 176 66125 94 66031 65659 12421 9180 74 47 65548 372 3241 1272 65500 9295 971 8324 5144 3180 62 167 56205
is_linear=0
shrinkage=0.03


Tree=215
num_leaves=31
num_cat=0
split_feature=130 335 334 335 38 25 24 21 49 8 20 30 38 437 9 343 334 26 9 72 348 365 3 168 261 422 4 9 3 438
split_gain=54.0686 74.1427 39.2115 63.9928 43.3979 36.8861 35.7153 34.2388 38.4304 68.4757 49.5664 132.037 44.5739 40.6768 41.3162 57.7326 40.2455 38.0847 35.442 35.0561 77.0654 43.2935 34.0152 77.305 33.7333 53.615 33.7244 31.5737 30.2867 61.0654
threshold=4.5000000000000009 16.500000000000004 5.5000000000000009 8.5000000000000018 100.50000000000001 128.50000000000003 4.5000000000000009 4.5000000000000009 1.0000000180025095e-35 1.5000000000000002 124.50000000000001 27.500000000000004 65.500000000000014 12261.500000000002 328.50000000000006 3.5000000000000004 1.5000000000000002 2.5000000000000004 123.50000000000001 1.5000000000000002 2.5000000000000004 186.14219665527347 2456.0000000000005 1.5000000000000002 59.879299163818366 49.500000000000007 270.50000000000006 123.50000000000001 13259.000000000002 5072.5000000000009
decision_type=10 10 10 10 8 2 2 2 2 2 2 10 8 2 10 2 10 2 10 10 8 8 2 8 10 2 10 8 2 2
left_child=1 2 3 5 26 7 -2 8 9 12 13 -12 18 17 -15 -16 19 -10 28 24 21 -21 23 -14 -11 -26 -5 -27 -1 -30
right_child=6 -3 -4 4 -6 -7 -8 -9 10 16 11 -13 22 14 15 -17 -18 -19 -20 20 -22 -23 -24 -25 25 27 -28 -29 29 -31
leaf_value=0.04795301079003414 -0.0055880119206265979 0.078812499622783916 -0.034611701492829987 0.11457773473020499 -0.036090760533636988 0.030371420806557858 -0.063626482554852939 -0.025730164537553394 -0.0096849616935070597 0.00058530997580806467 1.1040888945194072 -0.030301992974448019 0.0008162096923330838 -0.0015472694744204972 0.050922815547874936 0.28737129802087935 -0.0097645429167504041 0.12213424589252382 0.023763203284621719 0.00965300259854944 0.19518568527342611 0.16186387170553121 -0.015014560855373468 0.288919962749913 0.10865038370372378 0.12016117153609646 0.036839453271621768 0.0012629155161156154 0.35706736783596343 0.056004010405151128
leaf_weight=5.0567164651583871 18.197703120298684 10.675681889057158 29.813888642005622 7.6307843513786855 4.7917339708656064 34.213376506464556 20.063543585129082 49.33343003038317 539.42651080677751 1009.8194261565804 0.13220364879816671 0.30628929159138352 3.4122984381392589 17.168510283809159 10.144865016918628 1.0231014173477877 314.86835151398554 1.9798257425427426 133.76832316862419 24.63521065865644 2.4725684542208901 1.8050251016393293 41.818429062375799 1.1111575011163948 6.5393647179007557 2.2090841245371875 14.693527664057909 22.315128141082823 1.0025191437453034 1.5343740324024109
leaf_count=92 271 48 296 49 59 738 159 486 33340 49975 14 51 137 1287 390 12 5777 11 3190 918 48 23 1951 15 70 15 102 411 27 38
internal_value=-0.000653457 -6.34678e-05 -0.000432301 1.9952e-05 0.0458283 -0.000538039 -0.0360224 -0.00102051 -0.000451554 0.00196793 -0.00712368 0.311712 0.0189718 -0.00736906 0.0276693 0.0725839 -0.000337102 -0.00920292 0.0273422 0.00243764 0.0350219 0.0200442 -0.00656133 0.071587 0.00153254 0.0323251 0.0634116 0.011973 0.0903895 0.174977
internal_weight=2331.96 2293.7 2283.03 2253.21 27.116 2226.1 38.2612 2191.88 2142.55 1572.37 570.181 0.438493 187.704 569.743 28.3365 11.168 1384.66 541.406 141.362 1069.8 28.9128 26.4402 46.3419 4.52346 1040.88 31.0636 22.3243 24.5242 7.59361 2.53689
internal_count=100000 99570 99522 99226 210 99016 430 98278 97792 62687 35105 65 5450 35040 1689 402 57237 33351 3347 51460 989 941 2103 152 50471 496 151 426 157 65
is_linear=0
shrinkage=0.03


Tree=216
num_leaves=31
num_cat=0
split_feature=222 41 43 23 16 29 343 42 438 3 434 367 367 12 411 337 372 182 72 39 337 311 49 4 11 352 49 8 7 434
split_gain=51.9308 45.644 40.2369 102.035 94.9165 69.7582 54.7099 52.4999 43.7301 43.6094 58.7658 41.2702 89.439 69.2597 104.402 41.5762 40.4226 39.7078 37.963 41.9509 41.3052 37.8079 36.516 34.076 54.556 34.054 35.1384 50.9781 33.7468 33.2455
threshold=2.5000000000000004 28.500000000000004 105.50000000000001 2.5000000000000004 6.5000000000000009 16.500000000000004 3.5000000000000004 833.50000000000011 17576.000000000004 6675.0000000000009 0.43704303105079084 360.94500732421881 404.47500610351568 386.50000000000006 564.00000000000011 1.5000000000000002 440.00000000000006 369.92500305175787 1.5000000000000002 28.500000000000004 5.5000000000000009 3.5000000000000004 1.0000000180025095e-35 480.00000000000006 13.500000000000002 1.0000000180025095e-35 1.0000000180025095e-35 1.5000000000000002 101.00000000000001 -0.60136301081023935
decision_type=10 10 10 2 2 8 2 10 2 2 2 8 8 8 8 2 2 10 10 8 2 10 2 10 10 10 2 2 10 2
left_child=2 21 3 11 28 8 -7 18 -6 10 22 25 15 14 -14 -13 -15 -17 19 23 -20 -2 -10 -4 -25 26 27 29 -5 -1
right_child=1 -3 7 4 5 6 -8 -9 9 -11 -12 12 13 16 -16 17 -18 -19 20 -21 -22 -23 -24 24 -26 -27 -28 -29 -30 -31
leaf_value=0.089928916125270097 -0.019063748412146767 -0.079348395950732703 -0.0038861792786973968 0.15601293981006101 0.059604253855042082 -0.014963633460787086 0.082994488554622242 0.41031062453793155 0.23539109908606201 0.10240269583383631 0.029492114895158787 -0.022282333364374927 0.0026439771866176736 -0.0046066584099649904 0.51946604383053308 0.201933612816 0.042457740060726702 0.076655997319229646 0.00095032786099506013 -0.012662331707322992 0.069355274493350647 0.027225896954363411 0.50400009399821744 0.007679956057287286 0.096437903982228262 -0.018637447422022294 -0.010045068634043379 0.00050106602976444058 0.0068969363049087729 0.018064538885273408
leaf_weight=6.1361899091862133 125.02029981045052 10.041736478917299 46.365098263486288 1.3866576827131201 16.033757335273553 14.112740019569175 8.0629206935409439 0.27168117836117645 1.4141029096208511 8.9174544576089811 0.87920276634395111 2.2231234298087648 0.85955963004380465 75.553705048863776 0.59548393078148343 3.5350961033254844 20.986132676713169 6.3984236409887671 25.09805354103446 421.91467256087344 11.624143020948393 18.190905422903597 0.67193225189112116 18.122096546110701 9.4998481455259007 90.412416139151901 236.96450895210728 954.69282447895966 91.360646290355362 103.76758889178745
leaf_count=243 1591 53 2731 25 616 1484 80 9 43 257 13 43 32 1457 15 42 146 44 1115 33619 232 221 26 1106 151 1973 13176 32979 3767 2711
internal_value=-0.000639699 -0.0175193 0.000548096 0.00286902 0.0270986 0.0603748 0.0206533 -0.00661624 0.091928 0.135544 0.235209 0.000564995 0.0182419 0.00872066 0.214156 0.094993 0.00562435 0.121239 -0.0068289 -0.00900841 0.0226034 -0.013184 0.321913 0.0118283 0.0382059 -0.00083384 0.000402881 0.00272845 0.00912636 0.0220769
internal_weight=2331.11 153.253 2177.86 1644.96 142.839 50.0921 22.1757 532.896 27.9164 11.8827 2.96524 1502.13 110.152 97.9949 1.45504 12.1566 96.5398 9.93352 532.624 495.902 36.7222 143.211 2.08604 73.987 27.6219 1391.97 1301.56 1064.6 92.7473 109.904
internal_count=100000 1865 98135 59172 6311 2519 1564 38963 955 339 82 52861 1779 1650 47 129 1603 86 38954 37607 1347 1812 69 3988 1257 51082 49109 35933 3792 2954
is_linear=0
shrinkage=0.03


Tree=217
num_leaves=31
num_cat=0
split_feature=222 335 41 43 19 438 15 8 335 43 11 16 47 311 72 39 4 4 0 9 9 337 104 337 43 337 334 319 30 32
split_gain=49.0826 63.0749 41.8408 35.9159 68.1943 56.0307 54.0567 47.1923 42.0236 74.4847 54.9958 40.8841 39.7395 35.8685 35.566 38.4769 38.1691 59.2472 125.382 40.6358 46.3698 37.1895 48.5989 38.0076 57.2269 36.9731 35.55 31.9062 31.1104 83.7461
threshold=2.5000000000000004 16.500000000000004 28.500000000000004 105.50000000000001 1.5000000000000002 47063.000000000007 1.5000000000000002 1.5000000000000002 8.5000000000000018 77.500000000000014 4.5000000000000009 139.50000000000003 1.0000000180025095e-35 3.5000000000000004 1.5000000000000002 106.50000000000001 480.00000000000006 489.50000000000006 12681357.500000002 326.00000000000006 111.50000000000001 1.5000000000000002 1.0000000180025095e-35 2.5000000000000004 236.50000000000003 5.5000000000000009 5.5000000000000009 390.00000000000006 480.50000000000006 41.500000000000007
decision_type=10 10 10 10 2 2 2 2 8 10 10 2 2 10 10 8 10 10 2 10 8 2 10 2 10 2 10 10 10 10
left_child=1 3 13 4 8 11 -7 -8 27 10 -10 12 -6 -2 15 16 -5 18 -18 20 -19 22 -21 24 -23 28 -12 -1 -16 -30
right_child=2 -3 -4 14 5 6 7 -9 9 -11 26 -13 -14 -15 25 -17 17 19 -20 21 -22 23 -24 -25 -26 -27 -28 -29 29 -31
leaf_value=-6.686449516466726e-05 -0.018601268885064415 0.072155524837410417 -0.07578953845243408 -0.0061193921233554469 0.0027157705262859906 0.17936427118567913 0.15771203859133626 -0.0018223459452217205 -0.0045524294327913637 0.20386736299093347 0.076855387335103345 0.095928828978361885 0.092832130893437573 0.026755602295509679 -0.0063265856221174045 -0.013024347440817968 0.063212824184410724 0.13016732701336522 0.48968397430108063 -0.024475815103753237 -0.020456088849823324 0.50019139577790794 0.37279218795328628 0.065563896026077192 0.12496568677026494 0.064837988220012688 -0.053343234452372011 0.084553120188382999 0.59854597128436526 0.0044807600684337867
leaf_weight=1512.5498656085692 124.29595057107508 11.008024379611014 10.195402307435868 63.465972901089117 48.43479670456145 4.0466363595332941 2.3612012653611592 5.6909023826010516 29.930795252439566 2.0788827429059884 16.072412544162948 5.6283246205421156 4.8446162990294388 17.958881794475019 23.98682738351636 391.14531658927444 3.6469605409074566 2.0365436391439351 0.74762981384992588 4.2414131155237538 19.00880055129528 0.50787298381328572 0.29651674255728711 4.1847949351649731 1.3077865773811934 12.054097479442133 2.1385603174567214 4.0209071645513168 0.28587043192237505 0.84442977537401021
leaf_count=52000 1591 48 53 4252 5139 110 30 458 759 31 193 283 73 221 1042 31421 105 17 24 297 1339 25 7 90 32 232 23 32 12 61
internal_value=-0.000626878 0.000525716 -0.0170827 0.000161606 0.00235475 0.0311103 0.0899136 0.0449596 0.00105156 0.0280509 0.0204587 0.019033 0.0109099 -0.0128752 -0.00664438 -0.00878808 0.00787446 0.0325597 0.135766 0.0181994 -0.00588036 0.0662873 0.00148241 0.115297 0.229923 0.0216484 0.0615658 0.00015749 0.000921107 0.154729
internal_weight=2329.02 2176.57 152.45 2165.56 1637.8 71.0065 12.0987 8.0521 1566.79 50.2207 48.1418 58.9077 53.2794 142.255 527.761 490.59 99.4443 35.9783 4.39459 31.5837 21.0453 10.5384 4.53793 6.00045 1.81566 37.1712 18.211 1516.57 25.1171 1.1303
internal_count=100000 98135 1865 98087 59131 6093 598 488 53038 1006 975 5495 5212 1812 38956 37609 6188 1936 129 1807 1356 451 304 147 57 1347 216 52032 1115 73
is_linear=0
shrinkage=0.03


Tree=218
num_leaves=31
num_cat=0
split_feature=129 24 25 43 9 29 72 136 405 378 22 130 9 23 28 9 4 324 30 29 187 55 72 139 114 348 36 438 28 29
split_gain=47.9637 49.1556 46.0363 80.226 58.8484 47.8882 43.9435 41.2183 41.3571 42.192 40.8423 40.8282 37.8206 36.3147 63.5684 36.0405 37.5907 35.5739 32.2498 31.8515 31.4297 31.246 30.0802 28.5872 62.5817 34.0129 89.3846 30.163 28.1212 41.3423
threshold=1.5000000000000002 4.5000000000000009 1.5000000000000002 117.50000000000001 477.50000000000006 280.50000000000006 1.5000000000000002 1.5000000000000002 -269.99999999999994 4.5000000000000009 83.000000000000014 1.5000000000000002 111.50000000000001 19.500000000000004 25.500000000000004 324.50000000000006 118.50000000000001 5.1500000953674325 103.50000000000001 23.500000000000004 9.4839501380920428 2.5000000000000004 2.5000000000000004 3.5000000000000004 2.5000000000000004 19.500000000000004 79.041667938232436 16646.500000000004 2.5000000000000004 180.50000000000003
decision_type=10 2 2 10 10 10 10 10 10 8 2 8 8 2 2 10 10 10 8 8 8 10 10 8 10 8 8 2 2 8
left_child=2 12 7 4 5 13 -5 8 9 -1 -3 -6 -2 20 -15 16 -8 -14 -17 -16 21 22 28 25 -25 -11 -27 -28 29 -4
right_child=1 10 3 6 11 -7 15 -9 -10 23 -12 -13 17 14 19 18 -18 -19 -20 -21 -22 -23 -24 24 -26 26 27 -29 -30 -31
leaf_value=-0.015264286455203589 0.11723535078335313 -0.054706402385709028 0.016068339200724296 -0.01183758352978689 0.071492072031654863 -0.027458965010552804 0.17372505460754517 0.13999232056245262 0.07719855325156004 -0.0030634748063383265 0.034374379146757859 -0.0056948679933252686 -0.013492187105045616 0.33447724409656998 0.075150934054695806 0.096123268974029202 -0.03354621328477201 0.023619043897519884 -0.0082184579067896384 -0.030491649121838691 -0.018058515597651665 0.078407869535682531 -0.059746200139302104 0.01158786347759814 0.26063235655459699 0.38844725069118258 -0.016584568145078561 0.069536147704624462 0.0011653314678223999 0.072283041428408495
leaf_weight=214.70804483117536 2.1765242172405115 35.727203856222332 282.25263168103993 216.85928781295661 24.559388195862994 28.050565755227581 0.87270934064872818 1.8231295496225346 5.7973279906436792 964.87477982765995 5.3222150197252622 8.2358473653439415 172.81587385060266 0.72562044532969494 9.2585161214228684 9.0003232446033472 8.064430204103699 26.859926306642592 3.787994576152415 3.5547916940413424 30.315231313346885 6.5831200492102644 5.1179981697350732 111.41499769454822 0.91556786373257537 0.64223574195057154 7.2575653458479756 7.3842492531985044 119.6267916233046 12.286911546485497
leaf_count=6420 18 319 6755 17150 724 1585 35 14 75 50005 116 183 3545 20 472 79 455 479 174 601 602 95 39 4257 11 15 282 173 4798 504
internal_value=-0.000614248 -0.0132303 0.000856238 0.00668602 0.0131832 0.0106187 -0.00776244 -0.00255411 -0.00275204 -0.00310662 -0.0431567 0.0521082 -0.0071443 0.0128925 0.061312 0.0329148 -0.0133062 -0.00850007 0.0652165 0.0458425 0.0114555 0.0135565 0.0125382 -0.000717259 0.0136177 -0.00236011 0.0420427 0.0268484 0.0134315 0.0184134
internal_weight=2326.87 242.902 2083.97 769.152 530.567 497.772 238.585 1314.82 1312.99 1307.2 41.0494 32.7952 201.852 469.722 13.5389 21.7255 8.93714 199.676 12.7883 12.8133 456.183 425.867 419.284 1092.49 112.331 980.159 15.2841 14.6418 414.166 294.54
internal_count=100000 4477 95523 34271 16378 15471 17893 61252 61238 61163 435 907 4042 13886 1093 743 490 4024 253 1073 12793 12191 12096 54743 4268 50475 470 455 12057 7259
is_linear=0
shrinkage=0.03


Tree=219
num_leaves=31
num_cat=0
split_feature=410 21 335 334 335 126 49 8 39 19 437 9 343 366 27 3 337 437 1 7 40 334 148 72 348 30 81 437 20 3
split_gain=46.5922 72.5138 46.2388 31.6555 36.777 39.2564 34.9893 58.6172 40.2646 43.9295 34.013 32.0106 42.2551 28.6273 36.7146 40.6268 35.9569 33.1029 39.1959 32.9708 26.957 26.7109 27.839 33.6187 63.8701 34.4562 32.0055 57.5348 40.8658 40.0398
threshold=174.00000000000003 5.5000000000000009 16.500000000000004 5.5000000000000009 8.5000000000000018 1.0000000180025095e-35 1.0000000180025095e-35 1.5000000000000002 178.50000000000003 1.5000000000000002 12261.500000000002 328.50000000000006 3.5000000000000004 1105.0000000000002 2.5000000000000004 1974.5000000000002 1.5000000000000002 3720.5000000000005 44.004999160766609 141.50000000000003 24.500000000000004 1.5000000000000002 1.5000000000000002 1.5000000000000002 2.5000000000000004 4.5000000000000009 1.0000000180025095e-35 9144.5000000000018 1.5000000000000002 11690.500000000002
decision_type=8 2 10 10 10 8 2 2 10 2 2 10 2 8 2 2 2 2 2 8 8 10 8 10 8 10 8 2 2 2
left_child=1 20 3 4 6 -6 7 8 9 13 -8 -12 -13 14 16 -16 17 18 19 -2 -1 22 -9 26 25 -25 29 -28 -29 -24
right_child=2 -3 -4 -5 5 -7 10 21 -10 -11 11 12 -14 -15 15 -17 -18 -19 -20 -21 -22 -23 23 24 -26 -27 27 28 -30 -31
leaf_value=0.015602676535611992 0.21305114255850424 -0.073396939056301277 0.059029230924233879 -0.030922372637712105 0.067274374346701166 -0.0026281457322720036 -0.008224046871364396 -0.00012191748469679032 -0.021005646971609084 0.081492963459923295 -0.0011986037395881012 0.043658899300887052 0.22855374031828057 0.064167024059191405 0.12604399352532267 -0.018510768531102881 0.11868045617516043 0.04221968527962007 0.0011823860576899382 0.043370403419900047 -0.02303502193529415 -0.0076009676168522769 -0.014089131711385042 0.12119737137399807 0.19236079156773678 0.0067981023895191759 0.015820208539406459 0.16066644000090924 0.011168261938663051 0.018641550289435854
leaf_weight=27.180478340946138 1.3423270075581957 19.325147901661694 11.9749688655138 29.551597665995359 15.147156692110004 13.834263376891611 537.62607313739136 871.93312323780265 21.533215652918443 10.660466822097076 16.985024361521941 10.621954637113957 1.2425595112144936 11.522725438000633 1.8434759713709343 34.43782054935582 3.4642225652933112 40.079798250924796 63.631839958485216 4.4386144252493978 40.417099967598915 319.29182954016142 76.75567162479274 2.9247639980167177 2.4869013438001266 12.481998429866506 54.521534694358706 4.5408259194809935 2.5809893372934312 59.879169774474576
leaf_count=529 36 113 51 321 106 108 33616 41487 1231 360 1299 391 12 108 34 1040 28 840 1623 161 1056 5834 3147 41 36 400 3706 118 200 1968
internal_value=-0.000600512 -0.0221499 0.000236703 -7.96681e-05 0.000335419 0.0339064 -0.000113595 0.00215449 0.0176607 0.0225178 -0.00652117 0.0252127 0.0630228 0.0186071 0.0150894 -0.0111658 0.0235224 0.0205117 0.00797729 0.08277 -0.00749909 2.85808e-05 0.00226738 0.0119047 0.0512869 0.0285152 0.00835062 0.0262952 0.106487 0.000254838
internal_weight=2324.26 86.9227 2237.33 2225.36 2195.81 28.9814 2166.83 1600.35 192.955 171.421 566.476 28.8495 11.8645 160.761 149.238 36.2813 112.957 109.493 69.4128 5.78094 67.5976 1407.4 1088.1 216.172 17.8937 15.4068 198.278 61.6433 7.12182 136.635
internal_count=100000 1698 98302 98251 97930 214 97716 62398 5461 4230 35318 1702 403 3870 3762 1074 2688 2660 1820 197 1585 56937 51103 9616 477 441 9139 4024 318 5115
is_linear=0
shrinkage=0.03


Tree=220
num_leaves=31
num_cat=0
split_feature=1 335 239 190 334 335 11 9 5 268 432 23 366 39 9 22 16 436 42 20 30 335 87 366 410 372 435 431 38 191
split_gain=44.7085 52.0711 37.2612 32.4231 31.5837 39.6068 34.956 29.9247 36.0732 35.0991 30.0953 29.0125 50.5266 49.4682 43.9694 30.8823 45.2109 36.5709 37.3963 29.8921 36.0551 41.9549 34.5 29.7527 49.2906 34.2643 27.2958 25.9857 43.6888 54.3428
threshold=14.779000282287599 16.500000000000004 3.5000000000000004 1.5000000000000002 5.5000000000000009 8.5000000000000018 3.5000000000000004 326.00000000000006 137.50000000000003 31.386599540710453 11.500000000000002 2.5000000000000004 311.97500610351568 98.500000000000014 340.00000000000006 83.000000000000014 10.500000000000002 -41.481647424710744 821.00000000000011 1.0000000180025095e-35 95.500000000000014 1.5000000000000002 1.0000000180025095e-35 278.93499755859381 217.00000000000003 299.60000610351568 0.3198176886672211 1.0000000180025095e-35 1.0000000180025095e-35 1.0000000180025095e-35
decision_type=2 10 10 10 10 10 10 8 8 10 2 2 8 10 10 2 2 2 10 2 10 10 10 8 8 2 2 2 10 8
left_child=2 4 3 -1 5 7 -7 8 -2 11 -10 15 13 19 -15 16 17 18 -9 -13 21 -21 -23 26 -25 -26 -19 28 29 -28
right_child=1 -3 -4 -5 -6 6 -8 9 10 -11 -12 12 -14 14 -16 -17 -18 23 -20 20 -22 22 -24 24 25 -27 27 -29 -30 -31
leaf_value=-0.015737560968025616 0.087312124750219808 0.064643690768333817 -0.081165131468851959 0.11768083720478673 -0.030925796953203195 -0.0070220020914163747 0.061960575281340267 -0.0080470161923836131 0.0047588150394469089 -0.019385281341414529 -0.006363615019575661 0.21003034303183729 -0.035331460062656965 0.039334691281305428 -0.027358217548810123 0.043797759985350251 -0.022390220253040011 0.085627648117029789 0.29530196693954536 0.080847773089709238 -0.0012040974173888302 0.061925931807028559 -0.029354015484333983 0.18891190598669913 0.01072672820558466 0.065987466062997727 0.22386804798574306 -0.0022625642920889697 -0.00739884433265664 0.017760896699914045
leaf_weight=114.38689612830058 3.9467776077799499 11.297029137611387 7.8986737467348567 1.663165122270583 29.19221320701763 10.63380455132574 17.477380377240479 173.61974273994565 293.46204822463915 54.917943655047566 862.29968123673461 0.98860755935311218 12.844634936889632 15.578656048863193 20.742706094635651 16.687754292506725 60.398170210421085 3.8462055469863108 0.36652329750358958 25.292976241675206 12.397350122453643 7.6412197833415103 7.2741524325683713 1.68118988443166 41.981098103802651 13.296863726340233 1.1580313863232732 221.79992205230519 78.970584030263126 198.86938903620467
leaf_count=2818 44 48 39 9 318 108 98 9720 16468 678 46285 34 330 885 1935 231 764 50 8 1202 821 135 180 19 847 82 19 5118 4758 5949
internal_value=-0.000586547 0.00040171 -0.0181167 -0.0138255 6.9921e-05 0.00048918 0.0358661 2.22986e-05 -0.0032303 0.00390961 -0.00353949 0.0053071 0.0203263 0.0282771 0.00124715 0.00340797 0.0025612 0.00460993 -0.00740797 0.0465955 0.0435241 0.0573151 0.0174092 0.00833311 0.0288864 0.0240194 0.00601326 0.00540181 0.0114949 0.0189541
internal_weight=2322.61 2198.66 123.949 116.05 2187.37 2158.17 28.1112 2130.06 1159.71 970.354 1155.76 915.436 102.76 89.9157 36.3214 812.675 795.988 735.59 173.986 53.5943 52.6057 40.2083 14.9154 561.603 56.9592 55.278 504.644 500.798 278.998 200.027
internal_count=100000 97134 2866 2827 97086 96768 206 96562 62797 33765 62753 33087 5522 5192 2820 27565 27334 26570 9728 2372 2338 1517 315 16842 948 929 15894 15844 10726 5968
is_linear=0
shrinkage=0.03


Tree=221
num_leaves=31
num_cat=0
split_feature=222 335 43 25 30 129 30 11 438 279 43 19 8 341 52 39 39 4 13 261 8 49 21 24 311 72 39 4 9 4
split_gain=43.0445 48.5513 32.3605 58.2828 43.675 44.0068 38.9481 46.6004 46.1686 36.3137 31.4139 37.7067 49.3056 36.6909 45.2354 38.4294 49.4322 32.5646 31.3189 31.3088 30.9429 44.8146 30.0118 53.3386 37.0655 29.8821 35.1889 33.4479 47.5696 41.9391
threshold=2.5000000000000004 16.500000000000004 105.50000000000001 1.5000000000000002 220.50000000000003 1.5000000000000002 180.50000000000003 510.00000000000006 40070.000000000007 1.5000000000000002 96.500000000000014 1.5000000000000002 1.5000000000000002 3.5000000000000004 1.0000000180025095e-35 280.50000000000006 245.50000000000003 442.50000000000006 18.500000000000004 452.50000000000006 1.5000000000000002 1.0000000180025095e-35 5.5000000000000009 14.500000000000002 3.5000000000000004 1.5000000000000002 106.50000000000001 480.00000000000006 324.50000000000006 481.50000000000006
decision_type=10 10 10 2 10 10 10 8 2 10 10 2 2 8 2 8 8 8 2 10 2 2 2 2 8 10 8 10 10 10
left_child=1 2 3 19 5 6 10 -8 -9 -7 11 13 17 14 15 16 -5 -13 -15 20 21 -1 24 -24 -2 26 27 -4 -29 -30
right_child=22 -3 25 4 -6 9 7 8 -10 -11 -12 12 -14 18 -16 -17 -18 -19 -20 -21 -22 -23 23 -25 -26 -27 -28 28 29 -31
leaf_value=0.021121922424628844 -0.016893410619836732 0.06237571636734035 -0.0058084164176385698 0.033299327934691723 -0.026773123167611563 -0.018943619763018067 -0.031562634199170249 0.10300174603572991 0.37495037400916831 0.099787312375022252 0.072731630120012769 0.11739783611730975 0.018791975388148988 0.078007548722316744 -0.0087597207479342704 0.0094686602467348984 0.20048158215910925 0.022146114023395974 -0.033226928603492467 0.11431160850742321 -0.0044979893524631862 -0.0049113361743444266 -0.07477202708550032 0.022780522729207858 0.029010493970602548 0.019230740226977176 -0.012513048585177622 -0.0060419021196121926 0.22959730547004298 0.050743967256068778
leaf_weight=115.46674964064732 108.15016004722565 11.355591475963591 62.700337308342569 46.688061530003324 26.925657169544138 50.319398018531501 1.9577960928436358 3.6403561006300151 0.66438360302709032 2.4303562873974434 8.1676068769302201 9.4547573938034439 34.821331431274302 11.87870583264157 101.16923170443624 220.9939263057895 1.6479236697778095 4.9067207968328157 2.818646030034869 2.0913335299119344 869.75697671517264 122.80767752113752 17.377969243563715 7.1074806251563123 18.545958287548274 38.096638553077355 381.66597786219791 17.277456881245598 1.2614321771543497 18.269398765638471
leaf_count=2811 1405 48 4252 1332 1879 754 150 105 36 26 378 214 3476 112 3892 3577 19 145 57 12 36856 3300 114 159 187 1347 31421 1133 53 750
internal_value=-0.000572543 0.000506138 0.000180557 0.00224867 0.0104488 0.0124471 0.0154936 0.0897848 0.144974 -0.0134733 0.0144423 0.0133462 0.0380823 0.0101879 0.00834378 0.0147684 0.0389991 0.0848543 0.0566751 -0.0016551 -0.00187398 0.00770427 -0.01605 -0.0464551 -0.0101739 -0.00634557 -0.00837056 0.00751799 0.0302186 0.0622955
internal_weight=2320.42 2169.23 2157.88 1638.61 528.485 501.559 448.809 6.26254 4.30474 52.7498 442.547 434.379 49.1828 385.196 370.499 269.33 48.336 14.3615 14.6974 1110.12 1108.03 238.274 151.182 24.4854 126.696 519.271 481.175 99.5086 36.8083 19.5308
internal_count=100000 98135 98087 59131 16152 14273 13493 291 141 780 13202 12824 3835 8989 8820 4928 1351 359 169 42979 42967 6111 1865 273 1592 38956 37609 6188 1936 803
is_linear=0
shrinkage=0.03


Tree=222
num_leaves=31
num_cat=0
split_feature=129 25 39 39 77 86 3 11 28 30 405 364 322 9 108 34 114 261 438 36 15 30 16 38 31 328 23 438 181 4
split_gain=40.9453 38.9405 67.4897 60.4933 47.4839 43.9954 44.6396 40.8879 38.6959 38.4802 36.3138 34.2007 34.145 37.1632 33.0638 47.2576 41.5262 33.6656 32.3135 31.9467 29.4338 28.8994 28.5292 28.172 34.6613 33.2568 28.1378 30.7783 26.2009 45.2879
threshold=1.5000000000000002 1.5000000000000002 104.50000000000001 44.500000000000007 1.5000000000000002 1.0000000180025095e-35 12934.500000000002 5.5000000000000009 1.5000000000000002 47.500000000000007 -269.99999999999994 151.23650360107425 5.1500000953674325 111.50000000000001 1.5000000000000002 7.5000000000000009 2.5000000000000004 535.00000000000011 1153.0000000000002 79.041667938232436 193.50000000000003 184.50000000000003 1.5000000000000002 6.5000000000000009 2.5000000000000004 9.5294003486633319 19.500000000000004 20008.500000000004 35.142650604248054 173.50000000000003
decision_type=10 2 10 10 10 10 2 8 2 10 10 2 10 8 8 10 8 10 2 8 2 10 2 10 10 10 2 2 10 10
left_child=1 10 3 4 11 -4 22 -5 12 -9 14 23 13 -2 16 17 -1 -16 -11 -17 -10 -13 -7 24 25 26 28 -28 -3 -30
right_child=8 2 5 7 -6 6 -8 9 20 18 -12 21 -14 -15 15 19 -18 -19 -20 -21 -22 -23 -24 -25 -26 -27 27 -29 29 -31
leaf_value=-0.00036907134118060016 0.1120539685667733 0.017211653899181067 -0.012979185135656077 -0.0024210293429175844 -0.035666277004910901 0.072423816943751163 0.15355344349532168 0.076321826416850716 -0.036240602584767842 0.089380105025220327 0.070822576669466578 0.035989481745630721 0.028871059403647689 -0.011813114291306265 -0.014385240748570595 0.10125602752115689 0.13206218161499605 0.11137642633586108 -0.0096426641436556399 -0.014773391185588592 0.038768602718731685 -0.028161661116627722 -0.030324373083957929 -0.0053330892879567531 -0.0080844873659999851 -0.017258287743064409 0.026946918110884639 0.18692318057444179 0.2238299968466588 0.029131712394072924
leaf_weight=997.65723949333187 2.2135897995904079 210.22941562288906 180.77314079052303 14.888680395786649 21.456207352224737 4.3954073432832939 2.6861304598860434 27.685878426185809 65.89078574127052 4.0485267561161882 6.073512226343154 62.236389668891206 23.739616989623755 143.39747763751075 288.41337961843237 5.507913583656773 2.1355652566999188 1.9285297021269787 11.091109599336049 3.4881910763215256 5.0705731816124162 7.0344229524489483 5.4450087556615472 123.55782139522489 63.608779345522635 23.3429234190844 2.533028630539774 1.8899492851924149 1.5084419925697137 3.7439171941950917
leaf_count=52831 14 4487 15157 1030 269 21 37 577 1495 237 75 822 423 2430 8066 85 26 10 931 159 115 263 102 7412 2279 274 188 78 23 84
internal_value=-0.000559821 0.000796397 0.00613655 0.0112618 0.00803443 -0.00921164 0.0451585 0.0404043 -0.0122835 0.0552929 -0.00236282 0.00991091 -0.00449093 -0.00993008 -0.00270497 -0.0114517 -8.61971e-05 -0.0135499 0.0168373 0.0562662 -0.0308808 0.029475 0.01557 0.00676228 0.0116326 0.0167885 0.0204026 0.0953052 0.0188652 0.0850477
internal_weight=2317.67 2077.36 772.155 578.855 521.141 193.3 12.5265 57.7142 240.312 42.8255 1305.2 499.685 169.351 145.611 1299.13 299.338 999.793 290.342 15.1396 8.9961 70.9614 69.2708 9.84042 430.414 306.856 243.248 219.905 4.42298 215.482 5.25236
internal_count=100000 95523 34271 18954 16179 15317 160 2775 4477 1745 61252 15910 2867 2444 61177 8320 52857 8076 1168 244 1610 1085 123 14825 7413 5134 4860 266 4594 107
is_linear=0
shrinkage=0.03


Tree=223
num_leaves=31
num_cat=0
split_feature=1 335 411 12 239 25 32 108 365 114 29 81 405 261 49 8 16 348 135 28 136 339 27 29 1 435 341 23 30 30
split_gain=41.0118 43.1808 43.3332 42.7696 30.7149 28.8122 60.9715 35.6097 36.9555 35.5366 35.4579 31.4548 30.3488 30.4394 28.9597 42.3893 32.5919 30.6947 38.8514 28.2816 27.2363 25.7473 34.1001 78.3777 25.5197 27.9357 25.0243 26.7955 49.0589 34.0837
threshold=14.779000282287599 16.500000000000004 611.50000000000011 1.0000000180025095e-35 3.5000000000000004 1.5000000000000002 96.500000000000014 1.5000000000000002 1464.9849853515627 2.5000000000000004 334.50000000000006 1.5000000000000002 -269.99999999999994 535.00000000000011 1.0000000180025095e-35 1.5000000000000002 6.5000000000000009 3.5000000000000004 1.5000000000000002 1.5000000000000002 2.5000000000000004 1.5000000000000002 52.500000000000007 380.50000000000006 15.950500011444094 0.64665744227362099 3.5000000000000004 8.5000000000000018 28.500000000000004 291.50000000000006
decision_type=2 10 10 8 10 2 10 8 8 8 8 10 10 10 2 2 2 8 10 2 10 2 2 10 2 2 10 2 10 10
left_child=4 2 3 -2 20 7 10 9 12 14 26 -12 13 -9 15 19 -16 21 -19 -5 -1 22 -17 -24 -4 -26 27 -7 -29 -30
right_child=1 -3 24 5 -6 6 -8 8 -10 -11 11 -13 -14 -15 16 17 -18 18 -20 -21 -22 -23 23 -25 25 -27 -28 28 29 -31
leaf_value=-0.015403686487181302 -0.043124494462897664 0.058607763628749386 0.13273102121480393 0.02573868111655116 -0.073775143781557959 0.0090249187691907179 -0.0086598105913773902 -0.013447975878129766 0.07902381949549836 0.11738917098265088 -0.021682950108114475 0.15067797121032092 0.063849186795087221 0.10369198896746516 -0.007475632319861477 0.00022881414967213269 0.15868355819368277 0.023710601782773288 0.18000500288498658 -0.019122107699956835 0.094074184956074017 -0.025828585095912699 -0.030540660182325555 0.70225388537127487 -0.025832418549375975 0.0448071582699942 0.051365800519796785 0.062579989593768218 -0.022552508910784665 0.20087216425002638
leaf_weight=112.75713397958316 20.888191116973758 11.410040363669394 2.2639800147153464 101.93928181170486 8.1249626744538528 464.69368737889454 222.01624507410452 348.26562225352973 4.0820862241089335 2.3272112142294636 38.571228295448236 0.97704861836973478 4.71457531210035 2.0080097168683997 346.02365445659962 468.94714125804603 1.06570863444358 21.229279183782641 1.5348969590850163 14.439248443115501 2.082994705066084 35.958796577528119 0.36642187554389138 0.20477376971393824 6.6136066159233478 21.156747167464346 14.171482353704048 22.645827676751651 12.024904816411432 0.64760210248641747
leaf_count=2815 346 48 23 2639 39 14209 15233 9467 42 26 2692 41 50 10 21505 25301 21 565 18 795 12 1205 35 26 158 411 119 863 1209 77
internal_value=-0.00054721 0.000398877 9.41824e-05 -0.000405784 -0.0174061 1.3369e-05 0.00462274 -0.00262923 -0.0107267 0.000295789 0.00994832 -0.0174247 -0.0117588 -0.0127764 2.10102e-05 0.00378281 -0.00696545 0.000171886 0.0342489 0.0201727 -0.013418 -0.00136277 0.000510979 0.232166 0.0358799 0.0279841 0.0120537 0.0109395 0.0361305 -0.0111349
internal_weight=2314.15 2191.19 2179.78 2149.74 122.965 2128.85 775.748 1353.11 359.07 994.036 553.732 39.5483 354.988 350.274 991.709 644.62 347.089 528.241 22.7642 116.379 114.84 505.477 469.518 0.571196 30.0343 27.7704 514.184 500.012 35.3183 12.6725
internal_count=100000 97134 97086 96494 2866 96148 34443 61705 9569 52136 19210 2733 9527 9477 52110 30584 21526 27150 583 3434 2827 26567 25362 61 592 569 16477 16358 2149 1286
is_linear=0
shrinkage=0.03


Tree=224
num_leaves=31
num_cat=0
split_feature=222 49 367 367 43 352 9 139 9 437 1 411 42 3 38 50 43 343 41 251 43 255 9 13 364 11 8 30 19 367
split_gain=39.4295 30.7453 49.8365 65.479 50.3928 36.3313 33.4045 30.6322 37.7004 32.8531 28.4852 30.7046 26.364 26.1323 30.7778 30.7214 32.6054 26.4233 26.1165 29.2832 26.0917 26.4367 39.0042 28.7007 33.9773 26.2992 25.633 26.7615 31.2218 23.4136
threshold=2.5000000000000004 1.0000000180025095e-35 183.20999908447268 186.67500305175784 138.50000000000003 1.0000000180025095e-35 324.50000000000006 1.5000000000000002 170.50000000000003 12261.500000000002 14.779000282287599 611.50000000000011 833.50000000000011 9485.5000000000018 313.50000000000006 1.0000000180025095e-35 4.5000000000000009 3.5000000000000004 28.500000000000004 4.5000000000000009 61.500000000000007 250.12989807128909 340.00000000000006 18.500000000000004 230.47499847412112 121.50000000000001 1.5000000000000002 79.500000000000014 1.5000000000000002 30.438899993896488
decision_type=10 2 8 8 10 10 8 10 10 2 2 10 10 2 10 2 10 2 10 10 8 8 10 2 2 8 2 10 2 8
left_child=1 2 5 -4 6 10 -5 8 -3 -10 -1 12 26 -11 15 17 -17 -15 19 -2 -8 -22 23 24 -23 -24 27 28 -12 -13
right_child=18 7 3 4 -6 -7 20 -9 9 13 11 29 -14 14 -16 16 -18 -19 -20 -21 21 22 25 -25 -26 -27 -28 -29 -30 -31
leaf_value=-0.01396106089066578 -0.016148379152164449 -0.027298051272067424 0.11522396861240942 0.0035405554158244399 -0.024608471201029668 -0.019860229449575523 0.020855382294233824 -0.02628457871085781 -0.0023000527509952798 -0.025174391585175818 0.015155267831013397 0.022487905479774684 0.23090623195222384 0.04635014437631909 -0.030891621367166014 0.52235219596642024 0.068959734988357224 0.17853929250824385 -0.060712387749135906 0.033234231865802835 -0.038072927296284372 0.20732626076579386 -0.033767934146184481 0.0039359121071395132 0.061628441211282671 0.058871973775856394 0.00087489050028733307 -0.020009280518041041 0.077082084218552366 0.09834655589645494
leaf_weight=93.470743824029341 127.30510900635272 52.303058911347762 6.0958662191405883 49.476996291195974 24.293531770235859 71.941936473594978 44.687212832272053 57.017260480672121 447.85179228777997 5.3395463851047706 123.9670678533148 18.549276227597151 0.4549029627814879 13.470170084852723 3.4674831456504753 0.27109175780788142 0.30153677170164883 1.5138872638344771 10.64432713575661 11.809737677685915 2.4126838818192482 3.7899330271175193 3.3139647208154228 1.4608166753314433 2.3238078355789185 16.438434724230319 1086.6462104506791 18.183643033262342 7.7875674662645897 4.5625492883846155
leaf_count=2480 1598 3396 78 1100 748 1657 609 2278 28472 519 3266 409 9 509 273 16 26 15 53 214 36 85 73 43 19 123 50249 1302 290 55
internal_value=-0.000535272 0.000496176 0.00266699 0.0188629 0.0148993 0.000914054 0.0226455 -0.00540127 -0.00313117 -0.000454426 0.00201816 0.00320341 0.00256332 0.0334717 0.0499321 0.0679471 0.283603 0.0597056 -0.0154216 -0.0119562 0.0353459 0.0571195 0.065524 0.123402 0.151947 0.0433293 0.00247932 0.0141071 0.0188156 0.0374633
internal_weight=2311.15 2161.39 1579.86 154.293 148.197 1425.56 123.904 581.536 524.519 472.216 1353.62 1260.15 1237.04 24.3637 19.0242 15.5567 0.572629 14.9841 149.759 139.115 74.4269 29.7396 27.327 7.57456 6.11374 19.7524 1236.58 149.938 131.755 23.1118
internal_count=100000 98135 62631 2914 2836 59717 2088 35504 33226 29830 58060 55580 55116 1358 839 566 42 524 1865 1812 988 379 343 147 104 196 55107 4858 3556 464
is_linear=0
shrinkage=0.03


Tree=225
num_leaves=31
num_cat=0
split_feature=410 21 9 16 7 39 11 103 20 125 14 411 138 438 438 128 32 365 22 23 43 119 437 136 25 28 259 11 43 82
split_gain=37.3541 53.4041 31.0225 50.1543 41.9678 55.2987 38.4562 38.0284 35.1176 34.7559 32.9077 40.5724 32.3595 31.7308 51.0143 50.6556 49.7597 47.9051 40.9038 31.1985 30.5472 39.9255 79.6134 29.5362 26.6822 34.0526 54.8572 37.9541 37.1504 32.5212
threshold=174.00000000000003 5.5000000000000009 326.00000000000006 3.5000000000000004 225.00000000000003 91.500000000000014 641.50000000000011 1.0000000180025095e-35 10.500000000000002 1.0000000180025095e-35 34.500000000000007 124.50000000000001 1.5000000000000002 261.50000000000006 257.50000000000006 1.0000000180025095e-35 214.50000000000003 296.81001281738287 3.5000000000000004 2.5000000000000004 32.500000000000007 1.0000000180025095e-35 67.500000000000014 1.5000000000000002 128.50000000000003 1.5000000000000002 209.09265136718753 4.5000000000000009 45.500000000000007 1.0000000180025095e-35
decision_type=8 2 10 2 8 10 10 10 2 8 2 8 8 2 2 8 10 10 2 2 10 8 2 10 2 2 10 10 8 10
left_child=1 -1 10 7 -5 19 -7 8 13 -9 24 -12 -11 14 17 16 -16 18 -4 -6 23 22 -22 -15 25 27 29 -2 -29 -27
right_child=2 -3 3 4 5 6 -8 9 -10 12 11 -13 -14 20 15 -17 -18 -19 -20 -21 21 -23 -24 -25 -26 26 -28 28 -30 -31
leaf_value=-0.0069318613588004643 -0.0028112492750343621 -0.062972428553943832 -0.0067528421318329198 -0.00038843767057326889 0.020015413623777619 -0.013976306143293928 0.092074626716052058 0.081163236938818356 0.071225070100382967 -0.016902593727080487 0.17852398982511677 0.014951391766335588 0.13954263133971775 0.0008007494120680545 0.37496901802318577 -0.033381745643754825 0.083840636083888559 0.16474241635084011 0.11163693163891264 0.07023622285495551 0.49360810863028987 -0.019528415681881607 0.022621657784856707 0.11664015019586732 0.02773904106132391 -0.015174500157714549 0.16280869939411591 -0.0014056609756965452 0.025348579826076422 0.003462061650360572
leaf_weight=65.943104186095297 935.92347147525288 19.929545441176742 26.049421594245366 42.506514130276628 16.190268084872514 22.160185457323681 3.5736425190698347 10.080579094588758 6.0629007518291465 9.2090842351317388 1.3918798188678918 70.010815769899637 1.3664945997297753 248.21733659435995 1.0267363367602227 1.0067358796950427 1.0886170167941598 1.7986407843418408 2.9210199266672126 35.64023995352909 0.39980889251455698 110.69034668873064 1.6814832971431313 1.9969375319778908 25.551043333485723 347.52295448293444 1.6466959454119194 93.237008347176015 93.608420120319352 111.24703003943432
leaf_count=1585 32924 113 1634 2241 311 1795 71 103 26 204 24 1582 19 9279 25 48 15 27 18 944 19 8161 139 12 561 14224 19 2556 5555 15766
internal_value=-0.000522992 -0.0199379 0.000226718 0.0064557 0.0235703 0.0367001 0.000750928 0.00160447 -0.00043071 0.0413048 -0.00178888 0.01814 0.00331205 -0.00152536 0.0262356 0.141783 0.225147 0.0145113 0.00518411 0.0545488 -0.00411734 -0.0170807 0.113096 0.00172525 -0.00267341 -0.00316424 -0.0100349 -0.000346762 0.0119981 -0.0106553
internal_weight=2309.68 85.8726 2223.81 543.667 120.071 77.5643 25.7338 423.596 402.94 20.6562 1680.14 71.4027 10.5756 396.877 33.8912 3.12209 2.11535 30.7691 28.9704 51.8305 362.986 112.772 2.08129 250.214 1608.74 1583.19 460.417 1122.77 186.845 458.77
internal_count=100000 1698 98302 25091 5362 3121 1866 19729 19403 326 73211 1606 223 19377 1767 88 40 1679 1652 1255 17610 8319 158 9291 71605 71044 30009 41035 8111 29990
is_linear=0
shrinkage=0.03


Tree=226
num_leaves=31
num_cat=0
split_feature=222 335 334 43 43 49 8 43 177 9 437 19 9 437 352 26 142 30 436 7 438 11 1 436 437 437 435 188 29 189
split_gain=36.4839 36.8428 44.174 40.0033 32.7137 26.726 42.8541 31.7148 28.545 27.9677 33.5275 27.7775 33.14 29.7006 26.8867 26.7124 27.7094 38.0088 78.9709 38.8795 36.6147 55.4553 34.1958 26.6204 26.4182 26.7891 28.5829 25.9708 51.3301 37.8844
threshold=2.5000000000000004 8.5000000000000018 5.5000000000000009 168.50000000000003 37.500000000000007 1.0000000180025095e-35 1.5000000000000002 93.500000000000014 1.5000000000000002 138.00000000000003 12261.500000000002 1.5000000000000002 123.50000000000001 3720.5000000000005 1.0000000180025095e-35 2.5000000000000004 1.5000000000000002 469.50000000000006 -58.638338156199957 104.50000000000001 17576.000000000004 14.500000000000002 24.994999885559086 583.60661045486222 923.00000000000011 652.50000000000011 0.15991977010670771 75.033550262451186 101.50000000000001 29.132249832153324
decision_type=10 8 10 8 8 2 2 10 8 10 2 2 8 2 10 2 8 10 2 8 2 8 2 2 2 2 2 8 10 8
left_child=1 5 3 4 -3 6 7 11 9 -7 15 12 -1 24 27 16 23 19 -19 20 -18 -22 -21 -11 25 -14 -27 -8 29 -29
right_child=-2 2 -4 -5 -6 8 14 -9 -10 10 -12 -13 13 -15 -16 -17 17 18 -20 22 21 -23 -24 -25 -26 26 -28 28 -30 -31
leaf_value=0.080932423564538003 -0.014874377196686401 0.022825259625388526 -0.04190909954309948 -0.0092480048035797138 0.073613810528631848 -0.027564022351478236 -0.00015898092851369402 -0.0099934277275203261 -0.027379073548706133 -0.0085830155379920774 0.032194495885159581 0.0655361713379954 0.0040906802023487681 0.031829157719798024 -0.019192548656664955 0.10065888498992402 0.026868652042906858 0.71940875906203838 0.085371648412678747 0.28777407632119983 -0.03162411563173019 0.36950578414452362 1.541947946574175e-05 0.020258338530486038 -0.020080364147390378 0.22575539681990284 0.041015978293690143 0.10006749216453238 -0.011922004733163358 0.026368292093166303
leaf_weight=6.9831134853884569 148.9052123199217 26.674656819319356 8.689148426987229 16.959472378133796 19.951204127632078 40.754138854215853 1210.0587837391067 37.708420273149386 50.614520889008418 368.45546149834991 24.937641525059007 11.482242031954227 47.390897284261882 52.924700169358402 63.543387880432419 2.2018085569143286 1.8751020948402577 0.20009303581900906 1.5186962320003645 0.37645229208283382 0.47405805299058523 0.89728117804043006 29.259728470118716 31.24462951021269 28.973430169280618 0.80122519563883443 12.722330750897525 8.2088043896947038 26.090502434875816 26.679527103668079
leaf_count=129 1865 482 90 588 134 2480 53210 1902 1644 26794 1397 254 1223 992 1516 11 56 33 103 34 25 37 1624 790 708 14 192 235 885 553
internal_value=-0.000511821 0.000478918 0.0215366 0.0302066 0.0445577 -0.000250544 0.00178804 0.0147756 -0.00590585 -0.00374163 -0.00163766 0.0205668 0.0171198 0.0139996 -0.000148405 -0.0035705 -0.00409892 0.021656 0.159183 0.0144674 0.113028 0.230839 0.00367066 -0.00632848 0.00350174 0.0147184 0.0519612 0.000803675 0.0199065 0.0437088
internal_weight=2307.56 2158.65 72.2745 63.5853 46.6259 2086.38 1533.57 198.986 552.81 502.195 461.441 161.278 149.796 142.813 1334.58 436.503 434.302 34.6014 1.71879 32.8826 3.24644 1.37134 29.6362 399.7 89.8879 60.9145 13.5236 1271.04 60.9788 34.8883
internal_count=100000 98135 1294 1204 616 96841 61813 5414 35028 33384 30904 3512 3258 3129 56399 29507 29496 1912 136 1776 118 62 1658 27584 2137 1429 206 54883 1673 788
is_linear=0
shrinkage=0.03


Tree=227
num_leaves=31
num_cat=0
split_feature=129 24 25 43 29 346 16 72 405 424 261 22 42 324 136 25 214 434 11 404 23 29 43 38 0 438 366 437 183 432
split_gain=35.0809 36.1185 33.9998 61.1236 46.6896 36.8556 36.852 35.2785 30.7939 31.4527 31.0133 30.3464 28.5326 28.1974 27.9761 27.4049 26.3613 26.564 30.5892 28.6952 29.8435 34.3633 36.7086 59.9245 41.0893 32.5836 72.4519 28.352 37.7597 24.9401
threshold=1.5000000000000002 4.5000000000000009 1.5000000000000002 117.50000000000001 280.50000000000006 9.5000000000000018 1.5000000000000002 1.5000000000000002 -269.99999999999994 62.500000000000007 452.50000000000006 83.000000000000014 833.50000000000011 5.1500000953674325 1.5000000000000002 4.5000000000000009 57.500000000000007 -0.69092067539390845 3.5000000000000004 14.500000000000002 2.5000000000000004 95.500000000000014 56.500000000000007 13.500000000000002 12937101.000000002 303.50000000000006 25.965300559997562 1013.5000000000001 10.010600090026857 9.5000000000000018
decision_type=10 2 2 10 10 2 2 10 10 2 10 2 10 10 10 2 10 2 8 8 2 8 10 8 2 2 8 2 10 2
left_child=2 13 8 4 5 6 -4 12 9 14 -11 -3 -5 -2 -1 -9 17 -8 -19 -20 27 22 23 24 -22 26 -24 28 -21 -30
right_child=1 11 3 7 -6 -7 16 15 -10 10 -12 -13 -14 -15 -16 -17 -18 18 19 20 21 -23 25 -25 -26 -27 -28 -29 29 -31
leaf_value=-0.0011106635654191963 -0.010615838380264848 -0.046444745868899101 -0.010363409715260615 -0.011572245867547837 -0.026923659551581269 0.046772101923074107 -0.0074565999744112032 0.046481960741910425 0.06322841452596395 -0.017854977341147313 0.091823157730852242 0.034265812194005756 0.2235224210696469 0.022496858168506884 0.10928304097666289 -0.034140051471737716 0.090785411953650308 -0.011158132110514803 0.13678223758418692 0.017205805266536593 0.043801653884883766 -0.019043408496495863 0.075083567599860485 -0.014008599343087454 0.18875387621280951 0.067649201890689528 0.94774279574935982 0.0028142516970277556 0.12825027338330017 0.04292718246426936
leaf_weight=1149.0909013880882 169.19791289721616 36.147289979737252 61.470062528504059 207.56933913589455 27.39204488217365 27.951435459777713 47.171580004622228 17.284363311482597 6.4388055996969333 137.08069350779988 2.3602861873805514 4.7427585120312861 0.46566247846931119 26.813183046411723 2.0697725713253012 4.8619742640294126 4.0369295561686149 32.967807613895275 1.8548050550743935 118.28440261748619 30.174767466494814 9.7623128499835712 0.28333299700171011 19.915936774108559 1.8690546245779831 22.475533657590859 0.12270901817828417 121.02120173838921 4.3578690316062412 10.541402220493181
leaf_count=56791 3563 319 1595 17144 1672 195 1166 440 75 4362 12 116 6 479 12 303 30 1495 26 2722 1215 744 39 1159 64 815 25 3111 93 212
internal_value=-0.0005011 -0.0114364 0.000751074 0.00573655 0.01124 0.0132728 0.0113474 -0.00721403 -0.00221565 -0.00254215 -0.0159985 -0.0370833 -0.011046 -0.00608621 -0.000912177 0.0287823 0.0144887 0.0137568 0.016435 0.0191054 0.0184611 0.0338947 0.0408 0.0268574 0.0522564 0.072461 0.338808 0.0133246 0.0228751 0.0678832
internal_weight=2305.78 236.901 2068.87 771.835 541.653 514.261 486.31 230.181 1297.04 1290.6 139.441 40.89 208.035 196.011 1151.16 22.1463 424.84 420.803 373.631 340.663 338.809 84.6036 74.8413 51.9598 32.0438 22.8816 0.406042 254.205 133.184 14.8993
internal_count=100000 4477 95523 34271 16378 14706 14511 17893 61252 61177 4374 435 17150 4042 56803 743 12916 12886 11720 10225 10199 4061 3317 2438 1279 879 64 6138 3027 305
is_linear=0
shrinkage=0.03


Tree=228
num_leaves=31
num_cat=0
split_feature=1 411 335 334 335 130 38 25 39 404 29 15 222 239 57 430 437 437 29 437 437 437 38 7 128 65 29 54 58 393
split_gain=34.8397 36.8542 33.2496 27.554 28.8001 28.2578 26.7313 25.7205 58.7135 34.1186 32.6501 28.2985 30.3778 24.2266 24.0001 31.4113 31.2744 29.4107 25.5668 25.6701 23.3298 28.6668 23.2054 36.2232 23.8954 58.9656 76.7296 39.0991 97.3494 31.7057
threshold=14.779000282287599 611.50000000000011 16.500000000000004 5.5000000000000009 8.5000000000000018 2.5000000000000004 100.50000000000001 2.5000000000000004 100.50000000000001 36.000000000000007 123.50000000000001 4.5000000000000009 2.5000000000000004 3.5000000000000004 1.5000000000000002 1.0000000180025095e-35 6456.0000000000009 652.50000000000011 65.500000000000014 97.500000000000014 878.50000000000011 1406.0000000000002 302.50000000000006 101.00000000000001 1.0000000180025095e-35 1.0000000180025095e-35 625.50000000000011 1.5000000000000002 1.5000000000000002 2180.0000000000005
decision_type=2 10 10 10 10 10 8 2 10 8 8 2 10 10 8 2 2 2 8 2 2 2 10 10 8 8 8 10 8 8
left_child=13 2 3 4 5 7 -6 11 9 -9 14 12 22 -1 16 -16 17 18 -11 -20 -19 -22 24 -24 25 27 29 -2 -29 -27
right_child=1 -3 -4 -5 6 -7 -8 8 -10 10 -12 -13 -14 -15 15 -17 -18 20 19 -21 21 -23 23 -25 -26 26 -28 28 -30 -31
leaf_value=-0.012539221122377622 0.0014381029154194734 0.032981908649011592 0.051300399611760895 -0.029958999048972354 0.042664117274907112 -0.017067295421763686 -0.035952092736882754 0.11906369922477517 -0.012480750469188428 -0.0071282821932961808 -0.010861905998546787 -0.021951811170209636 -0.022051324739673601 -0.065775232842178927 0.0022963905628277347 0.03224075074520974 -0.026981899210740668 0.093611871756869122 -0.032377433036628406 0.085496116878964634 -0.026614878562802698 0.055096523487332912 0.36672251773211323 -0.012924971711709594 -0.0010228322246828244 0.31334351531325466 0.27137184051764202 0.54092021593161599 -0.030680517769781906 0.026590999621009762
leaf_weight=112.39284774055704 314.41111467243172 30.76144558750093 11.272049888968466 27.935338152106851 23.994714162312452 87.481785063166171 4.6463491627946487 2.8034352911636233 95.715338853071444 16.890186583506878 40.61864324985072 57.294282531132922 56.696464332286268 8.2588404268026334 102.27085517300293 45.579312104731798 7.1095970137976101 10.685110539430751 2.2213612693594751 6.612675933400169 4.6390424523269784 23.134341679280624 0.2266074565704902 122.04031347483397 1012.2410984105663 0.34870547009631991 1.1846585328457866 0.41976149333640811 0.74247724702581774 72.177841288503259
leaf_count=2827 11515 592 48 302 147 1329 59 32 9171 1266 2578 2372 786 39 2421 479 458 202 168 200 358 1053 22 11186 45977 24 48 27 66 4248
internal_value=-0.000490344 0.000377323 -8.88697e-05 -0.000359538 3.19387e-05 -0.000378781 0.0299105 0.000352629 0.00763362 0.0149661 0.0138427 -0.00124015 -0.000489335 -0.0161833 0.0184217 0.0115277 0.032719 0.0393322 0.0145014 0.0558562 0.055941 0.0414481 0.000312932 -0.0122213 0.0014064 0.00772304 0.0318816 0.00208013 0.175762 0.0279697
internal_weight=2302.81 2182.15 2151.39 2140.12 2112.19 2083.55 28.6411 1996.06 358.28 262.565 259.761 1637.78 1580.49 120.652 219.142 147.85 71.2923 64.1827 25.7242 8.83404 38.4585 27.7734 1523.79 122.267 1401.53 389.285 73.7112 315.573 1.16224 72.5265
internal_count=100000 97134 96542 96494 96192 95986 206 94657 18386 9215 9183 76271 73899 2866 6605 2900 3705 3247 1634 368 1613 1411 73113 11208 61905 15928 4320 11608 93 4272
is_linear=0
shrinkage=0.03


Tree=229
num_leaves=31
num_cat=0
split_feature=1 335 334 23 39 335 9 25 29 24 405 14 9 16 118 30 38 161 424 9 438 114 438 39 30 396 343 26 436 25
split_gain=32.9801 30.9113 27.727 36.2433 26.6644 28.1229 28.6013 24.1846 24.0252 23.9826 23.6927 24.9199 31.1319 42.0935 51.4276 54.6949 41.8183 35.8568 37.5877 31.2675 30.3126 28.8169 28.7099 28.6592 61.4043 28.1022 28.05 27.5131 26.3574 28.5724
threshold=14.779000282287599 16.500000000000004 3.5000000000000004 4.5000000000000009 392.50000000000006 8.5000000000000018 300.00000000000006 128.50000000000003 551.50000000000011 4.5000000000000009 -389.99999999999994 32.000000000000007 328.50000000000006 1.5000000000000002 1.0000000180025095e-35 121.50000000000001 295.50000000000006 1.5000000000000002 242.00000000000003 442.50000000000006 10718.000000000002 2.5000000000000004 17576.000000000004 378.50000000000006 192.50000000000003 -18.499999999999996 3.5000000000000004 1.0000000180025095e-35 -45.459273643369919 2.5000000000000004
decision_type=2 10 10 2 10 10 8 2 10 2 8 2 10 2 8 10 8 10 2 10 2 10 2 10 10 8 2 2 2 2
left_child=9 2 4 -4 5 7 -7 8 10 -1 -2 12 20 14 15 27 23 18 19 22 25 -22 28 -15 -25 -12 -23 -14 29 -18
right_child=1 -3 3 -5 -6 6 -8 -9 -10 -11 11 -13 13 16 -16 -17 17 -19 -20 -21 21 26 -24 24 -26 -27 -28 -29 -30 -31
leaf_value=-0.0069081208009927949 -0.018168267971300358 0.050061024222027538 -0.019340324205164877 0.038857295610323944 -0.012466191708547058 0.065426119075986305 -0.017809039161249634 0.028118452928872273 -0.029612331379635329 -0.036048850016149436 0.18670047954395957 0.019657676970574019 0.010516908952648348 0.0092262519704380281 -0.0057219095629309586 0.29954486235970085 -0.026224184979502248 0.12301608354671438 0.24375160204812049 -0.010437710077824475 0.0032572073574154022 -0.011281850103073173 0.0031160926205465642 -0.030575691683784618 0.71944762005881746 -0.0053009058628803703 0.10894981149918875 0.083808678560702746 0.092797769721369203 0.065219424361814035
leaf_weight=83.307141712168232 54.105727712390944 11.205571889877318 106.64213774958625 10.586822429904712 125.78298653254751 12.040632834658028 5.3736800681799641 30.108415299328044 22.769325774977915 36.578092846553773 0.68673470709472895 69.017775741638616 14.320574216544633 139.2489652762888 189.69959979783744 0.72257119650021095 4.811263087438415 4.4084882591851047 0.75546478480100532 12.501382255926726 601.09791015076917 2.8316755890846244 10.670706022530792 0.25438949791714449 0.16004867316223681 718.22597555757966 4.5565136363729835 6.7978720073588184 12.550584181677555 8.5229856852674839
leaf_count=2326 1627 48 1248 113 12538 66 63 604 1813 540 16 1527 671 6892 9415 21 201 58 10 577 29275 41 381 29 22 29268 26 69 317 198
internal_value=-0.000479826 0.000362461 0.000105736 -0.0140846 0.000916406 0.00179029 0.0397416 0.00144406 0.00101657 -0.0157992 0.00139233 0.0019797 0.00127559 0.00855159 -0.000702809 0.0428905 0.0186487 0.0410098 0.033752 0.0305181 -0.000946701 0.003981 0.0445243 0.00996764 0.25907 -0.0051175 0.0628686 0.034109 0.0615943 0.0322247
internal_weight=2300.34 2180.46 2169.25 117.229 2052.02 1926.24 17.4143 1908.82 1878.72 119.885 1855.95 1801.84 1732.82 405.425 211.541 21.841 193.884 54.2209 49.8124 49.0569 1327.4 608.486 36.5555 139.663 0.414438 718.913 7.38819 21.1184 25.8848 13.3342
internal_count=100000 97134 97086 1361 95725 83187 129 83058 82454 2866 80641 79014 77487 18861 10176 761 8685 1742 1684 1674 58626 29342 1097 6943 51 29284 67 740 716 399
is_linear=0
shrinkage=0.03


Tree=230
num_leaves=31
num_cat=0
split_feature=411 410 9 6 23 15 241 341 143 4 4 365 312 427 3 433 274 392 367 367 438 436 3 370 362 16 29 113 335 20
split_gain=32.7808 50.2791 40.5762 39.1112 42.145 38.1083 34.8315 31.015 30.6664 28.4177 76.0338 35.2236 43.1392 29.476 28.3172 72.1511 27.636 26.4521 28.3543 36.5973 31.3148 31.1144 37.0031 38.5206 25.7523 25.2978 35.8148 25.1985 32.5974 32.7938
threshold=517.50000000000011 214.50000000000003 326.00000000000006 2.5000000000000004 4.5000000000000009 9.5000000000000018 1.5000000000000002 2.5000000000000004 1.5000000000000002 264.50000000000006 289.50000000000006 83.700000762939467 1.0000000180025095e-35 1.0000000180025095e-35 1087.0000000000002 1.5000000000000002 4.5000000000000009 -15.499999999999998 399.50000000000006 170.94999694824222 17576.000000000004 -60.038818957100808 11521.000000000002 34.091449737548835 29.001299858093265 3.5000000000000004 309.50000000000006 1.5000000000000002 8.5000000000000018 1.5000000000000002
decision_type=8 10 8 2 2 2 10 10 8 8 8 8 8 2 2 2 10 10 8 10 2 2 2 2 2 2 10 8 8 2
left_child=1 6 8 24 7 -6 -1 9 27 16 11 12 -11 14 15 -12 -5 18 19 20 -10 22 -22 -24 -4 -16 -27 28 -2 -30
right_child=2 -3 3 4 5 -7 -8 -9 17 10 13 -13 -14 -15 25 -17 -18 -19 -20 -21 21 -23 23 -25 -26 26 -28 -29 29 -31
leaf_value=-0.01733623561869245 -0.0041246319773528169 -0.0031956083021862833 0.0052548021197866487 -0.0045665178891152345 0.055910100377441978 -0.004637343063997372 -0.062997478221382575 -0.033028184931292871 -0.00061023397848973201 0.29638397772881853 0.80056651850556271 0.16780197572372585 0.035251702994713155 0.090268690246243122 0.006193596830390097 -0.030231124365182081 0.054564740400773207 -0.0083285853848649692 -0.020629200918395443 0.070801525456201914 0.019330029758472863 0.013430778365037654 0.061060147728410001 0.19092515296287191 -0.014473749519726199 0.037122539541573588 -0.035100565483230123 -0.022568137646486006 -0.004585099713832563 0.064246420068597612
leaf_weight=56.888447117991745 799.34957261406817 444.95229895901866 146.57346373889595 121.82208999677096 33.610595879610628 12.964197949506341 20.437030111439526 15.232038700021802 44.76676165452227 0.6172112375497818 0.1443760811816891 3.6725218454375872 7.3453562587965253 4.3335156431421629 211.62236082879826 0.27005414757877588 7.5546280806884161 50.481788057135418 14.94557609898038 12.904657962499185 7.6480401752050993 22.813615935738198 5.5014737963210774 3.281997658777982 100.2947232555598 51.571574435802177 7.0207436808850607 64.313373474171385 12.149603121215479 12.784969506785272
leaf_count=1450 51716 9833 5815 5022 629 1232 119 306 2851 8 12 57 333 81 9510 43 75 1245 393 276 406 1063 405 42 3854 1309 330 1130 326 129
internal_value=-0.000469171 -0.00707594 0.00147416 0.00693565 0.0119455 0.0390566 -0.0294044 0.00901723 -0.00229166 0.0105568 0.0158252 0.0909425 0.0554931 0.0126466 0.0114036 0.259196 -0.0011137 0.00969776 0.0178328 0.023764 0.0165388 0.0361007 0.0675759 0.109585 -0.00276028 0.0110236 0.0284685 -0.00448209 -0.00307096 0.0307076
internal_weight=2297.87 522.278 1775.59 724.649 477.781 46.5748 77.3255 431.206 1050.94 415.974 286.598 11.6351 7.96257 274.963 270.629 0.41443 129.377 162.344 111.862 96.9165 84.0119 39.2451 16.4315 8.78347 246.868 270.215 58.5923 888.598 824.284 24.9346
internal_count=100000 11402 88598 28616 18947 1861 1569 17086 59982 16780 11683 398 341 11285 11204 55 5097 6681 5436 5043 4767 1916 853 447 9669 11149 1639 53301 52171 455
is_linear=0
shrinkage=0.03


Tree=231
num_leaves=31
num_cat=0
split_feature=411 410 49 335 241 177 8 107 43 392 16 3 273 16 43 434 337 362 3 3 23 43 366 13 182 366 23 437 12 3
split_gain=30.8915 47.8763 39.6518 36.9397 32.6542 32.4596 31.4206 33.202 31.2831 31.0905 26.8792 34.9652 37.6898 37.6131 55.3556 50.6185 33.0575 43.6807 37.771 54.7702 39.3124 41.4838 99.3364 78.9104 35.6482 35.9278 27.509 83.1519 25.9913 23.967
threshold=517.50000000000011 214.50000000000003 1.0000000180025095e-35 16.500000000000004 1.5000000000000002 1.5000000000000002 1.5000000000000002 1.5000000000000002 93.500000000000014 -15.499999999999998 2.5000000000000004 17966.500000000004 1.5000000000000002 4.5000000000000009 108.50000000000001 -0.14019537550155969 1.5000000000000002 439.25000000000006 14650.000000000002 12579.000000000002 3.5000000000000004 441.50000000000006 64.415500640869155 39.500000000000007 239.59999847412112 664.25000000000011 1.5000000000000002 873.00000000000011 18.500000000000004 2256.5000000000005
decision_type=8 10 2 8 10 8 2 10 10 8 2 2 8 2 10 2 2 2 2 2 2 8 8 2 10 8 2 2 10 2
left_child=1 4 3 6 -1 -4 8 9 -2 -8 -11 12 -12 14 15 -13 -14 18 19 24 21 -21 23 -23 25 -18 27 -26 -5 -28
right_child=2 -3 5 28 -6 -7 7 -9 -10 10 11 13 16 -15 -16 -17 17 -19 -20 20 -22 22 -24 -25 26 -27 29 -29 -30 -31
leaf_value=-0.01700136110167564 0.020354230176422433 -0.0031049805541837464 -0.0027936677914653838 0.03246568164427082 -0.061335369954622472 -0.027438217843335718 0.0210822705504474 -0.014365285785813021 -0.010021066467350818 -0.0022350043071430715 0.033804296334565519 0.094005536561081252 -0.0090198586477466518 -0.023820288956691943 0.068186119168539144 0.52944674036607142 -0.0017439062408545526 -0.012873136203621884 -0.0308348636602301 0.088609333039319338 -0.031092621622990195 0.86437078589358296 0.076736858420527673 0.18286440536603871 -0.030641002676002956 0.14183020369294713 0.25452950938949592 0.5958773427649009 0.15333318044153044 0.044460441965072019
leaf_weight=56.278058689553291 161.61166679556482 444.21274541085586 518.56721309153363 22.816159981652167 20.362215200439095 53.017533255741 81.738841566490009 105.29665319027845 37.617589778034016 530.30718163028359 40.402823813958094 0.47958386526443064 111.70974615530577 3.1621259476523846 6.4840412880294025 0.48148494493216087 30.825674340361729 33.902310403296724 8.2724538054317218 9.5865571135655028 2.0120009919628492 0.33522373624145863 1.0867757466621697 0.28115991828963161 0.44218762428499658 1.6527335727587331 0.51362596033140917 0.33516490901820362 1.7220746679231513 10.112871712888589
leaf_count=1450 3353 9833 33766 559 119 1738 1623 2325 1909 28946 733 43 7836 215 137 28 2249 1327 771 202 220 29 30 24 39 13 37 23 20 403
internal_value=-0.00045896 -0.00688294 0.00142632 0.00451701 -0.0287803 -0.00507958 0.00375855 0.00154939 0.0146189 0.00346646 0.0016493 0.00950905 0.00725854 0.062863 0.0996796 0.312157 0.00217714 0.014766 0.0290814 0.0377491 0.091076 0.112848 0.249282 0.553506 0.0215844 0.00556217 0.0672162 0.23949 0.0409481 0.054614
internal_weight=2295.63 520.853 1774.77 1203.19 76.6403 571.585 1178.65 979.421 199.229 874.125 792.386 262.079 251.471 10.6072 7.44511 0.961069 211.068 99.3587 65.4564 57.184 13.3017 11.2897 1.70316 0.616384 43.8823 32.4784 11.4039 0.777353 24.5382 10.6265
internal_count=100000 11402 88598 53094 1569 35504 52515 47253 5262 44928 43305 14359 13936 423 208 71 13203 5367 4040 3269 505 285 83 53 2764 2262 502 62 579 440
is_linear=0
shrinkage=0.03


Tree=232
num_leaves=31
num_cat=0
split_feature=1 411 334 335 126 136 77 435 197 191 346 437 431 431 260 39 437 41 105 364 23 29 28 3 438 437 434 1 39 3
split_gain=29.9435 32.6554 27.4457 50.2162 26.1027 23.2896 21.6192 26.5175 21.52 24.0512 45.0514 24.0884 21.7898 47.8169 59.6026 26.3843 27.5236 26.5962 29.9578 58.4004 25.9375 34.5093 30.152 25.7186 25.5913 56.3092 35.2384 43.9684 25.0605 24.2973
threshold=14.779000282287599 611.50000000000011 5.5000000000000009 8.5000000000000018 1.0000000180025095e-35 2.5000000000000004 1.5000000000000002 0.2246376569778358 1.5000000000000002 1.0000000180025095e-35 1.0000000180025095e-35 14547.000000000002 722.00000000000011 623.50000000000011 35.317649841308601 277.50000000000006 12261.500000000002 16.500000000000004 1.0000000180025095e-35 57.04845046997071 19.500000000000004 24.500000000000004 24.500000000000004 6675.0000000000009 681.00000000000011 230.50000000000003 0.30512067622321287 107.95449829101564 411.50000000000006 12931.000000000002
decision_type=2 10 10 10 8 10 10 2 10 8 2 2 2 2 10 10 2 10 8 2 2 8 2 2 2 2 2 2 8 2
left_child=5 2 3 6 -5 -1 8 -8 9 10 -2 12 13 15 -15 17 -17 18 19 -11 29 22 -22 -24 25 -21 27 -27 -18 -20
right_child=1 -3 -4 4 -6 -7 7 -9 -10 11 -12 -13 -14 14 -16 16 28 -19 20 24 21 -23 23 -25 -26 26 -28 -29 -30 -31
leaf_value=-0.016909755753913271 0.01108034390083624 0.03076254156329521 -0.029869239105145707 0.050469460407778985 -0.0021208719912181248 0.081773950573975379 0.083847091790972911 -0.038780178743191202 -0.022938568500382686 0.0042389983554328003 0.10427947907844402 -0.025557211116986653 -0.0059019636660975847 0.0339233743083069 0.23226734111871297 -0.012075918030121898 0.059892630722016199 -0.041706227375996795 -0.0039588002348989824 0.014657387964185168 0.25637502576668431 -0.021212007716447451 0.097158338432615274 0.0076536116010912014 0.023852231371286545 0.13006509921877718 0.023865275860635849 0.36052880617386018 -0.015244426380342894 0.0070415069798336382
leaf_weight=116.97259993851185 38.619558453559875 31.3195795211941 27.503203834639862 26.920050704851747 12.40969146043062 2.1926999837160102 1.7172365656588251 20.940871643368155 36.226045994553715 361.96055268496275 5.3097564261406651 32.890401312150061 400.3777629409451 7.286282380577175 1.6774638481438158 180.68369213747792 9.5585378457326424 11.837090134620665 587.85416960832663 8.5572217445587722 0.69646506896242755 6.4139749883906907 5.8728756493655947 5.6874343554954976 77.86198170913849 3.9893682115944094 2.0062971753068268 0.91612870525568713 6.8638613799121257 260.92513931822032
leaf_count=2854 1093 592 304 152 100 12 34 378 853 17660 43 2667 9409 128 18 17589 274 209 28196 297 10 1073 165 362 2308 126 42 22 438 12592
internal_value=-0.000451452 0.000350832 -9.35131e-05 0.000293493 0.0338757 -0.0150939 -0.000342496 -0.0294864 -2.10153e-05 0.00039042 0.0223454 -9.81855e-05 0.000333214 0.00195359 0.0710412 0.00154927 -0.00869619 0.00306244 0.00346307 0.0096949 0.000192219 0.035169 0.0646732 0.0531239 0.0308542 0.0660983 0.129785 0.173105 0.0284886 -0.000577171
internal_weight=2294.05 2174.88 2143.56 2116.06 39.3297 119.165 2076.73 22.6581 2054.07 2017.85 43.9293 1973.92 1941.03 1540.65 8.96375 1531.68 197.106 1334.58 1322.74 455.292 867.45 18.6708 12.2568 11.5603 93.331 15.469 6.91179 4.9055 16.4224 848.779
internal_count=100000 97134 96542 96238 252 2866 95986 412 95574 94721 1136 93585 90918 81509 146 81363 18301 63062 62853 20455 42398 1610 537 527 2795 487 190 148 712 40788
is_linear=0
shrinkage=0.03


Tree=233
num_leaves=31
num_cat=0
split_feature=130 438 334 335 438 227 322 49 365 365 3 371 438 12 4 367 38 435 9 437 3 38 139 431 24 408 431 260 42 26
split_gain=29.6392 42.145 30.183 36.6517 30.4024 25.4753 28.6534 24.8636 40.2485 49.3303 33.0114 31.5668 25.3835 24.8089 29.9689 38.3449 27.0315 27.3839 24.2536 28.1497 23.5799 24.9834 23.0994 22.5905 38.627 35.9291 30.3904 36.3822 23.3821 21.4334
threshold=2.5000000000000004 47063.000000000007 5.5000000000000009 8.5000000000000018 15772.500000000002 2.5000000000000004 5.1500000953674325 1.0000000180025095e-35 180.50000000000003 186.14219665527347 7208.5000000000009 30.906750679016117 5072.5000000000009 18.500000000000004 553.50000000000011 301.52999877929693 15.500000000000002 1.1560348327503192 138.00000000000003 12261.500000000002 9485.5000000000018 313.50000000000006 1.5000000000000002 695.50000000000011 1.5000000000000002 106.50000000000001 603.50000000000011 35.317649841308601 571.00000000000011 2.5000000000000004
decision_type=10 2 10 10 2 10 10 2 8 8 2 2 2 10 8 10 8 2 10 2 2 10 10 2 2 8 2 10 10 2
left_child=2 5 3 7 -5 6 -2 8 11 -10 12 23 -11 14 -12 16 17 -16 -9 22 -21 -22 29 26 25 -25 28 -28 -1 -20
right_child=1 -3 -4 4 -6 -7 -8 18 9 10 13 -13 -14 -15 15 -17 -18 -19 19 20 21 -23 -24 24 -26 -27 27 -29 -30 -31
leaf_value=0.0040425638710927083 -0.028225571838442404 0.05251170379381951 -0.032314569224523776 0.045412533933564592 -0.025578372514926347 0.088217925531895669 0.013851167544883566 -0.0277646518390131 0.10552826828683007 -0.0070837836378417358 -0.013909018978877192 -0.01710491341173075 0.048327392130951399 0.11642518513374488 0.065249483712547671 -0.0016336191798656387 -0.0014782896805110039 0.22645969925283119 -0.0035122963001062873 -0.025740151871779183 0.057408959525666596 -0.030839589057165159 -0.025361422703663695 0.072958829484640705 0.0085359198780703086 -0.0108127223033294 0.036173738466076431 0.21572594820019064 0.21001045382835107 0.08756989766798505
leaf_weight=898.62267013464589 92.45351531682536 7.7821768978610626 25.151941903401166 27.631477994844317 6.7570108072832218 1.9347827569581557 17.289775690995157 40.112017675070092 5.7042908670846364 9.671866530319674 46.102521555032581 83.316986750694923 32.250023439526558 1.6366177261807013 1.9807753581553691 9.4767650971189124 1.7003671964630482 1.8193374138791112 423.91199420567136 5.9501772803487283 16.748134441673759 3.488616812741383 46.127796382992528 4.6779085900634527 160.91466315230355 307.56582417502068 7.0357395741157216 1.1870182156562803 0.49632495176046987 2.3380558043718329
leaf_count=46376 1342 77 276 170 61 27 277 2588 59 239 1160 2378 462 30 41 85 63 20 29139 584 595 284 1960 66 2938 8511 149 11 21 11
internal_value=-0.000441691 -0.0149902 0.000358339 0.00074106 0.0314635 -0.019694 -0.0215965 0.000241022 0.00214477 0.0196168 0.0149334 0.000827732 0.0355434 0.00115694 -0.00193165 0.0349367 0.0979437 0.14243 -0.00532226 -0.00351666 0.0267594 0.0421958 -0.00519505 0.00191002 -0.0034043 -0.00955769 0.00468132 0.0620935 0.00415626 -0.00301269
internal_weight=2291.84 119.46 2172.38 2147.22 34.3885 111.678 109.743 2112.84 1574.16 110.343 104.638 1463.82 41.9219 62.7164 61.0798 14.9772 5.50048 3.80011 538.677 498.565 26.1869 20.2368 472.378 1380.5 473.158 312.244 907.342 8.22276 899.119 426.25
internal_count=100000 1723 98277 98001 231 1646 1619 97770 62609 2159 2100 60450 701 1399 1369 209 124 61 35161 32573 1463 879 31110 58072 11515 8577 46557 160 46397 29150
is_linear=0
shrinkage=0.03


Tree=234
num_leaves=31
num_cat=0
split_feature=222 32 25 335 148 216 415 437 151 13 105 369 50 387 340 411 410 252 10 30 339 3 34 29 23 29 438 408 0 8
split_gain=28.1863 26.1418 47.559 32.7401 28.7372 27.8612 27.7179 24.8849 29.2019 26.5133 24.2207 40.0804 41.7953 27.4025 22.2167 20.6678 27.3589 24.2901 20.4114 24.0152 28.0453 24.2951 24.1029 33.5869 20.9952 30.044 23.5035 19.9347 22.1273 21.5007
threshold=2.5000000000000004 96.500000000000014 1.5000000000000002 5.5000000000000009 10.500000000000002 22.500000000000004 16.500000000000004 413.50000000000006 5.5000000000000009 8.5000000000000018 1.0000000180025095e-35 151.25000000000003 1.0000000180025095e-35 302.50000000000006 1.0000000180025095e-35 538.00000000000011 214.50000000000003 2.5000000000000004 77.500000000000014 101.50000000000001 2.5000000000000004 8777.0000000000018 1.0000000180025095e-35 203.50000000000003 19.500000000000004 24.500000000000004 20008.500000000004 148.50000000000003 11017178.500000002 1.5000000000000002
decision_type=10 10 2 8 8 10 10 2 10 2 8 2 2 10 8 8 10 10 8 10 2 2 8 8 2 8 2 8 2 2
left_child=1 2 6 4 5 18 10 -3 -9 -10 11 -1 -13 27 -5 16 -2 -17 -4 20 24 -22 23 -21 -20 26 -26 28 -12 -29
right_child=15 7 3 14 -6 -7 -8 8 9 -11 13 12 -14 -15 -16 17 -18 -19 19 22 21 -23 -24 -25 25 -27 -28 29 -30 -31
leaf_value=0.0017795571754863739 -0.047932992564907802 -0.017271041031917254 -0.031446704107660615 -0.043347226417655454 -0.022378395917107729 0.052851469904351148 0.19496917960051732 -0.0047348145697138962 -0.034920872581058381 0.040832001897732582 0.16121011120130357 0.030220589310387864 0.19594231678084184 0.059351220002726017 0.034863863733419702 -0.019978684940866291 -0.011724784794924651 0.022875080164798643 0.0079595829011241473 0.23369778173555297 -0.01004254125578174 0.073363854982970558 -0.010725692195921389 -0.017653293009816426 0.023145320761643193 -0.031021022018816964 0.10228644837598232 0.0028732770799396066 0.011133905004576922 -0.0085613275385072116
leaf_weight=385.85562406247482 25.334638963453472 130.40893845772371 11.947662743739784 3.4726845910772672 28.875357585027814 12.383551829494534 0.64645836781710286 233.33561352989636 5.0530882722232517 23.480405663372949 1.3390282569453122 27.185400376562033 1.4423225848004211 5.9692301144823423 55.667713627335615 22.235473854001611 72.608264517970383 25.620064830873162 351.15445719845593 0.87841288233175863 4.3358415067195883 11.426111740991471 68.775693938136101 1.0508655193261802 6.7140985967125761 3.9589808554155743 6.7956222612410784 201.47120447643101 2.6030421010218561 557.59963680710644
leaf_count=15731 226 11508 134 33 628 97 7 16828 284 563 19 412 30 35 469 358 969 312 10907 27 117 125 5754 52 380 556 180 5295 42 27922
internal_value=-0.000431605 0.000436436 0.0020042 0.00914527 0.00668725 0.00843786 -0.00141787 -0.00656373 -0.00123156 0.0274167 -0.00152515 0.00432062 0.03857 -0.00467603 0.0302714 -0.0131953 -0.0210907 0.00296362 0.00726023 0.00827642 0.0112321 0.0504202 -0.00779203 0.0967885 0.00955646 0.0416567 0.0629547 -0.00517693 0.0621113 -0.00552638
internal_weight=2289.63 2143.83 1751.55 567.437 508.297 479.421 1184.11 392.278 261.869 28.5335 1183.47 414.483 28.6277 768.982 59.1404 145.798 97.9429 47.8555 467.038 455.09 384.385 15.762 70.705 1.92928 368.623 17.4687 13.5097 763.013 3.94207 759.071
internal_count=100000 98135 68952 19459 18957 18329 49493 29183 17675 847 49486 16173 442 33313 502 1865 1195 670 18232 18098 12265 242 5833 79 12023 1116 560 33278 61 33217
is_linear=0
shrinkage=0.03


Tree=235
num_leaves=31
num_cat=0
split_feature=1 334 335 38 49 8 334 39 177 9 437 25 216 72 150 335 136 3 38 281 26 188 372 369 138 192 3 29 25 167
split_gain=27.8665 25.8814 41.4569 25.4546 24.6287 34.0532 29.9543 27.521 26.8593 26.438 27.1557 23.5776 25.6274 22.8503 22.124 21.9214 21.3937 20.5775 22.768 20.2857 19.8782 20.3915 31.852 19.732 18.5054 18.0195 18.0138 17.8564 22.6596 22.1311
threshold=14.779000282287599 5.5000000000000009 8.5000000000000018 106.50000000000001 1.0000000180025095e-35 1.5000000000000002 1.5000000000000002 178.50000000000003 1.5000000000000002 138.00000000000003 12261.500000000002 1.5000000000000002 27.500000000000004 2.5000000000000004 3.5000000000000004 5.5000000000000009 2.5000000000000004 9485.5000000000018 313.50000000000006 35.500000000000007 2.5000000000000004 500.43499755859381 994.47500610351574 169.97499847412112 1.5000000000000002 1.5000000000000002 6018.0000000000009 79.500000000000014 3.5000000000000004 1.5000000000000002
decision_type=2 10 10 8 2 2 10 10 8 10 2 2 10 8 8 10 10 2 10 10 2 10 2 2 10 10 2 10 2 10
left_child=16 2 4 -4 5 7 19 13 9 -6 14 -8 15 27 20 -13 24 -12 -19 -7 21 -11 26 -17 -1 -14 -23 28 29 -2
right_child=1 -3 3 -5 8 6 11 -9 -10 10 17 12 25 -15 -16 23 -18 18 -20 -21 -22 22 -24 -25 -26 -27 -28 -29 -30 -31
leaf_value=-0.010518849087819828 0.022335460558893103 -0.02889422325234119 0.040041602648498681 -0.035498770974333717 -0.027436930156901504 0.0028387505031073571 -0.01489437311592523 -0.020019716829744204 -0.02657219438227388 -0.0052001158017541335 -0.024857809186708015 -0.0058415150984522631 0.1146282752064523 -0.031157029424442002 0.24605578343205201 -0.038392499954316456 0.077544341691494961 0.056099816092609972 -0.030827551232496357 -0.17776706770630069 0.083262756511638364 -0.034295208037588072 -0.013915711688395629 0.063822941789091231 -0.040894844862207715 0.02340157478987626 0.076553574270996821 -0.0167798206025544 0.062712032112745869 -0.019687886223602683
leaf_weight=93.46521577204112 139.71961062401533 26.896091808564961 34.651490858756006 4.540772986598312 37.597453132853843 1052.6162114504259 179.78651573718525 19.870681710890494 48.916249967878684 404.95326958142687 5.1337600804399726 105.64082010439597 2.7111218199133855 8.4081591153517348 0.32063760608434577 2.1873568873852474 2.2242559287697068 17.143554725451398 3.2213235262315711 0.56001649796962638 2.3778226077556601 1.537723225075754 9.7549905362538976 7.6245294511318207 22.370295929722488 6.9291966278105974 9.2945834659039956 11.428328774170948 11.447232581907882 12.269240076187996
leaf_count=2653 2992 320 193 59 2489 50121 3807 1230 1703 29307 550 1734 18 304 3 42 12 575 273 4 11 29 188 50 201 66 111 617 158 180
internal_value=-0.000421791 0.000351299 0.000718754 0.0312896 0.000148605 0.00205912 0.000345508 0.013515 -0.00537234 -0.00326173 -0.00125854 -0.00793541 0.00206618 0.0171509 -0.00304941 -0.00185756 -0.0146155 0.0288184 0.0423496 0.00274272 -0.00323606 -0.0037194 0.0254064 0.0410361 -0.0163851 0.049057 0.0608178 0.0194737 0.0220088 0.0189431
internal_weight=2285.6 2167.54 2140.64 39.1923 2101.45 1561.2 1358.06 203.143 540.251 491.335 453.738 304.88 125.093 183.273 428.239 115.453 118.06 25.4986 20.3649 1053.18 427.918 425.541 20.5873 9.81189 115.836 9.64032 10.8323 174.864 163.436 151.989
internal_count=100000 97134 96814 252 96562 61323 55842 5481 35239 33536 31047 5717 1910 4251 29649 1826 2866 1398 848 50125 29646 29635 328 92 2854 84 140 3947 3330 3172
is_linear=0
shrinkage=0.03


Tree=236
num_leaves=31
num_cat=0
split_feature=130 438 334 335 438 411 259 49 365 365 373 3 34 176 4 367 1 434 437 3 437 431 24 408 396 431 32 38 410 365
split_gain=27.3229 37.5497 27.6104 31.1346 28.0241 26.2457 34.2576 22.139 36.5679 44.2348 31.9483 29.8119 26.2892 26.2538 26.0291 32.2949 25.0433 24.1597 23.6063 30.25 22.5787 21.849 36.0036 31.7303 28.3021 30.1288 20.6479 20.6376 20.3605 19.9141
threshold=2.5000000000000004 47063.000000000007 5.5000000000000009 8.5000000000000018 15772.500000000002 538.00000000000011 209.09265136718753 1.0000000180025095e-35 180.50000000000003 186.14219665527347 30.906750679016117 7208.5000000000009 77.500000000000014 1.5000000000000002 553.50000000000011 301.52999877929693 224.50000000000003 4.6365490734937422 2805.0000000000005 6934.0000000000009 12261.500000000002 695.50000000000011 1.5000000000000002 106.50000000000001 1.5000000000000002 603.50000000000011 263.50000000000006 313.50000000000006 263.50000000000006 9.8123998641967791
decision_type=10 2 10 10 2 10 10 2 8 8 2 2 10 8 8 10 2 2 2 2 2 2 2 8 10 2 10 10 10 8
left_child=2 5 3 7 -5 6 28 8 10 -10 21 18 14 20 -13 16 -16 -15 19 -11 -9 24 23 -23 -1 29 -24 -22 -2 -26
right_child=1 -3 -4 4 -6 -7 -8 13 9 11 -12 12 -14 17 15 -17 -18 -19 -20 -21 27 22 26 -25 25 -27 -28 -29 -30 -31
leaf_value=0.0035664197942145062 -0.042196425801480288 0.04887315977298963 -0.0314058978824781 0.042581522999844523 -0.025622317263090423 0.006452175607957268 0.11817325151689226 -0.0040114959438343114 0.098151141116141566 0.0096869054530743359 -0.015245241975872821 -0.012590841546543139 0.1600953889972507 -0.0238400136054913 0.047043678765946687 -0.00194813365448464 0.18173819759821999 0.10762327086801997 0.068394191362051604 0.11434787500384265 0.036943686885634305 0.066468093424761454 0.011950421536191221 -0.010434591485276956 0.013363265455263236 0.12249112887741483 -0.024064331749262216 -0.030768276808380686 -0.011614213549621933 0.074880534925290274
leaf_weight=847.88745036826003 48.833197755273432 7.8679937995038918 24.355025320313871 27.449099643155932 6.7565894834697238 27.481144714634866 1.4303496815264214 430.7335335056996 5.9582899822853497 27.375585199566562 103.96025911381003 46.429949645302258 0.92088555730879207 73.026168617652729 4.1488005910068741 9.4644983233883959 1.7733285245485602 1.2801828449591983 12.384313785005359 2.7335936713498077 21.818716622190554 4.9067022348754108 143.30335459159687 303.90281670633703 34.427821068558842 2.86811789125204 15.918592196190728 4.9747330754762507 32.720816447865218 5.4913848936557761
leaf_count=45199 708 77 276 170 61 456 11 30061 59 560 3012 1179 9 3532 103 85 23 33 108 33 1036 66 2450 8498 628 40 468 499 471 89
internal_value=-0.000411559 -0.0144485 0.000355929 0.000717424 0.0291093 -0.0189586 -0.0273736 0.000256214 0.00204438 0.0186299 0.000783576 0.0141274 0.000985945 -0.00503551 -0.00138432 0.0324319 0.0873767 -0.0215751 0.0335294 0.019189 -0.00234934 0.00201001 -0.00323802 -0.00921268 0.00476774 0.0285735 0.00834976 0.0243716 -0.0299263 0.0218257
internal_weight=2282.58 118.334 2164.25 2139.89 34.2057 110.466 82.9844 2105.69 1573.86 111.189 1462.67 105.231 62.7375 531.833 61.8166 15.3866 5.92213 74.3064 42.4935 30.1092 457.527 1358.71 468.031 308.81 890.675 42.7873 159.222 26.7934 81.554 39.9192
internal_count=100000 1723 98277 98001 231 1646 1190 97770 62609 2159 60450 2100 1399 35161 1390 211 126 3565 701 593 31596 57438 11482 8564 45956 757 2918 1535 1179 717
is_linear=0
shrinkage=0.03


Tree=237
num_leaves=31
num_cat=0
split_feature=12 411 352 43 19 438 15 29 143 15 366 439 12 364 362 435 9 9 71 11 4 19 7 0 161 57 435 4 4 114
split_gain=26.0755 39.0641 22.4852 23.194 35.1416 35.8287 35.4442 26.9203 43.1758 41.8054 26.1082 31.8833 32.5163 24.959 24.5053 24.4909 24.455 41.6626 47.762 37.3283 36.0221 30.5411 33.0245 29.1606 46.925 28.2968 25.4021 24.2018 40.2703 30.4947
threshold=1.0000000180025095e-35 581.00000000000011 1.5000000000000002 105.50000000000001 1.5000000000000002 47063.000000000007 1.5000000000000002 2.5000000000000004 1.0000000180025095e-35 4.5000000000000009 397.42500305175787 32643.500000000004 205.50000000000003 700.50000000000011 2210.5000000000005 0.65976853589792295 324.50000000000006 340.00000000000006 1.0000000180025095e-35 2147.5000000000005 599.50000000000011 1.5000000000000002 194.50000000000003 10103822.500000002 1.5000000000000002 3.5000000000000004 10.233708156396792 284.50000000000006 264.50000000000006 2.5000000000000004
decision_type=8 10 10 10 2 2 2 8 8 2 8 2 8 2 2 2 10 10 8 10 8 2 10 2 10 10 2 8 8 10
left_child=1 -1 3 4 10 7 -7 15 9 -9 -2 -12 -13 16 27 -6 25 18 20 21 -18 22 -20 24 -19 26 -5 28 29 -14
right_child=2 -3 -4 13 5 6 -8 8 -10 -11 11 12 14 -15 -16 -17 17 23 19 -21 -22 -23 -24 -25 -26 -27 -28 -29 -30 -31
leaf_value=-0.040152287614652761 -0.00018056726124732216 0.051757101959826607 -0.025700270884568135 -0.011273477156209648 -0.0026255164442030433 0.12617941792206522 0.028722333343283959 0.13594660359706764 -0.018834849541247835 -0.031387246815300487 0.027740459662901791 0.1081961428305294 -0.017142284091184665 -0.036141560979397497 0.055108128357316169 0.055004228485109198 -0.02268303586763145 -0.030565921732736052 -0.013546009219011784 0.29895624579683572 0.26144041647934613 -0.024843843884052835 0.04122527122633917 -0.012921862771100565 0.46271685965346382 0.0837713927210985 0.13543762779789661 -0.019718819899192649 0.085846807715208792 0.097825294959243081
leaf_weight=28.493804490659386 1486.1641055247746 4.8739004307426503 30.251844336511567 270.56594479188789 10.497161445440726 5.2641330112237474 9.2784453071653825 3.4725909736007443 31.194312446867116 2.1918509898241609 70.051730692619458 2.4445578218437731 18.034466263256043 22.65265859500505 6.0828091017901889 18.04634523903951 26.568360868026506 0.40615625027567048 11.784203283721579 0.45345568237826128 0.40776742063462634 9.422032372793181 62.219667487079278 86.784372959751636 0.30307386023923755 2.8839589999988666 1.0663379463367153 49.904011802747846 5.773824945325031 2.3465996808372429
leaf_count=455 51455 89 668 24151 877 110 484 51 3748 123 759 33 457 446 53 668 1665 40 830 19 9 1224 3062 7331 6 21 34 1054 64 14
internal_value=-0.000402125 -0.0267274 -1.11137e-05 0.000339541 0.00198645 0.021409 0.0639999 0.0119387 -0.0049988 0.0711969 0.00104013 0.0127717 0.000375061 -0.00537955 -0.00283372 0.0338103 -0.0039059 0.00412021 0.0163351 0.0275023 -0.0183883 0.0260269 0.0325036 -0.0113562 0.180228 -0.00970508 -0.0106975 -0.00746762 0.0159079 -0.00390535
internal_weight=2279.88 33.3677 2246.52 2216.26 1720.75 79.9448 14.5426 65.4023 36.8588 5.66444 1640.8 154.638 84.5863 495.518 82.1417 28.5435 472.865 198.349 110.855 83.8794 26.9761 83.4259 74.0039 87.4936 0.70923 274.516 271.632 76.0589 26.1549 20.3811
internal_count=100000 544 99456 98788 59950 6061 594 5467 3922 174 53889 2434 1675 38838 1642 1545 38392 14186 6809 5135 1674 5116 3892 7377 46 24206 24185 1589 535 471
is_linear=0
shrinkage=0.03


Tree=238
num_leaves=31
num_cat=0
split_feature=1 411 12 334 335 38 77 435 9 25 130 435 431 38 259 40 0 4 20 9 270 432 5 436 9 7 4 43 200 11
split_gain=25.7753 28.6933 30.6056 22.8582 31.8451 25.6584 22.0978 24.4951 22.0271 25.5121 50.4306 26.707 32.1305 38.409 33.6965 42.5675 32.1105 31.8493 27.312 27.1658 24.7432 24.6819 25.7551 24.178 23.4794 23.1517 26.5341 23.983 22.4815 22.4428
threshold=14.779000282287599 611.50000000000011 1.0000000180025095e-35 7.5000000000000009 8.5000000000000018 106.50000000000001 1.5000000000000002 0.2246376569778358 326.00000000000006 2.5000000000000004 1.5000000000000002 0.7899752590996002 1.0000000180025095e-35 31.500000000000004 209.09265136718753 1.5000000000000002 10103822.500000002 580.50000000000011 10.500000000000002 529.50000000000011 4.5000000000000009 12.500000000000002 137.50000000000003 -12.683449177314548 344.50000000000006 136.00000000000003 476.50000000000006 117.50000000000001 1.0000000180025095e-35 2350.5000000000005
decision_type=2 10 8 10 10 8 10 2 8 2 10 2 2 10 8 10 2 8 2 10 10 2 8 2 8 10 10 10 8 10
left_child=-1 2 -2 4 6 -6 8 -8 21 11 25 18 13 17 -14 -16 -15 23 19 -10 -12 -4 -23 -13 -19 -11 27 28 -27 -18
right_child=1 -3 3 -5 5 -7 7 -9 9 10 20 12 14 16 15 -17 29 24 -20 -21 -22 22 -24 -25 -26 26 -28 -29 -30 -31
leaf_value=-0.014104377232975094 -0.036927076625527182 0.0286614429874129 0.0044455573130654435 -0.05032480315953268 0.035455300504628313 -0.034699289322743965 0.076255096664648858 -0.038413553763902569 -0.0070726806882078028 -0.011503564571935219 -0.026600439851269364 0.054692837557901317 -0.0089315362265658602 0.20082608638301258 0.011295603519942229 0.1790400908902402 -0.014418395923289341 0.11365628148055329 0.057572053903069367 0.21996305731844254 0.033164493331145059 0.09022893921373272 -0.0057020622616147029 0.011837174200652304 0.034907254481204061 0.094302579851857582 0.042364380598277747 -0.011032411231931986 0.020158748898631729 0.17201457128215122
leaf_weight=117.0655642246129 20.089049719274044 31.742423252668232 322.36225644382648 8.0035782577469927 36.375019917264581 5.3868690412491551 1.8210221771150852 21.142108504893258 306.33448283979669 17.034797823987901 34.289232798619196 12.643234575865788 131.7970212821383 0.64271213440224428 4.6121899746358386 1.9317839546129105 54.947818411514163 4.8144451808184412 6.0640888959169379 0.47506116982549329 7.6200347803533068 2.5268057705834508 791.81917873653583 188.38242437597364 11.660452978219835 3.941921949852258 52.151554775075056 22.946034099673852 55.519259696127847 0.58734285831451316
leaf_count=2866 346 592 18341 82 212 79 34 385 14326 675 593 425 2974 26 72 18 3610 69 26 11 146 32 44204 4802 164 36 1470 1908 1455 21
internal_value=-0.00039412 0.000349051 -7.32878e-05 0.000277953 0.000470828 0.0264061 -5.54448e-05 -0.0293201 0.000274763 0.00371638 0.0133941 0.00113301 0.00615091 0.0121072 -0.00563236 0.0608138 -0.0100067 0.017819 -0.00547502 -0.00672114 -0.0157338 -0.00255566 -0.00539691 0.0145325 0.05792 0.0214468 0.0256182 0.0150203 0.025074 -0.0124467
internal_weight=2276.73 2159.66 2127.92 2107.83 2099.83 41.7619 2058.07 22.9631 2035.1 918.396 193.503 724.893 412.019 273.678 138.341 6.54397 56.1779 217.501 312.874 306.81 41.9093 1116.71 794.346 201.026 16.4749 151.594 134.559 82.4072 59.4612 55.5352
internal_count=100000 97134 96542 96196 96114 291 95823 419 95404 32827 6283 26544 12181 9117 3064 90 3657 5460 14363 14337 739 62577 44236 5227 233 5544 4869 3399 1491 3631
is_linear=0
shrinkage=0.03


Tree=239
num_leaves=31
num_cat=0
split_feature=130 9 334 335 438 411 227 49 8 177 9 39 334 24 365 367 260 262 72 43 43 11 39 16 27 3 1 39 72 348
split_gain=24.8794 35.3866 25.6472 26.9811 25.7084 23.9561 26.9259 20.6645 33.7701 25.0008 25.9442 24.2239 23.2564 23.8817 28.3471 50.9543 22.8048 23.1171 21.6505 21.6036 36.5649 35.4128 59.6677 32.8689 33.1129 29.0084 23.9068 27.4746 20.9963 34.709
threshold=2.5000000000000004 179.00000000000003 5.5000000000000009 8.5000000000000018 15772.500000000002 538.00000000000011 2.5000000000000004 1.0000000180025095e-35 1.5000000000000002 1.5000000000000002 138.00000000000003 178.50000000000003 1.5000000000000002 1.5000000000000002 180.50000000000003 186.67500305175784 59.879299163818366 70.940498352050795 2.5000000000000004 525.50000000000011 471.50000000000006 1.5000000000000002 262.50000000000006 4.5000000000000009 9.5000000000000018 15500.500000000002 737.47500610351574 315.50000000000006 1.5000000000000002 2.5000000000000004
decision_type=10 8 10 10 2 10 10 2 2 8 10 10 10 2 10 10 10 8 8 10 8 8 8 2 2 2 2 10 10 8
left_child=2 -2 3 7 -5 6 -3 8 11 10 -9 18 16 14 -14 -16 28 -18 -1 20 23 22 -22 26 -25 -24 -12 -28 -10 -30
right_child=1 5 -4 4 -6 -7 -8 9 12 -11 19 -13 13 -15 15 -17 17 -19 -20 -21 21 -23 25 24 -26 -27 27 -29 29 -31
leaf_value=0.019010015330331927 0.050335934047816826 -0.028879682427953343 -0.030621093599071943 0.040184457531495368 -0.025464420324964404 0.0062502566586972218 0.082854552008966326 -0.027209409763734305 0.0010310234022830028 -0.025869266617321252 -0.0082791145513011338 -0.018993530022428408 -0.016037220302127106 0.010004096849524611 0.097815981647616179 -0.0020201136226729111 0.090395833641918999 0.013645406106473284 -0.030989032559978744 -0.018811717735678097 0.27504609418786652 0.01210129345210915 0.03117756179961902 0.094298923098907667 0.013093442310160375 0.19948552958244109 0.013152093990985129 0.1552193470670544 0.01402474595773957 0.10905054623178394
leaf_weight=174.7517792431172 7.2477370169945052 80.366017266176641 23.805169388651848 27.222610832192004 6.6874864324927321 27.29219260904938 1.9891064432449628 36.356348228873685 1029.1613369097468 46.543798828846775 268.48907145846169 18.785602720570751 196.23100065952167 57.923674320569262 5.4008341124281278 31.066102488199249 5.0983737190254033 11.495753559051083 8.1583750043064338 53.080675547709689 1.1691914458060617 41.819989107083529 8.9451691018184629 5.2854417853523037 31.176611906616017 1.0274926491547365 32.469199200160801 1.2731785136274982 28.83492281252984 3.9310259779449543
leaf_count=3927 74 1171 276 170 61 456 22 2495 50378 1696 18126 1219 4349 669 38 519 51 174 305 6123 41 2733 286 173 2589 56 808 35 931 49
internal_value=-0.000385204 -0.0138649 0.000345578 0.000691279 0.0272377 -0.0181086 -0.026181 0.000262305 0.00198768 -0.00487435 -0.00284317 0.013448 0.000299394 -0.00723275 -0.0115234 0.0127658 0.00232903 0.0372262 0.0167799 -0.000851278 0.00158288 0.0247634 0.0722896 -0.00204188 0.0248648 0.0485185 -0.00528797 0.0185126 0.00178371 0.0254253
internal_weight=2273.09 116.895 2156.19 2132.39 33.9101 109.647 82.3551 2098.47 1570.84 527.636 481.092 201.696 1369.14 290.622 232.698 36.4669 1078.52 16.5941 182.91 444.736 391.655 52.9618 11.1419 338.694 36.4621 9.97266 302.231 33.7424 1061.93 32.7659
internal_count=100000 1723 98277 98001 231 1649 1193 97770 62609 35161 33465 5451 57158 5575 4906 557 51583 225 4232 30970 24847 3116 383 21731 2762 342 18969 843 51358 980
is_linear=0
shrinkage=0.03


Tree=240
num_leaves=31
num_cat=0
split_feature=410 18 434 334 335 11 411 130 327 438 0 49 8 177 39 334 24 365 367 4 408 40 43 20 435 27 27 4 32 439
split_gain=24.2723 35.4675 23.8951 22.2599 22.983 27.5784 22.4876 24.3351 24.1425 22.0722 21.831 21.0611 32.8891 23.8716 23.1776 20.769 24.9659 24.8816 48.617 22.529 21.1028 20.4962 19.6552 37.6359 31.1278 29.2024 49.5997 84.0326 39.012 49.1707
threshold=174.00000000000003 5.5000000000000009 -0.99999937648274917 7.5000000000000009 8.5000000000000018 3.5000000000000004 611.50000000000011 2.5000000000000004 104.94459915161134 47063.000000000007 10349117.500000002 1.0000000180025095e-35 1.5000000000000002 1.5000000000000002 178.50000000000003 1.5000000000000002 1.5000000000000002 180.50000000000003 186.67500305175784 583.50000000000011 104.00000000000001 24.500000000000004 525.50000000000011 2.5000000000000004 0.42677176848206894 32.500000000000007 28.500000000000004 247.50000000000003 302.50000000000006 4594.0000000000009
decision_type=8 2 2 10 10 10 10 10 10 2 2 2 2 8 10 10 2 10 10 8 8 8 10 2 2 2 2 10 10 2
left_child=1 2 -1 4 6 -6 7 11 9 -9 -11 12 14 22 -2 -14 17 20 -19 -20 -17 -4 23 -13 25 26 28 -28 -25 -30
right_child=3 -3 21 -5 5 -7 -8 8 -10 10 -12 13 15 -15 -16 16 -18 18 19 -21 -22 -23 -24 24 -26 -27 27 -29 29 -31
leaf_value=0.09971990395712918 0.016420011830552129 -0.051354424053382863 0.011959947431929461 -0.048854258237230427 -0.0086355966224232299 0.040645394610114405 0.023402261957769895 -0.027734829104536004 0.015994206743318452 0.13276768960765134 -0.033857553893790721 -0.0052364841386162674 0.0022810875525723171 -0.02561841569989972 -0.018778838138431966 0.12835811315459983 0.01163168440316042 0.093220437942506368 -0.0099962908980833313 0.089891350697197364 -0.016558225740280898 -0.023362323197356823 -0.019591828681227049 0.041000264461530642 0.0043881966567306504 0.0056812465870221176 0.63209605445509753 -0.030466493175121886 0.35508855939698925 0.036429690085787038
leaf_weight=1.8912612101994444 185.96575297578238 19.802131091244519 25.446877647191286 8.2855757018551213 16.435312731191516 27.02527230232954 36.241314087528735 65.058228105772287 16.821553136222064 1.565805473364889 1.2912767473608253 340.5329752494581 1004.9451084376778 45.765246550436132 18.51265131670516 0.90880043152719736 52.447377172997221 5.5094452742487183 29.987190404906869 2.1798992361873379 185.61402660864405 35.287119467742741 56.41205613699276 14.405529582174504 58.161412917193957 11.390693758963605 0.36205679527483781 0.32867841236293316 0.84740718663670012 0.89725558063946664
leaf_count=59 4213 119 511 83 160 146 721 1136 217 12 41 21382 49735 1699 1220 9 621 37 524 13 4215 1009 6555 740 3831 786 22 39 19 126
internal_value=-0.000377119 -0.0163584 -0.00529258 0.000224961 0.000411531 0.022009 -2.78752e-05 -0.000432244 -0.0161814 -0.0241508 0.0574603 0.000229999 0.00206002 -0.0049099 0.0132332 0.000277326 -0.00700153 -0.0113604 0.0108764 -0.00322711 -0.0158521 -0.00856268 -0.0029491 -0.000750003 0.0169342 0.042781 0.0678741 0.316823 0.0572267 0.191207
internal_weight=2270.33 82.4274 62.6253 2187.9 2179.61 43.4606 2136.15 2099.91 84.7369 67.9153 2.85708 2015.17 1486.07 529.103 204.478 1281.59 276.647 224.199 37.6765 32.1671 186.523 60.734 483.338 426.926 86.393 28.2316 16.8409 0.690735 16.1502 1.74466
internal_count=100000 1698 1579 98302 98219 306 97913 97192 1406 1189 53 95786 60587 35199 5433 55154 5419 4798 574 537 4224 1520 33500 26945 5563 1732 946 61 885 145
is_linear=0
shrinkage=0.03


Tree=241
num_leaves=31
num_cat=0
split_feature=1 411 328 39 25 32 105 369 50 181 439 435 7 408 341 424 387 212 1 4 438 27 27 28 38 396 1 136 72 38
split_gain=23.6806 25.0526 22.1739 21.5502 20.9131 38.8032 27.9349 31.8419 27.9862 25.2894 36.5811 33.0603 38.1792 23.4592 23.2222 21.8743 21.565 21.4053 20.7115 30.4057 20.5951 25.0255 69.9571 43.9358 83.1699 20.4728 20.4053 19.7759 19.7299 21.5414
threshold=14.779000282287599 611.50000000000011 27.059700012207035 277.50000000000006 1.5000000000000002 96.500000000000014 1.0000000180025095e-35 151.25000000000003 1.0000000180025095e-35 57.475000381469734 73092.000000000015 1.3296545166025033 194.50000000000003 148.50000000000003 3.5000000000000004 162.50000000000003 302.50000000000006 35.500000000000007 1214.9899902343752 387.50000000000006 43593.000000000007 48.500000000000007 49.500000000000007 1.5000000000000002 279.50000000000006 6.5000000000000009 15.000999927520754 2.5000000000000004 2.5000000000000004 17.500000000000004
decision_type=2 10 10 10 2 10 8 2 2 10 2 2 10 8 10 2 10 8 2 10 2 2 2 2 10 10 2 10 10 8
left_child=27 2 3 4 6 14 7 9 -9 26 11 12 -11 -8 15 28 -15 -17 20 -20 -5 -22 -23 24 -24 -7 -2 -1 29 -6
right_child=1 -3 -4 18 5 25 13 8 -10 10 -12 -13 -14 16 -16 17 -18 -19 19 -21 21 22 23 -25 -26 -27 -28 -29 -30 -31
leaf_value=-0.015309527503970346 0.11594789072375426 0.026519818782236818 -0.014702838919366482 -0.015695190727567837 0.014356092060632956 -0.0080409523323060356 0.07227584576168225 0.027808052656059151 0.14973719588228909 0.33770524867786617 0.0008831957432370261 -0.0050234537045649279 0.10376203850586165 -0.0048430121308055936 0.041481767763801781 0.059654742554085871 0.052162300490840308 -0.023979934525519289 -0.032700195535852523 0.26523192769285731 -0.0071290310479436994 0.51061602099702408 0.83542349493999735 0.021067034686381384 -0.030245091890834661 0.12010449696748454 0.0012513913126550773 0.074691137190235762 -0.043288242605537271 0.0013381414446635032
leaf_weight=113.78449012944475 1.4017089130356897 32.407549000810832 89.13697971496731 140.67485796683468 240.47779739496764 156.42757930688094 3.607266113627702 29.452187288552526 1.7976315049454559 0.8073770755436257 7.1427621147595346 1.6844500652514396 2.8233854055870324 777.26267847896088 20.166431743185967 13.275944006629288 6.0188220674172035 3.4751077918335804 0.62752797314897069 0.60601508384570479 38.060788418166339 0.276546910405158 0.17315523326396842 15.281644157832487 0.23605881212279201 1.1301571810618032 342.57763276970945 2.2405578251928082 6.8072313424199811 218.20888507715426
leaf_count=2854 70 592 1217 14863 6068 8683 54 459 26 25 195 28 65 35704 138 141 38 82 18 23 3021 12 7 893 38 39 15464 12 65 9106
internal_value=-0.000369549 0.000342227 -5.80109e-05 0.000584889 0.00159494 0.00586805 -0.000806038 0.00578525 0.034822 0.00323952 0.0452291 0.104823 0.155784 -0.00405346 0.0099417 0.00862276 -0.00440498 0.0423042 -0.00887213 0.113668 -0.00964848 0.00609552 0.0376183 0.0292818 0.336055 -0.00712177 0.00171878 -0.0135715 0.00741071 0.00816312
internal_weight=2268.05 2152.03 2119.62 2030.48 1834.55 659.969 1174.58 387.687 31.2498 356.437 12.458 5.31521 3.63076 786.889 502.411 482.245 783.282 16.7511 195.937 1.23354 194.703 54.0282 15.9674 15.6909 0.409214 157.558 343.979 116.025 465.494 458.687
internal_count=100000 97134 96542 95325 76450 24322 52128 16332 485 15847 313 118 90 35796 15600 15462 35742 223 18875 41 18834 3971 950 938 45 8722 15534 2866 15239 15174
is_linear=0
shrinkage=0.03


Tree=242
num_leaves=31
num_cat=0
split_feature=411 410 9 6 23 28 143 362 241 150 113 340 4 129 3 396 367 367 3 29 23 11 411 4 9 118 3 13 4 23
split_gain=23.4002 38.5746 30.3488 32.8255 30.0984 30.9478 25.3012 25.1351 24.3169 23.6908 21.9244 24.0004 26.3559 36.9435 38.7599 21.4955 23.0556 27.2879 24.2914 28.4091 91.0362 25.5714 24.7028 20.9516 38.2209 28.5194 25.4333 27.9791 35.2829 33.0519
threshold=517.50000000000011 214.50000000000003 326.00000000000006 2.5000000000000004 4.5000000000000009 6.5000000000000009 1.5000000000000002 29.001299858093265 1.5000000000000002 1.0000000180025095e-35 1.5000000000000002 1.5000000000000002 327.50000000000006 1.5000000000000002 9501.0000000000018 3.5000000000000004 399.50000000000006 170.94999694824222 17133.000000000004 303.50000000000006 1.5000000000000002 121.50000000000001 598.50000000000011 544.50000000000011 333.50000000000006 1.0000000180025095e-35 1556.5000000000002 52.500000000000007 113.50000000000001 1.5000000000000002
decision_type=8 10 8 2 2 2 8 2 10 10 8 8 8 10 2 8 8 10 2 10 2 10 10 10 8 10 2 2 10 2
left_child=1 8 6 7 23 -6 10 9 -1 -4 11 -2 13 14 -13 -8 17 18 -17 21 -21 22 -20 24 25 -5 -27 28 29 -28
right_child=2 -3 3 4 5 -7 15 -9 -10 -11 -12 12 -14 -15 -16 16 -18 -19 19 20 -22 -23 -24 -25 -26 26 27 -29 -30 -31
leaf_value=-0.015659759393299114 -0.0039597899623640799 -0.0026238481765908928 0.0039562369955059105 0.056461183098325714 0.050923261765617324 -0.0017760452001933655 -0.011256651768102798 -0.014679227893639383 -0.054544162114624033 0.15244923913173275 -0.021373447523903404 0.049004899984737553 -0.013407503992359793 0.1754455448148369 -0.035051931697596066 0.0088707176669929246 -0.020552345312628891 0.058170145912632892 -0.0083522194657435298 0.83298476943411692 -0.030271904685364972 0.11900970292581521 0.21700374049577192 0.018680749148599352 -0.0014498306238106232 0.23775898583944172 0.18615503968792035 0.05230108666312077 -0.011871058655945736 -0.011027155915734606
leaf_weight=54.106354287825525 765.00349958916195 437.508505304344 145.31180281972047 18.055153734516352 30.772928383899853 14.877941322862169 37.134756208164617 98.164606033242308 19.760683097876608 0.97344223828986187 61.151983731193468 19.551283253123991 14.592856829520313 1.6191932735964645 6.6051499599125227 88.259291158057749 14.744360849959774 14.228669572155921 5.2117350688204134 0.17369936266914088 0.29954899847507477 2.983956971205771 0.47791778855025757 121.68426328059286 244.63436353369616 0.44534874032251437 1.6441719864960753 10.802034802036358 32.824267513584346 1.4309124024584887
leaf_count=1450 51217 9833 5784 387 523 1338 932 3854 119 31 1130 287 472 21 174 4640 393 276 332 15 44 42 7 4294 10183 29 83 435 1619 56
internal_value=-0.000362712 -0.00600944 0.0012839 0.00600358 0.0105832 0.0337482 -0.00201619 -0.00293595 -0.026062 0.00494437 -0.00405432 -0.00274253 0.0192363 0.0363868 0.0277785 0.00880955 0.0147057 0.0193625 0.0136936 0.0602307 0.286575 0.0478809 0.0105772 0.00813256 0.00398989 0.0243995 0.0121212 0.00996954 -0.00276793 0.0944013
internal_weight=2265.03 511.376 1753.66 721.621 477.171 45.6509 1032.04 244.45 73.867 146.285 868.524 807.372 42.3685 27.7756 26.1564 163.514 126.379 111.635 97.4061 9.14686 0.473248 8.67361 5.68965 431.521 309.836 65.2019 47.1467 46.7014 35.8994 3.07508
internal_count=100000 11402 88598 28616 18947 1861 59982 9669 1569 5815 53301 52171 954 482 461 6681 5749 5356 5080 440 59 381 339 17086 12792 2609 2222 2193 1758 139
is_linear=0
shrinkage=0.03


Tree=243
num_leaves=31
num_cat=0
split_feature=222 32 23 11 20 437 7 9 29 334 126 130 20 27 39 11 434 0 335 4 4 55 0 341 13 75 439 43 13 432
split_gain=22.3347 21.3645 32.8221 38.2403 30.8113 23.5658 24.6191 22.9813 28.7104 22.1831 20.7435 20.8209 20.1893 44.956 29.5627 52.5354 31.1343 28.4164 24.9862 21.6583 43.9004 20.1331 20.1021 25.9093 30.7731 25.0361 24.5472 35.97 25.356 23.1031
threshold=2.5000000000000004 96.500000000000014 4.5000000000000009 196.50000000000003 1.0000000180025095e-35 413.50000000000006 101.00000000000001 493.00000000000006 1.0000000180025095e-35 3.5000000000000004 2.5000000000000004 2.5000000000000004 1.5000000000000002 2.5000000000000004 96.500000000000014 8.5000000000000018 -0.20180878150892331 10816175.500000002 7.5000000000000009 111.50000000000001 113.50000000000001 1.5000000000000002 10509815.500000002 1.5000000000000002 18.500000000000004 3.5000000000000004 2550.5000000000005 456.50000000000006 33.500000000000007 17.500000000000004
decision_type=10 10 2 8 2 2 10 8 8 10 10 10 2 2 10 8 2 2 10 10 10 10 2 8 2 10 2 10 2 2
left_child=1 2 9 4 -4 -3 -7 8 -6 10 11 12 -1 14 19 16 -16 -15 -19 -14 -21 -22 23 -8 -25 26 27 -24 -29 -30
right_child=-2 5 3 -5 7 6 22 -9 -10 -11 -12 -13 13 17 15 -17 -18 18 -20 20 21 -23 25 24 -26 -27 -28 28 29 -31
leaf_value=-4.3297010047302463e-05 -0.011893946206862026 -0.016674556612584546 0.17534049482576086 0.034928589065954613 0.056053932034165678 0.08848810708767206 0.0069203033168983904 0.08249546663936011 -0.021697378190141621 -0.014772901421166277 0.056818079135183844 -0.019239263379820581 -0.01452232811366838 -0.019082508359469324 0.34576923368220902 0.0046405950544134676 0.11891257658054413 0.0032508324562495034 0.058667721771173666 0.25563169924715079 0.024736892655202319 -0.021555093102705539 -0.0091364765380005323 0.033838472374225985 0.18277158399969673 0.25336281429069474 -0.0080365026043979805 0.01999130722700428 0.28054015585972608 0.056960018963962307
leaf_weight=1134.1381731097354 141.54108853521757 125.3350865948014 0.85629749111831088 56.003100410685875 4.881404935149475 2.7494140695780507 38.329937799251638 2.4600493026664472 34.367797122453339 78.255304410587996 6.097905696835368 42.868630653945729 15.925997669808565 54.706125832162797 0.7906179181300107 3.0369152622297406 1.7488796147517849 173.15945496887434 7.6458064392209044 0.72365814074873824 113.20735749183223 9.1380779659375531 4.0519008748233309 5.0056489864364258 1.6635909480974076 0.33521300926804443 201.11528850230388 1.1764481924474242 1.142679354175925 0.65403686626814295
leaf_count=47827 1865 11508 11 1869 214 35 2704 143 2514 866 50 685 335 2981 33 148 40 8737 37 7 2265 190 311 77 43 4 14327 108 36 30
internal_value=-0.000355544 0.000414243 0.001824 0.018638 -0.00279528 -0.00601462 -0.000800186 -0.00645244 -0.0120275 0.000814316 0.00159463 0.00137837 0.00196207 0.00794591 0.0211145 0.0888435 0.18954 -0.000137809 0.00559428 0.0183973 0.0226573 0.0212793 -0.00176869 0.0164158 0.0709887 -0.00569378 -0.00611099 0.0490131 0.128261 0.199153
internal_weight=2263.11 2121.57 1740.01 98.5686 42.5655 381.559 256.224 41.7093 39.2492 1641.44 1563.19 1557.09 1514.22 380.083 144.572 5.57641 2.5395 235.511 180.805 138.995 123.069 122.345 253.475 44.9992 6.66924 208.476 208.14 7.02507 2.97316 1.79672
internal_count=100000 98135 68952 4751 2882 29183 17675 2871 2728 64201 63335 63285 62600 14773 3018 221 73 11755 8774 2797 2462 2455 17640 2824 120 14816 14812 485 174 66
is_linear=0
shrinkage=0.03


Tree=244
num_leaves=31
num_cat=0
split_feature=1 411 12 197 49 8 352 177 9 39 15 72 348 9 438 20 438 3 55 236 3 90 362 438 333 438 431 411 128 65
split_gain=21.8051 23.0085 26.8107 20.9094 20.9929 28.3697 26.6193 25.9474 26.3331 23.9908 21.6867 38.6509 42.6531 32.7401 32.0007 29.6474 29.2821 42.2654 25.6493 26.6881 31.8111 40.7076 38.6141 24.4884 24.0703 23.4877 21.9201 41.0403 23.9502 44.2725
threshold=14.779000282287599 611.50000000000011 1.0000000180025095e-35 1.5000000000000002 1.0000000180025095e-35 1.5000000000000002 1.0000000180025095e-35 1.5000000000000002 170.50000000000003 178.50000000000003 1.5000000000000002 1.5000000000000002 1.5000000000000002 328.50000000000006 5275.5000000000009 4.5000000000000009 3296.5000000000005 11158.000000000002 2.5000000000000004 1.0000000180025095e-35 18133.500000000004 1.5000000000000002 53.960000991821296 7919.5000000000009 1.5000000000000002 253.00000000000003 695.50000000000011 124.50000000000001 1.0000000180025095e-35 1.0000000180025095e-35
decision_type=2 10 8 10 2 2 10 8 10 10 2 8 8 10 2 2 2 2 10 8 2 8 2 2 10 2 2 8 10 10
left_child=-1 2 -2 4 5 9 10 8 -6 -4 24 13 25 18 16 23 17 -15 19 -12 -21 -22 -23 -14 26 -13 27 -7 29 -29
right_child=1 -3 3 -5 7 6 -8 -9 -10 -11 11 12 15 14 -16 -17 -18 -19 -20 20 21 22 -24 -25 -26 -27 -28 28 -30 -31
leaf_value=-0.013077934508749337 -0.034973485797385989 0.025243743667693674 0.016085333116887399 -0.022433517961289496 -0.023961975122429188 0.1104813831268366 -0.018274912959798321 -0.025693442222983139 -0.00017620339591708397 -0.019364162577954421 0.0064972340240918953 0.051138342304545538 0.015296183861462805 -0.022801737355428862 -0.001589276404190623 -0.030143175350259614 0.090098109942644444 0.0423129707129212 0.048821812072239179 -0.012225859537343399 -0.030406798989235987 0.39849414612725731 0.073513536838302362 0.13843089325111305 -0.026489178145238147 0.010831169951619408 -0.0082565594244588258 0.0043351557975349238 -0.0037475891738748745 0.044823699744188934
leaf_weight=114.94796464184765 19.60473179933615 32.860636866185814 187.34813814656809 35.873194933403283 46.12655387877021 3.2034473796375096 62.302685841685161 46.901321373181418 456.08839371078648 18.916543899802491 131.97971684648655 14.645401031244544 1.9521496444940547 12.423075606813653 44.205601296620443 1.7424835895653812 7.0272196992300442 32.291650573723018 8.4880036397371423 198.78063587169163 1.2498820770997547 0.55771974893286802 0.80259683588519692 5.6916730660013855 33.954896801616997 116.60516210470814 217.51765819382854 149.6410250836052 228.71683764224872 29.019530023215339
leaf_count=2866 346 592 4001 884 3429 41 1551 1734 30260 1239 1943 196 39 1024 3300 36 244 881 148 14356 144 27 27 45 509 1985 7020 6263 13543 1327
internal_value=-0.000348138 0.000333554 -5.37205e-05 0.000273202 0.00066897 0.00249662 0.000859926 -0.00435373 -0.00236084 0.0128343 0.00182095 0.00606457 0.019747 0.00166936 0.0171549 0.0815273 0.033169 0.0242222 -0.00267689 -0.0039881 -0.0108596 0.0931902 0.206753 0.106984 -0.00188674 0.0153288 -0.000556733 0.00352248 0.0026814 0.0109116
internal_weight=2261.47 2146.52 2113.66 2094.05 2058.18 1509.06 1302.8 549.116 502.215 206.265 1240.5 578.443 140.637 437.806 95.9475 9.38631 51.7419 44.7147 341.859 333.371 201.391 2.6102 1.36032 7.64382 662.053 131.251 628.098 410.581 407.377 178.661
internal_count=100000 97134 96542 96196 95312 59889 54649 35423 33689 5240 53098 24395 2301 22094 5449 120 2149 1905 16645 16497 14554 198 54 84 28703 2181 28194 21174 21133 7590
is_linear=0
shrinkage=0.03


Tree=245
num_leaves=31
num_cat=0
split_feature=26 26 16 211 437 49 437 431 4 333 411 411 12 411 14 404 303 284 177 422 36 405 352 9 3 3 19 343 47 436
split_gain=21.6152 39.1241 28.8701 20.8975 21.4595 19.5749 30.4388 30.1458 25.9031 26.5612 26.0476 44.0124 26.7158 26.4786 24.3152 23.2039 22.9452 22.3965 21.4353 21.2083 41.6424 28.7019 20.9306 20.0154 19.0655 18.2512 18.0773 17.944 18.5061 17.4991
threshold=127.50000000000001 5.5000000000000009 10.500000000000002 1.0000000180025095e-35 14547.000000000002 1.0000000180025095e-35 12261.500000000002 1.0000000180025095e-35 580.50000000000011 1.0000000180025095e-35 422.00000000000006 335.00000000000006 63.500000000000007 538.00000000000011 34.500000000000007 62.500000000000007 1.5000000000000002 1.0000000180025095e-35 1.5000000000000002 41.500000000000007 14.770833015441896 -269.99999999999994 1.0000000180025095e-35 138.00000000000003 12502.000000000002 9632.0000000000018 226.50000000000003 3.5000000000000004 1.5000000000000002 583.60661045486222
decision_type=2 2 2 10 2 2 2 2 10 8 8 10 8 10 2 10 8 8 8 2 10 10 10 10 2 2 2 2 2 2
left_child=1 3 -3 4 5 7 18 8 10 -10 11 24 -12 22 16 -16 19 25 23 20 -9 -21 -14 -7 -1 -13 29 28 -8 -25
right_child=-2 2 -4 -5 -6 6 27 14 9 -11 12 17 13 -15 15 -17 -18 -19 -20 21 -22 -23 -24 26 -26 -27 -28 -29 -30 -31
leaf_value=0.025119049980865175 0.038197479247427987 0.033347084826366342 -0.028373625300874165 -0.026190691086106319 -0.023716498544119217 -0.025984471597228186 0.016709630499796169 -0.0093989676661123834 0.0090305396192739574 0.055303276060796339 -0.038224829574806218 0.084864512524632729 0.0036518790532310977 0.023593765896254296 0.03051055567466783 -0.0054633596353933335 0.017823930211442466 0.037526586317976562 -0.025327905970241087 -0.0098141871863327481 0.074609624572970393 0.048626378338813427 -0.019454220754077295 -0.0040836037230774364 -0.016811037069856313 0.2085344213161851 0.13148957026921557 0.11272012187551829 0.19949833084055921 0.017396799761490504
leaf_weight=33.060848454479128 13.022462506312875 7.6025012442842117 66.326909503433853 26.740824085427448 32.449652015930042 33.654845362878405 21.161567202303566 14.786405953578653 28.012127903057262 18.562995793297887 13.697307874681426 2.8291317960247397 808.58178498619236 58.021524433512241 35.424351150402799 29.638917230069637 35.461365506518632 4.5095407837070507 45.118696460849606 418.58621387043968 8.286486935336141 7.7027091626077882 36.893283646786585 401.39336892601568 13.847627421608193 1.7312133433297274 0.91140461247414251 2.1070506894029668 0.5105191171169271 37.305276246508583
leaf_count=701 193 57 642 716 2710 2278 1041 308 1021 121 318 49 42710 1076 808 732 508 47 1675 10704 121 83 1080 28869 374 39 83 39 6 891
internal_value=-0.000341378 -0.000564937 -0.0220266 0.000165905 0.000494598 0.000866623 -0.00404788 0.00256413 0.00561712 0.027473 0.00457112 0.0244381 0.00335859 0.00398901 -0.00309756 0.014123 -0.00540856 0.0849336 -0.00557032 -0.00724195 0.0207722 -0.00875821 0.00264362 -0.00368673 0.0127411 0.131812 -0.00197971 0.0291414 0.0210155 -0.00225699
internal_weight=2257.94 2244.92 73.9294 2170.99 2144.25 2111.8 542.163 1569.63 1019.75 46.5751 973.172 55.9784 917.194 903.497 549.886 65.0633 484.823 9.06989 518.384 449.362 23.0729 426.289 845.475 473.265 46.9085 4.56035 439.61 23.7791 21.6721 438.699
internal_count=100000 99807 699 99108 98392 95682 34882 60800 47536 1142 46394 1210 45184 44866 13264 1540 11724 135 33796 11216 429 10787 43790 32121 1075 88 29843 1086 1047 29760
is_linear=0
shrinkage=0.03


Tree=246
num_leaves=31
num_cat=0
split_feature=26 21 410 334 335 11 310 437 14 211 405 415 323 431 262 146 12 186 49 422 36 303 7 7 14 13 392 397 437 50
split_gain=20.8446 38.8374 21.9715 20.5804 25.1371 20.5324 18.0393 17.8415 21.0533 20.8982 18.4923 18.6016 18.6316 20.3593 63.7251 28.1882 32.2883 24.1195 25.3011 23.329 33.4784 22.7884 21.4907 33.3481 21.0068 21.5675 19.2708 20.7585 20.8882 53.0187
threshold=127.50000000000001 5.5000000000000009 174.00000000000003 7.5000000000000009 8.5000000000000018 4.5000000000000009 4.5000000000000009 14547.000000000002 15.500000000000002 1.0000000180025095e-35 -269.99999999999994 16.500000000000004 62.842649459838874 717.50000000000011 210.47595214843753 1.0000000180025095e-35 63.500000000000007 154.50000000000003 1.0000000180025095e-35 41.500000000000007 0.64583298563957225 1.5000000000000002 138.50000000000003 141.50000000000003 32.000000000000007 36.500000000000007 -43.999999999999993 -11.499999999999998 6932.0000000000009 1.0000000180025095e-35
decision_type=2 2 10 10 8 10 8 2 2 10 10 10 10 2 10 8 8 8 2 2 10 10 8 8 2 2 8 8 2 2
left_child=1 3 -3 4 7 -6 -4 9 -9 10 11 12 13 14 15 22 -17 26 -19 20 -15 24 -1 -24 -21 -26 -18 -28 -29 -30
right_child=-2 2 6 -5 5 -7 -8 8 -10 -11 -12 -13 -14 19 -16 16 17 18 -20 21 -22 -23 23 -25 25 -27 27 28 29 -31
leaf_value=-0.01065820251095803 0.037977548741595139 -0.042166836219747296 -0.019553140326898654 -0.047051544674073797 0.0038222974841216157 0.037414488378891386 0.035279585981442242 -0.027153541116449412 0.097437226282904493 -0.027802395712325338 0.03830111915833783 0.12184170223069142 0.022200131288629521 -0.013926494452271671 0.22756818972667725 -0.02297630306862386 -0.02603178377467601 0.048193451824467035 -0.0079916881152980804 -0.011087667947209345 0.064447761929203484 0.029436783016527249 0.1753194630538219 0.0004073618731725337 0.024695321430721475 -0.014899538494249531 0.029739971348607973 0.0040354168352158149 0.020959685773555888 0.19450072832510429
leaf_weight=181.80237882060464 12.709669058211146 30.661081792321056 21.125507542863488 8.3000112553127092 37.689221106469631 28.958259267383255 7.2540773232467499 31.364070856594481 1.2700820118188847 23.963654979364946 11.506473629735408 1.1301042344421137 33.748869101051241 9.595163765363397 1.1200264841318119 28.097214343724772 14.466821579262612 27.274175175698474 9.8071320489980263 369.2881555580534 10.035695957252754 14.691291027702389 0.98200919199734826 964.83132486150134 31.776627260958776 20.284971619956195 39.474952105432749 258.63396699039731 22.190038382774222 1.7062371857464302
leaf_count=10441 193 186 202 90 928 326 128 2698 8 703 109 12 503 204 10 629 254 225 83 9622 131 151 8 61184 750 593 804 7893 893 39
internal_value=-0.000333533 -0.000550615 -0.0245599 9.84361e-05 0.000278308 0.0184181 -0.0055374 -0.000294924 -0.0223046 5.09949e-05 0.000376202 0.000162387 9.4974e-05 -0.000276912 0.00136155 0.00119802 0.00803817 0.010371 0.0333338 -0.00585165 0.02614 -0.00729193 -0.00119595 0.000585207 -0.00857256 0.00926782 0.00784031 0.00936209 0.0065149 0.0333508
internal_weight=2255.74 2243.03 59.0407 2183.99 2175.69 66.6475 28.3796 2109.04 32.6342 2076.41 2052.44 2040.94 2039.81 2006.06 1550.39 1549.27 401.651 373.553 37.0813 455.672 19.6309 436.041 1147.62 965.813 421.35 52.0616 336.472 322.005 282.53 23.8963
internal_count=100000 99807 516 99291 99201 1254 330 97947 2706 95241 94538 94429 94417 93914 82463 82453 10820 10191 308 11451 335 11116 71633 61192 10965 1343 9883 9629 8825 932
is_linear=0
shrinkage=0.03


Tree=247
num_leaves=31
num_cat=0
split_feature=145 26 21 410 361 439 431 431 260 146 431 7 23 20 29 366 9 339 437 13 11 26 182 437 437 343 365 78 38 19
split_gain=20.5633 19.8917 26.3195 21.5807 19.3672 18.5151 17.8447 43.1095 39.199 26.1517 25.5313 25.2729 27.634 37.8683 30.4401 32.5126 45.7249 32.2286 26.8272 30.0281 26.9023 26.0679 33.2986 24.4381 36.1061 28.4164 23.8893 23.8775 61.8369 27.2577
threshold=2.5000000000000004 127.50000000000001 5.5000000000000009 174.00000000000003 484.00000000000006 73092.000000000015 717.50000000000011 603.50000000000011 35.317649841308601 1.0000000180025095e-35 1.0000000180025095e-35 223.50000000000003 2.5000000000000004 1.0000000180025095e-35 139.50000000000003 68.121398925781264 493.00000000000006 1.5000000000000002 6772.0000000000009 57.500000000000007 2147.5000000000005 1.0000000180025095e-35 181.80000305175784 508.50000000000006 513.00000000000011 2.5000000000000004 57.963899612426765 1.0000000180025095e-35 119.50000000000001 1.0000000180025095e-35
decision_type=10 2 2 10 2 2 2 2 10 8 2 8 2 2 8 10 10 2 2 2 10 2 8 2 2 2 8 8 10 2
left_child=1 2 4 -4 6 -5 7 9 -9 11 -11 -1 21 -14 15 17 -17 -15 19 20 -16 22 23 -13 25 26 -25 28 -24 -29
right_child=-2 -3 3 5 -6 -7 -8 8 -10 10 -12 12 13 14 18 16 -18 -19 -20 -21 -22 -23 27 24 -26 -27 -28 29 -30 -31
leaf_value=-0.0072577271691091298 -0.040843042507879498 0.037764358736597933 -0.040213628300838633 -0.034685594889998471 -0.022382131936008721 0.017505113620681401 -0.004356805612775779 0.02974701412872488 0.15750322419656368 0.01052349180942116 -0.013321539664195909 -0.011916977642456654 0.076562313379830091 0.016091759163008947 -0.021886822120682669 -0.013321841447733273 0.050605661568293214 0.055147668721863753 0.026806378084008556 0.29287299968689817 0.25725356203095739 -0.015139274644640412 -0.03119803651128249 -0.0011019435469188893 0.002513869719560679 0.33303331571010947 0.32528584602140642 0.0073891592030039584 0.4204331433486731 0.046270582101632068
leaf_weight=363.27950901351869 11.217314439360051 12.402617729268966 26.713145884685218 9.7362638334743696 33.72753277188167 16.459912083111703 511.95871142670512 10.556512444745747 2.7180165015161029 381.28028060251381 45.204219181556255 146.57792506739497 7.6830775258131316 65.403678052942269 50.85062555084005 50.310636839829385 12.589620416285468 26.810637541813776 15.254883020883424 0.27725426875986059 0.31264282017946143 100.00287386006676 0.66254369844682515 1.012933264719321 253.46440848661587 0.48995060566812743 0.25204643886536371 74.514547366881743 0.46388752362690866 20.745103387162089
leaf_count=23082 123 193 167 89 335 215 12577 205 20 10341 1119 12078 205 4196 5671 1812 130 377 791 20 29 3981 36 91 17556 8 9 2579 16 1949
internal_value=-0.00032588 -0.000123137 -0.000333921 -0.0212403 0.000174321 -0.00189247 0.000529379 0.00206338 0.0559056 0.00162149 0.00799609 -0.000661265 0.00223401 0.0110841 0.00881601 0.0161035 -0.000526616 0.027447 -0.00813252 -0.0184938 -0.0201811 -0.00116129 0.00164458 -0.00215419 0.00345278 0.13906 0.0639306 0.0174802 0.154793 0.0158565
internal_weight=2252.93 2241.72 2229.31 52.9093 2176.4 26.1962 2142.68 1630.72 13.2745 1617.44 426.484 1190.96 827.679 229.493 221.81 155.115 62.9003 92.2143 66.6954 51.4405 51.1633 598.186 498.183 401.797 255.219 1.75493 1.26498 96.3861 1.12643 95.2597
internal_count=100000 99877 99684 471 99213 304 98878 86301 225 86076 11460 74616 51534 13231 13026 6515 1942 4573 6511 5720 5700 38303 34322 29742 17664 108 100 4580 52 4528
is_linear=0
shrinkage=0.03


Tree=248
num_leaves=31
num_cat=0
split_feature=130 9 323 211 32 25 424 9 11 11 77 405 421 14 36 422 434 34 48 30 9 0 27 89 9 8 415 32 262 436
split_gain=19.801 28.1166 20.518 19.384 21.2112 31.6091 25.5871 25.8887 26.4701 29.7938 25.8276 23.4281 23.2787 24.6267 21.9543 23.1638 23.6635 23.1372 21.5731 22.7644 21.3175 21.0624 23.1735 20.6762 30.9079 31.6314 19.9799 19.7874 19.4793 19.4388
threshold=2.5000000000000004 179.00000000000003 76.12204742431642 1.0000000180025095e-35 96.500000000000014 1.5000000000000002 162.50000000000003 205.50000000000003 178.50000000000003 184.50000000000003 1.5000000000000002 -269.99999999999994 67.500000000000014 32.000000000000007 82.916667938232436 43.500000000000007 -0.41853021770025983 77.500000000000014 1.0000000180025095e-35 3.5000000000000004 111.50000000000001 10251005.500000002 12.500000000000002 1.5000000000000002 234.00000000000003 1.5000000000000002 16.500000000000004 44.500000000000007 63.039499282836921 133.25919427425069
decision_type=10 8 10 10 10 2 2 8 10 10 10 10 2 2 10 2 2 10 2 8 8 2 2 8 8 2 10 8 10 2
left_child=3 -2 -3 4 5 11 7 18 10 -10 23 12 13 14 17 16 -16 20 19 -7 -1 -15 29 24 25 -9 -22 -11 -26 -23
right_child=1 2 -4 -5 -6 6 -8 8 9 27 -12 -13 -14 21 15 -17 -18 -19 -20 -21 26 22 -24 -25 28 -27 -28 -29 -30 -31
leaf_value=0.047596884326782871 0.04489123822425356 -0.019743307983852335 0.035998048657079083 -0.025561095912510736 -0.0059231867790912936 0.043512351820425087 0.040021561716943738 0.11118030615323522 0.13277195275888493 -0.023063848042445316 -0.030146768128728501 0.054957214896792922 -0.024210404814971047 0.079852444599616212 0.21907408172888931 -0.025301007835412129 -0.032932851410533967 0.095257681556576115 -0.028455564170917311 -0.0057553382666058446 -0.0011204685209387495 0.0018232221350687064 0.070176188661771194 0.0023467959628447038 0.011420786903555229 0.0024797049845512605 0.13322889142591254 0.037481678570714751 0.0696466631646082 0.13265845219899094
leaf_weight=8.1927668838761729 7.1860941445920608 99.846335830399767 6.319366962183266 25.713951047509909 365.90677353495266 10.084821223281322 21.328226499725133 5.9562260522507131 2.5653886832296839 5.9176097607705751 15.903574034105985 6.7406058302149168 38.055419672746211 4.8536600298248223 0.71564887138083577 44.55310387420468 0.63106039748526999 2.2711146688088766 30.788744657067582 51.770494835800491 1019.1630464136833 36.800870128907263 5.7334743216633788 213.22028892743401 181.44143437489402 4.0459516881965083 0.99721760861575504 27.134176947642118 5.3228123700246206 1.0512204105034459
leaf_count=243 74 1553 96 716 28982 124 277 63 26 217 206 70 993 88 20 1932 24 69 868 4017 44468 1132 35 6179 6617 283 7 533 73 15
internal_value=-0.000319377 -0.0125381 -0.0164254 0.000328779 0.00064412 0.00202102 0.00777718 0.00653616 0.0094414 0.0342858 0.00736366 -0.000810803 -0.00113402 -0.000353391 -0.00129494 -0.0215958 0.100985 -0.000390822 -0.00793633 0.00227721 -0.000602061 0.0205717 0.0139703 0.00881871 0.0158318 0.0672101 -0.000989141 0.0266416 0.0130802 0.00545675
internal_weight=2250.21 113.352 106.166 2136.86 2111.15 1745.24 575.48 554.152 461.507 35.6172 425.89 1169.76 1163.02 1124.96 1076.52 45.8998 1.34671 1030.62 92.6441 61.8553 1028.35 48.4392 43.5856 409.987 196.766 10.0022 1020.16 33.0518 186.764 37.8521
internal_count=100000 1723 1649 98277 97561 68579 19483 19206 14197 776 13421 49096 49026 48033 46763 1976 44 44787 5009 4141 44718 1270 1182 13215 7036 346 44475 750 6690 1147
is_linear=0
shrinkage=0.03


Tree=249
num_leaves=31
num_cat=0
split_feature=145 334 335 38 334 4 31 396 405 14 3 111 48 439 439 1 333 3 432 365 3 38 20 362 43 43 436 43 160 43
split_gain=19.2163 19.3219 23.0835 21.4534 17.284 16.3329 16.5594 18.4542 15.9767 17.5823 19.7757 22.1334 16.9025 46.1339 36.2648 47.2688 25.6517 30.1569 32.7626 26.0499 25.0054 22.8003 22.771 30.3578 24.4093 34.6729 23.624 21.4267 25.9041 21.2144
threshold=2.5000000000000004 7.5000000000000009 8.5000000000000018 106.50000000000001 3.5000000000000004 103.50000000000001 77.500000000000014 8.5000000000000018 -389.99999999999994 34.500000000000007 10112.500000000002 1.5000000000000002 1.0000000180025095e-35 536.50000000000011 1202.0000000000002 43.993000030517585 1.0000000180025095e-35 16075.500000000002 21.500000000000004 56.50004959106446 8285.5000000000018 321.50000000000006 1.5000000000000002 53.960000991821296 314.50000000000006 15.500000000000002 -63.617320749356146 18.500000000000004 1.5000000000000002 272.50000000000006
decision_type=10 10 10 8 10 10 10 10 8 2 2 10 2 2 2 2 8 2 2 8 2 10 2 2 10 10 2 10 8 10
left_child=1 2 4 -4 5 -1 8 -8 -7 12 11 -11 -10 -14 15 -15 20 18 19 -18 -16 22 27 -24 25 26 -25 28 -22 -21
right_child=-2 -3 3 -5 -6 6 7 -9 9 10 -12 -13 13 14 16 -17 17 -19 -20 29 21 -23 23 24 -26 -27 -28 -29 -30 -31
leaf_value=-0.014428596545762208 -0.039739499662624592 -0.04632641065672017 0.030736830854269218 -0.034500045477958347 -0.013097241810067706 -0.015514156062113135 -0.017925191438012054 0.18248232267563388 -0.00067783165437450819 0.024531058355795908 -0.0028999134327840374 0.1506598505517841 -0.01287400051973576 0.24264886747022804 -0.005370581967099098 0.014438102698525317 -0.02551732932438287 -0.03057923459868301 -0.017534771662919432 0.058038806955546821 0.014521987812672794 -0.015691644357466093 0.062625834575463085 0.089231071246440447 0.045830287822230344 -0.019331247605031247 0.010738139539201113 -0.015963115243021499 0.25059962965563021 -0.010471153408819276
leaf_weight=66.572880560415797 11.070686911232768 8.1143328468315286 35.572603953070939 5.2000358998775473 91.933384877629578 50.718655745266005 50.183827550266869 0.41696892236359318 1395.7734887473052 44.756072333315387 31.117744483053684 1.2882089233025897 92.902365519665182 1.3927902798168355 107.73912237887271 1.975411172956228 4.4037624502088866 7.2840625231619915 9.2543093748390657 39.599394897231832 61.398623438086361 22.244210341479629 18.171563612995669 5.4669902119785538 18.902930159587413 22.647912036627531 9.3578799283131939 26.856034436030313 0.42118198052048583 4.5335605931468299
leaf_count=2823 123 90 220 81 1249 1607 5012 19 69831 878 790 16 3094 17 5058 68 120 136 204 517 2863 1398 730 69 342 760 157 1603 8 117
internal_value=-0.000312209 -0.000117018 5.12692e-05 0.0224167 -0.000365634 0.000192957 0.000672746 -0.0162738 0.00110622 0.00154356 0.0155745 0.0280598 0.000958446 0.00598289 0.0108269 0.108806 0.00990585 0.0269449 0.0341954 0.0440586 0.00612414 0.0128015 0.0166846 0.0289056 0.0180366 0.00401623 0.0396841 0.00641068 0.0161304 0.0510011
internal_weight=2247.27 2236.2 2228.09 40.7726 2187.31 2095.38 2028.81 50.6008 1978.21 1927.49 77.162 46.0443 1850.33 454.552 361.65 3.3682 358.282 65.0751 57.791 48.5367 293.206 185.467 163.223 74.5473 56.3757 37.4728 14.8249 88.6758 61.8198 44.133
internal_count=100000 99877 99787 301 99486 98237 95414 5031 90383 88776 1684 894 87092 17261 14167 85 14082 1094 958 754 12988 7930 6532 2058 1328 986 226 4474 2871 634
is_linear=0
shrinkage=0.03


end of trees

feature_importances:
card1_fq_enc=248
card2=236
card1=235
C13=187
addr1=184
TransactionAmt=183
D15=180
TransactionDT=167
card2_fq_enc=166
D2=158
C1=138
card5=135
dist1=124
C14=109
D10=109
P_emaildomain_fq_enc=107
C11=89
P_emaildomain=86
V283=85
D1=81
R_emaildomain=80
D4=80
TransactionAmt_diff_mean_card1=79
TransactionAmt_to_mean_card1=78
C6=74
card6=72
id_20=72
V313=71
C2=69
C5=67
C12=66
V317=64
C9=62
M5=60
D8=57
TransactionAmt_zscore_card1=57
id_01=54
card3=53
D11=51
V314=51
V62=50
V310=50
M4=46
V282=45
D12=44
C10=41
M6=41
V53=41
ProductCD=40
dist2=40
V87=39
id_05=39
V289=38
V312=38
V294=37
V315=37
DeviceInfo=36
V54=35
V285=35
V320=35
V83=34
D13=33
V296=32
C8=31
V13=30
V78=30
id_02=30
V281=29
id_19=29
V61=28
V56=26
V82=26
id_09=26
id_14=26
id_17=26
V67=25
id_33=25
C4=24
C7=24
V36=24
V38=24
V307=24
V20=23
V300=23
id_13=23
id_18=23
D6=22
V76=22
V130=22
id_31=22
card4=21
V133=21
V208=20
V258=20
V266=20
V309=20
V207=19
V291=19
day=19
V156=18
V268=18
D3=17
D5=17
D9=17
V24=17
id_06=17
V49=16
V77=16
V129=16
V131=16
hour=16
M3=15
V45=15
V91=15
V96=15
V136=15
V261=15
V55=14
V66=14
V75=14
V86=14
V143=14
V259=14
V295=14
V301=14
V47=13
V99=13
V115=13
V209=13
id_03=13
id_32=13
D14=12
V5=12
V19=12
V70=12
V109=12
V128=12
V171=12
V243=12
DeviceType=12
V44=11
V84=11
V160=11
V197=11
V267=11
V321=11
M7=10
V4=10
V145=10
V189=10
V270=10
id_30=10
V26=9
V30=9
V58=9
V69=9
V72=9
V74=9
V94=9
V152=9
V170=9
V278=9
V287=9
V308=9
addr2=8
V12=8
V37=8
V51=8
V124=8
V162=8
V163=8
V272=8
V3=7
V7=7
V29=7
V43=7
V64=7
V125=7
V137=7
V149=7
V161=7
V187=7
V210=7
V223=7
V326=7
id_04=7
V25=6
V48=6
V52=6
V127=6
V134=6
V277=6
V311=6
V318=6
V60=5
V81=5
V85=5
V151=5
V158=5
V159=5
V164=5
V175=5
V215=5
V220=5
V234=5
V251=5
V276=5
V337=5
id_10=5
id_38=5
V6=4
V22=4
V23=4
V33=4
V35=4
V57=4
V73=4
V98=4
V135=4
V144=4
V203=4
V218=4
V227=4
V271=4
V335=4
V336=4
id_07=4
id_25=4
id_26=4
M8=3
V46=3
V59=3
V79=3
V100=3
V105=3
V123=3
V126=3
V139=3
V165=3
V172=3
V198=3
V199=3
V200=3
V222=3
V229=3
V232=3
V245=3
V257=3
V260=3
V262=3
V288=3
V290=3
V292=3
V298=3
V304=3
V306=3
V316=3
V319=3
id_15=3
id_24=3
id_36=3
M9=2
V2=2
V8=2
V9=2
V17=2
V34=2
V40=2
V71=2
V80=2
V90=2
V93=2
V102=2
V103=2
V108=2
V138=2
V148=2
V150=2
V176=2
V201=2
V202=2
V212=2
V214=2
V216=2
V238=2
V244=2
V248=2
V253=2
V274=2
V275=2
V279=2
V286=2
V293=2
V303=2
V329=2
id_08=2
V10=1
V16=1
V18=1
V21=1
V42=1
V92=1
V95=1
V97=1
V101=1
V106=1
V112=1
V116=1
V140=1
V141=1
V155=1
V157=1
V166=1
V169=1
V178=1
V179=1
V180=1
V181=1
V184=1
V185=1
V186=1
V190=1
V192=1
V194=1
V205=1
V211=1
V221=1
V235=1
V236=1
V239=1
V255=1
V263=1
V264=1
V280=1
V299=1
V323=1
V324=1
V327=1
V331=1
V332=1
V339=1
id_11=1
id_21=1
id_22=1
id_34=1

parameters:
[boosting: gbdt]
[objective: binary]
[metric: binary_logloss]
[tree_learner: serial]
[device_type: cpu]
[data_sample_strategy: bagging]
[data: ]
[valid: ]
[num_iterations: 50]
[learning_rate: 0.03]
[num_leaves: 31]
[num_threads: 4]
[seed: 42]
[deterministic: 0]
[force_col_wise: 0]
[force_row_wise: 0]
[histogram_pool_size: -1]
[max_depth: -1]
[min_data_in_leaf: 20]
[min_sum_hessian_in_leaf: 0.001]
[bagging_fraction: 0.8]
[pos_bagging_fraction: 1]
[neg_bagging_fraction: 1]
[bagging_freq: 0]
[bagging_seed: 400]
[bagging_by_query: 0]
[feature_fraction: 0.8]
[feature_fraction_bynode: 1]
[feature_fraction_seed: 30056]
[extra_trees: 0]
[extra_seed: 12879]
[early_stopping_round: 0]
[early_stopping_min_delta: 0]
[first_metric_only: 0]
[max_delta_step: 0]
[lambda_l1: 0]
[lambda_l2: 0]
[linear_lambda: 0]
[min_gain_to_split: 0]
[drop_rate: 0.1]
[max_drop: 50]
[skip_drop: 0.5]
[xgboost_dart_mode: 0]
[uniform_drop: 0]
[drop_seed: 17869]
[top_rate: 0.2]
[other_rate: 0.1]
[min_data_per_group: 100]
[max_cat_threshold: 32]
[cat_l2: 10]
[cat_smooth: 10]
[max_cat_to_onehot: 4]
[top_k: 20]
[monotone_constraints: ]
[monotone_constraints_method: basic]
[monotone_penalty: 0]
[feature_contri: ]
[forcedsplits_filename: ]
[refit_decay_rate: 0.9]
[cegb_tradeoff: 1]
[cegb_penalty_split: 0]
[cegb_penalty_feature_lazy: ]
[cegb_penalty_feature_coupled: ]
[path_smooth: 0]
[interaction_constraints: ]
[verbosity: 1]
[saved_feature_importance_type: 0]
[use_quantized_grad: 0]
[num_grad_quant_bins: 4]
[quant_train_renew_leaf: 0]
[stochastic_rounding: 1]
[linear_tree: 0]
[max_bin: 255]
[max_bin_by_feature: ]
[min_data_in_bin: 3]
[bin_construct_sample_cnt: 200000]
[data_random_seed: 175]
[is_enable_sparse: 1]
[enable_bundle: 1]
[use_missing: 1]
[zero_as_missing: 0]
[feature_pre_filter: 1]
[pre_partition: 0]
[two_round: 0]
[header: 0]
[label_column: ]
[weight_column: ]
[group_column: ]
[ignore_column: ]
[categorical_feature: ]
[forcedbins_filename: ]
[precise_float_parser: 0]
[parser_config_file: ]
[objective_seed: 16083]
[num_class: 1]
[is_unbalance: 0]
[scale_pos_weight: 1]
[sigmoid: 1]
[boost_from_average: 1]
[reg_sqrt: 0]
[alpha: 0.9]
[fair_c: 1]
[poisson_max_delta_step: 0.7]
[tweedie_variance_power: 1.5]
[lambdarank_truncation_level: 30]
[lambdarank_norm: 1]
[label_gain: ]
[lambdarank_position_bias_regularization: 0]
[eval_at: ]
[multi_error_top_k: 1]
[auc_mu_weights: ]
[num_machines: 1]
[local_listen_port: 12400]
[time_out: 120]
[machine_list_filename: ]
[machines: ]
[gpu_platform_id: -1]
[gpu_device_id: -1]
[gpu_device_id_list: ]
[gpu_use_dp: 0]
[num_gpu: 1]

end of parameters

pandas_categorical:[]
