tree
version=v4
num_class=1
num_tree_per_iteration=1
label_index=0
max_feature_idx=439
objective=binary sigmoid:1
feature_names=TransactionDT TransactionAmt ProductCD card1 card2 card3 card4 card5 card6 addr1 addr2 dist1 dist2 P_emaildomain R_emaildomain C1 C2 C3 C4 C5 C6 C7 C8 C9 C10 C11 C12 C13 C14 D1 D2 D3 D4 D5 D6 D7 D8 D9 D10 D11 D12 D13 D14 D15 M1 M2 M3 M4 M5 M6 M7 M8 M9 V1 V2 V3 V4 V5 V6 V7 V8 V9 V10 V11 V12 V13 V14 V15 V16 V17 V18 V19 V20 V21 V22 V23 V24 V25 V26 V27 V28 V29 V30 V31 V32 V33 V34 V35 V36 V37 V38 V39 V40 V41 V42 V43 V44 V45 V46 V47 V48 V49 V50 V51 V52 V53 V54 V55 V56 V57 V58 V59 V60 V61 V62 V63 V64 V65 V66 V67 V68 V69 V70 V71 V72 V73 V74 V75 V76 V77 V78 V79 V80 V81 V82 V83 V84 V85 V86 V87 V88 V89 V90 V91 V92 V93 V94 V95 V96 V97 V98 V99 V100 V101 V102 V103 V104 V105 V106 V107 V108 V109 V110 V111 V112 V113 V114 V115 V116 V117 V118 V119 V120 V121 V122 V123 V124 V125 V126 V127 V128 V129 V130 V131 V132 V133 V134 V135 V136 V137 V138 V139 V140 V141 V142 V143 V144 V145 V146 V147 V148 V149 V150 V151 V152 V153 V154 V155 V156 V157 V158 V159 V160 V161 V162 V163 V164 V165 V166 V167 V168 V169 V170 V171 V172 V173 V174 V175 V176 V177 V178 V179 V180 V181 V182 V183 V184 V185 V186 V187 V188 V189 V190 V191 V192 V193 V194 V195 V196 V197 V198 V199 V200 V201 V202 V203 V204 V205 V206 V207 V208 V209 V210 V211 V212 V213 V214 V215 V216 V217 V218 V219 V220 V221 V222 V223 V224 V225 V226 V227 V228 V229 V230 V231 V232 V233 V234 V235 V236 V237 V238 V239 V240 V241 V242 V243 V244 V245 V246 V247 V248 V249 V250 V251 V252 V253 V254 V255 V256 V257 V258 V259 V260 V261 V262 V263 V264 V265 V266 V267 V268 V269 V270 V271 V272 V273 V274 V275 V276 V277 V278 V279 V280 V281 V282 V283 V284 V285 V286 V287 V288 V289 V290 V291 V292 V293 V294 V295 V296 V297 V298 V299 V300 V301 V302 V303 V304 V305 V306 V307 V308 V309 V310 V311 V312 V313 V314 V315 V316 V317 V318 V319 V320 V321 V322 V323 V324 V325 V326 V327 V328 V329 V330 V331 V332 V333 V334 V335 V336 V337 V338 V339 id_01 id_02 id_03 id_04 id_05 id_06 id_07 id_08 id_09 id_10 id_11 id_12 id_13 id_14 id_15 id_16 id_17 id_18 id_19 id_20 id_21 id_22 id_23 id_24 id_25 id_26 id_27 id_28 id_29 id_30 id_31 id_32 id_33 id_34 id_35 id_36 id_37 id_38 DeviceType DeviceInfo hour day_cycle TransactionAmt_zscore_card1 TransactionAmt_to_mean_card1 TransactionAmt_diff_mean_card1 card1_fq_enc card2_fq_enc P_emaildomain_fq_enc
feature_infos=[10091550:13111497] [0.36399999260902405:5279.9501953125] [0:4] [1006:18395] [100:600] [100:229] [-1:3] [100:237] [-1:3] [104:536] [10:98] [0:6466] [0:10237] [-1:58] [-1:59] [0:1377] [0:1520] [0:25] [0:1019] [0:335] [0:1037] [0:92] [0:532] [0:199] [0:487] [0:1088] [0:178] [0:945] [0:737] [0:638] [0:638] [0:749] [-74:835] [0:819] [-74:837] [0:801] [0:1638.875] [0:0.95833301544189453] [0:837] [-29:637] [-74:634] [0:818] [0:838] [-74:843] [-1:1] [-1:1] [-1:1] [-1:2] [-1:1] [-1:1] [-1:1] [-1:1] [-1:1] [0:1] [0:8] [0:8] [0:6] [0:6] [0:9] [0:9] [0:8] [0:8] [0:4] [0:4] [0:3] [0:6] [0:1] [0:3] [0:5] [0:6] [0:6] [0:4] [0:6] [0:3] [0:7] [0:10] [0:10] [0:3] [0:5] [0:1] [0:2] [0:4] [0:5] [0:3] [0:5] [0:3] [0:5] [0:3] [0:3] [0:21] [0:42] [0:9] [0:24] [0:1] [0:4] [0:6] [0:33] [0:37] [0:4] [0:6] [0:4] [0:5] [0:4] [0:4] [0:6] [0:3] [0:3] [0:12] [0:22] [0:5] [0:7] [0:9] [0:11] [0:6] [0:7] [0:7] [0:7] [0:1] [0:4] [0:5] [0:2] [0:4] [0:5] [0:5] [0:7] [0:4] [0:5] [0:3] [0:3] [0:21] [0:25] [0:7] [0:14] [0:14] [0:4] [0:7] [0:7] [0:7] [0:19] [0:19] [0:1] [0:1] [0:4] [0:5] [0:4] [0:7] [0:2] [0:18] [0:105] [0:29] [0:5] [0:59] [0:21] [0:14] [0:43] [0:22] [0:10] [0:30] [0:21] [0:1] [0:4] [0:4] [0:4] [0:6] [0:6] [0:6] [0:6] [0:6] [0:6] [0:2] [0:2] [0:2] [0:2] [0:3] [0:2] [0:10] [0:10] [0:10] [0:160000] [0:160000] [0:160000] [0:4159.89990234375] [0:30250] [0:4489.89990234375] [0:57600] [0:57600] [0:57600] [0:90750] [0:90750] [0:90750] [0:7] [0:15] [0:15] [0:3] [0:5] [0:11] [0:9] [0:22] [0:7] [0:7] [0:5] [0:5] [1:120] [1:19] [1:59] [0:4] [0:4] [0:5] [0:5] [0:5] [0:6] [0:2100] [0:30250] [0:525] [0:1140] [0:525] [0:12080] [0:12080] [0:90750] [0:36] [0:60] [0:18] [0:37] [0:61] [0:6] [0:3] [0:4] [0:9] [0:25] [0:36] [0:60] [0:60] [0:32] [0:8] [0:23] [0:15] [0:8] [0:8] [0:17] [0:62] [0:18] [0:19] [0:22] [0:6] [0:25] [0:13] [0:5] [0:8] [0:10] [0:6] [0:14] [0:36] [0:36] [0:55] [0:64800] [0:90750] [0:64800] [0:2100] [0:2100] [0:3250] [0:675] [0:4725] [0:1825] [0:12080] [0:12080] [0:12080] [0:64800] [0:64800] [0:64800] [0:36] [0:64] [0:40] [0:25] [0:54] [0:54] [0:5] [0:24] [0:19] [0:192] [0:50] [0:25] [0:38] [0:35] [0:36] [0:56] [0:39] [0:63] [0:8] [0:8] [0:8] [0:8] [0:8] [0:2] [0:2] [0:17] [0:19] [0:18] [0:46] [0:22] [0:5] [0:5] [0:5] [0:5] [0:5] [0:6] [0:18] [0:17] [0:31] [0:31] [0:36] [0:36] [0:46] [0:5] [0:18] [0:9] [0:153600] [0:153600] [0:153600] [0:2100] [0:2100] [0:2100] [0:2100] [0:575] [0:785] [0:575] [0:51200] [0:51200] [0:51200] [0:64800] [0:64800] [0:64800] [0:47] [0:257] [0:13] [0:14] [0:22] [0:7] [0:80] [0:3] [0:21] [0:10] [0:12] [1:47] [1:858] [1:252] [0:47] [0:885] [0:257] [0:38] [0:10] [0:34] [0:26] [0:7] [0:10] [0:9] [0:14] [0:11] none [0:108800] [0:121000] [0:108800] [0:4159.89990234375] [0:30250] [0:4159.89990234375] [0:4159.89990234375] [0:4159.89990234375] [0:7519.8701171875] [0:4159.89990234375] [0:57600] [0:62595.3828125] [0:57600] [0:90750] [0:90750] [0:90750] [0:12] [0:40] [0:16] [0:4] [0:33] [0:14] [0:8] [0:15] [0:11] [0:160000] [0:160000] [0:160000] [0:2100] [0:2100] [0:2100] [0:64800] [0:64800] [0:64800] [-100:0] [1:994720] [-13:6] [-13:0] [-33:47] [-100:0] [-31:39] [-100:0] [-31:17] [-100:0] [90:100] [-1:1] [11:64] [-600:600] [-1:2] [-1:1] [100:225] [11:29] [100:669] [100:657] [101:854] [12:41] [-1:2] [11:26] [100:548] [100:216] [-1:1] [-1:1] [-1:1] [-1:73] [-1:125] [16:32] [-1:258] [-1:3] [-1:1] [-1:1] [-1:1] [-1:1] [-1:1] [-1:1784] [0:23] [0:6] [-4.8828125045474735:26.177345202436182] [0.0030431368026985432:44.976822695854452] [-2009.9849999999999:5075.5850098097253] [1:12481] [0:41196] [0:193446]
tree_sizes=3385 3432 3420 3420 3422 3426 3450 3445 3446 3455 3460 3467 3490 3481 3461 3477 3485 3490 3494 3479 3463 3479 3497 3465 3474 3446 3481 3483 3476 3486 3486 3470 3469 3487 3494 3504 3488 3467 3473 3446 3498 3507 3466 3460 3467 3494 3488 3520 3490 3462 3405 3417 3441 3417 3432 3429 3431 3446 3465 3455 3448 3450 3438 3471 3443 3447 3452 3451 3454 3462 3462 3463 3483 3480 3504 3474 3451 3475 3473 3480 3471 3451 3455 3472 3490 3471 3482 3502 3465 3478 3487 3483 3493 3476 3478 3489 3501 3473 3474 3486 3468 3468 3480 3445 3444 3430 3487 3478 3473 3498 3495 3476 3471 3475 3503 3494 3513 3492 3470 3470 3497 3484 3505 3493 3479 3486 3480 3506 3491 3466 3480 3469 3493 3490 3488 3512 3495 3473 3475 3488 3474 3495 3485 3481 3482 3541 3491 3503 3511 3520 3431 3440 3460 3440 3460 3471 3473 3435 3462 3468 3460 3467 3467 3480 3475 3499 3457 3475 3475 3494 3485 3471 3464 3490 3480 3493 3490 3483 3492 3476 3453 3478 3476 3469 3478 3501 3496 3494 3493 3467 3500 3470 3505 3511 3508 3491 3498 3493 3484 3494 3409 3429 3413 3413 3428 3445 3447 3478 3460 3455 3445 3485 3459 3462 3492 3483 3468 3442 3459 3491 3485 3482 3508 3496 3490 3472 3469 3458 3492 3478 3488 3466 3505 3485 3497 3484 3507 3482 3485 3498 3500 3478 3492 3482 3465 3494 3474 3503 3499 3507

Tree=0
num_leaves=31
num_cat=0
split_feature=253 97 375 21 208 224 109 311 369 105 30 207 343 43 436 1 96 28 5 251 437 396 267 69 287 296 16 15 30 27
split_gain=6862.7 2363.41 1766.12 1656.29 1625.62 1256.04 1224.44 945.553 914.011 950.722 1226.91 657.632 534.837 461.926 438.874 432.136 422.72 403.364 679.281 381.64 323.594 314.658 309.735 308.716 280.696 267.117 263.955 252.554 228.932 227.861
threshold=2.5000000000000004 3.5000000000000004 1.5000000000000002 2.5000000000000004 2.5000000000000004 1.0000000180025095e-35 1.0000000180025095e-35 2.5000000000000004 249.89565277099612 1.5000000000000002 51.500000000000007 1.5000000000000002 12.500000000000002 76.500000000000014 -168.94979087388447 49.729000091552741 1.5000000000000002 1.0000000180025095e-35 174.00000000000003 1.5000000000000002 1214.5000000000002 -6.4999999999999991 48.490999221801765 2.5000000000000004 1.0000000180025095e-35 1.5000000000000002 2.5000000000000004 3.5000000000000004 5.5000000000000009 20.500000000000004
decision_type=10 10 10 2 10 8 10 10 10 10 10 10 8 10 2 2 10 2 10 10 2 10 10 10 8 10 2 2 8 2
left_child=1 3 5 4 8 27 20 12 11 14 -11 17 16 26 15 -10 -8 18 -1 -20 21 -5 -7 28 -21 -13 -3 -2 -19 -16
right_child=2 13 -4 6 -6 22 7 -9 9 10 -12 25 -14 -15 29 -17 -18 23 19 24 -22 -23 -24 -25 -26 -27 -28 -29 -30 -31
leaf_value=-3.6311883888500298 -2.9606239998170301 -3.3417428893188701 -3.6086357689396422 -3.3690657508824211 -2.5425491885850056 -3.5289335579031968 -3.5757060926895261 -2.6720421122718347 -2.761283874768766 -3.5281812388113343 -2.4674113192852412 -3.4456769117370829 -2.6242207856499675 -3.6696172280814801 -3.5639025927955958 -3.4936846560625185 -3.2732141986946122 -3.6143836531591966 -3.4904649750059624 -2.6442063058729235 -3.5253525190259318 -2.5861477053391901 -2.8280730919241135 -3.0255783483692089 -3.3459464064824926 -2.9264353935528962 -2.6176870578847709 -2.5743691403525215 -3.6585560535209876 -3.6593339738071733
leaf_weight=126.46751638501883 1.9464219175279103 0.54899079725146283 3.4436695463955393 0.59889905154705125 1.1977981030940998 2.3456879518926157 41.848071226850152 1.1728439759463061 1.122935721650719 2.5453209690749636 1.597064137458801 2.5453209690749641 0.57394492439925571 0.5739449243992566 75.486234622076154 2.0462384261190891 4.6165135223418465 111.3453153334558 19.089907268062237 0.84844032302498762 0.62385317869484413 2.0212842989712945 0.74862381443381298 0.69871556013822456 1.2976146116852758 1.3724769931286571 2.5952292233705521 7.0121097285300493 2044.9907197616994 32.091007512062788
leaf_count=5068 78 22 138 24 48 94 1677 47 45 102 64 102 23 23 3025 82 185 4462 765 34 25 81 30 28 52 55 104 281 81950 1286
internal_value=-3.63883 -3.64276 -3.00947 -3.6439 -3.64747 -2.83828 -3.47547 -3.51343 -3.64802 -3.56543 -3.11921 -3.65213 -3.53441 -2.88697 -3.58212 -3.23417 -3.54565 -3.65279 -3.60483 -3.44782 -2.9113 -2.7651 -3.35937 -3.65607 -3.06851 -3.26378 -2.74411 -2.65829 -3.65628 -3.59237
internal_weight=2495.41 2479.92 15.4965 2476.2 2424.74 12.0528 51.4554 48.2114 2423.54 114.889 4.14239 2308.66 47.0385 3.71816 110.746 3.16917 46.4646 2304.74 147.703 21.236 3.24404 2.62018 3.09431 2157.03 2.14605 3.9178 3.14422 8.95853 2156.34 107.577
internal_count=100000 99379 621 99230 97168 483 2062 1932 97120 4604 166 92516 1885 149 4438 127 1862 92359 5919 851 130 105 124 86440 86 157 126 359 86412 4311
is_linear=0
shrinkage=1


Tree=1
num_leaves=31
num_cat=0
split_feature=241 26 369 139 438 48 208 25 365 97 337 28 5 30 27 430 114 16 130 48 97 27 30 232 436 327 25 307 7 4
split_gain=3893.64 1424.66 957.651 731.731 649.031 563.359 561.727 484.081 427.959 371.983 326.749 321.835 391.693 318.293 308.336 247.972 207.435 182.539 181.796 620.824 181.157 180.315 174.333 171.816 169.19 160.809 150.967 142.42 141.531 568.168
threshold=1.5000000000000002 2.5000000000000004 108.70270156860353 1.5000000000000002 39680.500000000007 1.0000000180025095e-35 1.5000000000000002 2.5000000000000004 170.98500061035159 2.5000000000000004 3.5000000000000004 1.0000000180025095e-35 181.50000000000003 472.50000000000006 1.0000000180025095e-35 1.0000000180025095e-35 3.5000000000000004 7.5000000000000009 4.5000000000000009 -1.0000000180025095e-35 3.5000000000000004 2.5000000000000004 5.5000000000000009 1.0000000180025095e-35 -118.95899176108347 112.25524902343751 5.5000000000000009 1.5000000000000002 103.00000000000001 111.50000000000001
decision_type=10 2 10 8 2 2 10 2 2 10 10 2 10 8 2 2 10 2 10 2 10 2 8 10 2 10 2 10 8 8
left_child=1 2 6 9 16 24 11 14 10 21 -7 12 -1 -5 -2 -8 18 -10 20 -20 28 26 -13 -15 -6 -14 -3 -16 29 -4
right_child=7 3 4 13 5 8 15 -9 17 -11 -12 22 25 23 27 -17 -18 -19 19 -21 -22 -23 -24 -25 -26 -27 -28 -29 -30 -31
leaf_value=0.0058735252353569814 0.3392299311257792 0.13807179419943355 1.0381176144626763 0.088207170087865605 0.52594918913603761 -0.0077732980850367082 0.088960960662062258 0.37476595625208053 0.99569462584792057 0.39972175238363022 0.39419875259703824 0.020053645462595502 0.12313943086065413 0.3949267499121249 0.03465707989905488 0.44028081790841872 0.61482036183914779 0.41256879893140308 -0.030821314788818808 1.0890208266757668 0.36893212437178113 0.033729629977995945 -0.020623044285826442 -0.0031178514080603356 2.5298388860580696e-05 0.51385026993873273 0.53348665890560831 0.30375764037012054 0.021200360613014838 0.081328380715001578
leaf_weight=121.08440056815743 6.3899325430393246 4.7943871952593318 0.58935378491878232 5.2773562949150827 0.59246233850717533 2.5896742958575469 3.9931122064590445 23.754207881167531 1.1982005871832382 2.9192952308803788 6.1233628503978252 99.672203570604324 22.580503409728411 12.307945914566515 10.058721140027044 3.3045492619276047 0.5575668215751638 0.80958502739667881 1.4513020850718024 0.64293140172958274 1.4212883319705714 49.675359608605504 1950.5875099804252 1.0600401684641827 7.7758909054100513 0.98962372168898483 1.0613774284720419 2.1480310745537272 152.77398842200637 10.698256842792034
leaf_count=4815 144 180 22 170 20 96 120 491 45 59 124 3892 762 299 367 73 21 14 56 24 24 1843 79609 28 299 20 23 57 5893 410
internal_value=-0.000190269 -0.00508746 -0.0091829 0.121843 0.0559539 0.221725 -0.0147206 0.285024 0.365713 0.0696426 0.274725 -0.0155942 0.0276539 0.285483 0.170393 0.248047 0.037133 0.760565 0.0352109 0.312971 0.0316958 0.0522902 -0.0186456 0.363363 0.0372596 0.139544 0.209742 0.0820109 0.0287743 0.131285
internal_weight=2508.88 2466.53 2389.44 77.0958 187.224 19.0892 2202.21 42.3509 10.7208 58.4504 8.71304 2194.91 144.655 18.6453 18.5967 7.29766 168.135 2.00779 167.577 2.09423 165.483 55.5311 2050.26 13.368 8.36835 23.5701 5.85576 12.2068 164.062 11.2876
internal_count=100000 98941 96339 2602 7048 598 89291 1059 279 2105 220 89098 5597 497 568 193 6450 59 6429 80 6349 2046 83501 327 319 782 203 424 6325 432
is_linear=0
shrinkage=0.03


Tree=2
num_leaves=31
num_cat=0
split_feature=240 22 369 27 27 47 311 15 105 15 119 372 108 435 15 250 25 313 30 105 303 32 138 362 130 48 422 369 2 119
split_gain=2691.44 1312.71 814.51 529.142 364.71 364.128 313.742 291.188 276.917 275.786 215.564 221.429 228.208 211.02 209.093 205.085 176.786 172.191 170.909 170.505 163.932 162.933 158.567 154.569 129.248 128.423 123.49 121.488 117.184 463.275
threshold=1.5000000000000002 2.5000000000000004 108.70270156860353 1.5000000000000002 1.0000000180025095e-35 1.5000000000000002 1.5000000000000002 3.5000000000000004 1.5000000000000002 2.5000000000000004 1.5000000000000002 49.975000381469734 2.5000000000000004 0.24465073538230028 4.5000000000000009 1.5000000000000002 671.50000000000011 4.5000000000000009 5.5000000000000009 1.5000000000000002 1.5000000000000002 478.50000000000006 1.5000000000000002 115.92499923706056 4.5000000000000009 -1.0000000180025095e-35 48.500000000000007 4359.9951171875009 1.5000000000000002 3.5000000000000004
decision_type=10 2 10 2 2 2 8 2 10 2 10 10 10 2 2 10 2 10 8 8 10 10 8 10 10 2 2 10 2 8
left_child=1 2 4 9 5 20 17 15 10 26 13 21 -13 -4 -8 -2 -16 28 -6 22 -1 27 -7 -10 -15 -26 -3 -12 29 -5
right_child=7 3 8 6 18 19 14 -9 23 -11 11 12 -14 24 16 -17 -18 -19 -20 -21 -22 -23 -24 -25 25 -27 -28 -29 -30 -31
leaf_value=0.0066522714350374336 0.053196563643440366 0.3233047227342844 0.16616752172387447 0.040222679226043202 0.019612042469704907 0.07856838018260473 0.0014542029114214638 0.27304919643601649 -0.030878562487029537 0.38087480912367166 0.028773074814617865 0.058280858535530874 0.64017455387823452 0.019614971076900817 0.27077338715794036 0.26478279802117266 0.074290315026603049 0.37136720731197365 -0.020533809716426155 0.51708234941692566 0.31775495782720203 0.40502111206275088 0.27257628940459777 0.26580722105401788 -0.030796169786110241 0.38640908698854454 -0.021055246711554978 0.43795890727304715 -0.0088019171313510579 0.38172839018178611
leaf_weight=125.68280815705657 12.435779178515078 1.3544566798955182 9.864810571074484 52.203156949952245 100.508972896263 16.416903613135226 5.5661159083247211 31.482146678492427 1.9864729270338992 7.9857348240911961 9.526788761839267 1.0098161492496722 1.5190243851393459 157.44039498642087 13.355861315503718 6.1676773410290471 5.9607191961258641 1.4138006512075652 1892.0930360332131 1.0381421633064736 1.5431203227490176 1.3716763257980336 4.9302098695188752 7.7316743023693562 1.0821200590580704 1.7186467051506031 3.0426029916852713 0.70109154656529504 31.373514179140329 3.8379105832427731
leaf_count=4896 387 44 285 1807 3845 516 207 454 72 151 331 38 43 5876 240 120 170 35 78627 22 34 20 121 127 43 24 110 12 1273 70
internal_value=-0.000269292 -0.00469787 -0.00978688 0.0895874 -0.015117 0.0300574 0.0693073 0.217444 0.0490841 0.275819 0.0408512 0.153451 0.407813 0.031499 0.16346 0.123345 0.210143 0.0429332 -0.0185088 0.141634 0.0104256 0.097997 0.123375 0.205162 0.0232085 0.225215 0.0850203 0.0568216 0.0376212 0.0636103
internal_weight=2512.35 2462.26 2336.17 126.094 2142.21 149.611 113.711 50.0856 193.953 12.3828 184.234 14.1284 2.52884 170.106 24.8827 18.6035 19.3166 88.8284 1992.6 22.3853 127.226 11.5996 21.3471 9.71815 160.241 2.80077 4.39706 10.2279 87.4146 56.0411
internal_count=100000 99039 94932 4107 88061 5589 3802 961 6871 305 6672 444 81 6228 617 507 410 3185 82472 659 4930 363 637 199 5943 67 154 343 3150 1877
is_linear=0
shrinkage=0.03


Tree=3
num_leaves=31
num_cat=0
split_feature=241 22 369 438 27 28 10 139 15 65 15 30 208 96 27 439 435 369 333 39 359 26 12 15 270 138 246 106 3 3
split_gain=2243.77 1107.22 745.647 369.566 348.446 340.851 293.334 238.5 226.949 219.685 208.752 158.812 149.176 159.911 141.068 154.758 174.33 189.272 152.263 121.777 114.402 113.879 108.397 103.207 99.4957 99.2065 99.0216 98.7482 94.3229 109.96
threshold=1.5000000000000002 2.5000000000000004 108.70270156860353 39680.500000000007 2.5000000000000004 1.0000000180025095e-35 80.500000000000014 1.5000000000000002 2.5000000000000004 1.0000000180025095e-35 2.5000000000000004 5.5000000000000009 1.5000000000000002 1.5000000000000002 20.500000000000004 139597.50000000003 1.2083836053644577 521.58715820312511 1.5000000000000002 60.500000000000007 379.12500000000006 4.5000000000000009 76.500000000000014 1.5000000000000002 1.5000000000000002 1.5000000000000002 1.5000000000000002 1.0000000180025095e-35 7803.0000000000009 7509.0000000000009
decision_type=10 2 10 2 2 2 10 10 2 10 2 8 10 10 2 2 2 10 2 10 10 2 8 2 8 10 10 10 2 2
left_child=1 2 5 14 8 6 23 12 -3 -5 24 -7 13 -6 15 -4 17 28 19 -19 -11 -9 -10 25 -2 -1 -8 -22 29 -17
right_child=10 4 3 9 7 11 26 21 22 20 -12 -13 -14 -15 -16 16 -18 18 -20 -21 27 -23 -24 -25 -26 -27 -28 -29 -30 -31
leaf_value=0.068062210492204706 0.1745113016139602 0.044478765549224121 0.018567353941027792 -0.025142184076745022 0.02119426011869259 0.01796614793663041 0.0038152632211108962 -0.01921023841093682 0.091005085049179937 -0.0047850887975301442 0.20417673542274992 -0.020480111011881779 0.22890278528899044 0.1993415950534734 -0.018609468653162601 0.11180129084625939 0.011463070026260656 0.15939537315371335 0.60700686016654848 0.51040595493245 -0.030836076095340201 0.19984029743880333 0.28059483566385784 0.21074364087465017 0.01850436151490285 0.36451391855743875 0.33582996115047342 0.23885784981399119 0.030741507048288826 0.40896992111995467
leaf_weight=25.706365976482633 5.9582210239022944 7.5466106962412622 81.773447221145034 5.1014543324708965 86.228150174021721 102.02214361913502 120.36667804792523 2.5502189323306075 3.3988641202449799 2.3011506497859981 49.242710886523128 1853.0139981135726 3.5458663105964652 4.7865899391472331 41.638143332675099 8.3911197204142827 19.103306118398905 8.3066685311496204 0.8934009429067381 0.99622449092567045 1.3159708920866275 13.150307619944213 13.47202259860933 6.7892688103020182 9.6191370952874422 1.057760078459977 0.81392543949186702 17.089867262169719 14.60028851777315 1.2933890670537938
leaf_count=763 137 253 2897 173 3107 3834 4689 89 72 88 646 78553 53 89 1597 277 677 206 29 26 50 210 195 138 276 19 13 277 530 37
internal_value=-0.000315894 -0.00493024 -0.00979992 0.0451439 0.0786873 -0.0150815 0.0277804 0.0559793 0.181229 0.151198 0.173897 -0.0184738 0.0380007 0.0305633 0.0296797 0.0445342 0.0841614 0.124438 0.232911 0.196984 0.194642 0.16426 0.242399 0.106278 0.0781758 0.0797784 0.00604528 0.219575 0.0788942 0.151489
internal_weight=2512.07 2447.25 2312.57 202.804 134.679 2109.77 154.734 110.261 24.4175 25.8084 64.8201 1955.04 94.5606 91.0147 176.996 135.358 53.5844 34.4811 10.1963 9.30289 20.707 15.7005 16.8709 33.5534 15.5774 26.7641 121.181 18.4058 24.2848 9.68451
internal_count=100000 98941 94873 6864 4068 88009 5622 3548 520 588 1059 82387 3249 3196 6276 4679 1782 1105 261 232 415 299 267 920 413 782 4702 327 844 314
is_linear=0
shrinkage=0.03


Tree=4
num_leaves=31
num_cat=0
split_feature=26 208 369 310 28 438 97 10 14 65 8 25 15 27 119 393 3 30 3 59 119 27 138 365 4 9 249 359 1 24
split_gain=1876.95 1029.12 719.762 436.182 315.885 277.595 264.755 215.891 183.947 161.023 157.98 156.473 142.266 139.18 148.372 134.483 133.351 110.565 108.639 99.2102 98.985 97.5671 82.9042 81.6543 80.4284 78.3073 74.3639 72.7585 67.5526 95.2206
threshold=1.5000000000000002 1.5000000000000002 108.70270156860353 2.5000000000000004 1.0000000180025095e-35 39680.500000000007 1.5000000000000002 80.500000000000014 1.5000000000000002 1.0000000180025095e-35 1.5000000000000002 2.5000000000000004 4.5000000000000009 20.500000000000004 1.5000000000000002 102893.00000000001 9404.0000000000018 4.5000000000000009 9027.5000000000018 2.5000000000000004 3.5000000000000004 8.5000000000000018 1.5000000000000002 108.4650001525879 199.50000000000003 419.00000000000006 1.5000000000000002 379.12500000000006 76.974998474121108 2.5000000000000004
decision_type=2 10 10 10 2 2 8 10 2 10 2 2 2 2 10 8 2 8 2 10 8 2 10 2 10 10 10 10 2 2
left_child=1 2 4 6 7 13 10 22 -3 -7 15 -9 -8 14 19 -2 18 28 23 -4 -12 -14 -1 -16 -24 27 -19 -11 -6 -30
right_child=3 8 5 -5 17 9 12 11 -10 25 20 -13 21 -15 16 -17 -18 26 -20 -21 -22 -23 24 -25 -26 -27 -28 -29 29 -31
leaf_value=0.063247674803206838 0.18757518509964305 -0.0067405859455277233 0.032055351684554867 0.18749600957573023 -0.006675678751547889 -0.019933974685059596 0.061684570039478206 0.0026181288042186361 0.19687952295604469 0.00051220131071682282 0.0056352531064237784 0.3314031607505506 0.22562728154597364 -0.017799788666752445 0.23095421364218188 0.05642412830361028 -0.020775534453417076 -0.020369693140835702 0.48399343673219009 0.29886325299262773 0.34014054130147009 0.11620092076467908 0.31636421247729163 -0.012933055166448756 0.11414710665528016 -0.01647409945196501 0.15081162969949621 0.19410935234242255 0.039360707335131799 0.4216684482487596
leaf_weight=27.947475535795093 9.3911481592804176 4.7227527797222164 127.88170718960464 35.523230899125338 58.28813174366951 5.4177869800478247 18.048730906099081 120.22327748499811 25.839119276031852 1.9121558517217696 57.266312276944518 1.3170127905905236 14.095745421946051 43.691582614555955 4.8870108090341073 28.066072197631001 2.9370827432721853 1832.8301071021706 1.1628135815262792 1.2667245194315899 0.80739512108266254 15.285814128816126 2.4028496388345939 1.6535374391824005 6.7229794934391975 2.0482948720455161 2.2868280578404656 20.245645795017481 35.033279348164797 0.59631695039570232
leaf_count=778 206 105 4331 353 2149 186 551 4675 314 73 1981 25 177 1700 86 918 99 79106 22 24 20 239 32 51 99 64 43 278 1297 18
internal_value=-0.000348644 -0.00752705 -0.0098243 0.0934137 -0.0151853 0.0426943 0.070036 0.0255112 0.165414 0.127907 0.0412692 0.00618085 0.127976 0.0289362 0.0435438 0.0893059 0.151222 -0.0185316 0.216799 0.0346723 0.0102859 0.168698 0.0888833 0.169296 0.167391 0.160997 -0.0201564 0.177402 0.0132166 0.0457592
internal_weight=2509.8 2331.31 2300.75 178.484 2087.65 213.104 142.961 158.614 30.5619 29.6239 95.5309 121.54 47.4303 183.48 139.789 37.4572 10.6404 1929.03 7.70336 129.148 58.0737 29.3816 37.0733 6.54055 9.12583 24.2061 1835.12 22.1578 93.9177 35.6296
internal_count=100000 95555 95136 4445 88222 6914 4092 5609 419 601 3125 4700 967 6313 4613 1124 258 82613 159 4355 2001 416 909 137 131 415 79149 351 3464 1315
is_linear=0
shrinkage=0.03


Tree=5
num_leaves=31
num_cat=0
split_feature=26 208 369 438 28 30 438 408 14 15 346 27 65 439 333 436 119 24 437 9 90 30 27 59 4 310 9 160 127 437
split_gain=1644.14 863.947 665.608 326.791 299.17 273.278 223.469 183.316 132.216 128.617 127.863 124.247 122.926 120.481 125.994 121.734 118.38 110.747 110.661 126.545 118.502 106.492 103.37 102.853 94.2768 91.4053 77.8406 73.9238 68.4379 67.774
threshold=1.5000000000000002 1.5000000000000002 108.70270156860353 4590.0000000000009 1.0000000180025095e-35 4.5000000000000009 39680.500000000007 170.50000000000003 1.5000000000000002 2.5000000000000004 13.500000000000002 20.500000000000004 1.0000000180025095e-35 139597.50000000003 1.5000000000000002 -108.12997624909436 1.5000000000000002 1.5000000000000002 11.500000000000002 259.00000000000006 4.5000000000000009 4.5000000000000009 274.50000000000006 2.5000000000000004 181.50000000000003 2.5000000000000004 311.00000000000006 1.5000000000000002 1.5000000000000002 3620.5000000000005
decision_type=2 10 10 2 2 10 2 10 2 2 8 2 10 2 2 2 10 2 2 10 10 8 2 10 10 10 10 2 10 2
left_child=1 2 4 5 7 9 11 17 -3 -2 25 13 -8 23 16 -16 18 -1 19 -15 -20 -6 -11 -4 -9 27 -17 -5 -13 -7
right_child=3 8 6 10 21 29 12 24 -10 22 -12 28 -14 14 15 26 -18 -19 20 -21 -22 -23 -24 -25 -26 -27 -28 -29 -30 -31
leaf_value=0.0046143155681172545 0.050939932085271013 -0.0065774281747558189 0.013359198074743103 0.013370635361204058 0.012627098501646197 -0.010420574035265629 -0.019705703372555942 0.19044359334324557 0.16466698702453439 0.1752100480669109 0.17977555060389225 -0.023633282958643934 0.13793855407599112 -0.031053034534172432 0.41331188137224112 0.036745841475439231 0.17589441826734409 0.197447875944948 0.015808362532115407 0.39265355216311471 0.22111043934237268 -0.019937446678267152 0.098658870364996265 0.2775004242136685 0.062567418735153396 0.12148254353445125 0.26686303021934099 0.22592397930665487 0.21863542722364537 0.17280040964185589
leaf_weight=128.54122283868492 12.785879224538801 4.6951313633471718 83.874618040397763 67.897781804203987 95.156447047367692 15.766397681087257 5.3176541700959197 6.5873514413833645 29.89535516127944 56.148452980443835 5.446559526026248 41.885807774960995 27.339109387248755 1.0395527407526963 1.6844697389751671 3.5397413577884427 6.5796630419790736 2.7375457026064387 41.02054806984961 1.6277027260512111 2.696712687611579 1800.1850523147732 22.133926330134273 1.3480690419673909 24.440154653042555 8.6346172392368299 2.1125245615839958 1.5052679777145375 1.0763761568814505 2.0536783784627906
leaf_count=4867 418 105 2838 2135 3464 504 186 124 314 686 57 1675 415 33 33 114 94 70 1357 47 23 79149 474 17 548 90 57 21 25 60
internal_value=-0.00037339 -0.00738098 -0.00963973 0.0838966 -0.014955 0.118134 0.0398173 0.0241354 0.141423 0.139157 0.0392413 0.0272645 0.112269 0.0404988 0.0729499 0.189463 0.0568102 0.00863546 0.0399181 0.227516 0.0284725 -0.0183025 0.153566 0.0175374 0.0897164 0.0294328 0.122752 0.0179807 -0.0175635 0.0106948
internal_weight=2505.75 2313.38 2278.79 192.373 2057.65 108.888 221.143 162.306 34.5905 91.0683 83.4842 188.486 32.6568 145.524 60.3009 7.33674 52.9642 131.279 46.3845 2.66726 43.7173 1895.34 78.2824 85.2227 31.0275 78.0377 5.65227 69.403 42.9622 17.8201
internal_count=100000 95555 95136 4445 88222 2142 6914 5609 419 1578 2303 6313 601 4613 1758 204 1554 4937 1460 80 1380 82613 1160 2855 672 2246 171 2156 1700 564
is_linear=0
shrinkage=0.03


Tree=6
num_leaves=31
num_cat=0
split_feature=22 241 346 310 28 48 4 27 25 47 320 267 65 43 47 15 113 27 341 7 436 127 8 437 43 392 367 365 90 397
split_gain=1460.11 554.976 549.32 300.398 289.673 225.351 259.484 162.602 271.533 156.057 131.784 127.766 122.919 122.541 110.673 104.152 101.475 100.885 93.9691 112.279 98.3737 93.9319 100.578 164.53 86.3298 82.4384 79.8201 114.75 69.6505 67.8601
threshold=2.5000000000000004 1.5000000000000002 1.0000000180025095e-35 1.5000000000000002 1.0000000180025095e-35 1.0000000180025095e-35 302.50000000000006 8.5000000000000018 8.5000000000000018 1.5000000000000002 7.627199888229371 48.490999221801765 2.5000000000000004 162.50000000000003 -1.0000000180025095e-35 1.5000000000000002 2.5000000000000004 1.5000000000000002 1.5000000000000002 225.50000000000003 -121.03023370641502 1.5000000000000002 1.5000000000000002 110.50000000000001 361.50000000000006 -58.999999999999993 110.09349822998048 57.954999923706062 6.5000000000000009 -1.0000000180025095e-35
decision_type=2 10 10 10 2 2 8 2 2 2 10 10 10 10 2 2 8 2 2 10 2 8 2 2 10 8 2 2 10 8
left_child=1 2 4 7 9 12 -7 8 17 -1 -5 -3 -4 18 -6 24 -16 -2 21 20 -20 22 23 -8 -15 -9 27 -21 -27 -12
right_child=3 11 5 10 14 6 13 25 -10 -11 29 -13 -14 15 16 -17 -18 -19 19 26 -22 -23 -24 -25 -26 28 -28 -29 -30 -31
leaf_value=0.009769063302988077 0.12263883714592476 0.047680659893605502 0.0054469260689503996 0.15007471432434891 -0.024329995777563337 -0.0019261012285600573 0.57183644109861798 0.17427163211749835 0.19197786121457977 0.086946532029921739 0.11747813233063342 0.15083592574330246 0.4090100562231227 -0.030851923017629759 -0.0093179377023111971 -0.018127989728291754 0.34968062765856267 0.019087327293366645 0.36925602681123254 0.14433282718560181 -0.023238827413432563 0.14203999570328624 0.017823762456786203 0.099301515432212994 0.23190227902126276 0.010124860419787234 0.16515160554490332 0.48028995507874311 0.22426308609344695 0.0015009294574661492
leaf_weight=122.33129379339516 11.669963702559469 21.623099826276302 183.53136290609837 52.921245783567429 1119.5162198599428 41.382737204432487 0.74645418114960449 3.0185849163681269 16.156101364642382 29.210586981847882 8.6374713834375125 21.601754363626242 0.68178468011319537 1.7163585443049694 672.82522348687053 14.084771037101744 0.70937011390924354 30.856130473315716 0.67433907277882088 1.6925778817385446 3.890221370384098 16.54921124689281 20.207052793353796 5.9432226773351431 3.2684995736926794 70.893525132909417 11.297495646402238 1.9917741511017082 1.3939085714519013 9.5729201603680867
leaf_count=4548 203 427 6336 516 49981 1542 25 50 142 612 111 236 22 65 29628 532 26 1009 22 40 136 256 679 159 53 2218 168 43 16 199
internal_value=-0.000393449 -0.00724612 -0.00928965 0.0762941 -0.0151828 0.0279586 0.0593233 0.0498418 0.0872797 0.0246455 0.126121 0.0992328 0.00694054 0.0902105 -0.0185489 0.0235815 -0.00893984 0.0475038 0.110381 0.165008 0.0347459 0.085804 0.0512027 0.152028 0.141432 0.0206682 0.204696 0.325952 0.0142541 0.0565107
internal_weight=2500.6 2295.48 2252.25 205.12 1944.59 307.658 123.445 133.988 58.6822 151.542 71.1316 43.2249 184.213 82.062 1793.05 19.0696 673.535 42.5261 62.9923 19.5464 4.56456 43.4459 26.8967 6.68968 4.98486 75.306 14.9818 3.68435 72.2874 18.2104
internal_count=100000 95536 94873 4464 84795 10078 3720 3638 1354 5160 826 663 6358 2178 79635 650 29654 1212 1528 409 158 1119 863 184 118 2284 251 83 2234 310
is_linear=0
shrinkage=0.03


Tree=7
num_leaves=31
num_cat=0
split_feature=26 208 346 28 438 30 48 4 30 5 25 355 249 14 1 4 138 5 355 2 65 139 400 8 392 65 122 7 29 438
split_gain=1321.27 673.732 516.417 278.832 225.492 182.819 172.687 236.542 145.126 139.508 103.624 97.2261 90.8908 90.0232 80.7703 79.8552 79.0759 76.4811 74.8946 78.1983 73.3492 72.1424 67.7824 64.9716 64.1491 61.9755 58.4286 57.8068 75.5554 65.21
threshold=1.5000000000000002 1.5000000000000002 1.5000000000000002 1.0000000180025095e-35 4590.0000000000009 5.5000000000000009 1.0000000180025095e-35 302.50000000000006 7.5000000000000009 174.00000000000003 2.5000000000000004 2.5000000000000004 1.5000000000000002 1.5000000000000002 78.95849990844728 553.50000000000011 1.5000000000000002 149.50000000000003 1.5000000000000002 1.5000000000000002 1.0000000180025095e-35 2.5000000000000004 4.5000000000000009 1.5000000000000002 -28.999999999999996 2.5000000000000004 1.0000000180025095e-35 194.50000000000003 32.500000000000007 25538.500000000004
decision_type=2 10 10 2 2 10 2 8 8 10 2 8 10 2 2 10 10 10 10 2 10 10 10 2 8 10 8 10 2 2
left_child=1 2 3 9 5 17 25 -8 14 10 22 21 26 -3 -5 16 20 -2 -16 -20 -9 -6 -1 -11 -19 -4 -10 -22 -29 -30
right_child=4 13 6 8 11 -7 7 15 12 23 -12 -13 -14 -15 18 -17 -18 24 19 -21 27 -23 -24 -25 -26 -27 -28 28 29 -31
leaf_value=0.0029551612069558322 -0.0235281978485102 -0.0074771099422695003 0.0076238848224259364 -0.0075282686151835294 0.015597542421684879 0.0073269599815983166 -0.0056665337979455608 0.023340009429227641 -0.012928281464816734 0.11115466695053168 0.21334181809146574 0.12791097174249549 0.14471699811253438 0.13053495068395174 0.033504728335702477 0.012216225087727588 -0.031162143053108889 0.17523613497714768 0.38049431360553482 0.05965047431798081 0.031128705853583277 0.12329507810407284 0.32545172982319159 0.03482548930450613 0.10661612397967037 0.27596258977751009 -0.02419900298543988 0.17981325820034033 0.001239942245341396 0.12778188371893842
leaf_weight=133.9853655975312 3.6626339610666028 4.8288733996450892 104.01469421759248 66.885881146416068 74.163668168708682 17.749036123976111 29.651553206145763 6.6198339387774459 681.66443435661495 19.191533446311951 2.1700072344392529 8.9622299261391145 3.028594806790351 35.709206361323595 51.189192019402981 8.9278131257742626 3.4381332490593186 14.190311912447212 1.1658087018877261 1.6531633157283065 4.826549978926777 6.054872812703251 0.58913444355130096 21.039598410949111 90.189837146550417 0.7804451696574678 1054.118228521198 22.050027046352625 4.6284717358648804 17.609210357069969
leaf_count=5035 96 105 3387 2533 2133 547 1084 220 30588 348 27 105 48 314 1828 284 109 144 35 55 159 65 20 419 1355 17 48255 349 156 180
internal_value=-0.000410415 -0.00711466 -0.009309 -0.0138523 0.0706876 0.0965581 0.0363757 0.0650569 -0.0172766 0.0221306 0.00768321 0.0341965 -0.0194863 0.114095 0.0145064 0.0958508 0.108469 0.111217 0.0417951 0.192338 0.117083 0.0237265 0.00436697 0.0712369 0.115945 0.00962229 -0.0197728 0.129718 0.140463 0.101444
internal_weight=2494.74 2279.77 2239.23 2036.68 214.973 125.792 202.547 97.7516 1859.71 176.976 136.745 89.1808 1738.81 40.5381 120.894 68.1 59.1722 108.043 54.0082 2.81897 55.7341 80.2185 134.575 40.2311 104.38 104.795 1735.78 49.1143 44.2877 22.2377
internal_count=100000 95555 95136 89191 4445 2142 5945 2541 83342 5849 5082 2303 78891 419 4451 1457 1173 1595 1918 90 1064 2198 5055 767 1499 3404 78843 844 685 336
is_linear=0
shrinkage=0.03


Tree=8
num_leaves=31
num_cat=0
split_feature=22 47 250 105 8 30 27 25 65 27 400 185 335 424 3 27 119 27 9 438 408 365 315 207 27 3 378 3 33 393
split_gain=1186.56 440.018 433.582 304.941 278.946 233.563 203.69 182.114 156.013 147.607 140.348 143.743 126.32 108.655 180.192 108.53 94.2632 91.4481 84.1558 78.4377 74.278 72.9949 68.6483 68.3506 67.9085 66.7799 66.6334 75.1953 66.5873 65.1054
threshold=2.5000000000000004 -1.0000000180025095e-35 1.5000000000000002 1.5000000000000002 1.5000000000000002 138.50000000000003 274.50000000000006 8.5000000000000018 2.5000000000000004 1.5000000000000002 1.0000000180025095e-35 27.976999282836918 1.5000000000000002 248.00000000000003 6328.5000000000009 1.0000000180025095e-35 1.5000000000000002 22.500000000000004 384.50000000000006 3941.5000000000005 101.00000000000001 705.97500610351574 54.230150222778327 1.5000000000000002 1.0000000180025095e-35 7827.5000000000009 6.5000000000000009 2041.5000000000002 156.50000000000003 36141.000000000007
decision_type=2 2 10 8 2 10 2 2 10 2 10 2 2 2 2 2 10 2 8 2 8 2 8 10 2 2 10 2 8 10
left_child=1 2 13 4 10 6 7 9 12 -2 11 15 24 20 -15 -3 21 19 -5 -13 -1 -14 -12 -22 -6 -20 27 -11 -8 -27
right_child=5 3 -4 18 8 -7 28 -9 -10 26 22 17 16 14 -16 -17 -18 -19 25 -21 23 -23 -24 -25 -26 29 -28 -29 -30 -31
leaf_value=0.35852415595036929 0.11566834247911302 0.075642627577222774 0.10077855127004698 0.06465862070706177 0.027114085050316997 -0.022444773532590431 0.066212613165075609 0.13483631560552914 0.48960202824228771 0.13345925916311455 0.41449272185149083 0.039598096212176095 0.0076561896589319037 0.52954163825802447 -0.030727851453283439 0.010362330196258823 0.078089342162134909 -0.030782362769999547 0.25091390186384716 0.1266657723680967 -0.022326773814139025 0.20030732839076998 0.069821698190483061 0.10903984291723028 -0.013669274782457497 -0.019210772961175508 0.27018514064238258 0.0068171814881381925 0.0068309881177186062 0.18784838934426076
leaf_weight=0.46198783814906974 29.561621388420463 26.650896400213242 26.698133550584316 17.34377024136484 39.411623051390052 24.457353265956044 31.068526493385434 62.194632502272725 0.57564949244260688 4.7886610161513081 1.2779092192649835 14.678621722385286 134.03252592682838 0.85542510822415296 1.3044735752046106 163.75990989804268 21.29273377917707 5.9945495203137389 5.0494542475789768 25.471541315317154 1221.9769813846797 1.7937635201960791 0.87697374448180188 3.5750592630356541 543.11597385257483 2.3641947619616985 0.99659912474453349 35.51208302937448 37.519563609734178 3.2392132561653852
leaf_count=14 341 591 284 261 1161 876 517 527 14 75 36 421 4707 29 57 6865 514 245 66 523 55651 31 19 54 23890 57 39 980 1109 46
internal_value=-0.000422227 -0.00697269 -0.0188257 0.00779898 0.00500704 0.0651059 0.075725 0.0973735 -0.00408706 0.0644914 0.0332071 0.0310116 -0.00447129 -0.0214257 0.191166 0.0194993 0.0194007 0.0785159 0.105422 0.0948344 -0.0218002 0.0102004 0.274222 -0.0219436 -0.01091 0.171789 0.0278577 0.0218652 0.0337292 0.100486
internal_weight=2487.9 2261.8 1254.87 1006.93 978.933 226.099 201.642 133.054 740.222 70.859 238.71 236.556 739.647 1228.17 2.1599 190.411 157.119 46.1447 27.9966 40.1502 1226.01 135.826 2.15488 1225.55 582.528 10.6529 41.2973 40.3007 68.5881 5.60341
internal_count=100000 95536 56089 39447 39017 4464 3588 1962 30317 1435 8700 8645 30303 55805 86 7456 5252 1189 430 944 55719 4738 55 55705 25051 169 1094 1055 1626 103
is_linear=0
shrinkage=0.03


Tree=9
num_leaves=31
num_cat=0
split_feature=26 369 207 27 15 27 27 408 48 4 25 108 30 110 311 28 24 46 1 130 128 4 139 122 249 98 15 318 36 31
split_gain=1083.98 522.927 483.885 243.928 175.881 204.484 124.104 112.416 108.112 118.457 108.559 111.179 94.5912 89.1472 93.0675 81.3433 69.2537 54.3444 54.2417 54.0905 54.9309 53.1457 52.731 50.2545 62.7967 49.8681 46.4319 44.771 60.9797 44.0925
threshold=1.5000000000000002 108.70270156860353 1.5000000000000002 1.0000000180025095e-35 3.5000000000000004 8.5000000000000018 20.500000000000004 170.50000000000003 1.0000000180025095e-35 298.50000000000006 2.5000000000000004 1.5000000000000002 4.5000000000000009 1.5000000000000002 2.5000000000000004 1.0000000180025095e-35 1.5000000000000002 1.0000000180025095e-35 76.974998474121108 4.5000000000000009 2.5000000000000004 181.50000000000003 2.5000000000000004 1.0000000180025095e-35 1.5000000000000002 1.5000000000000002 6.5000000000000009 12.089299678802492 98.812500000000014 1.5000000000000002
decision_type=2 10 10 2 2 2 2 10 2 8 2 8 8 8 10 2 2 2 2 10 10 10 10 8 10 10 2 10 10 8
left_child=1 2 3 7 15 27 8 16 10 25 19 -12 18 14 22 29 -1 -11 -5 20 26 -9 -7 -14 -25 -10 -3 -6 -29 -2
right_child=4 6 -4 12 5 13 -8 21 9 17 11 -13 23 -15 -16 -17 -18 -19 -20 -21 -22 -23 -24 24 -26 -27 -28 28 -30 -31
leaf_value=0.0036663028318175638 0.019327100512446831 0.0022509353671494778 0.097589510106413729 -0.0068660176484979145 0.11710680988730748 0.012086515736697515 -0.0086369943797557462 0.129535567174732 -0.0026891171723618388 0.10497839746793974 -0.0054713751965487145 0.14414899560141647 -0.012558741935541686 0.1261716183684076 0.11727543495955402 0.0098781568899206553 0.13521417830420246 0.045709464971977504 0.038717846426054067 0.1102626619756152 0.27398981700131303 0.045902970041954531 0.12237918670415357 -0.023531564120957221 0.12234317890499721 0.24518771582249319 0.23339446375288855 -0.034290094225632839 0.17257015999553035 0.1833316420137984
leaf_weight=131.87400360777974 2.3396399877965441 88.188273889943957 35.610867833718657 58.714936042204499 76.743766758590937 59.236459914594889 49.768350077793002 8.9828961174935085 20.065242052078251 48.810090376064181 7.0296134408563402 12.274503631517289 666.88830521702766 10.529215820133684 10.130199335515497 62.035610545426607 3.7029194347560397 19.480142887681723 39.165020102635026 4.7482246756553641 0.68495816364884277 28.646176705136895 4.1764133647084227 1016.81179940328 2.6628999523818484 0.75805068574845691 0.7891589105129232 4.0355143453925839 1.8800584524869917 3.993783863261342
leaf_count=4868 49 2799 284 2154 650 1446 1816 120 657 801 225 144 30671 115 57 1965 70 445 1319 71 10 515 44 48519 29 18 20 50 21 48
internal_value=-0.000434172 -0.00685062 -0.0120044 -0.0139982 0.0608551 0.077471 0.033814 0.019992 0.0442303 0.068972 0.0248412 0.0896646 -0.0172978 0.0445281 0.0328392 0.0203338 0.00725918 0.0880716 0.0113736 0.0115868 0.00636123 0.0658679 0.0193505 -0.0189619 -0.0231505 0.00633459 0.00430099 0.110977 0.0314532 0.122746
internal_weight=2480.76 2245.66 1993.06 1957.45 235.101 166.732 252.597 173.206 202.828 89.1135 113.715 19.3041 1784.24 84.0723 73.5431 68.369 135.577 68.2902 97.88 94.4106 89.6624 37.6291 63.4129 1686.36 1019.47 20.8233 88.9774 82.6593 5.91557 6.33342
internal_count=100000 95555 88549 88265 4445 2383 7006 5573 5190 1921 3269 369 82692 1662 1547 2062 4938 1246 3473 2900 2829 635 1490 79219 48548 675 2819 721 71 97
is_linear=0
shrinkage=0.03


Tree=10
num_leaves=31
num_cat=0
split_feature=26 369 208 27 97 438 439 10 8 47 27 18 9 436 48 373 311 59 29 356 408 249 110 43 436 16 8 422 373 49
split_gain=985.547 486.571 456.502 234.112 153.736 111.984 102.731 100.075 97.2201 85.9944 83.5907 81.3909 69.6203 69.0054 68.2586 67.4185 62.4152 62.0619 59.8004 59.1755 58.0093 57.4455 54.7932 54.4418 53.8102 53.1683 67.6267 63.4295 56.3799 53.7362
threshold=1.5000000000000002 108.70270156860353 1.5000000000000002 1.0000000180025095e-35 1.5000000000000002 39680.500000000007 139597.50000000003 80.500000000000014 1.5000000000000002 -1.0000000180025095e-35 20.500000000000004 1.5000000000000002 203.50000000000003 57.921875000000014 1.0000000180025095e-35 321.63000488281256 2.5000000000000004 2.5000000000000004 131.50000000000003 1.5000000000000002 218.50000000000003 1.5000000000000002 1.5000000000000002 154.50000000000003 -168.94979087388447 2.5000000000000004 1.5000000000000002 44.500000000000007 49.975000381469734 1.0000000180025095e-35
decision_type=2 10 10 2 8 2 2 10 2 2 2 2 10 2 2 8 10 10 2 10 8 10 8 10 2 2 2 2 10 2
left_child=1 2 3 7 8 6 17 -1 -2 19 12 -9 -8 15 24 23 22 -3 20 21 -6 -5 -10 25 -7 26 27 29 -28 -14
right_child=4 5 -4 9 18 14 10 11 16 -11 -12 -13 13 -15 -16 -17 -18 -19 -20 -21 -22 -23 -24 -25 -26 -27 28 -29 -30 -31
leaf_value=0.054875622543896184 0.063782829272449659 0.0028868326346516613 0.087727222737513336 -0.023518481308990109 -0.032218761692307113 0.20053415970500807 0.001030240493407377 0.0018069712352782991 -0.0052257221331573024 -0.0088579528314020571 -0.021985340453679746 0.20016358655049094 0.21806698952472675 0.014002548503455753 0.10004353028171993 0.33739430585634295 0.10741585180760091 0.17043487920578121 0.014234870984220938 0.052861646350122124 0.093770018888842566 0.11116799305303869 0.083484456057940304 -0.023370074982196537 -0.0062788038837033096 0.12818171956420393 0.0023082782393927369 0.002586126165563953 0.23513668711830693 -0.0059702896388600744
leaf_weight=50.251923048868775 58.159196794033051 123.43811819516122 40.623246820643544 1060.3180202804506 3.4026840794831505 1.2661859057843674 14.867668297141789 123.83908278681338 60.936479864642024 679.66565950028598 13.309013495221732 1.8901831321418274 5.226673923432827 13.802243964746593 30.707591274753213 0.97139982879161735 5.6803435087203971 2.0223027765750876 10.457606123760341 9.2967618461698276 98.530196754261851 2.8577184416353694 6.9847445692867032 3.841350879520177 10.70615711994469 21.479368628934026 12.506153941154478 2.6638776790350676 1.01176748238504 1.1813131868839262
leaf_count=871 1170 4057 327 51488 70 11 441 4674 1870 30788 525 26 78 408 279 16 36 18 183 345 969 30 147 112 313 248 367 77 25 31
internal_value=-0.00044043 -0.0067115 -0.0117968 -0.0138937 0.0567796 0.0319435 0.0231813 0.0190914 0.0347933 -0.0172066 0.0474747 0.00478902 0.059395 0.0732382 0.0763541 0.0899639 0.0118862 0.00558755 0.0825551 -0.0224975 0.0895643 -0.0231565 0.00389687 0.0849472 0.0155936 0.0943888 0.062257 0.125619 0.0197346 0.176766
internal_weight=2471.9 2227.74 1968.74 1928.12 244.151 259.001 216.321 175.981 131.761 1752.14 90.8608 125.729 77.5518 62.6841 42.6799 48.8819 73.6016 125.46 112.39 1072.47 101.933 1063.18 67.9212 47.9105 11.9723 44.0692 22.5898 9.07186 13.5179 6.40799
internal_count=100000 95555 88549 88222 4445 7006 6403 5571 3223 82651 2328 4700 1803 1362 603 954 2053 4075 1222 51863 1039 51518 2017 938 324 826 578 186 392 109
is_linear=0
shrinkage=0.03


Tree=11
num_leaves=31
num_cat=0
split_feature=26 369 208 28 15 74 438 400 439 14 47 0 127 3 397 430 110 405 396 393 48 408 392 59 3 9 366 7 24 378
split_gain=897.59 453.765 415.048 222.6 141.605 148.663 98.0529 94.5672 91.0959 88.6767 84.4372 72.3732 69.0888 72.2751 66.2886 107.161 64.7386 62.3157 68.3218 61.2276 57.6223 56.3965 54.9123 52.246 49.7932 53.5149 51.9486 67.5531 49.1707 162.138
threshold=1.5000000000000002 108.70270156860353 1.5000000000000002 1.0000000180025095e-35 3.5000000000000004 1.5000000000000002 39680.500000000007 4.5000000000000009 139597.50000000003 15.500000000000002 -1.0000000180025095e-35 1783694.5000000002 1.0000000180025095e-35 1406.5000000000002 -4.4999999999999991 1.0000000180025095e-35 3.5000000000000004 -329.99999999999994 2.5000000000000004 97109.000000000015 1.0000000180025095e-35 104.00000000000001 -28.999999999999996 2.5000000000000004 12451.500000000002 203.50000000000003 181.18499755859378 194.50000000000003 2.5000000000000004 6.5000000000000009
decision_type=2 10 10 2 2 8 2 10 2 2 2 2 8 2 8 2 8 10 8 8 2 8 8 10 2 10 2 10 2 10
left_child=1 2 3 7 16 -6 8 9 23 21 28 14 -10 -14 15 -11 -2 -17 -19 -7 -8 -1 -21 -3 25 -15 -27 -28 29 -5
right_child=4 6 -4 10 5 19 20 -9 12 11 -12 -13 13 24 -16 17 -18 18 -20 22 -22 -23 -24 -25 -26 26 27 -29 -30 -31
leaf_value=0.3003272519302565 0.011544766274315069 0.0027926202391596569 0.080928653662908093 -0.023686143092653003 0.094124123063443546 0.08368391384521752 0.014941408756192348 0.23607814629637741 -0.0029991694670313471 0.028377585271154231 -0.0086884958135032206 -0.0041796326640405239 0.34158625310313434 -0.0021822957396329095 0.037414337934984845 0.13615413467709633 0.15351475253757629 0.064759571643206143 0.43977235211381049 0.090163725226926866 0.09167555814874577 -0.0065066104822391821 0.014505450135931429 0.14896107151919563 0.0082095709734944494 0.058953092722592727 -0.031132760156126392 0.15072266529179801 0.017456700687023669 0.42591333360550804
leaf_weight=0.54232245683669944 69.062318539246917 123.76925751753151 42.681364009156823 1021.5575067196041 91.433101749047637 21.672663742676377 12.085015786811708 1.7721699252724636 21.37174311093986 7.4443646315485221 671.99550034664571 26.155141778290272 0.80196592770516772 8.2292447444051486 45.642860654741526 5.6829662676900625 3.0170486792922011 0.62333071604371071 1.4644683338701727 10.146446323022245 32.476280961185694 91.401655422523618 57.911010507494211 2.2406843900680533 15.823128148913382 32.26435523852706 2.1310125309973929 13.387517860159278 27.259820990264416 0.72240665182471175
leaf_count=13 2026 4057 327 50738 795 255 324 26 715 203 30750 716 13 243 1140 116 36 20 46 122 279 3329 1211 18 464 639 63 191 1097 28
internal_value=-0.000444919 -0.00657642 -0.0115907 -0.0136666 0.0530521 0.0672023 0.0302842 0.0180066 0.0220651 0.0158471 -0.0169917 0.0375551 0.0444141 0.0583644 0.0554916 0.109721 0.0174872 0.187647 0.327809 0.0397695 0.0708653 -0.00469678 0.0257851 0.00539176 0.0552025 0.0684777 0.0806469 0.12575 -0.0223081 -0.0233684
internal_weight=2462.77 2209.53 1944.95 1902.26 253.243 181.163 264.58 180.729 220.019 178.957 1721.54 87.0131 94.009 72.6372 60.858 15.2151 72.0794 7.77077 2.0878 89.7301 44.5613 91.944 68.0575 126.01 71.8353 56.0121 47.7829 15.5185 1049.54 1022.28
internal_count=100000 95555 88549 88222 4445 2383 7006 5609 6403 5583 82613 2241 2328 1613 1525 385 2062 182 66 1588 603 3342 1333 4075 1600 1136 893 254 51863 50766
is_linear=0
shrinkage=0.03


Tree=12
num_leaves=31
num_cat=0
split_feature=22 47 201 369 28 30 24 438 15 28 106 335 424 3 128 251 250 8 8 9 28 438 24 25 3 107 128 181 338 400
split_gain=834.928 378.188 325.103 238.491 222.493 162.865 117.939 115.083 111.252 111.049 103.975 94.7295 89.4292 81.5522 76.6886 75.7321 73.1443 65.6852 61.0924 55.1582 55.1236 49.4536 49.422 46.9007 46.6256 46.5453 46.059 45.0274 48.9828 44.0758
threshold=2.5000000000000004 -1.0000000180025095e-35 1.5000000000000002 286.25000000000006 1.0000000180025095e-35 148.50000000000003 287.50000000000006 3941.5000000000005 8.5000000000000018 1.5000000000000002 2.5000000000000004 1.5000000000000002 248.00000000000003 6328.5000000000009 1.0000000180025095e-35 1.5000000000000002 2.5000000000000004 1.5000000000000002 1.5000000000000002 407.00000000000006 1.0000000180025095e-35 7681.0000000000009 5.5000000000000009 2.5000000000000004 3944.5000000000005 2.5000000000000004 2.5000000000000004 43.960000991821296 1.0000000180025095e-35 1.0000000180025095e-35
decision_type=2 2 10 10 2 10 2 2 2 2 8 2 2 2 8 10 10 2 2 10 2 2 2 2 2 10 10 2 10 10
left_child=1 2 12 4 15 6 8 -5 9 25 11 17 16 -14 -9 -3 20 29 -16 24 23 -8 -22 -1 -20 -2 27 -13 -29 -6
right_child=5 3 -4 7 10 -7 21 14 -10 -11 -12 26 13 -15 18 -17 -18 -19 19 -21 22 -23 -24 -25 -26 -27 -28 28 -30 -31
leaf_value=-0.0034549930387665051 0.087441758337955242 0.031554864322094665 0.082136980219137762 0.0031121063857349647 0.0067638866721239687 -0.023653416796428538 0.044134642864972956 -0.0026744950669321211 0.097865098981780516 0.0075910934027782449 0.20583983923080537 0.0080150425943465269 0.33122962659442928 -0.008034925592883619 0.11011991214726793 0.10050926534163818 0.11851920295844905 -0.01527273273743175 -0.015391974724383689 -0.026579061390746193 -0.023719185814414082 -0.007843119326754704 0.27974389319876602 0.20054721580241672 0.075084240020872065 -0.032063163538615568 0.28616932007570378 0.078827143127152721 -0.014191872321037512 0.20530655178384444
leaf_weight=113.52406067028642 41.57193062081933 77.702230948954821 28.431420059874654 45.68864419311285 136.25728347152472 24.12606050632894 50.474125187844038 14.676208058372138 79.693506712093949 34.870774123817682 2.1137445215135804 131.00448811613023 1.2403268776834004 1.3124186657369135 25.78474584966898 17.577906303107738 3.3739781640470019 485.62886602804065 5.761270420625805 6.6568272225558749 1024.1249514259398 24.456662721931934 0.48323237709700961 1.0234091281890858 46.506466461345553 3.1559065859764805 0.56594542227685352 17.703290868550543 7.1538582015782586 1.0138057582080353
leaf_count=4144 476 1973 238 1358 5934 855 956 478 589 894 30 4663 28 58 333 132 20 22603 189 209 51564 628 23 14 698 66 13 561 246 27
internal_value=-0.000449758 -0.00645311 -0.018072 0.00689099 0.000995236 0.0505635 0.0582082 0.0425206 0.0728087 0.0477225 -0.00428194 -0.00485184 -0.0205601 0.156807 0.0606372 0.044276 -0.0209564 -0.0100933 0.0716061 0.0547529 -0.0213695 0.0271696 -0.0235761 -0.00163236 0.0651114 0.0790097 0.0160198 0.0150388 0.0520564 0.00823021
internal_weight=2453.66 2195.31 1173.51 1021.8 876.721 258.349 234.223 145.074 159.292 79.5986 781.441 779.328 1145.08 2.55275 99.3855 95.2801 1142.53 622.9 84.7093 58.9246 1139.16 74.9308 1024.61 114.547 52.2677 44.7278 156.428 155.862 24.8571 137.271
internal_count=100000 95536 56089 39447 36182 4464 3609 3265 2025 1436 34077 34047 55851 86 1907 2105 55765 28564 1429 1096 55745 1584 51587 4158 887 542 5483 5470 807 5961
is_linear=0
shrinkage=0.03


Tree=13
num_leaves=31
num_cat=0
split_feature=22 369 28 295 30 30 241 27 25 65 438 10 11 122 27 436 27 400 344 378 24 45 33 26 3 323 1 267 59 11
split_gain=767.386 342.499 341.04 147.121 145.81 126.725 115.156 112.817 95.328 91.198 87.4096 72.7466 69.9233 69.1763 66.3962 52.2996 52.0312 52.018 49.5568 48.2479 47.1808 44.2692 43.4154 42.0414 41.7067 41.22 39.8087 39.1778 38.6104 39.8888
threshold=2.5000000000000004 108.70270156860353 1.0000000180025095e-35 1.5000000000000002 148.50000000000003 5.5000000000000009 1.5000000000000002 274.50000000000006 4.5000000000000009 1.0000000180025095e-35 3941.5000000000005 80.500000000000014 949.50000000000011 1.0000000180025095e-35 42.500000000000007 -131.27771724137929 1.5000000000000002 5.5000000000000009 4.5000000000000009 6.5000000000000009 5.5000000000000009 1.0000000180025095e-35 156.50000000000003 1.5000000000000002 15066.500000000002 5.0360500812530526 76.974998474121108 48.490999221801765 2.5000000000000004 18.500000000000004
decision_type=2 10 2 10 10 8 10 2 2 10 2 10 10 8 2 2 2 10 8 10 2 2 8 2 2 10 2 10 10 10
left_child=1 2 3 11 7 23 13 8 16 12 18 24 -3 28 15 -12 -2 -13 -11 -18 -15 -17 25 26 -1 -9 -4 -8 -7 -30
right_child=4 9 5 -5 -6 6 27 22 -10 10 14 17 -14 20 -16 21 19 -19 -20 -21 -22 -23 -24 -25 -26 -27 -28 -29 29 -31
leaf_value=0.057903114949917428 0.071969817261793412 -0.0032583776918098679 -0.0061683672082087707 0.08659726546583453 -0.023462445785524359 -0.011318166472146009 0.0050294255300494051 0.062488198234971093 0.085190533899141732 0.0018126898279739454 0.1179301707908952 0.00096544515055993116 0.21902417214279879 -0.023985817372216299 -0.030940381840071599 0.065574818337485838 0.0054497839386667022 0.29133978193304588 0.13621356337707816 0.18705113058498468 0.26595659503577057 0.024324011415131196 0.0035073337272439145 0.074829928409798394 -0.0020730013791500097 -0.022665323156822393 0.031918827220486751 0.080749346307844458 0.017938429118534407 0.39702808357269043
leaf_weight=42.639433622360229 22.644255183637142 85.232536422088742 58.355332562699914 30.012235106900334 23.600731218233705 654.10030436888337 11.189608942717316 30.911047929897904 108.22817067615688 56.890477079898119 11.712217608466743 125.52329201251268 1.2929821833968151 905.74613864161074 8.1138048470020276 66.324776979163289 31.778736244887114 0.55770597234368224 2.5811404399573794 1.3736000917851914 0.50539009459316631 36.190222224220634 40.70290944725275 9.8656675182282907 13.816156620159743 6.1309113167226306 42.821675969287753 13.654142787680028 0.61462743394076713 0.42086704261600971
leaf_count=662 262 2650 2220 269 855 31077 237 403 809 1737 125 4606 24 47411 303 1156 875 13 21 36 19 913 1109 255 238 115 1429 125 26 20
internal_value=-0.000453221 -0.00632136 -0.0107805 0.0250435 0.0477125 -0.0152667 -0.0174356 0.0546604 0.0687691 0.0254153 0.0374804 0.0149229 6.3271e-05 -0.0184552 0.0519834 0.0578737 0.0369167 0.00224989 0.00764585 0.0129741 -0.0238241 0.0510123 0.0248939 0.0157156 0.0432254 0.0483942 0.00995148 0.0466451 -0.0110284 0.172016
internal_weight=2443.53 2178.16 1909.82 212.549 265.37 1697.27 1586.23 241.77 164.025 268.338 181.813 182.537 86.5255 1561.39 122.341 114.227 55.7966 126.081 59.4716 33.1523 906.252 102.515 77.7449 111.043 56.4556 37.042 101.177 24.8438 655.136 1.03549
internal_count=100000 95536 88607 5788 4464 82819 78915 3609 1982 6929 4255 5519 2674 78553 2497 2194 1173 4619 1758 911 47430 2069 1627 3904 900 518 3649 362 31123 46
is_linear=0
shrinkage=0.03


Tree=14
num_leaves=31
num_cat=0
split_feature=22 369 28 15 30 30 241 27 15 65 438 7 438 121 90 14 11 438 8 437 411 5 139 108 384 373 24 411 8 210
split_gain=707.11 320.871 321.862 160.902 131.239 121.211 108.161 101.232 101.8 82.1034 76.8841 71.9844 86.5621 67.7741 66.7973 60.6316 56.4096 52.4411 48.9803 47.7094 47.0913 46.5137 44.8579 42.9353 42.0478 41.5975 41.239 44.5647 58.6315 41.1318
threshold=2.5000000000000004 108.70270156860353 1.0000000180025095e-35 1.5000000000000002 148.50000000000003 5.5000000000000009 1.5000000000000002 8.5000000000000018 3.5000000000000004 1.0000000180025095e-35 3941.5000000000005 103.00000000000001 14870.500000000002 1.0000000180025095e-35 2.5000000000000004 1.0000000180025095e-35 949.50000000000011 39680.500000000007 1.5000000000000002 850.50000000000011 164.00000000000003 181.50000000000003 3.5000000000000004 3.5000000000000004 18.500000000000004 54.969999313354499 2.5000000000000004 490.00000000000006 1.5000000000000002 1.5000000000000002
decision_type=2 10 2 2 10 8 10 2 2 10 2 8 2 8 10 2 10 2 2 2 8 10 10 8 10 8 2 10 2 8
left_child=1 2 3 21 7 -4 13 8 15 16 23 12 -12 22 20 -2 -3 18 19 -13 -9 -1 -7 -11 -5 -20 -15 -28 -29 -10
right_child=4 9 5 24 -6 6 -8 14 29 10 11 17 -14 26 -16 -17 -18 -19 25 -21 -22 -23 -24 -25 -26 -27 27 28 -30 -31
leaf_value=-0.0010536890177171479 0.22635385116484741 -0.0031702034611192013 0.015010509230356447 0.079189470297889447 -0.023269629584819356 -0.011209290480755259 0.04410603594572457 0.11250929604519423 0.17040651660139333 0.0014251361372985512 0.36526008756072864 -0.024094687149853106 0.092058362478602301 -0.023988233647545723 0.082647661486183424 0.015421053087312215 0.18215976033519918 0.0699306527817634 0.0046497671186297319 0.090124005067439034 0.015250224889130833 0.035972454293608194 0.17590065165169835 0.11608061557160672 0.010603377068938779 0.08559811187845813 -0.030951692625241636 0.41339297220103149 0.013509829999249724 0.079488511860656849
leaf_weight=118.67936248332262 1.2749464400112618 84.978966187685728 112.67752261087298 46.748765040189028 23.090150620788336 649.21367213129997 25.469779208302498 4.7176664043217889 4.6921288650482884 56.672107324004173 1.2832535486668337 4.0942036602646139 5.5928746368736029 881.09684472903609 18.404656795784831 32.249031310901046 1.5042665246874083 42.647450521588326 49.851822026073933 16.784089164808393 89.109863139688969 41.114007797092199 1.1552065666764963 3.1002593822777262 9.7169154807925207 6.4529507458209983 1.2709681224077933 0.67501201480627038 0.64562118612229824 98.302963156253099
leaf_count=4388 24 2650 3904 466 855 31198 362 87 90 1735 23 105 83 47219 144 750 24 415 1509 242 1907 667 35 23 267 120 55 26 20 607
internal_value=-0.000454341 -0.00618966 -0.0105842 0.0238555 0.0451475 -0.0150381 -0.0172092 0.0514983 0.0688507 0.0242135 0.0354183 0.0486487 0.143044 -0.0182272 0.0303908 0.023443 5.3377e-05 0.0432321 0.0284798 0.0677259 0.0201404 0.00847295 -0.0108769 0.00737206 0.0673868 0.0139271 -0.0236368 0.0958592 0.217901 0.0836304
internal_weight=2433.27 2161.43 1888.46 216.259 271.841 1672.2 1559.53 248.751 136.519 272.962 186.479 126.707 6.87613 1534.06 112.232 33.524 86.4832 119.831 77.1831 20.8783 93.8275 159.793 650.369 59.7724 56.4657 56.3048 883.688 2.5916 1.32063 102.995
internal_count=100000 95536 88607 5788 4464 82819 78915 3609 1471 6929 4255 2497 106 78553 2138 774 2674 2391 1976 347 1994 5055 31233 1758 733 1629 47320 101 46 697
is_linear=0
shrinkage=0.03


Tree=15
num_leaves=31
num_cat=0
split_feature=26 369 208 28 438 29 30 128 14 0 400 408 47 130 438 439 333 5 14 439 409 430 1 431 355 1 437 114 42 437
split_gain=660.195 350.235 310.572 180.925 107.003 87.3085 84.5833 72.0818 63.4947 57.0139 55.6175 54.9919 54.5388 52.4966 58.5308 60.2535 59.2359 50.6958 50.5865 51.1085 50.063 64.8658 51.5643 60.8927 48.7015 47.1723 46.9474 43.6463 42.2461 42.0392
threshold=1.5000000000000002 108.70270156860353 1.5000000000000002 1.0000000180025095e-35 4590.0000000000009 129.50000000000003 7.5000000000000009 1.0000000180025095e-35 15.500000000000002 1834929.5000000002 5.5000000000000009 101.00000000000001 -1.0000000180025095e-35 2.5000000000000004 39680.500000000007 139597.50000000003 1.5000000000000002 149.50000000000003 1.0000000180025095e-35 3419.0000000000005 20.500000000000004 1.0000000180025095e-35 149.98000335693362 534.50000000000011 2.5000000000000004 76.974998474121108 11.500000000000002 1.5000000000000002 254.00000000000003 743.00000000000011
decision_type=2 10 10 2 2 2 8 8 2 2 10 8 2 10 2 2 2 10 2 2 8 2 2 2 8 2 2 8 8 2
left_child=1 2 3 8 5 17 25 -3 10 20 11 -1 -8 14 15 -9 26 -2 -19 -20 21 -10 23 -23 -6 -5 -17 -28 -24 -29
right_child=4 7 -4 6 24 -7 12 13 9 -11 -12 -13 -14 -15 -16 16 -18 18 19 -21 -22 22 28 -25 -26 -27 27 29 -30 -31
leaf_value=0.29310444338019986 -0.026429946692099946 -0.0092153111640470801 0.064422360479017823 -0.0079726204057087788 0.012654339653351285 -0.015038722207318021 -0.022538027375047915 0.0043470912269573366 0.02272243170254282 -0.012091630151816307 0.21216107392775863 -0.0070405135517542898 -0.010775372118339377 0.085108129462395363 0.058583727936181509 0.12072561692428493 0.10125553653521115 0.1888388902240507 -0.032621270606199716 0.068192549893455939 0.02847320803637091 0.19228745711952178 0.35283903583395765 0.020497771581870668 0.075612547396169419 0.030307727941472958 -0.00045570774228635295 0.074081334213645031 0.1486610109951628 -0.0048830871334194217
leaf_weight=0.55265222117304702 5.3565610628575078 46.569822743535042 48.066669253632426 68.202137308195233 96.889652190729976 13.584347413852809 925.92316400073469 97.605354197323322 9.3258298635482788 20.993563413619995 1.0709327459335316 93.017887433990836 575.11333640106022 15.431293703615664 44.664719555526972 4.6466501597315064 11.889864342287181 3.0295277815312138 4.6739436574280253 142.78725667484105 54.787943337112665 2.9157162718474847 1.3218757566064596 5.1142554599791765 12.482752585783599 50.368125986307859 35.047004107385874 19.572157090529803 2.941617079079152 8.7942691762000305
leaf_count=8 130 1572 327 2635 2198 340 50257 2981 281 545 11 3336 28035 169 481 75 166 37 97 1538 1190 37 29 115 105 1686 1056 274 57 232
internal_value=-0.000455236 -0.00610262 -0.0108429 -0.0128398 0.0429718 0.0579041 -0.0161044 0.0249137 0.0146923 0.0316963 -0.00280742 -0.00526778 -0.0180312 0.0316016 0.027886 0.0201639 0.0394735 0.0642621 0.0674902 0.0649971 0.0437275 0.082385 0.127645 0.0828753 0.0198398 0.0082887 0.0286803 0.0219357 0.211965 0.0496005
internal_weight=2422.74 2143.94 1859.72 1811.65 278.804 169.432 1619.61 284.221 192.042 97.4008 94.6415 93.5705 1501.04 237.651 222.22 177.555 79.9499 155.847 150.491 147.461 76.4072 21.6193 12.2935 8.02997 109.372 118.57 68.0601 63.4134 4.26349 28.3664
internal_count=100000 95555 88549 88222 4445 2142 82613 7006 5609 2254 3355 3344 78292 5434 5265 4784 1803 1802 1672 1635 1709 519 238 152 2303 4321 1637 1562 86 506
is_linear=0
shrinkage=0.03


Tree=16
num_leaves=31
num_cat=0
split_feature=18 369 28 30 47 438 15 27 48 4 21 249 439 139 30 400 195 201 127 343 104 27 2 2 1 8 400 106 3 38
split_gain=610.857 312.944 242.258 131.674 111.175 108.426 108.107 74.7264 75.8026 71.1271 64.0322 59.8893 59.4217 54.5371 54.2978 53.464 52.5984 50.9214 50.2234 48.6123 47.6821 53.8543 107.879 43.0165 68.8586 40.4847 61.3399 53.6426 47.4803 128.701
threshold=1.5000000000000002 108.70270156860353 1.0000000180025095e-35 117.50000000000001 -1.0000000180025095e-35 4518.0000000000009 2.5000000000000004 42.500000000000007 1.0000000180025095e-35 298.50000000000006 1.5000000000000002 1.5000000000000002 35332.000000000007 3.5000000000000004 4.5000000000000009 4.5000000000000009 1.5000000000000002 1.5000000000000002 1.0000000180025095e-35 8.5000000000000018 1.5000000000000002 1.5000000000000002 2.5000000000000004 1.5000000000000002 146.02100372314456 1.5000000000000002 2.5000000000000004 2.5000000000000004 18249.500000000004 29.500000000000004
decision_type=2 10 2 10 2 2 2 2 2 8 2 10 2 10 8 10 10 10 8 8 10 2 2 2 2 2 10 8 2 10
left_child=1 2 6 5 17 12 15 8 18 -10 13 19 -2 14 -6 16 23 -4 -3 20 21 22 -7 24 -1 26 28 -27 -16 -30
right_child=3 7 4 -5 10 11 -8 -9 9 -11 -12 -13 -14 -15 25 -17 -18 -19 -20 -21 -22 -23 -24 -25 -26 27 -28 -29 29 -31
leaf_value=0.020845299080496225 0.019953404640832589 -0.019565004257114774 -0.022699678923855802 -0.023805160188180002 0.018079131073142896 0.03226515100243417 0.081907087097670653 -0.027133792020267056 0.0018934934663478549 0.056957509696044656 0.25874997938758398 0.079746609599842533 0.066421358720821971 0.10438785129332963 0.0015510835323231007 0.16941378895437062 -0.028009973874571686 0.044641343231372151 0.023137012310521791 0.078115083541874603 0.074199456232144467 -0.0084795153461227953 0.37044208924769501 0.00077124104740875735 0.10035023660679243 -0.014200370819386391 0.34368807335240398 0.32448814675141607 0.01405291831401422 0.62075594261024969
leaf_weight=72.125877456739545 29.864087749272585 33.581144938245416 899.02578670717776 28.986595762893558 70.276780221611261 17.530120402574543 21.995076535269618 24.15521589666605 27.036423232406378 96.358384845778346 0.82175856269895931 14.458685195073484 145.1252724993974 3.9878493975847951 130.92112628556788 1.9151041358709324 27.817596331238747 10.220984486863015 94.674523020163178 10.003729240968822 9.174303947016595 76.695229887962341 0.89217563904821773 79.033833334222436 11.34656644426286 471.82814380526543 0.47906221821904083 0.42124927416443725 1.3068649545311917 0.41448868624865998
leaf_count=1445 643 1052 49768 1132 2320 406 168 952 840 1462 12 97 1446 55 5965 23 1001 102 2407 60 120 2165 13 2869 218 23168 10 10 51 20
internal_value=-0.000455218 -0.00649333 -0.0110436 0.0372862 -0.0150795 0.0431162 0.0189041 0.0232685 0.0281064 0.0448927 -0.00590869 0.0222204 0.058491 -0.00622869 -0.00688158 0.0116956 0.0101086 -0.0219427 0.0119564 0.0149432 0.00888374 0.00258389 0.0486428 0.0166336 0.0316526 -0.00977924 0.00483302 -0.0138983 0.00360918 0.160142
internal_weight=2412.47 2079.74 1803.94 332.73 1589.7 303.744 214.234 275.806 251.65 123.395 680.457 128.754 174.989 679.636 675.648 192.239 190.324 909.247 128.256 114.296 104.292 95.1175 18.4223 162.506 83.4724 605.371 133.122 472.249 132.642 1.72135
internal_count=100000 93918 87205 6082 81481 4950 5724 6713 5761 2302 31611 2861 2089 31599 31544 5556 5533 49870 3459 2764 2704 2584 419 4532 1663 29224 6046 23178 6036 71
is_linear=0
shrinkage=0.03


Tree=17
num_leaves=31
num_cat=0
split_feature=22 47 201 8 346 27 25 438 29 210 424 246 400 369 26 119 25 27 364 96 30 28 106 3 32 49 353 19 27 9
split_gain=571.041 313.663 239.871 190.822 112.092 104.298 87.0493 76.9856 72.8276 70.3025 70.2551 62.2847 59.7769 62.4288 58.1218 57.2036 53.0298 53.8314 51.9716 49.9693 49.3201 53.3229 44.7616 43.7515 43.5811 40.6912 40.5009 40.7375 40.1054 38.9051
threshold=2.5000000000000004 -1.0000000180025095e-35 1.5000000000000002 1.5000000000000002 1.5000000000000002 8.5000000000000018 3.5000000000000004 39680.500000000007 160.50000000000003 1.5000000000000002 248.00000000000003 1.5000000000000002 1.0000000180025095e-35 280.50000000000006 27.500000000000004 1.5000000000000002 1.5000000000000002 1.0000000180025095e-35 746.50000000000011 1.5000000000000002 7.5000000000000009 1.0000000180025095e-35 3.5000000000000004 6328.5000000000009 488.50000000000006 1.0000000180025095e-35 1.0000000180025095e-35 1.0000000180025095e-35 1.0000000180025095e-35 157.50000000000003
decision_type=2 2 10 2 10 2 2 2 2 8 2 10 10 10 2 8 2 2 8 8 8 2 8 2 8 2 2 2 2 10
left_child=1 2 10 8 20 6 -2 22 12 -8 11 28 13 16 -7 19 17 -3 -19 -16 -5 -22 -6 -12 -18 -9 27 29 -1 -15
right_child=5 3 -4 4 7 14 9 25 -10 -11 23 -13 -14 26 15 -17 24 18 -20 -21 21 -23 -24 -25 -26 -27 -28 -29 -30 -31
leaf_value=-0.0039683013701085935 0.023789305029950809 0.048313348265656073 0.062985962309476881 0.017204178600540868 0.0071043424770273686 -0.0097720658340885759 0.1922704600294578 0.069753008231210181 -0.018919168582450276 0.066826993371980684 0.21984562644951766 0.07138934453187977 0.14196348597307978 -0.031584734356374163 0.0034352187195501259 0.079866078190486217 0.037739812939441585 0.0037095389879243938 0.25834610356180343 0.055605053775895412 0.015800476182808245 -0.014062414191470182 0.19133642433251247 -0.0082312998107942487 0.11254058609022041 -0.025608866608305955 -0.025133101237402995 -0.031063727005971185 -0.022716952344858585 0.091439726112849187
leaf_weight=115.52395881526172 50.310795586556196 33.532487155869603 32.61697044596076 63.873939722776413 118.17684823460877 41.166939618065953 4.1912995539605609 33.08468347042799 27.596736676990986 98.868187326937914 1.7830095738172524 6.6620788145810357 4.406227756291627 2.4913193732500067 48.596095247194171 18.751406211405993 41.464554058387876 117.96314584463835 0.72582423873245616 25.036655470728874 60.679958429187536 475.56898394972086 1.1989500299096096 1.3154029808938501 8.4364675022661668 4.5852345600724211 4.1642563343048087 3.0856233742088071 923.9279964659363 32.409895945340395
leaf_count=4144 1129 570 238 2103 3473 1239 51 271 1160 605 28 57 58 61 1096 170 1054 5103 26 174 1417 23255 16 58 238 95 82 104 51564 361
internal_value=-0.000455962 -0.00584298 -0.017134 0.00597668 -0.00181026 0.0392589 0.0561372 0.0207539 0.0273177 0.0719286 -0.0196247 -0.0200472 0.0324488 0.0304733 0.0198757 0.0330869 0.0235475 0.0147494 0.00526673 0.021174 -0.00771505 -0.0106832 0.00895468 0.123018 0.0503859 0.0581454 0.0636841 0.0734205 -0.0206332 0.082658
internal_weight=2402.2 2115.27 1081.83 1033.45 757.169 286.921 153.37 157.046 276.277 103.059 1049.21 1046.11 248.68 244.274 133.551 92.3842 202.122 152.221 118.689 73.6328 600.123 536.249 119.376 3.09841 49.901 37.6699 42.1511 37.9868 1039.45 34.9012
internal_count=100000 95536 56089 39447 30630 4464 1785 3855 8817 656 55851 55765 7657 7599 2679 1440 6991 5699 5129 1270 26775 24672 3489 86 1292 366 608 526 55708 422
is_linear=0
shrinkage=0.03


Tree=18
num_leaves=31
num_cat=0
split_feature=18 47 201 369 27 30 438 438 121 8 128 423 40 27 15 27 27 27 335 43 3 394 0 3 4 43 210 437 128 435
split_gain=530.4 283.049 204.167 158.47 115.557 114.585 90.5615 75.3766 61.0337 60.6656 66.6968 60.1168 54.0492 55.3838 51.6148 50.8701 47.9061 46.7235 45.8845 51.4068 51.1279 45.019 47.0006 57.4828 86.841 63.5894 43.2915 48.8122 38.8391 36.3688
threshold=1.5000000000000002 -1.0000000180025095e-35 1.5000000000000002 286.25000000000006 1.0000000180025095e-35 117.50000000000001 4518.0000000000009 3941.5000000000005 1.0000000180025095e-35 1.5000000000000002 2.5000000000000004 28.000000000000004 1.0000000180025095e-35 1.0000000180025095e-35 2.5000000000000004 1.0000000180025095e-35 42.500000000000007 8.5000000000000018 1.5000000000000002 493.50000000000006 1109.5000000000002 1.5000000000000002 1280652.0000000002 18249.500000000004 582.50000000000011 33.500000000000007 1.5000000000000002 587.50000000000011 1.5000000000000002 0.07143742898603582
decision_type=2 2 10 10 2 10 2 2 8 2 10 10 10 2 2 2 2 2 2 10 2 10 2 2 10 10 8 2 10 2
left_child=1 2 15 4 8 6 14 -5 -3 21 18 12 13 -8 -2 -1 -9 26 -11 20 -20 22 23 25 -25 28 27 -16 -6 -14
right_child=5 3 -4 7 9 -7 11 16 -10 10 -12 -13 29 -15 17 -17 -18 -19 19 -21 -22 -23 -24 24 -26 -27 -28 -29 -30 -31
leaf_value=-0.001213527096212188 0.0094611156845927861 0.025341134331679529 0.056409849612131663 0.00080347026747184342 0.034783023005361291 -0.023650232757025637 0.083126918544241049 0.050725497105236092 0.14721499922518005 -0.013811920660499048 0.21196551818825909 0.078451414186254786 0.17495346215460078 -0.0078538961669369235 0.061020252985332459 -0.022128539524849587 -0.026973229067077498 0.038246285244353563 0.29407748101789832 0.29702104636221466 0.0046408886945933743 0.21525631818788454 -0.0069689136187853808 0.0034419934118344775 0.46305058518715214 -0.014405541488116593 0.066971868515366656 0.25021095190977771 0.21493881803191989 0.036653431128881128
leaf_weight=118.69127508439124 21.669892739504576 97.154209738597274 32.794439202174544 48.315739534795284 64.18503381870687 28.394735645502806 6.5535575784742823 106.4177433475852 3.8445516489446154 451.25726809538901 1.2264778781682242 14.271415270864962 1.7995462082326401 74.212748199701309 2.3869245126843444 885.46629345230758 7.6555276904255143 61.647092843428254 0.55194648168980975 0.54905207082629104 113.68993784859776 0.96554097160696883 81.484321914613247 0.83001374639570602 0.66757003031671047 30.946173675358295 94.708212070167065 2.5264665354043245 1.0953786727040995 34.899195592850447
leaf_count=4160 603 2005 233 1362 2441 1132 55 1591 29 22422 27 274 13 2071 42 50617 298 830 13 22 3921 14 3350 27 19 1337 584 30 30 448
internal_value=-0.000455067 -0.00623862 -0.0172507 0.00505799 -0.000138627 0.0340671 0.0392752 0.0322092 0.0299803 -0.00420844 -0.00902515 0.0203098 0.0132459 -0.000471511 0.0529324 -0.0196564 0.0455111 0.0587737 -0.00950398 0.00743105 0.00603927 0.0109569 0.00985618 0.0238853 0.208319 0.0210149 0.0714763 0.158302 0.037806 0.0434351
internal_weight=2390.86 2047.79 1036.95 1010.84 848.447 343.07 314.675 162.389 100.999 747.449 567.275 131.736 117.465 80.7663 182.939 1004.16 114.073 161.269 566.048 114.791 114.242 180.174 179.208 97.7242 1.49758 96.2266 99.6216 4.91339 65.2804 36.6987
internal_count=100000 93918 55010 38908 35657 6082 4950 3251 2034 33623 26405 2861 2587 2126 2089 54777 1889 1486 26378 3956 3934 7218 7204 3854 46 3808 656 72 2471 461
is_linear=0
shrinkage=0.03


Tree=19
num_leaves=31
num_cat=0
split_feature=22 47 249 185 28 27 15 438 424 360 3 106 27 179 90 337 285 1 411 438 38 27 139 29 25 130 15 25 362 3
split_gain=496.866 287.767 211.469 133.733 97.392 88.5031 95.4319 60.8784 57.6254 54.9205 100.703 70.2318 51.5486 50.731 50.4575 46.5398 42.9194 37.4535 35.8818 35.7673 83.0189 37.718 35.0446 34.8354 78.8063 36.1487 34.718 34.6431 74.8892 33.6512
threshold=2.5000000000000004 -1.0000000180025095e-35 1.5000000000000002 13.975399971008303 1.0000000180025095e-35 8.5000000000000018 3.5000000000000004 1685.0000000000002 248.00000000000003 333.37500000000006 17580.000000000004 2.5000000000000004 1.0000000180025095e-35 209.97499847412112 2.5000000000000004 9.5000000000000018 1.0000000180025095e-35 390.22999572753912 164.00000000000003 2245.5000000000005 7.5000000000000009 48.500000000000007 2.5000000000000004 32.500000000000007 1.5000000000000002 3.5000000000000004 2.5000000000000004 1.0000000180025095e-35 32.677148818969734 6328.5000000000009
decision_type=2 2 10 2 2 2 2 2 2 10 2 8 2 2 10 10 10 2 8 2 8 2 10 2 2 10 2 2 8 2
left_child=1 2 8 4 16 6 -2 13 12 11 -11 23 26 -5 18 19 -3 -12 -7 20 -9 -21 -20 24 -6 -25 -1 28 -14 -10
right_child=5 3 -4 7 9 14 -8 15 29 10 17 -13 27 -15 -16 -17 -18 -19 22 21 -22 -23 -24 25 -26 -27 -28 -29 -30 -31
leaf_value=-0.0045484924261442591 0.013209287447126751 0.020053026945005235 0.054204297440530562 0.042968022450450664 -0.0083544449378242878 0.082332565368463201 0.065383306949605674 0.36631140781212002 0.16515890506968189 0.018178056444970284 0.13227684094533859 0.1684135927319782 0.01663597777873484 -0.021240225667161158 0.059986416591615611 -0.030934635595307774 0.080578990589710367 0.40692653330221618 0.00095831729145294932 0.038158057276179845 0.047496510464100618 -0.03089709579248922 0.060166914777438296 -0.017499587484871008 0.024160505620683344 0.21304650402808015 0.076161012443382956 -0.022550126357523979 0.4368880147530767 -0.030693141336282766
leaf_weight=113.47263915091753 43.3840276543051 89.668165585026145 36.506010644137859 15.588515279814599 351.46713361144066 5.8967453930526963 115.69125116243958 0.977348063141107 2.4046102426946159 45.115864135324955 1.0999263133853663 2.0593718197196713 2.5429050195962186 38.247337199747562 21.866863800212741 9.5183007139712554 11.949299933388827 0.75264032930135716 98.8237891998142 161.78794290684164 2.965642724186182 7.4463001266121855 9.8980464711785299 217.16357916034758 82.912957526743412 0.61382623948156734 5.0084821935743085 883.91120704449713 0.44901619851589192 1.1755665261298416
leaf_count=4097 1061 1912 259 408 16621 106 724 21 29 1419 34 26 145 1258 184 355 81 20 2317 3289 71 298 72 10727 2886 21 70 51414 18 57
internal_value=-0.000454334 -0.00561505 -0.016728 0.00556356 -0.000277657 0.0359479 0.0511541 0.025389 -0.0192945 -0.00425549 0.0270795 -0.00650513 -0.0197223 -0.00264832 0.018225 0.0336509 0.0271703 0.243858 0.0102578 0.0372007 0.126521 0.0351196 0.00634867 -0.00705749 -0.0021481 -0.0168498 -0.00113671 -0.0222052 0.0797058 0.10085
internal_weight=2380.37 2084.8 1045.47 1039.33 802.803 295.561 159.075 236.531 1008.96 701.185 46.9684 654.217 1005.38 53.8359 136.485 182.696 101.617 1.85257 114.619 173.177 3.94299 169.234 108.722 652.157 434.38 217.777 118.481 886.903 2.99192 3.58018
internal_count=100000 95536 56089 39447 33747 4464 1785 5700 55830 31754 1473 30281 55744 1666 2679 4034 1993 54 2495 3679 92 3587 2389 30255 19507 10748 4167 51577 163 86
is_linear=0
shrinkage=0.03


Tree=20
num_leaves=31
num_cat=0
split_feature=22 47 249 8 30 346 295 43 38 438 439 343 30 424 113 78 437 392 373 2 365 361 415 439 97 40 38 38 439 423
split_gain=465.563 287.892 156.551 143.432 124.537 98.894 81.5137 66.4186 94.0566 63.2316 62.6295 51.3123 41.4964 40.8256 40.3038 39.9676 75.884 39.7286 39.6228 39.043 54.509 38.301 38.159 37.6599 39.8179 36.9376 35.8807 44.9281 35.1691 58.506
threshold=1.5000000000000002 -1.0000000180025095e-35 1.5000000000000002 1.5000000000000002 117.50000000000001 1.5000000000000002 1.5000000000000002 54.500000000000007 16.500000000000004 39680.500000000007 139597.50000000003 1.5000000000000002 7.5000000000000009 248.00000000000003 2.5000000000000004 1.0000000180025095e-35 2343.0000000000005 -88.999999999999986 39.999000549316413 1.0000000180025095e-35 90.404750823974624 424.25000000000006 15.500000000000002 139597.50000000003 1.5000000000000002 1.5000000000000002 97.500000000000014 60.500000000000007 98.500000000000014 28.000000000000004
decision_type=2 2 10 2 10 10 10 10 10 2 2 10 8 2 8 8 2 8 10 2 2 8 8 2 8 8 8 10 2 8
left_child=1 2 13 7 6 12 10 8 23 15 17 -10 21 19 -14 16 -7 -2 -17 20 -1 -5 -12 24 -3 -9 27 -20 29 -19
right_child=4 3 -4 5 -6 9 -8 25 11 -11 22 -13 14 -15 -16 18 -18 28 26 -21 -22 -23 -24 -25 -26 -27 -28 -29 -30 -31
leaf_value=0.035869866937311173 0.084376040602345437 -0.0013282207251692386 0.050701425282287799 0.011271509981633265 -0.022402012211798911 -0.031443054582365237 0.056962633714779443 0.098030561233774557 0.022981465433982481 0.051864158255239948 0.15021286011939547 0.10815554410746392 -0.011447721765170881 0.084979654235647434 0.081826043967047485 -0.0014387802409682668 0.25320766599591166 -0.015136078390713075 0.053257800161744945 -0.020849630154712719 0.42530473543710623 0.15237364626958871 0.039546164717311545 0.040549601674122061 0.037887574022106671 -0.0082801208490730135 -0.031109552153186178 0.22471900852754992 0.0034911236023511625 0.094122600951510607
leaf_weight=1.8010885491967195 6.6331748068332672 67.998757900670171 28.900707678869367 60.151997525244951 38.35624154470861 1.6976672504097217 103.4066210500896 3.0920212958008051 9.2679028566926736 39.374944055452943 2.8782665971666574 20.328684089705348 504.11036688834429 3.310726683586835 4.2041359134018412 102.34611469134688 1.6740367226302622 7.600380377843976 9.2308126967400259 937.35013742558658 0.39428963139653195 1.7826628535985936 108.94018935784698 70.444316916167736 35.450805561617017 60.391701286658645 3.5469817649573097 1.6162177883088595 122.77704380452633 10.511205397546293
leaf_count=87 59 2385 194 1963 1616 48 744 42 348 366 36 260 24085 77 49 3059 28 305 139 53616 11 38 1838 1872 974 2475 113 21 2962 190
internal_value=-0.0004531 -0.0064557 -0.0180749 0.00487264 0.0290055 -0.00201089 0.0344412 0.0236878 0.0320456 0.0188721 0.0254613 0.0814841 -0.00785143 -0.0201831 -0.0106763 0.00805673 0.109885 0.012626 0.00511571 -0.0205537 0.105812 0.0153328 0.0423948 0.0236312 0.0121105 -0.00310218 0.0517203 0.0788057 0.00924796 0.0482731
internal_weight=2369.57 1968.47 971.757 996.71 401.103 729.736 362.747 266.974 203.49 159.487 259.34 29.5966 570.249 942.856 508.315 120.112 3.3717 147.522 116.74 939.546 2.19538 61.9347 111.818 173.894 103.45 63.4837 14.394 10.847 140.889 18.1116
internal_count=100000 92250 53985 38265 7750 29909 6134 8356 5839 3774 5390 608 26135 53791 24134 3408 76 3516 3332 53714 98 2001 1874 5231 3359 2517 273 160 3457 495
is_linear=0
shrinkage=0.03


Tree=21
num_leaves=31
num_cat=0
split_feature=26 369 27 201 15 30 30 27 438 47 106 16 30 32 366 4 43 24 375 390 2 43 437 436 432 369 5 15 400 362
split_gain=434.57 247.477 206.945 94.9285 83.9887 69.0463 68.9896 63.0584 59.9051 49.0082 44.8548 56.4024 51.2892 47.4576 69.3744 47.5331 46.4808 42.6974 63.493 58.1813 55.6025 41.5966 37.9712 37.8998 43.3911 37.034 36.8961 36.27 33.6725 33.6499
threshold=1.5000000000000002 108.70270156860353 1.0000000180025095e-35 1.5000000000000002 1.5000000000000002 4.5000000000000009 148.50000000000003 20.500000000000004 4590.0000000000009 -1.0000000180025095e-35 1.0000000180025095e-35 2.5000000000000004 45.500000000000007 241.50000000000003 411.97500610351568 480.50000000000006 16.500000000000004 2.5000000000000004 6.5000000000000009 1.0000000180025095e-35 1.5000000000000002 162.50000000000003 15.500000000000002 25.447493388419616 22.500000000000004 115.63805007934572 149.50000000000003 1.0000000180025095e-35 4.5000000000000009 24.493000030517582
decision_type=2 10 2 10 2 8 10 2 2 2 8 2 10 8 2 10 8 2 10 8 2 10 2 2 2 10 10 2 10 10
left_child=1 2 4 5 27 23 8 10 26 17 -3 12 -12 14 -14 -15 -13 18 -7 -20 -19 22 -18 -4 -25 -9 -2 -1 -29 -10
right_child=6 7 3 -5 -6 9 -8 25 29 -11 11 16 13 15 -16 -17 21 20 19 -21 -22 -23 -24 24 -26 -27 -28 28 -30 -31
leaf_value=0.15953767826751034 -0.027260525912648548 -0.0064613475909479409 0.00048533818697443543 0.046577656847613925 0.047366229282674879 -0.022765577672528438 -0.024459874510926006 0.22766065570913774 0.025489450663508481 -0.0095920663713157175 0.0097310909844443398 -0.001878170005093765 -0.023198061766040123 0.063458329550127021 0.27396371947179399 0.19676211500954732 0.16382608823055725 0.17168691665169675 0.31883441132752127 -0.030822033369727751 0.0033914413352963569 -0.00023888705151024045 0.061276283193593697 0.033965800444930125 0.19971128837281618 -0.013327858368023587 0.049268050250024044 0.003223686459059019 0.13504875481784301 -0.022143888696750862
leaf_weight=1.3724418580532063 5.8582047950476399 33.889919335022569 84.748873166739941 23.11955489590764 60.460067674517632 801.0486945528537 17.833768643438816 0.58040713891386886 91.771955413743854 563.01291914656758 108.94182356633246 13.720945218577979 7.4528033547103387 9.4189209844917077 0.78117060475051392 3.2340328879654399 3.4268105402588835 1.8829260710626865 0.93905554153025028 0.7874387949705125 28.653052672743797 9.5998257454484683 62.832093553617597 17.003480607643727 1.5512284729629744 51.333453390747309 176.3893639780581 159.86092845723033 1.7631363235414017 15.619344716891645
leaf_count=12 130 989 2935 167 698 49543 604 24 1590 28565 2585 277 208 103 10 43 37 22 15 34 1040 257 681 505 36 1792 1752 4957 20 369
internal_value=-0.000451138 -0.00543623 -0.00979251 -0.0137488 0.0171674 -0.0146788 0.0328088 0.0194872 0.0363349 -0.0164297 0.0256605 0.0306221 0.0179875 0.0610509 0.00499416 0.0975301 0.0489336 -0.0210495 -0.0223739 0.159359 0.013769 0.0581242 0.06658 0.00898775 0.0478226 -0.0106336 0.0468081 0.00596582 0.00466175 0.0185615
internal_weight=2358.89 2051.42 1746.2 1522.75 223.457 1499.63 307.473 305.212 289.639 1396.32 253.298 219.408 129.829 20.8869 8.23397 12.653 89.5797 833.311 802.775 1.72649 30.536 75.8587 66.2589 103.304 18.5547 51.9139 182.248 162.997 161.624 107.391
internal_count=100000 95555 88549 82862 5687 82695 4445 7006 3841 79219 5190 4201 2949 364 218 146 1252 50654 49592 49 1062 975 718 3476 541 1816 1882 4989 4977 1959
is_linear=0
shrinkage=0.03


Tree=22
num_leaves=31
num_cat=0
split_feature=22 81 297 369 15 27 8 5 27 438 27 90 337 439 128 25 364 3 179 353 127 31 74 49 3 43 15 27 139 398
split_gain=405.092 227.159 154.143 134.505 126.033 147.193 74.8464 74.9988 73.2773 54.2431 51.4671 46.5421 42.1381 40.206 37.9684 37.8423 45.442 37.5267 37.4605 37.5762 34.8129 32.7447 31.199 30.882 44.7492 34.7819 29.8047 49.0382 29.6005 29.5474
threshold=1.5000000000000002 1.0000000180025095e-35 1.5000000000000002 107.38600158691408 3.5000000000000004 8.5000000000000018 1.5000000000000002 181.50000000000003 1.5000000000000002 1685.0000000000002 1.0000000180025095e-35 2.5000000000000004 8.5000000000000018 62375.000000000007 2.5000000000000004 1.0000000180025095e-35 82.969997406005874 12500.500000000002 209.97499847412112 1.0000000180025095e-35 1.5000000000000002 1.0000000180025095e-35 1.5000000000000002 -1.0000000180025095e-35 18249.500000000004 33.500000000000007 10.500000000000002 58.500000000000007 2.5000000000000004 30.500000000000004
decision_type=2 8 10 10 2 2 2 8 2 2 2 10 10 2 10 2 8 2 2 2 8 8 10 2 2 10 2 2 10 10
left_child=1 3 10 6 8 22 7 23 17 18 29 28 20 -9 -8 16 -12 -2 19 -5 -11 -15 -6 -1 25 -25 -27 -28 -7 -3
right_child=4 2 -4 9 5 11 14 13 -10 12 15 -13 -14 21 -16 -17 -18 -19 -20 -21 -22 -23 -24 24 -26 26 27 -29 -30 -31
leaf_value=-0.021534014075722099 0.048432676333857408 -0.0011884437976681236 0.051635347379831477 0.0071959225823390333 0.064186081549791468 0.0034075698760903804 -0.0089143327768892115 0.015913640145334525 -0.014165222960808859 0.027348157086338639 0.021706584686131913 0.055863410134019222 -0.018442442005304802 -0.013275849237817449 0.17482035587668657 -0.022469133126924692 0.3281014944819578 -0.0049452579577265168 -0.023301091365668439 0.10757337968347526 0.060250961288695844 0.070122775505616103 0.0088645326547822523 0.020461950036534386 0.17317016584759878 -0.022512532871833756 0.32478683856371321 0.0059787818311118389 0.055742689602751173 0.20696424613881736
leaf_weight=45.020567938685417 35.710218258202076 107.51397869177163 28.398933005519211 15.957412419840695 127.96550327539444 102.37980940565467 556.26687570009381 43.391588345170021 84.508259100839496 144.94706623256207 1.7200556155294173 22.228318624198437 14.976878089830278 4.9040795098990193 1.0140822827815998 766.81152944732457 0.58341467380523671 17.743830163963139 33.875228922814131 4.2505311593413344 36.161527127027512 31.152541508898139 9.8833649065345508 59.095407877117395 1.4618251901119936 36.737567436881363 0.59076497983187382 1.6387710925191639 10.747522419318555 0.61728281155228515
leaf_count=2181 738 3759 287 428 783 2188 26707 1226 3308 2894 93 167 459 123 22 47402 11 398 1092 39 453 699 95 2471 33 1748 28 82 73 13
internal_value=-0.00044865 -0.00618928 -0.0171529 0.0034372 0.0265966 0.0383995 -0.00269311 0.0119531 0.00322346 0.0225821 -0.0193798 0.0161775 0.0299185 0.0353679 -0.00857999 -0.0221044 0.0993092 0.0307141 -0.0040171 0.0283093 0.0339178 0.0587797 0.0602197 -0.000916718 0.00840967 0.00595357 -0.0160491 0.090454 0.0083796 -1.7432e-07
internal_weight=2348.25 1937.09 905.645 1031.44 411.167 273.205 781.274 223.993 137.962 250.169 877.246 135.356 196.085 79.4482 557.281 769.115 2.30347 53.454 54.0832 20.2079 181.109 36.0566 137.849 144.545 99.5243 98.0625 38.9671 2.22954 113.127 108.131
internal_count=100000 92250 51565 40685 7750 3306 35320 8591 4444 5365 51278 2428 3806 2048 26729 47506 104 1136 1559 467 3347 822 878 6543 4362 4329 1858 110 2261 3772
is_linear=0
shrinkage=0.03


Tree=23
num_leaves=31
num_cat=0
split_feature=24 47 308 8 15 27 105 367 365 365 366 43 154 3 23 26 365 119 367 32 343 135 27 40 114 32 96 378 3 27
split_gain=380.341 254.488 147.197 121.301 94.5203 112.292 85.8811 70.2004 54.6253 81.2232 56.2949 51.8139 64.2359 58.2526 49.6815 48.9733 47.3358 45.4438 45.2186 42.7068 42.4546 41.1204 40.2816 40.1075 38.4892 37.6897 37.6428 37.5039 46.2594 38.4276
threshold=1.5000000000000002 -1.0000000180025095e-35 1.5000000000000002 1.5000000000000002 2.5000000000000004 8.5000000000000018 1.5000000000000002 82.969997406005874 73.038448333740249 53.98500061035157 303.96000671386724 54.500000000000007 1.5000000000000002 18019.000000000004 1.5000000000000002 27.500000000000004 705.97500610351574 1.5000000000000002 96.985000610351577 194.50000000000003 2.5000000000000004 2.5000000000000004 6.5000000000000009 1.5000000000000002 1.0000000180025095e-35 421.50000000000006 1.5000000000000002 4.5000000000000009 9113.0000000000018 1.0000000180025095e-35
decision_type=2 2 10 2 2 2 8 2 2 2 2 10 2 2 2 2 2 8 2 10 8 10 2 8 10 8 8 10 2 2
left_child=1 2 27 11 -2 19 7 21 9 -9 18 12 25 23 -15 -7 -10 26 20 -6 -11 -5 -23 -13 -8 -3 -17 29 -29 -1
right_child=4 3 -4 6 5 15 24 8 16 10 -12 13 -14 14 -16 17 -18 -19 -20 -21 -22 22 -24 -25 -26 -27 -28 28 -30 -31
leaf_value=-0.0032887404731390133 -0.0010830855841736156 0.014979166829150412 0.040617700787901938 -0.0086326527935705836 0.056052109767129439 -0.01409094542430814 0.068172103501370998 0.0069744917507929792 -0.00257311879190348 0.39685109586587702 -0.031107353704306069 0.086414070413842053 0.064815640343525507 -0.031480056250249008 0.24948222998438099 0.00052000000124519065 0.083764631899072697 0.065291706969309193 0.10025882384508329 0.00068036474507423596 0.13844305966247319 0.16618924075537356 -0.016017856629481197 -0.014337862823018245 -0.016966377828701001 0.052113288769908832 0.043919508054796184 0.27276756285465942 -0.030767465441712133 -0.022090194760186779
leaf_weight=111.65426445379853 86.000672898255289 149.06998459622264 38.217637601308525 586.18216543644667 149.74345026258379 38.399789517745376 21.96717577055097 17.495787492021918 70.43669256195426 0.9808520730584851 2.39559650607407 3.7919362857937813 36.437173778191209 0.9145418051630253 1.488053375855088 52.295665632933378 6.2198624499142161 20.7463612370193 10.215361978858708 13.681496864184735 1.3734574373811486 2.4026257973164311 2.0018102247267962 57.150331696495414 6.1076115779578677 29.460575057193637 27.416628897190094 0.88042865134775528 0.92836912162601948 790.60137125942856
leaf_count=4030 3202 4578 427 26354 1192 1092 156 460 2321 33 78 43 363 26 28 1096 45 170 155 262 20 47 85 2417 153 915 174 10 39 50029
internal_value=-0.000445556 -0.00584873 -0.017052 0.00464404 0.0266671 0.0345621 -0.00179768 -0.00386197 0.0182449 0.0508635 0.102174 0.021489 0.0285156 -0.00235669 0.142535 0.0147257 0.00443227 0.0257408 0.127575 0.0514165 0.246101 -0.00794647 0.0833764 -0.0080689 0.0496504 0.0211069 0.015447 -0.0194899 0.116978 -0.0197635
internal_weight=2336.66 1948.37 942.282 1006.09 388.284 302.283 727.779 699.704 109.118 32.4611 14.9653 278.313 214.968 63.3449 2.4026 138.858 76.6566 100.459 12.5697 163.425 2.35431 590.587 4.40444 60.9423 28.0748 178.531 79.7123 904.064 1.8088 902.256
internal_count=100000 92812 54535 38277 7188 3986 29907 29598 3112 746 286 8370 5856 2514 54 2532 2366 1440 208 1454 53 26486 132 2460 309 5493 1270 54108 49 54059
is_linear=0
shrinkage=0.03


Tree=24
num_leaves=31
num_cat=0
split_feature=18 47 201 8 30 369 439 423 3 30 139 27 99 4 30 148 397 29 439 4 400 119 410 430 13 379 14 3 433 185
split_gain=356.838 221.414 150.039 112.759 81.3424 76.852 62.5204 61.0045 51.3916 51.2403 45.5499 44.9375 44.1501 43.9427 51.7389 52.0928 49.9828 37.9995 36.7122 53.7714 37.2032 33.6218 39.517 33.4082 31.881 30.4862 140.956 29.8786 54.5862 29.6788
threshold=1.5000000000000002 -1.0000000180025095e-35 1.5000000000000002 1.5000000000000002 117.50000000000001 10.042950153350832 35332.000000000007 28.000000000000004 13465.500000000002 180.50000000000003 3.5000000000000004 1.0000000180025095e-35 1.5000000000000002 294.50000000000006 450.50000000000006 3.5000000000000004 -23.499999999999996 153.50000000000003 62375.000000000007 553.50000000000011 1.0000000180025095e-35 1.5000000000000002 380.50000000000006 1.0000000180025095e-35 1.5000000000000002 1.5000000000000002 53.500000000000007 1779.5000000000002 5.5000000000000009 44.037399291992195
decision_type=2 2 10 2 10 10 2 10 2 10 8 2 8 10 10 2 8 2 2 10 10 8 10 2 2 10 2 2 2 2
left_child=1 2 11 9 6 -5 7 -2 21 10 18 27 -7 16 -15 -16 -14 -12 -3 20 29 22 -8 -9 -4 -13 -27 28 -1 -20
right_child=4 3 24 5 -6 12 8 23 -10 -11 17 25 13 14 15 -17 -18 -19 19 -21 -22 -23 -24 -25 -26 26 -28 -29 -30 -31
leaf_value=0.021222929181921972 -0.0038281507040749921 0.0073375134304989919 -0.03075204383351544 -0.0085891322735476665 -0.023286343505449454 0.0012088049832538088 0.044452940234898902 0.19351070445934299 0.015088066812818301 -0.026231233326590858 0.051980095627862419 -0.021381200003678994 0.20566192196241095 0.037633775166284994 0.44511531460426956 0.027709346389841679 -0.011822923768811135 0.2276778233670943 0.024981882691522926 -0.017449146549584349 0.14393572146490019 0.060691781118814812 0.0016092595219819863 0.049729917085953847 0.055321776271637639 -0.019656468191360285 0.50477423403729371 -0.0043094079942789451 0.26960886603171869 0.060297204895094103
leaf_weight=3.9988958872854701 66.406665224581957 117.68221331946552 4.426485199481248 506.28700512647629 27.057630866765976 132.71919998340309 90.426756763830781 1.7127667944878311 66.679055647924542 19.97309255041182 28.103702044114474 782.2232725340873 0.9864746518433094 66.609884057193995 0.56704344786703476 0.51212529838085175 26.487471163272861 1.1533346995711315 67.625130884349346 17.621194744482636 2.969413809478282 78.968194525688887 24.65918442606926 9.6429710686206818 30.965916881337762 2.6667499253526326 0.55773569643497456 112.78472757525742 0.99427911266684521 31.343900015577674
leaf_count=140 1581 3800 53 24453 1132 3656 895 27 1025 926 548 50498 8 1229 20 20 931 27 2223 637 25 864 388 170 180 108 11 3996 24 405
internal_value=-0.000442945 -0.00551977 -0.0160362 0.00415155 0.0267674 -0.00207723 0.0307684 0.00715986 0.0378095 0.0201146 0.0235881 -0.0184105 0.0123903 0.0279845 0.0409722 0.247033 -0.00401395 0.0589062 0.0192326 0.0309409 0.0393057 0.0456169 0.0352729 0.0714161 0.0445566 -0.0210017 0.0710537 -0.0011301 0.0706834 0.0361664
internal_weight=2324.81 1959.26 938.618 1020.64 365.553 734.169 338.496 77.7624 260.733 286.472 266.499 903.226 227.882 95.163 67.6891 1.07917 27.4739 29.257 237.242 119.56 101.938 194.054 115.086 11.3557 35.3924 785.448 3.22449 117.778 4.99317 98.969
internal_count=100000 93918 55010 38908 6082 30317 4950 1778 3172 8591 7665 54777 5864 2208 1269 40 939 575 7090 3290 2653 2147 1283 197 233 50617 119 4160 164 2628
is_linear=0
shrinkage=0.03


Tree=25
num_leaves=31
num_cat=0
split_feature=310 47 119 24 15 185 2 31 25 27 28 438 375 15 22 28 4 43 424 36 1 20 4 0 1 27 151 431 15 4
split_gain=338.849 255.227 115.585 100.779 87.9019 79.3195 71.9516 52.1852 53.1721 69.7923 50.83 49.3252 42.7914 41.7569 44.9948 65.1051 82.2528 63.5573 38.7289 38.2741 36.9592 38.7077 35.2231 35.2373 35.1874 34.7389 34.7252 34.7017 39.4094 34.0323
threshold=1.5000000000000002 -1.0000000180025095e-35 1.5000000000000002 1.5000000000000002 3.5000000000000004 62.439300537109382 1.5000000000000002 3.5000000000000004 1.5000000000000002 8.5000000000000018 1.0000000180025095e-35 1685.0000000000002 1.0000000180025095e-35 4.5000000000000009 1.5000000000000002 3.5000000000000004 476.50000000000006 11.500000000000002 254.50000000000003 222.72917175292972 350.04499816894537 5.5000000000000009 561.50000000000011 1189870.5000000002 99.664001464843764 1.5000000000000002 6.5000000000000009 722.50000000000011 2.5000000000000004 575.50000000000011
decision_type=10 2 8 2 2 2 2 10 2 2 2 2 10 2 2 2 10 10 2 10 2 2 10 2 2 2 2 2 2 10
left_child=1 3 5 18 10 7 24 8 20 13 12 -7 -2 -10 15 16 17 -15 -1 -6 21 -3 -22 29 -5 27 -13 -8 -29 -24
right_child=4 2 -4 6 19 11 25 -9 9 -11 -12 26 -14 14 -16 -17 -18 -19 -20 -21 22 -23 23 -25 -26 -27 -28 28 -30 -31
leaf_value=-0.019589420100537814 0.052248100771692986 -0.0049983871163113962 0.038415462237906962 0.0078047903844392676 0.051720327170025768 -0.0093469131677038179 0.16870177120031432 -0.01384254809310427 0.020891857730448722 -0.0027561823529542416 -0.0060327887445018671 0.031472673497384945 -0.013021507339173852 0.20164015452429121 0.047201458298249781 0.013505436832878069 0.037871733036932559 0.55690493059362456 0.10026389445857187 -0.024502920737227422 0.019571037769839442 0.25343304433434888 0.35005617558011864 -0.030894391464767849 0.085391625683340674 -0.012843226004299326 -0.019531056161373923 -0.025883117743952834 0.10557354046645058 0.10662043160170806
leaf_weight=839.27501999400556 35.263828871771693 422.58364916965365 86.489221975207329 7.8850747235119369 134.0991273317486 42.222959790378809 1.7608702927827824 229.935527542606 64.794291589409113 87.737548032775521 60.06974274944514 143.24282653257251 12.156645530834792 1.020437929779294 24.709669455885887 2.0096594151109457 1.1736930869519708 0.81533371657133091 2.4335229471325865 6.2031443808227769 18.343241358175877 0.52225896157324214 0.78580233268439759 0.90728232637047757 15.80711289308965 49.098364262841642 13.113746844232081 5.5412711249664408 3.2599520646035671 1.5100981034338472
leaf_count=52741 252 18255 1316 219 787 1332 21 11095 1995 2638 2055 2656 336 24 155 74 21 25 47 113 725 13 19 35 175 2128 482 194 32 40
internal_value=-0.000440245 -0.00441442 0.0050738 -0.0161269 0.0327106 0.00234154 0.0153391 -0.0016177 0.00286606 0.0165126 0.0122968 0.0194252 0.0355157 0.0343982 0.0638354 0.145726 0.23402 0.359426 -0.0192429 0.0483503 -0.00272759 -0.00467939 0.0355998 0.12739 0.0595697 -0.0022256 0.027195 0.0471309 0.0228081 0.18994
internal_weight=2314.77 2066.98 1141.92 925.061 247.792 1055.43 83.3526 856.848 626.913 182.261 107.49 198.58 47.4205 94.5231 29.7288 5.01912 3.00946 1.83577 841.709 140.302 444.652 423.106 21.5464 3.20318 23.6922 59.6605 156.357 10.5621 8.80122 2.2959
internal_count=100000 96457 40900 55557 3543 39584 2769 35114 24019 4932 2643 4470 588 2294 299 144 70 49 52788 900 19087 18268 819 94 394 2375 3138 247 226 59
is_linear=0
shrinkage=0.03


Tree=26
num_leaves=31
num_cat=0
split_feature=5 369 208 96 8 1 2 197 48 4 439 119 431 48 4 43 61 3 24 423 48 437 139 29 4 13 437 183 364 3
split_gain=319.368 225.189 176.699 108.654 93.0844 91.0138 106.74 84.0367 54.7255 64.0864 53.8609 51.1776 50.1268 44.9902 40.4467 39.6814 40.3675 38.0106 37.2189 37.3896 36.896 36.714 34.9065 34.1289 34.1559 34.5138 33.9748 68.1373 32.3109 36.6163
threshold=174.00000000000003 28.958399772644047 1.5000000000000002 1.5000000000000002 1.5000000000000002 137.75749969482425 1.5000000000000002 132.50000000000003 1.0000000180025095e-35 302.50000000000006 62375.000000000007 1.5000000000000002 1552.5000000000002 -1.0000000180025095e-35 553.50000000000011 4.5000000000000009 1.5000000000000002 18249.500000000004 3.5000000000000004 28.000000000000004 1.0000000180025095e-35 10.500000000000002 3.5000000000000004 131.50000000000003 500.50000000000006 1.0000000180025095e-35 31.500000000000004 32.98500061035157 48.960000991821296 8118.5000000000009
decision_type=8 8 10 8 2 2 2 8 2 8 2 8 2 2 10 10 10 2 2 10 2 2 10 2 8 2 2 2 10 2
left_child=1 2 5 4 10 20 7 12 18 26 -2 -6 -7 -8 21 16 28 -17 -3 -20 22 -11 -1 24 25 -5 27 -10 -15 -30
right_child=3 8 -4 23 11 6 13 -9 9 14 -12 -13 -14 15 -16 17 -18 -19 19 -21 -22 -23 -24 -25 -26 -27 -28 -29 29 -31
leaf_value=-0.021006699354470096 0.010968726984290574 -0.00064813396801084624 0.04257091075936692 0.11554410355443148 -0.011064873416420254 0.016055621730586556 -0.014945382691882805 -0.0053236682400676716 -0.031110115583737271 0.14813951830531527 0.049345499591575318 0.035216123321426047 0.12231205900439363 0.011986231892751779 -0.0062025349082293303 -0.010791688314241273 0.23854463733004144 0.13813748284258506 0.011641042091535598 0.089972192339113577 -0.0048581463735764482 0.040892097030285186 0.14302066328834698 -0.016679161726439424 0.011580770175933362 0.045970809387348113 -0.0091413560258407165 0.39690621369502904 0.0026626561895298699 0.11494215433623749
leaf_weight=851.00761211570352 68.209746876731515 184.90956892538816 52.318480391055346 6.744110479950904 143.79562264867127 5.6683565592393306 208.72658886667341 14.181666867807506 0.83006682060658821 2.9492061305791131 63.606454402208328 25.285175561904907 13.541728816926478 54.784556865692139 16.794222518801689 75.596627278253436 0.77918812818825145 1.5744925513863552 15.729406224563718 8.4201837833970785 154.74274268746376 110.83655470795929 1.1692651025950898 8.9443653058260661 25.509498163126409 132.41374686732888 43.103147337213159 0.5609536450356245 4.4399248436093313 6.3565922118723392
leaf_count=51293 1631 5557 309 107 4844 269 12827 685 30 42 1099 380 477 2522 423 3906 28 33 247 62 7867 1681 21 166 442 1236 1477 21 138 180
internal_value=-0.000437398 -0.00612701 -0.0115546 0.0214935 0.0105891 -0.0135881 -0.00119538 0.0500671 0.0142886 0.0266622 0.029487 -0.00414379 0.0909588 -0.00605472 0.0372574 0.00687428 0.0238847 -0.00775314 0.00392637 0.0389526 -0.0183345 0.0436718 -0.0207816 0.0403927 0.0434927 0.0493426 -0.00443201 0.141495 0.0213342 0.0687687
internal_weight=2303.53 1829.02 1444.89 474.509 300.897 1392.57 385.65 33.3918 384.133 175.074 131.816 169.081 19.2101 352.258 130.58 143.531 66.3603 77.1711 209.059 24.1496 1006.92 113.786 852.177 173.612 164.667 139.158 44.4942 1.39102 65.5811 10.7965
internal_count=100000 90095 80555 9905 7954 80246 21065 1431 9540 3674 2730 5224 746 19634 2146 6807 2868 3939 5866 309 59181 1723 51314 1951 1785 1343 1528 51 2840 318
is_linear=0
shrinkage=0.03


Tree=27
num_leaves=31
num_cat=0
split_feature=295 47 8 24 346 2 30 320 408 130 139 15 439 99 423 436 359 424 204 28 436 134 38 30 0 126 364 46 392 56
split_gain=302.196 262.731 138.677 101.312 67.761 65.342 51.463 50.0763 45.2707 45.6229 44.1691 43.8613 41.5837 41.3868 40.411 45.8246 39.4342 38.5138 31.7399 31.0749 31.0734 36.9926 30.3746 29.4964 29.4162 29.1979 27.444 26.3749 25.772 24.7229
threshold=1.5000000000000002 -1.0000000180025095e-35 1.5000000000000002 1.5000000000000002 1.0000000180025095e-35 1.5000000000000002 180.50000000000003 4.0054500102996835 218.50000000000003 2.5000000000000004 2.5000000000000004 2.5000000000000004 62375.000000000007 1.5000000000000002 28.000000000000004 -188.27561592474822 29.001049995422367 254.50000000000003 2.5000000000000004 1.0000000180025095e-35 -114.44855490018146 1.0000000180025095e-35 17.500000000000004 7.5000000000000009 879246.50000000012 1.5000000000000002 100.02140045166017 1.0000000180025095e-35 -43.499999999999993 1.5000000000000002
decision_type=10 2 2 2 10 2 10 10 8 8 10 2 2 8 10 2 10 2 10 2 2 8 10 8 2 10 8 2 8 10
left_child=1 3 6 17 10 26 8 -2 -3 12 23 22 24 20 18 -16 -15 19 -7 -1 21 -6 -11 -4 -10 -22 -5 -14 -17 -29
right_child=7 2 4 5 13 14 -8 -9 9 11 -12 -13 27 16 15 28 -18 -19 -20 -21 25 -23 -24 -25 -26 -27 -28 29 -30 -31
leaf_value=-0.0039400139216441456 0.049221411955050712 -0.027503764005791454 0.013827846708850892 0.0436869302276673 0.17562000700003985 -0.021328137587185193 -0.023973045604164862 0.016363491194502228 0.027238310254131554 0.0065999157449126494 0.05647714601145918 0.072931924145324289 0.038169192229849866 0.21728356717745503 0.24698826279125771 0.11107905609654829 0.024264597267130334 0.091879215273429155 0.18690690481258407 -0.021444173402070228 -0.0050095371762030475 0.02497906630787209 0.088547697768610989 -0.010509013993010487 -0.00130515023242163 0.061836184178899647 0.1422916300380139 0.00061857981712589859 0.010028249680125782 0.18209362303986254
leaf_weight=104.390022598207 112.37876319605857 15.085014808923004 49.272941265255213 23.492328709922734 1.8248816467821569 42.860869750380516 21.93251526914537 66.414111377671361 50.856413658708334 22.479414300993088 9.6380625590682012 32.5331598110497 116.16475190035999 0.96148466318845649 0.86283585708588617 2.6235309336334467 103.20263471081853 2.8164706770330659 0.66906349174678226 726.74151985533535 134.46095013804734 7.4839854221791038 4.9709786437451831 496.07761535979807 90.002265326678753 6.149930026382207 2.8483657371252766 26.346563348546628 16.927979033440355 0.69341130554675956
leaf_count=3940 765 457 1586 401 25 1889 1010 1240 1283 576 156 236 2325 20 31 39 2263 50 6 49678 3684 124 63 23890 2660 86 23 941 539 14
internal_value=-0.000434979 -0.00360187 0.00571733 -0.0156022 -0.00131064 0.014585 0.020639 0.0370161 0.0233635 0.0255939 -0.00718504 0.0493675 0.0205738 0.0115207 -0.00179535 0.0330301 0.0260463 -0.0188704 -0.0181275 -0.0192457 0.0014283 0.0545103 0.0214398 -0.00831016 0.00900034 -0.00208589 0.0543496 0.0319576 0.0235878 0.00527231
internal_weight=2293.16 2114.37 1190.14 924.233 809.072 90.285 381.064 178.793 359.132 344.047 554.989 59.9836 284.063 254.084 63.9443 20.4143 104.164 833.948 43.5299 831.132 149.92 9.30887 27.4504 545.351 140.859 140.611 26.3407 143.205 19.5515 27.04
internal_count=100000 97995 41399 56596 31834 2928 9565 2005 8555 8098 25632 875 7223 6202 2504 609 2283 53668 1895 53618 3919 149 639 25476 3943 3770 424 3280 578 955
is_linear=0
shrinkage=0.03


Tree=28
num_leaves=31
num_cat=0
split_feature=5 369 208 438 1 2 197 14 439 311 27 396 15 16 30 106 68 367 122 32 61 30 32 366 30 365 400 434 423 42
split_gain=283.793 203.073 158.059 107.356 88.4121 95.3422 69.5641 55.3149 56.653 53.6944 46.2025 41.4568 41.1536 40.5948 51.4589 43.1674 38.5348 36.1488 34.8196 32.6283 31.8027 30.4992 42.902 43.6361 33.9306 31.6408 30.0522 29.5305 29.4972 42.4864
threshold=174.00000000000003 28.958399772644047 1.5000000000000002 4590.0000000000009 137.75749969482425 1.5000000000000002 132.50000000000003 1.0000000180025095e-35 62375.000000000007 1.5000000000000002 20.500000000000004 1.5000000000000002 4.5000000000000009 2.5000000000000004 476.50000000000006 1.0000000180025095e-35 2.5000000000000004 301.25000000000006 1.0000000180025095e-35 236.50000000000003 1.5000000000000002 45.500000000000007 244.50000000000003 411.97500610351568 25.500000000000004 39.975000381469734 1.0000000180025095e-35 0.99999988762627534 28.000000000000004 254.00000000000003
decision_type=8 8 10 2 2 2 8 2 2 8 2 10 2 2 10 8 8 2 8 10 10 10 8 2 8 2 10 2 10 8
left_child=1 2 4 7 -1 6 11 -2 9 -9 13 27 26 14 21 -15 -14 -17 20 -10 -7 24 23 -23 25 -3 -5 -6 -20 -30
right_child=3 10 -4 12 5 18 -8 8 19 -11 -12 -13 16 15 -16 17 -18 -19 28 -21 -22 22 -24 -25 -26 -27 -28 -29 29 -31
leaf_value=-0.017953200560711636 0.11583371721878157 -0.020294945392817169 0.039603994565627715 -0.0087688165113885205 0.03220551899265215 0.0033466903535684231 -0.0051335248347314224 -0.001670445492926143 0.046608987610195322 0.034828532978183266 -0.009049875134575178 0.14004122982524306 0.049108421027250639 -0.015710550469019969 0.23659930554947256 0.042796519681267256 0.0023462453694591654 -0.031708372625642259 -0.018346776346740725 -0.024060745605847166 0.12680652814742335 -0.025796557846240638 0.064061392099766024 0.16464431128267529 -0.009828205830023775 0.026495466529718795 0.12641590287525598 0.15673853118805761 0.12966526163410755 0.0027662555793656735
leaf_weight=977.33651731163263 6.8514161203056565 16.20022732950747 53.065428221598268 126.32228490803391 11.558091179467739 153.93881354201585 14.01024278718978 72.83661119453609 130.48630350641906 72.2665721103549 68.632330394349992 7.1235975259914985 27.498781321570277 15.12601640075445 0.89565255492925544 100.37197973020375 37.472846757620573 6.2243902143090954 170.35691193956882 6.15736418403685 1.9010167634114612 11.275574206374584 19.052496391348544 1.1978879161179055 84.1510248510167 65.987585642375052 1.4975527729839075 2.0120671056210986 2.7425355976447463 17.695407834835354
leaf_count=59181 102 453 309 4326 517 7458 685 1658 1757 968 2379 186 213 438 26 1426 713 141 10986 135 71 372 316 11 2592 1386 33 43 100 1019
internal_value=-0.000430632 -0.00590016 -0.0111891 0.0200306 -0.0131729 -0.000921526 0.0464868 0.03161 0.0295618 0.0165074 0.0132886 0.0814352 0.00269701 0.0180724 0.00971687 0.0317162 0.022138 0.038446 -0.0056679 0.0434245 0.00485272 0.00868987 0.0357446 -0.00750758 0.00356222 0.0172725 -0.00718498 0.0506702 -0.0142611 0.0197946
internal_weight=2282.25 1800.86 1411.74 481.39 1358.68 381.339 34.704 288.598 281.747 145.103 389.115 20.6938 192.791 320.483 198.76 121.722 64.9716 106.596 346.635 136.644 155.84 197.865 31.526 12.4735 166.339 82.1878 127.82 13.5702 190.795 20.4379
internal_count=100000 90095 80555 9905 80246 21065 1431 4620 4518 2626 9540 746 5285 7161 5156 2005 926 1567 19634 1892 7529 5130 699 383 4431 1839 4359 560 12105 1119
is_linear=0
shrinkage=0.03


Tree=29
num_leaves=31
num_cat=0
split_feature=22 47 201 8 105 367 30 259 30 5 139 1 423 439 397 5 319 119 119 3 30 393 393 400 139 59 303 24 334 72
split_gain=269.679 191.456 130.767 98.0228 67.6328 55.7186 54.625 48.1143 42.0172 41.3193 40.3012 39.9885 69.5828 64.3829 65.5804 53.8315 50.104 38.0914 35.0317 35.0237 34.4623 33.9905 33.6433 33.3336 33.5275 31.996 31.135 30.7846 28.4463 27.8011
threshold=2.5000000000000004 -1.0000000180025095e-35 1.5000000000000002 1.5000000000000002 1.5000000000000002 82.969997406005874 148.50000000000003 1.0000000180025095e-35 180.50000000000003 149.50000000000003 1.5000000000000002 149.98000335693362 28.000000000000004 139597.50000000003 -15.499999999999998 141.50000000000003 250.99500274658206 1.5000000000000002 1.5000000000000002 1890.5000000000002 49.500000000000007 173103.50000000003 101487.50000000001 1.0000000180025095e-35 3.5000000000000004 2.5000000000000004 1.5000000000000002 3.5000000000000004 2.5000000000000004 2.5000000000000004
decision_type=2 2 10 2 8 2 10 10 10 8 8 2 10 2 8 10 8 10 10 2 8 8 10 10 8 10 10 2 2 10
left_child=1 2 11 8 5 25 7 10 9 -3 17 27 15 16 22 -13 -14 21 28 -16 -6 -2 -15 24 -11 29 -17 -1 -7 -5
right_child=6 3 -4 4 20 18 -8 -9 -10 23 -12 12 13 14 19 26 -18 -19 -20 -21 -22 -23 -24 -25 -26 -27 -28 -29 -30 -31
leaf_value=-0.02168225552551967 0.0292874938874845 -0.028979521399522552 0.039948966856255728 -0.0082394023541074481 -0.022278172323030008 -0.00061386887498677059 -0.022258722894156556 -1.2938199003482849e-05 -0.025838462291749673 0.017990950359938938 0.044656569192081885 0.20679210164490616 -0.011907729053922029 0.051755963146083273 0.20875875384736056 -0.016552800552190487 0.26608613109654466 0.057571779624807293 0.051828933915539797 0.022856244916661869 0.058976929568319666 -0.0061745178262537356 0.22898143400478435 0.094374100621143903 0.050390115742115174 0.15069729779831398 0.061307991495173492 0.10653634104911691 0.04000368940662094 0.076279988495000978
leaf_weight=609.37229406926781 52.499514598399401 14.296225404366849 37.6039844956249 592.11921213753521 5.8734178934246328 74.458581805229187 20.507915239781141 45.617500783875585 18.483176942914724 244.30569154582918 135.09162745252252 0.99141455348580976 20.478469602763656 1.4061253936961291 0.99563060887158172 204.40285689383745 0.60061805788427491 20.788649514317513 19.719684472307563 10.869057791307567 23.467963436618447 45.330390570685267 3.0661455048248172 5.8160463571548453 32.579364946112037 1.1493816878646601 4.7291941642761222 1.6899625873193134 19.603933939710259 3.5234546642750493
leaf_count=41276 752 510 238 27066 126 2519 855 802 915 6784 1054 17 1090 47 31 12705 11 186 253 511 187 815 70 49 559 31 51 42 364 84
internal_value=-0.000427237 -0.00461192 -0.0148087 0.00404686 -0.00192311 -0.00376619 0.0251072 0.0283524 0.0180486 0.0207798 0.0334526 -0.0172069 -0.00703477 0.030658 0.0753591 -0.0137466 -0.0039867 0.0206926 0.0154732 0.0384563 0.0427117 0.0128558 0.17326 0.0232962 0.0218032 -0.0074343 -0.0147921 -0.0213277 0.00785139 -0.00773944
internal_weight=2271.44 1951.6 896.206 1055.4 739.916 710.574 319.836 299.328 315.481 296.997 253.71 858.602 247.54 37.416 16.337 210.123 21.0791 118.619 113.782 11.8647 29.3414 97.8299 4.47227 282.701 276.885 596.792 209.132 611.062 94.0625 595.643
internal_count=100000 95536 56089 39447 30630 30317 4464 3609 8817 7902 2807 55851 14533 1760 659 12773 1101 1753 3136 542 313 1567 117 7392 7343 27181 12756 41318 2883 27150
is_linear=0
shrinkage=0.03


Tree=30
num_leaves=31
num_cat=0
split_feature=295 47 8 24 36 346 2 4 3 30 139 56 275 348 27 130 99 359 410 4 204 25 437 437 30 14 5 392 334 392
split_gain=256.964 231.048 113.997 90.4397 58.1917 57.1727 54.7566 46.6533 41.7348 38.924 38.5979 38.4211 38.1515 37.1732 34.4548 30.5288 29.4424 32.4738 29.4361 30.0252 28.3461 28.2498 31.8302 54.1871 28.0227 27.7001 27.0561 25.5809 44.172 26.8372
threshold=1.5000000000000002 -1.0000000180025095e-35 1.5000000000000002 1.5000000000000002 222.72917175292972 1.0000000180025095e-35 1.5000000000000002 554.50000000000011 18249.500000000004 180.50000000000003 2.5000000000000004 1.5000000000000002 1.0000000180025095e-35 2.5000000000000004 1.0000000180025095e-35 4.5000000000000009 1.5000000000000002 28.98499965667725 312.50000000000006 202.50000000000003 1.5000000000000002 1.0000000180025095e-35 634.50000000000011 387.50000000000006 7.5000000000000009 1.5000000000000002 181.50000000000003 -1.0000000180025095e-35 1.5000000000000002 -43.499999999999993
decision_type=10 2 2 2 10 10 2 10 2 10 10 10 10 2 2 8 8 10 8 8 8 2 2 2 8 2 10 10 2 8
left_child=1 3 7 14 12 10 -5 9 11 15 24 -9 25 16 -1 -3 -7 -18 19 -14 27 22 23 26 -4 -2 -16 29 -29 -8
right_child=4 2 5 6 -6 13 20 8 -10 -11 -12 -13 18 -15 21 -17 17 -19 -20 -21 -22 -23 -24 -25 -26 -27 -28 28 -30 -31
leaf_value=-0.0021533231852474298 -0.0047023014036949324 0.02118875603806912 0.013629835597217988 0.048857361431995858 -0.034245149302854119 -0.0023335904789462112 0.049909680587391876 -0.015922713241462712 0.11408623887781698 -0.021901276384692865 0.051644994738265816 0.23231147618944401 0.079506621514854228 0.042670280472278457 -0.030633845739839492 0.04781201148596332 0.17962772842656979 0.017634583484631993 -0.027181672741701707 0.0072894444029941718 0.057870456493357703 -0.021127575717486861 -0.03090526315375983 0.4388956787673936 -0.010072141341736465 0.049126409812908577 0.26179070424139295 0.0068735579767991222 0.1940926572961742 -0.023366363571302215
leaf_weight=103.70658473484218 9.2385758133605105 275.93070708215237 49.470231719315052 27.2914654975757 10.639884137548504 138.90922905504704 4.9942764928564429 50.912655616179109 2.428207390010356 16.810232738032937 9.9874524306505901 0.56741718761622806 7.5619213450700071 28.500355591997504 0.94360045250505142 45.100067114457488 1.1277798134833563 89.431761031970382 12.210989390499888 16.45922402665019 6.414230494759976 686.72312504611909 1.6264351792633531 0.44623204693198193 485.249462608248 125.24312512390316 0.40783878974616528 5.5257173320278516 1.4271271256729958 45.303678098134696
leaf_count=3955 191 6354 1586 424 288 3675 148 1783 34 784 156 14 56 383 55 596 18 2126 304 234 101 49550 84 14 23890 932 10 250 18 1987
internal_value=-0.000423354 -0.00341051 0.00519678 -0.0150297 0.0338246 -0.00127797 0.0133057 0.0184632 -0.00745386 0.0225988 -0.00678792 -0.0131867 0.0380671 0.0103564 -0.0182762 0.0249289 0.00634298 0.019652 0.0107442 0.0300236 -0.00193432 -0.020699 0.0652568 0.152259 -0.00787932 0.0454285 0.0576143 -0.0086347 0.0453018 -0.0160905
internal_weight=2260.59 2079.24 1194.43 884.81 181.354 802.676 90.9565 391.749 53.9083 337.841 544.707 51.4801 170.714 257.969 793.854 321.031 229.469 90.5595 36.2321 24.0211 63.665 690.147 3.42411 1.79767 534.72 134.482 1.35144 57.2508 6.95284 50.298
internal_count=100000 97995 41399 56596 2005 31834 2928 9565 1831 7734 25632 1797 1717 6202 53668 6950 5819 2144 594 290 2504 49713 163 79 25476 1123 65 2403 268 2135
is_linear=0
shrinkage=0.03


Tree=31
num_leaves=31
num_cat=0
split_feature=295 47 8 24 36 346 2 4 439 3 139 275 348 423 27 3 365 3 3 108 3 335 72 9 9 106 9 410 130 4
split_gain=241.058 220.574 105.678 86.6583 54.4705 53.7917 50.232 42.9661 44.2327 36.5532 35.6833 35.3221 34.482 34.2287 33.7703 28.6269 41.5034 39.51 64.9442 34.0267 41.1607 42.0944 33.3487 30.4931 41.7874 39.4513 28.678 27.6388 27.6248 27.1435
threshold=1.5000000000000002 -1.0000000180025095e-35 1.5000000000000002 1.5000000000000002 222.72917175292972 1.0000000180025095e-35 1.5000000000000002 554.50000000000011 62375.000000000007 18249.500000000004 2.5000000000000004 1.0000000180025095e-35 2.5000000000000004 28.000000000000004 1.0000000180025095e-35 12504.500000000002 705.97500610351574 5291.5000000000009 6370.5000000000009 2.5000000000000004 12321.500000000002 1.5000000000000002 2.5000000000000004 196.00000000000003 377.00000000000006 1.0000000180025095e-35 242.50000000000003 312.50000000000006 2.5000000000000004 202.50000000000003
decision_type=10 2 2 2 10 10 2 10 2 2 10 10 2 10 2 2 2 2 2 8 2 2 10 8 10 10 10 8 8 8
left_child=1 3 7 14 11 10 -5 8 28 -9 -4 -2 15 -8 -1 17 22 -7 23 20 -20 26 -17 25 -25 -19 -22 29 -3 -13
right_child=4 2 5 6 -6 12 13 9 -10 -11 -12 27 -14 -15 -16 16 -18 18 19 -21 21 -23 -24 24 -26 -27 -28 -29 -30 -31
leaf_value=-0.0020929521400346756 0.043744334856960221 0.0049195135178578464 -0.0077008858571009798 0.046444851175796109 -0.034139134349317084 -0.010388504573453521 -0.017687893260572501 -0.012954190573574087 0.032300801521980199 0.10140856781390939 0.048835799546854422 0.075024778523420932 0.040923530005555618 0.028912897025474775 -0.020493622145566937 -0.017253211602814601 0.074337611756693123 0.32022186092525018 0.001146518767699867 0.057737454776833112 0.28430868312297519 -0.031830523794590622 0.1155562584217682 0.00058109787460359412 0.1120579575779662 0.080584460771135957 0.092294280240377086 -0.026936875775427662 0.035828610449681657 0.0070400097037676785
leaf_weight=103.50023750029504 135.45247237943113 138.06277484912425 530.80236785113811 27.839181900955737 10.357008994556962 43.396513262763619 41.885001773945987 50.878143394365907 172.60931185632944 2.646175129339098 10.241089433431624 7.7699212208390263 28.820329068228602 21.450299481861293 676.45068086311221 72.601315561681986 5.0987423844635478 1.0234477948397374 74.374870562925935 13.771595751866696 1.0438350904732936 1.6363310329616068 1.7424627020955075 5.4879400338977575 6.7470113597810268 1.5618477594107387 2.1254818979650736 11.956169460900126 32.068280605599284 16.530020141042769
leaf_count=3955 1123 3806 25476 424 288 1220 1895 1797 3445 34 156 56 383 609 49713 2107 24 25 1943 145 25 37 13 142 73 26 39 304 483 234
internal_value=-0.00041889 -0.00333262 0.00502683 -0.0148167 0.0326747 -0.00124555 0.012858 0.0176974 0.0216011 -0.00730024 -0.00663074 0.0367048 0.00998521 -0.00190521 -0.0180518 0.00611874 -0.00846178 0.0137811 0.0235135 0.0142145 0.00664467 0.091737 -0.0141404 0.0818364 0.0620554 0.17545 0.155535 0.010405 0.0107456 0.0287782
internal_weight=2249.93 2067.87 1196.74 871.125 182.066 800.475 91.1745 396.265 342.74 53.5243 541.043 171.709 259.432 63.3353 779.951 230.611 79.4425 151.169 107.772 92.9521 79.1805 4.80565 74.3438 14.8202 12.235 2.5853 3.16932 36.2561 170.131 24.2999
internal_count=100000 97995 41399 56596 2005 31834 2928 9565 7734 1831 25632 1717 6202 2504 53668 5819 2144 3675 2455 2189 2044 101 2120 266 215 51 64 594 4289 290
is_linear=0
shrinkage=0.03


Tree=32
num_leaves=31
num_cat=0
split_feature=18 48 27 4 4 27 25 27 122 135 214 4 411 346 29 1 16 436 28 20 362 56 437 437 217 202 7 437 373 61
split_gain=229.501 136.469 126.87 59.2429 60.0506 58.5917 107.573 81.0388 54.5654 49.1988 47.3628 45.1149 42.8431 41.4227 49.4163 39.9945 37.8273 84.9032 42.9405 57.1738 40.6553 36.5717 35.8077 231.472 33.5651 34.7671 31.5885 46.0119 31.4225 30.9947
threshold=1.5000000000000002 1.0000000180025095e-35 1.0000000180025095e-35 307.50000000000006 553.50000000000011 1.5000000000000002 7.5000000000000009 274.50000000000006 1.0000000180025095e-35 2.5000000000000004 142.50000000000003 309.50000000000006 300.50000000000006 2.5000000000000004 27.500000000000004 361.72500610351568 2.5000000000000004 -100.00293299145406 3.5000000000000004 3.5000000000000004 21.01309967041016 1.5000000000000002 30.500000000000004 28.500000000000004 9375.0000000000018 2030.5000000000002 112.00000000000001 223.50000000000003 10.118200302124025 2.5000000000000004
decision_type=2 2 2 8 10 2 2 2 8 10 10 8 10 10 2 2 2 2 2 2 10 10 2 2 10 10 10 2 10 10
left_child=1 2 12 22 11 -2 -7 -8 9 15 -10 -5 -1 14 16 -4 -13 20 19 -19 -18 -6 23 -3 25 28 27 -16 -14 -24
right_child=5 3 8 4 21 6 7 -9 10 -11 -12 13 24 -15 26 -17 17 18 -20 -21 -22 -23 29 -25 -26 -27 -28 -29 -30 -31
leaf_value=-0.0032203609569135525 0.042522023703758294 0.00037859853246730219 -0.0087153295698548048 0.20570717300423244 -0.016894981158634245 -0.011292073286444021 0.047324921659569801 0.0085160325608041789 -0.019612733122898081 0.079107735156019016 0.039318985072682625 0.020162228238505258 0.031733617747049789 0.041314706168054813 0.21904862861054517 0.026509216516249705 0.1489167222139994 0.047947878158842334 -0.031099258241199038 0.2634892120946033 0.46364363451147905 0.18368612093765085 -0.011076657985195025 0.63024696631904131 -0.028214897273377049 0.17251702884821171 -0.014973195099196651 -0.031107987429112791 -0.011413684954419891 0.19700529542982137
leaf_weight=102.44527563266456 86.849679686129093 4.8049386404454699 537.86157514806837 1.2441870197653759 42.588836321607232 97.307590836659074 94.154319293797016 99.706207275390625 656.92668852675706 6.0615291167050591 12.50756495259702 73.80946821346879 102.41884592734277 82.458008117973804 1.2978399731218808 30.664215071126819 0.82914323732256778 5.1286003123968822 3.9170290995389223 1.4126723911613224 0.6661949884146452 0.83412576466798682 113.09086696431041 0.5895236451178788 10.74364481680095 1.461987119168042 47.379376295953989 1.350160328671336 17.836026700213552 0.64795056916773219
leaf_count=3204 927 216 24246 21 1731 2863 575 1717 48342 112 206 3020 1734 865 26 1290 26 150 144 28 16 23 5083 20 428 32 2445 54 446 10
internal_value=-0.00041461 -0.00474347 -0.00887255 0.0112404 0.0191926 0.0208963 0.0144458 0.0273648 -0.0126908 -0.00590901 -0.0185117 0.0255697 0.011348 0.0245428 0.0143581 -0.00681545 0.0281803 0.0776887 0.0474563 0.0944968 0.289132 -0.013042 -0.00630936 0.0692126 0.0226153 0.0271019 -0.00933751 0.091499 0.0253341 -0.00989125
internal_weight=2238.99 1860.98 1478.93 382.049 262.916 378.018 291.168 193.861 1244.02 574.587 669.434 219.493 234.906 218.248 135.79 568.526 85.7631 11.9536 10.4583 6.54127 1.49534 43.423 119.133 5.39446 132.461 121.717 50.0274 2.648 120.255 113.739
internal_count=100000 93918 80040 13878 8549 6082 5155 2292 74196 25648 48548 6795 5844 6774 5909 25536 3384 364 322 178 42 1754 5329 236 2640 2212 2525 80 2180 5093
is_linear=0
shrinkage=0.03


Tree=33
num_leaves=31
num_cat=0
split_feature=22 47 249 15 27 369 28 27 438 12 30 106 434 25 423 397 432 7 90 12 18 436 131 0 127 8 7 189 129 411
split_gain=218.343 171.967 87.8435 76.1739 94.635 69.9791 65.4446 47.9057 43.134 41.8631 36.1463 34.5829 33.7647 49.6372 38.1032 49.414 57.478 37.4016 32.8189 29.6025 29.8557 29.075 27.6562 27.0525 26.7148 25.9052 25.7719 25.4328 24.451 28.7546
threshold=1.5000000000000002 -1.0000000180025095e-35 1.5000000000000002 3.5000000000000004 8.5000000000000018 286.25000000000006 1.0000000180025095e-35 1.5000000000000002 3941.5000000000005 438.50000000000006 7.5000000000000009 2.5000000000000004 -0.27236333779372796 1.0000000180025095e-35 28.000000000000004 -12.499999999999998 1.5000000000000002 218.00000000000003 2.5000000000000004 177.50000000000003 10.500000000000002 -133.32503583960434 2.5000000000000004 1267194.5000000002 1.0000000180025095e-35 1.5000000000000002 103.00000000000001 1093.0000000000002 1.5000000000000002 277.50000000000006
decision_type=2 2 10 2 2 10 2 2 2 10 8 8 2 2 10 8 2 10 10 8 2 2 10 2 8 2 8 2 10 8
left_child=1 2 12 7 19 6 -3 9 -7 28 23 25 -1 17 -15 16 -16 -14 22 20 -5 -10 -6 -8 27 -12 -18 -23 29 -2
right_child=3 5 -4 4 18 8 10 -9 21 -11 11 -13 13 14 15 -17 26 -19 -20 -21 -22 24 -24 -25 -26 -27 -28 -29 -30 -31
leaf_value=-0.023340834269217306 -0.021133185663062954 0.020602868298576969 0.033665192734687086 0.0036366142201312646 0.0027109364567933242 -0.0030393629489527396 0.02424368395398253 -0.014011039438166024 0.072353243079486568 0.11906928622505156 0.0031967454989551163 0.11356407953228409 -0.031123141130534975 -0.015652569650701675 0.28157345535480743 -0.0028865954387870293 0.16067454855027652 0.20804839923714191 0.042884083719092664 0.053062619105269555 0.059048485831077385 -0.012151395824408759 0.15387720191607138 -0.0048134380823628923 0.031216581452449488 -0.011058159538218171 0.025619809056080533 0.16607783473429114 -0.026334232352139105 0.036523453252904022
leaf_weight=412.91513945907354 9.9045075746253115 113.67857954464853 31.378219014033675 25.747341452166438 119.27810677792877 52.437759192660451 64.995633663609624 82.505639852955937 12.669384459033607 3.6882251594215623 155.36864317953587 2.1372329853475085 0.92305126320570652 292.82276922743767 1.0484518986195315 37.460933942347765 1.5160742215812177 1.6233818707987664 23.45127278380096 105.37490782421082 13.257004722952841 20.540104648098353 1.099284429103135 51.833786517381668 96.923376616090536 438.72667665500194 7.8878627577796587 0.74677079170942207 10.596822748892007 36.376335465349257
leaf_count=30466 256 2026 194 229 2250 1350 1743 3308 76 68 6037 17 43 20514 42 2241 30 51 167 591 58 578 11 1524 1223 23684 404 7 189 623
internal_value=-0.000412775 -0.00501188 -0.0155199 0.0187569 0.0276401 0.00318156 -0.000536786 0.000862373 0.0199509 0.0211236 -0.00390694 -0.00689684 -0.0175608 -0.0106083 -0.0115945 0.0132064 0.070883 0.121352 0.0104165 0.044798 0.0224703 0.0291621 0.00409138 0.0113519 0.024533 -0.0073302 0.0473929 -0.00589889 0.0147723 0.0241844
internal_weight=2228.91 1797.63 787.576 431.279 288.208 1010.06 826.741 143.072 183.317 60.5659 713.062 596.233 756.198 343.283 340.736 47.9133 10.4524 2.54643 143.829 144.379 39.0043 130.88 120.377 116.829 118.21 594.095 9.40394 21.2869 56.8777 46.2808
internal_count=100000 92250 53985 7750 3306 38265 35031 4444 3234 1136 33005 29738 53791 23325 23231 2717 476 94 2428 878 287 1884 2261 3267 1808 29721 434 585 1068 879
is_linear=0
shrinkage=0.03


Tree=34
num_leaves=31
num_cat=0
split_feature=295 47 8 24 119 348 2 30 5 275 434 25 346 423 3 3 424 14 3 97 439 3 7 365 3 43 4 28 434 0
split_gain=206.183 191.87 91.5366 78.524 71.8627 47.7583 43.7719 38.2019 38.6883 35.1182 34.5343 41.9868 31.6723 31.6501 31.0969 35.2348 31.0528 30.5035 30.027 28.4034 30.8785 28.8768 27.6961 26.4277 27.7168 27.0458 26.3509 25.6266 49.7983 29.9442
threshold=1.5000000000000002 -1.0000000180025095e-35 1.5000000000000002 1.5000000000000002 1.5000000000000002 2.5000000000000004 1.5000000000000002 180.50000000000003 149.50000000000003 1.0000000180025095e-35 -0.27236333779372796 1.0000000180025095e-35 6.5000000000000009 28.000000000000004 10726.500000000002 5811.5000000000009 254.50000000000003 1.5000000000000002 9627.5000000000018 3.5000000000000004 35332.000000000007 18249.500000000004 202.50000000000003 705.97500610351574 13144.000000000002 503.50000000000006 204.50000000000003 1.0000000180025095e-35 -0.26720676770248047 585783.50000000012
decision_type=10 2 2 2 8 2 2 10 8 10 2 2 10 10 2 2 2 2 2 8 2 2 8 2 2 10 8 2 2 2
left_child=1 3 7 10 5 23 -5 8 -3 17 -1 22 19 -8 15 -6 27 -2 -7 20 21 -10 -12 24 25 -4 -11 28 -13 -30
right_child=9 2 4 6 14 18 13 -9 12 26 11 16 -14 -15 -16 -17 -18 -19 -20 -21 -22 -23 -24 -25 -26 -27 -28 -29 29 -31
leaf_value=-0.023380204534969418 -0.010412406607725074 -0.026372301547911998 -0.00245080733203991 0.043058646375198018 0.0013461286372488496 -0.026905851060499156 -0.017420489679640966 -0.023533329039759698 -0.010166982494619115 0.042420221763158003 -0.031070501703079827 0.33557117297914407 0.047539422998225681 0.02725211831425791 0.0015840572863317437 0.066717842977653721 0.10260322427189791 0.041166564495760428 0.046045071456127476 0.034555718971001528 0.018688859240772505 0.085608655295043329 0.16836981510586341 0.076705178113997088 -0.01546509464715364 0.18488676979183738 -0.010605244022528895 -0.015931298611719397 0.05969498631793943 -0.0046369363628222665
leaf_weight=402.13042690511793 11.199615237303076 16.680359831079841 507.16024654172361 28.296614964492619 10.418986240401862 6.3098196694627395 41.002835154533386 20.697153163142502 58.885765647515655 12.060545044951139 0.92566717788577024 0.40930395387112994 34.875228311866522 21.895950349979103 20.390754086896777 25.784642308950424 2.1378899812698355 131.27308689616621 26.011341036297381 69.364243153482676 200.34235962666571 2.9764347523450843 1.9400515761226413 3.5033597219735375 196.43808056972921 0.69452367071062227 28.056075851432979 276.53845426440239 7.4568038228899232 51.384594244882464
leaf_count=30352 263 556 21657 424 204 244 1895 1010 1843 145 45 15 276 609 391 303 24 1046 398 1321 4522 37 51 31 8576 30 551 21016 239 1926
internal_value=-0.000408035 -0.00314856 0.00453048 -0.0142009 -0.00136713 -0.00385862 0.0120712 0.016166 0.0183107 0.0301305 -0.0174258 -0.0103998 0.0203446 -0.00186933 0.0312155 0.0479046 -0.0113695 0.037112 0.0318034 0.0174842 0.0129681 -0.00555884 0.103948 -0.0054871 -0.00589595 -0.00219461 0.00533618 -0.0120951 0.00580951 0.00351567
internal_weight=2217.24 2034.65 1200.53 834.119 796.712 740.117 91.1954 403.822 383.124 182.589 742.923 340.793 366.444 62.8988 56.5944 36.2036 337.927 142.473 32.3212 331.569 262.205 61.8622 2.86572 707.796 704.293 507.855 40.1166 335.789 59.2507 58.8414
internal_count=100000 97995 41399 56596 31834 30936 2928 9565 8555 2005 53668 23316 7999 2504 898 507 23220 1309 642 7723 6402 1880 96 30294 30263 21687 696 23196 2180 2165
is_linear=0
shrinkage=0.03


Tree=35
num_leaves=31
num_cat=0
split_feature=22 82 241 369 27 27 30 259 255 438 154 15 25 20 0 392 41 411 410 330 371 346 106 25 431 9 424 25 337 433
split_gain=196.553 118.478 113.128 62.3266 63.9257 57.3152 46.6734 44.8357 38.5986 38.5012 33.5062 32.9717 108.165 54.9884 31.2036 41.6317 60.7918 29.8025 52.4434 28.4192 27.598 27.105 27.0527 26.4538 26.1381 29.526 24.5409 24.6799 24.3647 24.0995
threshold=2.5000000000000004 1.0000000180025095e-35 1.5000000000000002 286.25000000000006 1.0000000180025095e-35 1.0000000180025095e-35 7.5000000000000009 1.0000000180025095e-35 71.767299652099624 3941.5000000000005 1.0000000180025095e-35 10.500000000000002 6.5000000000000009 6.5000000000000009 1276243.5000000002 -1.0000000180025095e-35 2.5000000000000004 558.50000000000011 632.50000000000011 140.85280609130862 11.423099994659426 1.0000000180025095e-35 1.0000000180025095e-35 1.5000000000000002 675.50000000000011 126.50000000000001 248.00000000000003 1.0000000180025095e-35 9.5000000000000018 4.5000000000000009
decision_type=2 8 10 10 2 2 8 10 10 2 2 2 2 2 2 10 8 10 10 10 10 8 10 2 2 8 2 2 10 2
left_child=1 3 5 4 20 17 14 8 10 -5 -2 -8 13 -13 15 -6 -17 -3 24 -9 -1 -15 -11 -16 -19 -26 27 -7 -24 -25
right_child=7 2 -4 9 6 26 11 19 -10 22 -12 12 -14 21 23 16 -18 18 -20 -21 -22 -23 28 29 25 -27 -28 -29 -30 -31
leaf_value=0.023435592563235443 0.013183279392317783 -0.0023123181828548756 0.036367495216186686 -0.0035623561214363133 0.021848135546200301 0.065725156216950797 -0.0084961129416281853 -0.01298011336511963 0.044513315662830892 -0.0072171536614682235 0.044697237493119789 0.085866684207143537 -0.012237323311602648 0.45185467301167698 -0.018528920052689881 0.00013072250992045867 0.34945390593343256 0.14464702899040716 0.26181611319521519 0.053779295096251449 -0.026832507182894951 0.19404489293336141 0.034957214325315705 0.0096154548809090565 0.19465617076793471 0.0058706864923602367 0.077973138659475444 -0.019719865149653272 -0.030924316809294902 0.10042437597444086
leaf_weight=112.9875673353672 160.77122224215418 94.127457553520799 39.81216256506741 53.171309011057019 69.943224376998842 3.0569494059309354 632.01268662605435 44.993472781032324 74.104157765395939 18.38401110842824 37.434195114299655 2.7192676337435833 11.414944142103193 0.68286284897476401 38.226095540449023 0.93231921084225178 0.86376062687486299 1.5688198804855407 0.912871478125452 6.5779210180044165 10.766199737787245 0.79352609999477874 110.74601753056049 15.441082431003453 0.7873719781637164 14.056112468242645 2.3421642370522013 638.25257257279009 5.2936374898999921 3.1702527087181798
leaf_count=2070 2582 3441 254 1368 1842 105 32187 1032 540 483 274 54 645 26 1238 25 17 16 24 36 225 17 1266 323 11 433 53 49141 201 71
internal_value=-0.000403274 -0.00411738 -0.0129206 0.0023171 -0.000961842 -0.0155192 -0.00415442 0.0211839 0.0260414 0.0180473 0.0191352 -0.00743227 0.0356386 0.165893 0.0123557 0.0255104 0.168125 0.00434322 0.0405026 -0.00446496 0.0190624 0.313288 0.0265949 -0.00424799 0.0281929 0.0158848 -0.0189586 -0.0193126 0.0319518 0.0250838
internal_weight=2206.35 1882.47 794.916 1087.55 899.954 755.104 776.2 323.881 272.31 187.595 198.205 647.623 15.6106 4.19566 128.577 71.7393 1.79608 111.453 17.3252 51.5714 123.754 1.47639 134.424 56.8374 16.4123 14.8435 643.652 641.31 116.04 18.6113
internal_count=100000 95536 53478 42058 38740 53224 36445 4464 3396 3318 2856 32929 742 97 3516 1884 42 3925 484 1068 2295 43 1950 1632 460 444 49299 49246 1467 394
is_linear=0
shrinkage=0.03


Tree=36
num_leaves=31
num_cat=0
split_feature=5 369 1 2 438 196 96 439 208 27 48 25 437 48 4 393 430 48 43 119 157 15 68 439 297 364 3 33 437 99
split_gain=185.723 140.485 119.156 117.443 76.1616 50.2475 40.8931 40.538 38.0131 37.4063 38.6988 41.6402 32.7615 32.5287 31.722 30.9805 30.6194 44.0243 32.9022 30.0258 29.8515 29.3514 29.9559 29.27 27.0281 26.9131 31.6038 34.1087 37.9736 38.3503
threshold=174.00000000000003 28.958399772644047 137.75749969482425 1.5000000000000002 4590.0000000000009 28.500000000000004 1.5000000000000002 62375.000000000007 2.5000000000000004 20.500000000000004 1.0000000180025095e-35 2.5000000000000004 5.5000000000000009 1.0000000180025095e-35 298.50000000000006 120892.50000000001 1.0000000180025095e-35 -1.0000000180025095e-35 4.5000000000000009 3.5000000000000004 1.5000000000000002 4.5000000000000009 2.5000000000000004 139597.50000000003 1.5000000000000002 48.960000991821296 8118.5000000000009 1.0000000180025095e-35 2187.5000000000005 1.5000000000000002
decision_type=8 8 2 2 2 8 8 2 10 2 2 2 2 2 8 8 2 2 10 8 2 2 8 2 10 10 2 8 2 8
left_child=1 2 8 5 6 -4 7 12 13 10 11 -3 -2 -1 20 -9 17 -5 25 24 -12 -6 -23 -18 -14 -19 -27 -28 -29 -30
right_child=4 9 3 16 21 -7 -8 15 -10 -11 14 -13 19 -15 -16 -17 23 18 -20 -21 -22 22 -24 -25 -26 26 27 28 29 -31
leaf_value=-0.019007451067031982 0.16923325332060829 -0.00231125509264025 0.058576262717761229 -0.016049733447492161 -0.0073515918827917644 -0.01695470611264939 0.037868862261903488 0.061179815221066421 0.051351896590641287 -0.0097364519572383096 -0.0050775371673765501 0.034212703403698398 -0.010267624307181492 -0.003597625977731883 0.032711460171027371 0.019609363513621827 -0.0027150904681522911 0.012675760980590299 -0.0071718104371293135 0.061548225734340579 0.17098378786127436 0.040455181277057432 1.4675000119037005e-05 0.054513438000129436 0.049610620492156865 0.00020882573023708819 -0.0036760060657122272 0.069496638975204222 0.12094030273900877 0.36052766075334641
leaf_weight=748.88560160063207 1.0405362434685219 140.19823455158621 44.154749844223261 166.46642641816288 127.56705993786454 9.6614616708829981 129.90716760419309 22.238480024039745 7.4997466132044783 68.299471646547318 32.361875641159713 35.133107181638479 76.146158594638109 147.58178451471031 121.3389281257987 58.785470902919769 16.490963545627892 56.608150978572667 75.007577036507428 6.5967801641672841 0.89057527855038543 28.549696167930961 39.010285202413797 15.701992523856459 7.4481494091451159 4.7690925598144513 2.1508952602744102 3.2586409505456686 1.3717280197888615 1.070563919842243
leaf_count=51403 18 3986 993 11679 4359 520 1102 280 32 2379 965 529 1974 7867 1651 1152 815 2544 3939 46 30 213 713 439 48 139 49 83 29 24
internal_value=-0.00039923 -0.00511921 -0.00989262 0.00381409 0.0157257 0.0450164 0.0251603 0.0155761 -0.0159079 0.0104718 0.0146552 0.00500746 0.00186098 -0.0164706 0.0255973 0.0310191 -0.00265246 -0.00553812 0.00659354 -6.99927e-05 -0.00036222 0.00111586 0.0171041 0.0251979 -0.00493255 0.0215079 0.0611222 0.0981202 0.136527 0.225962
internal_weight=2196.19 1698.9 1300.68 396.712 497.29 53.8162 302.163 172.256 903.967 398.222 329.923 175.331 91.2316 896.467 154.591 81.024 342.896 310.703 144.237 90.1911 33.2525 195.127 67.56 32.193 83.5943 69.2291 12.6209 7.85183 5.70093 2.44229
internal_count=100000 90095 80555 21253 9905 1513 4620 3518 59302 9540 7161 4515 2086 59270 2646 1432 19740 18486 6807 2068 995 5285 926 1254 2022 2868 324 185 136 53
is_linear=0
shrinkage=0.03


Tree=37
num_leaves=31
num_cat=0
split_feature=22 47 244 15 27 8 119 64 27 434 423 42 10 12 43 38 334 26 124 128 439 12 18 311 16 369 436 14 202 431
split_gain=176.403 146.706 75.0903 63.4343 82.7756 57.3755 46.4312 42.4751 41.0515 36.1497 42.1455 46.1553 34.9403 32.8576 30.834 54.8793 28.9555 28.6072 29.9501 28.0905 27.8205 27.4627 27.5518 26.966 24.8331 30.6167 23.5472 24.2062 23.3238 23.56
threshold=1.5000000000000002 -1.0000000180025095e-35 1.5000000000000002 3.5000000000000004 8.5000000000000018 1.5000000000000002 1.5000000000000002 1.5000000000000002 1.5000000000000002 -0.27236333779372796 28.000000000000004 254.00000000000003 86.500000000000014 437.50000000000006 54.500000000000007 16.500000000000004 1.5000000000000002 27.500000000000004 1.5000000000000002 2.5000000000000004 139597.50000000003 177.50000000000003 10.500000000000002 2.5000000000000004 1.5000000000000002 466.67260742187506 51.848486832448295 8.5000000000000018 1.5000000000000002 1701.5000000000002
decision_type=2 2 10 2 2 2 8 10 2 2 10 8 10 10 10 10 2 2 8 10 2 8 2 10 2 8 2 2 10 2
left_child=1 2 9 8 21 14 7 19 13 -1 12 20 -11 -2 15 -3 -9 -6 23 -7 -12 22 -5 -19 25 -17 -13 -28 29 -22
right_child=3 5 -4 4 17 6 -8 16 -10 10 11 26 -14 -15 -16 24 -18 18 -20 -21 28 -23 -24 -25 -26 -27 27 -29 -30 -31
leaf_value=-0.022803145185388243 0.012683793830604346 0.012430685657108762 0.037078042031978488 0.0017016533983766331 -0.014256861973961858 -0.0056314141305863997 0.029256845005458516 0.053505375642357779 -0.013687804443279415 0.070312930165348717 -0.0002680564112364136 -0.010475687656126262 -0.01521181915015893 0.097458774924102404 -0.0047693280499626822 -0.01399009423969874 -0.031669592911972473 0.0038143203794678473 0.055795494132257629 0.11387405013292957 0.070754145645716943 0.048959035547752057 0.055229314421380113 0.050187368704070832 0.074074107500870887 0.067709800156122685 -0.022489464135520623 0.07193710643586794 0.037129819858941766 0.21981531988285297
leaf_weight=383.24908309802413 58.058327179402113 207.98935341276228 24.329600483179092 26.057983191683888 36.138830834068358 635.02261108160019 40.426573107019067 18.081842029467229 80.812382528558373 4.3666772264987221 2.8892001761123538 32.191025796346366 278.14676721021533 4.428614016622304 65.324422793462873 8.7170393597334641 4.4826204162091008 81.254768220707774 15.073372488841413 1.7751654051244248 1.6485481336712839 104.92573843989521 12.958020478487013 13.106026552617548 20.542180838063359 7.8419252522289744 3.6688594846054894 7.3145322073251009 2.3280437737703323 2.2661127420142293
leaf_count=30438 1067 5231 258 229 988 28958 653 161 3308 111 142 1972 20438 69 2517 296 116 1289 94 21 36 591 58 57 264 48 213 255 45 77
internal_value=-0.000394922 -0.00463054 -0.0147554 0.0167564 0.0248366 0.00281023 -0.00195154 -0.00386497 0.000431705 -0.0165116 -0.00931008 0.0154262 -0.0138899 0.018692 0.013545 0.0184263 0.0365847 0.0088855 0.0165279 -0.00529828 0.0767018 0.0409684 0.0194793 0.0102552 0.0520379 0.024701 0.00246564 0.0403951 0.112324 0.157042
internal_weight=2185.42 1752.6 742.398 432.814 289.515 1010.2 699.789 659.362 143.299 718.069 334.82 52.3063 282.513 62.4869 310.415 245.09 22.5645 145.573 109.434 636.798 9.1319 143.942 39.016 94.3608 37.1011 16.559 43.1744 10.9834 6.2427 3.91466
internal_count=100000 92250 53985 7750 3306 38265 29909 29256 4444 53727 23289 2740 20549 1136 8356 5839 277 2428 1440 28979 300 878 287 1346 608 344 2440 468 158 113
is_linear=0
shrinkage=0.03


Tree=38
num_leaves=31
num_cat=0
split_feature=297 47 8 24 119 423 348 30 2 139 434 2 197 0 275 12 437 14 13 28 97 59 47 400 364 15 128 133 436 38
split_gain=167.24 153.906 85.5275 84.4685 53.9239 46.2032 41.2913 35.0668 32.4453 32.3347 30.4601 37.4791 32.9752 37.3159 29.6803 28.8244 42.2184 28.698 27.7888 27.2981 25.9848 28.4181 27.6397 25.4994 24.8611 25.205 24.705 24.5652 23.9207 44.8276
threshold=1.5000000000000002 -1.0000000180025095e-35 1.5000000000000002 1.5000000000000002 1.5000000000000002 28.000000000000004 2.5000000000000004 180.50000000000003 1.5000000000000002 1.5000000000000002 -0.27236333779372796 1.5000000000000002 132.50000000000003 1655554.5000000002 1.0000000180025095e-35 1067.5000000000002 964.50000000000011 15.500000000000002 1.5000000000000002 1.0000000180025095e-35 1.5000000000000002 2.5000000000000004 1.5000000000000002 2.5000000000000004 149.97499847412112 3.5000000000000004 2.5000000000000004 1.5000000000000002 -77.952733849993521 103.50000000000001
decision_type=10 2 2 2 8 10 2 10 2 8 2 2 10 2 8 10 2 2 2 2 8 10 2 10 10 2 10 8 2 10
left_child=1 3 7 10 6 8 20 9 24 23 15 12 13 -12 18 -1 -17 -7 -2 -16 -4 22 26 -3 25 -5 -22 -19 29 -8
right_child=14 2 4 5 -6 17 28 -9 -10 -11 11 -13 -14 -15 19 16 -18 27 -20 -21 21 -23 -24 -25 -26 -27 -28 -29 -30 -31
leaf_value=-0.022493285062025126 -0.021043277510846926 0.010740873119012341 -0.0093087780545603165 -0.017219490840132124 0.02560788503884644 -0.016052317629040771 0.24833676158675885 -0.023391372156280149 -0.017262937385195184 0.03016017720112903 0.047548413934907982 -0.01456149885727826 -0.016895953620343095 -0.014825559008641022 0.07217120275801675 -0.030573659257951746 0.41224424852950664 -0.031525844103934518 0.043371737118621294 -0.0051675427588719096 -0.0037152099017387749 0.17494270915652127 0.023855929552628281 0.11505323368913442 0.15325457126283393 0.063157873421907568 0.11720482137558942 0.057396456902498477 0.016116769118574601 0.04423978207057834
leaf_weight=377.9081972790882 6.4206957463175049 281.52149945311248 478.21211743913591 7.3266339553520066 60.645530572161078 7.371795746497809 1.1723501030355716 20.292615448124707 43.191389705985785 118.89138621278107 27.167412442155182 270.35451090242714 23.816078503616154 12.652728463523088 4.8351499848067752 0.45332981273531814 0.33843576163053513 3.0766037162393323 98.431868407875299 27.295304758474231 184.63132340461016 0.8614133931696405 43.442038280889392 2.1250412575900546 1.4142240025103081 6.7426319569349289 1.5332869961857785 30.65956615190953 25.234789707697928 5.5710183065384626
leaf_count=30577 78 6972 21557 204 912 280 30 1017 1986 1642 1232 20167 1545 643 28 28 16 109 598 382 8084 15 773 18 13 33 12 437 557 55
internal_value=-0.000389485 -0.00254764 0.00417106 -0.0126705 -0.00158923 0.013181 -0.00381614 0.0150874 -0.00390601 0.0170271 -0.01629 -0.00968583 0.0110281 0.0277293 0.031697 -0.0221144 0.158706 0.0375699 0.0394273 0.00647077 -0.00532082 0.00295404 0.0023088 0.0115224 0.0333533 0.021301 -0.00271929 0.0492871 0.0295296 0.0797225
internal_weight=2173.59 2036.61 1224.13 812.474 801.304 99.7828 740.658 422.831 58.6749 402.538 712.691 333.991 63.6362 39.8201 136.983 378.7 0.791766 41.108 104.853 32.1305 708.68 230.468 229.607 283.647 15.4835 14.0693 186.165 33.7362 31.9782 6.74337
internal_count=100000 98914 41644 57270 31995 3062 31083 9649 2236 8632 54208 23587 3420 1875 1086 30621 44 826 676 410 30441 8884 8869 6990 250 237 8096 546 642 85
is_linear=0
shrinkage=0.03


Tree=39
num_leaves=31
num_cat=0
split_feature=15 27 82 48 28 23 3 339 36 12 365 3 367 148 9 3 367 3 23 3 359 438 367 27 64 30 411 226 439 3
split_gain=158.765 188.506 99.4768 79.0627 72.6158 71.4959 55.2851 47.5613 46.4928 42.0103 41.0982 40.5628 36.8997 42.9402 33.0093 55.1321 42.7234 60.8186 44.2364 34.1572 38.828 32.7247 31.1063 30.852 30.4222 38.0448 28.805 28.29 27.4801 32.4676
threshold=2.5000000000000004 2.5000000000000004 1.0000000180025095e-35 1.0000000180025095e-35 1.0000000180025095e-35 2.5000000000000004 10569.000000000002 1.0000000180025095e-35 55.520832061767585 134.50000000000003 48.960000991821296 9501.0000000000018 49.030550003051765 1.5000000000000002 327.50000000000006 2772.5000000000005 99.025848388671889 2615.0000000000005 1.5000000000000002 6328.5000000000009 385.23980712890631 2245.5000000000005 116.97499847412111 1.0000000180025095e-35 1.5000000000000002 33.500000000000007 300.50000000000006 1.0000000180025095e-35 139597.50000000003 1779.5000000000002
decision_type=2 2 10 2 2 2 2 10 8 8 2 2 2 2 10 2 2 2 2 2 8 2 2 2 10 10 10 8 2 2
left_child=3 5 8 4 26 9 -7 -6 27 -2 23 14 13 -13 15 16 17 18 -12 -16 21 -21 -23 -5 25 -10 -1 -3 -28 -30
right_child=1 2 -4 10 7 6 -8 -9 24 -11 11 12 -14 -15 19 -17 -18 -19 -20 20 -22 22 -24 -25 -26 -27 28 -29 29 -31
leaf_value=-0.006301544978657498 0.0059023944969361962 0.037972465590260941 -0.018787593335956185 0.037453107612852747 -0.016598336937059897 0.35070904041597623 0.094777026091685923 4.3876460052066353e-05 0.010175117481571816 0.045781889604702926 -0.031260349039644031 0.01950812738705986 -0.008315814402305579 0.31727909831949386 -0.020078535692241377 0.0004026385078810208 0.041529204304224007 0.33775524385563699 0.22689984579345798 0.27576650283646292 0.067003316980185676 -0.030924888742795895 0.22454000136493879 -0.0034499992432963471 0.044804030558560547 -0.012054203002159649 0.0028094691119717758 0.0052461419738528544 0.13865088364758515 0.026447213604979026
leaf_weight=95.517176799476147 29.804307996295393 73.191653838381171 139.6605924507603 18.357046676799655 750.63157114945352 1.0987828550860279 2.4610297493636608 194.6238667042926 201.4732776908204 117.49679480027407 1.4125391151756044 1.1897679157555092 31.432368027046323 0.68783277273178089 2.7000353969633606 24.912939505651593 8.5665538702160102 1.2122466713190077 1.0351338107138872 1.730151847004888 10.051189200952649 0.89906528964638688 0.82041922956705093 173.0370405530557 16.125350197777152 105.61690884362906 67.20075991563499 35.208807990886271 2.4280477967113248 52.655855897814035
leaf_count=3157 290 571 11735 558 52473 36 39 7271 4785 1190 44 49 845 16 85 543 95 18 17 24 61 36 23 7922 130 4908 1593 472 42 972
internal_value=-0.000384611 0.0110965 0.00321991 -0.00613781 -0.00957352 0.0409234 0.173774 -0.0131718 0.010341 0.0377128 0.00823373 0.0253755 -0.000598639 0.128592 0.0415958 0.0260088 0.0781844 0.163981 0.077917 0.0773281 0.0968085 0.183652 0.0909653 0.000473112 0.00463891 0.00252983 0.00604285 0.0273429 0.0156851 0.031393
internal_weight=2163.24 722.138 571.277 1441.1 1163.06 150.861 3.55981 945.255 431.616 147.301 278.044 86.6502 33.31 1.8776 53.3403 37.1394 12.2265 3.65992 2.44767 16.2009 13.5008 3.44964 1.71948 191.394 323.216 307.09 217.802 108.4 122.285 55.0839
internal_count=100000 24156 22601 75844 65508 1555 75 59744 10866 1480 10336 1856 910 65 946 717 174 79 61 229 144 83 59 8480 9823 9693 5764 1043 2607 1014
is_linear=0
shrinkage=0.03


Tree=40
num_leaves=31
num_cat=0
split_feature=5 346 1 2 438 218 40 14 439 250 337 48 119 48 3 0 43 3 7 13 364 437 4 65 353 311 437 233 23 138
split_gain=150.229 114.938 110.193 98.9461 64.9481 40.6794 36.4683 41.8925 36.9812 33.2071 32.6695 35.7475 31.7203 31.1297 29.5002 29.3671 36.5288 33.3604 33.6036 30.9076 30.504 36.7933 28.5213 28.3861 27.401 26.8072 27.1601 26.6223 24.5442 24.4513
threshold=174.00000000000003 1.0000000180025095e-35 137.75749969482425 1.5000000000000002 4590.0000000000009 2242.5000000000005 194.50000000000003 1.0000000180025095e-35 62375.000000000007 2.5000000000000004 8.5000000000000018 1.0000000180025095e-35 3.5000000000000004 1.0000000180025095e-35 13542.000000000002 1262048.5000000002 4.5000000000000009 18249.500000000004 1.0000000180025095e-35 13.500000000000002 108.52730178833009 2216.5000000000005 298.50000000000006 1.0000000180025095e-35 1.5000000000000002 1.5000000000000002 4.5000000000000009 1.0000000180025095e-35 4.5000000000000009 1.5000000000000002
decision_type=8 8 2 2 2 8 10 2 2 10 10 2 8 2 2 2 10 2 10 2 8 2 8 8 2 8 2 8 2 10
left_child=1 2 9 5 6 -4 7 -2 12 13 11 -3 25 -1 -10 16 19 18 -18 20 -5 -22 24 -21 -13 26 -9 -27 -25 -24
right_child=4 10 3 15 -6 -7 -8 8 14 -11 -12 22 -14 -15 -16 -17 17 -19 -20 23 21 -23 29 28 -26 27 -28 -29 -30 -31
leaf_value=-0.018433863600725464 0.095159540647290208 0.0027737748036363087 0.053437059261451654 -0.014178439351231895 0.00049249158305282711 -0.014205314428304904 -0.011030033781638842 0.15393224343379963 0.04235836229389766 0.05170533330948944 -0.024815192645723953 -0.0047240647253122643 0.059042105939198036 -0.0031814467457412241 0.0092677167362993276 -0.011257554795136076 0.25082499853931134 0.11791403385974555 -0.01663353014095692 -0.0023221775901912092 -0.0026478993579014728 0.19457165481743241 0.030302272787825855 0.038417719015140413 0.18612533496708544 0.043863268471490247 -0.0091643251218087498 0.0046417804006300386 0.23920024176937449 -0.032355598401477878
leaf_weight=703.11457210313529 7.6288363318890324 207.85493949335068 44.908219391480088 32.727078479714692 195.3227590797469 9.7364826407283527 26.451228124089539 0.93382564187049766 106.20580890029669 6.6052706986665717 24.092097908258438 38.614054835401475 12.078922204673288 145.3225670568645 31.420199044048786 163.31610274780542 0.4256560355424871 1.7513259844854463 62.594642563723028 19.034411936998367 2.059663543477654 1.4512129081413148 130.89464152604342 50.595665451139212 0.68914494290947814 27.416496271267533 57.618706510402262 36.063047734089196 0.55394749343395133 5.8559872005134812
leaf_count=51174 96 5739 960 2028 5285 553 523 11 1305 29 877 1217 66 7818 427 10011 19 32 4163 1086 73 30 1852 2271 16 162 1343 687 25 122
internal_value=-0.000381422 -0.00474548 -0.00927662 0.00395725 0.0140063 0.0413847 0.0226375 0.0258253 0.0238788 -0.0152997 0.00907223 0.0111988 0.0126675 -0.0158214 0.0348037 -0.00215681 0.00652517 -0.0112379 -0.014827 0.0173363 -0.00516331 0.0788724 0.0211457 0.0289535 -0.0013777 0.00807725 -0.00656318 0.0215813 0.0405922 0.0276191
internal_weight=2153.34 1652.2 1244.2 389.154 501.14 54.6447 305.817 279.366 271.737 855.042 408.001 383.909 134.111 848.437 137.626 334.51 171.194 64.7716 63.0203 106.422 36.238 3.51088 176.054 70.184 39.3032 122.032 58.5525 63.4795 51.1496 136.751
internal_count=100000 90095 80272 21251 9905 1513 4620 4097 4001 59021 9823 8946 2269 58992 1732 19738 9727 4214 4182 5513 2131 103 3207 3382 1233 2203 1354 849 2296 1974
is_linear=0
shrinkage=0.03


Tree=41
num_leaves=31
num_cat=0
split_feature=15 19 47 28 15 28 8 434 423 14 3 436 366 25 23 4 434 57 438 393 400 90 14 438 194 43 404 212 131 3
split_gain=146.027 158.944 78.7488 68.2146 47.1058 89.1364 42.8754 40.6912 38.7289 38.2024 36.2541 40.71 33.2707 32.3175 31.3829 32.1254 38.4126 44.2637 31.2531 28.4353 27.5009 26.5709 26.0442 36.6735 25.1653 25.1493 29.3457 35.6495 24.9226 24.2754
threshold=2.5000000000000004 1.0000000180025095e-35 -1.0000000180025095e-35 1.5000000000000002 8.5000000000000018 6.5000000000000009 1.5000000000000002 -0.27236333779372796 28.000000000000004 15.500000000000002 16707.000000000004 -185.29157266482056 85.924999237060561 1.0000000180025095e-35 1.5000000000000002 553.50000000000011 -0.29894997197301093 1.5000000000000002 2674.5000000000005 102893.00000000001 1.0000000180025095e-35 2.5000000000000004 1.0000000180025095e-35 6178.5000000000009 1.5000000000000002 42.500000000000007 47.000000000000007 1.0000000180025095e-35 2.5000000000000004 9634.0000000000018
decision_type=2 2 2 2 2 2 2 2 10 2 2 2 2 2 2 8 2 10 2 10 10 10 2 2 10 10 10 8 10 2
left_child=2 3 7 -2 10 22 14 -1 13 -10 25 -12 -8 -9 15 16 20 -18 -16 -11 -4 28 23 -6 -15 26 27 -5 -7 -14
right_child=1 -3 6 4 5 21 12 8 9 19 11 -13 29 24 18 -17 17 -19 -20 -21 -22 -23 -24 -25 -26 -27 -28 -29 -30 -31
leaf_value=-0.02183059772763532 0.037525451749245077 -0.012180941277816203 -0.0073268822892306688 0.13204469397347057 0.0035438119910725591 0.0020497471808708242 -0.0083740173094749553 0.079136749782056828 -0.014834873596850592 -0.002293572251271473 0.28671995283626883 0.029632662125495451 0.021314436280758998 -0.013686439799858464 -0.013241473552367919 -0.018652992205935491 0.020347422363082984 0.18423335370907076 0.056577798892616105 0.052576780908670774 0.097220401906619 0.039278916964927385 0.048248601734089881 0.19381652722286938 0.19282823742314684 -0.014243923483602894 -0.017488814916009045 0.016412335882676689 0.14248413320867975 -0.0065157206627035917
leaf_weight=307.27373118698597 137.11016023345292 198.61480269953609 80.117690844461322 2.5184926530346265 1.4009788520634163 109.38660869933665 443.48759025055915 3.462841277010738 23.751226678490639 12.943641368299721 0.56679016910493629 25.253294623456895 67.451263152994215 227.55900055821985 7.7517363782972124 38.773757678456604 112.51367211900651 1.503040051087736 22.571595694869757 24.760040165856481 2.3303187750279895 22.494841841980815 56.396400898694992 2.6103438064455986 0.53230171836912532 85.321194804273546 25.054770710878074 50.827644415199757 1.1492872461676586 48.484813818708062
leaf_count=24727 1186 14635 2364 42 30 1929 21339 92 1420 626 23 527 1687 16306 190 1469 2708 24 356 966 17 145 279 33 12 3712 522 1085 8 1541
internal_value=-0.000376697 0.0106488 -0.00593644 0.0193672 0.0128664 0.0232812 7.87584e-05 -0.0142033 -0.00620466 0.0149666 0.00223749 0.0352761 -0.00463334 -0.0118235 0.0100051 0.00630241 0.0112275 0.0225079 0.0387295 0.0337398 -0.00437195 0.00955827 0.0535021 0.127363 -0.0132045 -0.00297292 0.00929295 0.0218714 0.0035099 0.00967578
internal_weight=2143.97 718.706 1425.27 520.091 382.981 193.438 824.985 600.283 293.009 61.4549 189.542 25.8201 559.424 231.554 265.562 235.238 196.465 114.017 30.3233 37.7037 82.448 133.031 60.4077 4.01132 228.091 163.722 78.4009 53.3461 110.536 115.936
internal_count=100000 24156 75844 9521 8335 2424 31695 44149 19422 3012 5911 550 24567 16410 7128 6582 5113 2732 546 1592 2381 2082 342 63 16318 5361 1649 1127 1937 3228
is_linear=0
shrinkage=0.03


Tree=42
num_leaves=31
num_cat=0
split_feature=297 47 14 423 8 119 409 215 348 10 404 5 399 43 38 130 3 439 16 369 3 14 275 282 1 3 3 3 9 97
split_gain=138.059 130.533 74.7962 79.6583 71.3998 45.6148 42.3724 38.4932 36.1187 34.5249 32.0796 30.2256 29.7738 27.6468 35.0116 31.809 28.2801 28.2115 27.7905 27.6486 27.422 29.2692 26.9525 26.705 25.4977 25.4824 25.3357 28.9737 24.114 23.9389
threshold=1.5000000000000002 -1.0000000180025095e-35 15.500000000000002 28.000000000000004 1.5000000000000002 1.5000000000000002 12.500000000000002 181.25000000000003 2.5000000000000004 86.500000000000014 48.500000000000007 149.50000000000003 -48.499999999999993 56.500000000000007 19.500000000000004 2.5000000000000004 18019.000000000004 139597.50000000003 1.5000000000000002 511.25000000000006 11336.000000000002 53.500000000000007 1.0000000180025095e-35 1.5000000000000002 124.98500061035158 9627.5000000000018 10726.500000000002 5811.5000000000009 203.50000000000003 1.5000000000000002
decision_type=10 2 2 10 2 8 10 8 2 10 10 8 8 10 10 8 2 2 2 10 2 2 8 8 2 2 2 2 10 8
left_child=1 2 9 7 11 8 12 -4 29 -1 20 -3 -5 14 17 16 -15 -13 19 -16 21 -8 -2 -14 -12 -10 27 -7 -20 -6
right_child=22 4 3 6 5 26 10 -9 25 -11 24 13 23 15 18 -17 -18 -19 28 -21 -22 -23 -24 -25 -26 -27 -28 -29 -30 -31
leaf_value=0.039549254443697023 0.036472187102636645 -0.02638105056782189 -0.013548470821801745 0.10474714280190875 -0.0089804621784008946 -0.0028413212112266806 0.091249497385564621 0.10148063037626927 -0.027000254070159418 -0.01938583744446807 -0.0055205080096238377 0.0075261301774824322 -0.008883783121930491 -0.010194949022924544 -0.020112997173691635 0.058117883994948598 0.07296033816662359 0.026205552898673944 -0.019309712338071529 0.067459645670571569 0.013593150106721687 0.24621726375927797 0.0050552759877654238 0.048193959938725939 0.054253464851279069 0.040662979279250736 -0.0024696627651272936 0.053710616592381029 0.082390988482997321 0.0028361557794772166
leaf_weight=9.1029859278351051 102.8982929745689 16.363334364257753 151.9443000331521 2.6256786054000258 470.10980891156942 11.444923499599097 8.4183787666261161 2.6641562553122631 6.2188093913719085 518.64168097730726 11.461573897860946 164.0526365917176 41.95712548494339 72.648624010384083 8.1325704818591458 7.6655008085072032 3.8772545820102087 130.77635326236486 2.3787822499871281 5.3986937738955012 3.5132986288517705 1.2612512353807694 32.287761778570712 8.9512773538008314 14.609446760267017 25.755924239754677 22.345170611515641 28.353084277361631 17.7944710329175 229.68428868241608
leaf_count=213 676 564 10206 39 21557 208 218 47 244 42701 651 3671 2506 2651 279 78 62 2065 56 35 148 43 410 134 364 398 399 305 188 8884
internal_value=-0.000372238 -0.00235731 -0.0119887 0.00162182 0.00374716 -0.00158181 0.0235943 -0.0115663 -0.00367736 -0.0183693 0.047265 0.013607 0.00623326 0.0151924 0.019123 -0.000145627 -0.00598181 0.0158117 0.0480883 0.0148267 0.0853845 0.111442 0.0289686 0.00115226 0.0279751 0.0275031 0.0230944 0.0374477 0.0703987 -0.00510205
internal_weight=2133.34 1998.15 775.151 247.406 1223 793.912 92.798 154.608 731.769 527.745 39.2639 429.088 53.5341 412.725 328.534 84.1914 76.5259 294.829 33.7045 13.5313 13.1929 9.67963 135.186 50.9084 26.071 31.9747 62.1432 39.798 20.1733 699.794
internal_count=100000 98914 57270 14356 41644 31995 4103 10253 31083 42914 1424 9649 2679 9085 6294 2791 2713 5736 558 314 409 261 1086 2640 1015 642 912 513 244 30441
is_linear=0
shrinkage=0.03


Tree=43
num_leaves=31
num_cat=0
split_feature=15 27 364 28 15 28 9 38 32 0 14 378 48 421 134 96 72 409 128 27 432 7 122 437 410 437 431 149 435 405
split_gain=133.997 158.3 72.2067 99.9414 68.9801 77.2156 49.2031 38.2706 41.5864 32.9236 38.2485 31.5781 30.7736 30.6814 29.1048 28.8397 27.5555 27.8686 26.7353 26.5899 46.3131 26.2362 25.8788 24.8587 24.5159 32.073 28.9108 23.8257 30.2266 23.6327
threshold=2.5000000000000004 8.5000000000000018 39.996900558471687 1.0000000180025095e-35 5.5000000000000009 1.5000000000000002 122.50000000000001 159.50000000000003 114.50000000000001 1616670.0000000002 1.5000000000000002 4.5000000000000009 1.0000000180025095e-35 63.500000000000007 1.0000000180025095e-35 1.5000000000000002 1.0000000180025095e-35 11.500000000000002 1.0000000180025095e-35 1.5000000000000002 22.500000000000004 220.50000000000003 1.0000000180025095e-35 2203.5000000000005 632.50000000000011 31.500000000000004 534.50000000000011 1.5000000000000002 0.92147084059547846 -509.99999999999994
decision_type=2 2 10 2 2 2 10 10 10 2 2 10 2 2 8 8 8 10 8 2 2 8 8 2 10 2 2 2 2 8
left_child=2 4 3 9 5 16 15 -6 -9 10 12 -7 29 24 -14 -3 23 -18 -4 20 -20 -15 -5 -2 26 -26 -12 28 -10 -1
right_child=1 6 18 22 7 11 -8 8 27 -11 13 -13 14 21 -16 -17 17 -19 19 -21 -22 -23 -24 -25 25 -27 -28 -29 -30 -31
leaf_value=0.15233071797124287 0.055974444541575144 0.0013400999297998998 -0.0092359007395132371 -0.0089776316660048205 0.04169403887681257 -0.0024023481426701547 -0.0099438714286732618 0.0084021992027256166 0.15667704936517371 -0.0068059374607342153 0.054406019493281929 0.14637079504965048 0.13001063024159137 0.025770605202067847 0.019283125402121553 0.030850991045241537 0.01920804790917359 0.053559208986957131 0.026835948832165946 0.0085222554685126274 0.1527766439238474 0.23637080206352432 -0.019199893922676847 0.18794797373326244 0.24756586133445668 0.01443799183139061 0.01349564677882922 0.09991397902351834 0.42521491344519752 -0.012319911683502065
leaf_weight=0.79606384783983231 4.0145541671663514 76.287006858736277 62.205382035113871 489.22386416513473 104.75452969688922 114.61877656169236 265.57289183698595 1.4732048092409957 0.79053639713674806 83.462618980556726 21.452684449031949 1.2985899597406376 2.6050576772540781 0.96263382211327497 11.877368155866861 48.912627661600709 60.076648096553981 32.893770193681121 30.794532414525747 178.9170728167519 2.8731160536408415 1.1911500915884969 409.42547708749771 1.8889493998140094 1.0357095524668687 1.0901722144335506 56.470188351348042 1.0716023221611974 0.72157678194344044 54.316256983205676
leaf_count=8 58 1468 2492 24966 702 4679 15844 54 36 2204 264 8 77 23 353 361 684 197 701 5295 59 25 36018 33 16 29 1184 12 20 2130
internal_value=-0.000367158 0.0102164 -0.00573427 -0.00907785 0.0257351 0.0158767 -0.00263475 0.0451953 0.135603 0.00832923 0.016651 -0.000735684 0.000284669 0.0305071 0.0392005 0.0128693 0.0353527 0.0313618 0.00806288 0.0131248 0.0375834 0.142243 -0.0136349 0.0982021 0.0275008 0.128016 0.0247585 0.208131 0.284823 -0.00994163
internal_weight=2123.07 714.375 1408.7 1133.91 323.603 214.791 390.773 108.811 4.05692 235.26 151.797 115.917 69.5947 82.2025 14.4824 125.2 98.8739 92.9704 274.79 212.585 33.6676 2.15378 898.649 5.9035 80.0488 2.12588 77.9229 2.58372 1.51211 55.1123
internal_count=100000 24156 75844 67297 6483 5659 17673 824 122 6313 4109 4687 2568 1541 430 1829 972 881 8547 6055 760 48 60984 91 1493 45 1448 68 56 2138
is_linear=0
shrinkage=0.03


Tree=44
num_leaves=31
num_cat=0
split_feature=25 19 27 364 27 15 34 2 438 113 197 0 430 397 15 27 3 23 25 4 43 437 105 363 1 335 435 364 27 437
split_gain=127.371 124.664 70.4757 92.4215 51.6381 84.1857 44.0068 43.5579 33.2328 31.1109 29.8808 37.817 30.1421 27.3996 26.386 27.5693 29.9295 29.0496 25.6002 29.6651 24.6209 39.4518 54.4412 37.8963 31.2504 43.398 42.7204 36.1586 31.218 35.3264
threshold=1.5000000000000002 1.0000000180025095e-35 1.0000000180025095e-35 30.97500038146973 8.5000000000000018 5.5000000000000009 129.50000000000003 2.5000000000000004 5859.0000000000009 2.5000000000000004 132.50000000000003 1616670.0000000002 1.0000000180025095e-35 -2.4999999999999996 2.5000000000000004 2.5000000000000004 5034.0000000000009 3.5000000000000004 2.5000000000000004 512.50000000000011 66.500000000000014 809.50000000000011 1.0000000180025095e-35 34.989999771118171 70.008998870849624 1.0000000180025095e-35 0.24064811741439243 49.102600097656257 1.5000000000000002 2311.5000000000005
decision_type=2 2 2 10 2 2 10 2 2 10 10 2 2 10 2 2 2 2 2 8 10 2 8 10 2 2 2 10 2 2
left_child=2 4 10 9 5 6 14 -7 -9 -4 11 12 -1 -14 -2 17 -17 -16 -6 -20 21 -5 -23 24 26 -26 27 -24 29 -27
right_child=1 -3 3 20 18 7 -8 8 -10 -11 -12 -13 13 -15 15 16 -18 -19 19 -21 -22 22 23 -25 25 28 -28 -29 -30 -31
leaf_value=0.012929070997109509 0.0090012033651931909 -0.011207109017387645 -0.014738329127650315 -0.0023605891816354785 -0.016753825353048868 0.039892329596532473 -0.023708861877961625 0.028081853408279029 0.16422004371625692 0.13877878779631103 -0.027651769900378407 -0.0046195363870972653 0.071518846985284157 0.019322435371213562 0.036705703791385311 0.043145079660109928 -0.0067907698610716917 0.14695591855789331 0.015122783115354945 -0.013454204514145066 -0.0069477267401072702 -0.016990655106496801 0.23403577302560927 -0.027939358052112968 0.18610174763919582 0.21619821934940509 -0.0086145055492092334 0.046411434633570385 0.041687620161301085 0.06996539748245903
leaf_weight=95.868001885712147 148.96583084668964 212.11031086184084 804.27629275154322 74.21422450710088 42.734067711047828 97.128633314743638 25.771638612262905 2.4759825747460118 4.6344248587265611 1.1898268721997727 18.662231726571918 77.886823235079646 17.852651113644242 18.359118221327662 66.147761862725019 16.555772144347429 31.084009312093258 2.2232111096382132 150.53685674536973 41.762968401424587 78.472548582591116 19.060048825107515 1.2369638308882738 6.5293256398290387 2.4418265009298912 2.0577014274895182 14.570840925909577 3.6588352872058749 29.51423916965723 5.358874075114727
leaf_count=2617 4050 16224 57105 2344 1892 506 702 57 59 16 878 2025 244 316 604 252 792 19 2602 1045 3555 700 31 249 53 48 423 87 426 79
internal_value=-0.000362948 0.00868583 -0.00635744 -0.00966527 0.0153832 0.0220085 0.0137156 0.0451394 0.116814 -0.0145116 0.00872674 0.0119601 0.0217371 0.0450556 0.0173555 0.028083 0.0105629 0.0402907 0.00424913 0.00891654 0.00679726 0.0135962 0.0276225 0.0406307 0.0482399 0.063613 0.0171465 0.0938163 0.0555142 0.110537
internal_weight=2113.34 842.131 1271.21 1042.58 630.021 394.987 290.748 104.239 7.11041 805.466 228.629 209.967 132.08 36.2118 264.977 116.011 47.6398 68.371 235.034 192.3 237.115 158.643 84.4287 65.3686 58.8393 39.3726 19.4666 4.8958 36.9308 7.41658
internal_count=100000 28804 71196 65116 12580 7041 6419 622 116 57121 6080 5202 3177 560 5717 1667 1044 623 5539 3647 7995 4440 2096 1396 1147 606 541 118 553 127
is_linear=0
shrinkage=0.03


Tree=45
num_leaves=31
num_cat=0
split_feature=16 30 28 364 82 275 43 139 43 338 436 182 195 0 4 20 4 32 3 11 421 436 364 37 15 259 40 348 3 405
split_gain=120.766 119.331 64.6652 92.6966 63.0861 54.9759 41.2454 36.7801 35.3996 34.8694 34.3607 32.4723 31.845 34.1937 30.985 30.2161 29.8176 106.373 28.308 27.951 26.9618 26.5996 26.2139 25.8905 25.7927 25.704 24.9378 24.5701 23.5083 23.5668
threshold=2.5000000000000004 175.50000000000003 1.0000000180025095e-35 10.118250370025637 1.0000000180025095e-35 1.0000000180025095e-35 2.5000000000000004 1.5000000000000002 495.50000000000006 1.0000000180025095e-35 -85.047910827237629 48.960000991821296 1.5000000000000002 1616670.0000000002 545.50000000000011 7.5000000000000009 582.50000000000011 15.500000000000002 1447.0000000000002 1879.0000000000002 63.500000000000007 15.588973199212608 49.102600097656257 0.89583298563957225 6.5000000000000009 1.0000000180025095e-35 194.50000000000003 1.0000000180025095e-35 1406.5000000000002 -509.99999999999994
decision_type=2 10 2 10 10 10 10 8 8 10 2 2 10 2 10 2 10 8 2 10 2 2 10 10 2 10 10 2 2 8
left_child=2 4 12 15 5 7 9 8 14 11 -10 23 13 20 26 21 19 -18 -13 -6 27 -4 -20 -5 -23 -9 -2 -1 -14 -30
right_child=1 -3 3 6 16 -7 -8 25 10 -11 -12 18 28 -15 -16 -17 17 -19 22 -21 -22 24 -24 -25 -26 -27 -28 -29 29 -31
leaf_value=0.024579489317551634 0.018164186656392845 -0.019456269139935884 -0.016868928083270604 0.0058181165451378124 -0.017165840932396967 -0.011801847986887555 -0.0037375385996206351 0.032514560969919636 0.31332183263590319 -0.0063768403174510081 0.013323397746008995 0.17889775786533851 0.10979896647808858 -0.0034496080246335927 -0.023892268677885724 0.18883409760328188 0.6812652561563628 -0.0026071397380585618 0.12435995876889816 0.2761831043553003 0.11769917322022992 -0.0051796313472682104 0.035967277791744648 0.16892850277515251 0.14834462651400465 -0.00087313815691293282 -0.014628313362114285 -0.019826049466427922 0.12775783188336221 -0.026987559331599853
leaf_weight=115.81816147640347 232.21592011768371 110.10272436030209 634.96793431881815 38.830624046735466 65.836629680357873 51.797064887359738 161.18706116825342 214.47032246924937 0.69519257079809904 33.885489849373698 0.67943128664046415 1.4056798685342062 1.248538365587591 72.60778121650219 19.63523771148175 0.6625900287181129 0.25293022114783414 1.0735641429200766 3.2495905915275207 0.29363221768289705 2.6088364627212277 203.93634616583586 42.65316507127136 0.89603963401168485 0.9896648395806541 22.975605133920908 22.932534088380635 12.416634062305091 0.91049458086490631 32.584386441856623
leaf_count=2602 4948 7650 47157 1079 5827 896 6384 2423 19 1200 30 26 24 1894 662 14 21 86 83 28 48 13344 950 22 25 459 421 382 9 1287
internal_value=-0.000359022 0.00936875 -0.0056699 -0.00868215 0.0143836 0.0176553 0.00619789 0.0206261 0.0131819 0.0194418 0.165042 0.0294938 0.0085275 0.0130605 0.0124222 -0.0136762 -0.0130384 0.127791 0.0462858 -0.0158633 0.0222222 -0.013836 0.0422249 0.00949709 -0.0044382 0.0292839 0.0152168 0.0202798 -0.0180167 -0.0227811
internal_weight=2103.82 742.961 1360.86 1122.66 632.858 565.401 282.108 513.604 276.158 120.921 1.37462 87.0351 238.195 203.451 274.784 840.557 67.4568 1.32649 47.3084 66.1303 130.844 839.894 45.9028 39.7267 204.926 237.446 255.148 128.235 34.7434 33.4949
internal_count=100000 23470 76530 70284 15820 9858 9744 8962 6080 3360 49 2160 6246 4926 6031 60540 5962 107 1059 5855 3032 60526 1033 1101 13369 2882 5369 2984 1320 1296
is_linear=0
shrinkage=0.03


Tree=46
num_leaves=31
num_cat=0
split_feature=297 47 14 423 8 119 409 348 215 4 439 9 5 13 399 275 13 4 282 39 4 11 0 97 361 181 49 352 9 56
split_gain=116.011 113.341 68.4162 70.4043 62.3649 39.4185 35.6246 33.0148 32.7199 28.7465 31.6452 28.5023 30.8236 28.3879 24.3921 23.6722 25.0674 23.715 22.8447 21.7527 23.4456 51.0128 21.6363 21.1529 22.1567 24.3817 21.1239 21.0974 20.9232 20.8683
threshold=1.5000000000000002 -1.0000000180025095e-35 15.500000000000002 28.000000000000004 1.5000000000000002 1.5000000000000002 12.500000000000002 2.5000000000000004 181.25000000000003 554.50000000000011 62375.000000000007 122.50000000000001 136.00000000000003 17.500000000000004 -48.499999999999993 1.0000000180025095e-35 1.5000000000000002 204.50000000000003 1.5000000000000002 1.0000000180025095e-35 582.50000000000011 102.50000000000001 1826392.0000000002 1.5000000000000002 355.97500610351568 451.00000000000006 1.0000000180025095e-35 1.5000000000000002 433.50000000000006 1.5000000000000002
decision_type=10 2 2 10 2 8 10 2 8 10 2 10 8 2 8 8 2 8 8 8 10 10 2 8 8 2 2 2 10 10
left_child=1 2 11 8 9 7 14 23 -4 10 -3 27 -13 22 -5 16 -2 -17 -16 20 -14 -22 -8 24 -6 -26 -9 -1 -25 -11
right_child=15 4 3 6 5 -7 13 26 -10 29 -12 12 19 -15 18 17 -18 -19 -20 -21 21 -23 -24 28 25 -27 -28 -29 -30 -31
leaf_value=0.015352371778213518 -0.023318633331807972 0.006629664308217537 -0.013071085548166238 0.091546385742296649 -0.0093041754413451718 0.021121358284700385 0.068469661225581291 0.038763312280110686 0.089074317399250966 -0.010355645540704197 0.02401137824373429 0.098281602643341695 -0.0057482378266383695 -0.010252388373034826 -0.0085469464902022223 0.042743613959388846 0.037791899734494094 -0.012798246635411901 0.043505661724026187 -0.021554968209720068 0.029346427282645453 0.3800886571077991 0.010760409753278313 0.005554749084835376 0.14977155309666459 0.0062679040671972594 -0.022394188397586223 0.16735262774607021 -0.024197435521739905 0.13752359278548326
leaf_weight=12.623068955726918 6.4537800960242739 183.97432088572532 146.75219941325486 2.8357230164110661 457.23477315157652 63.295095752924681 25.411354384385049 25.20971565973014 2.8777308305725446 52.709574881009758 193.33030197303742 2.0106401685625315 46.330087009817362 7.281515495851635 40.90124941803515 10.02199146337807 94.484609686769545 22.343663589097559 9.3167608547955734 436.67789662722498 2.5096053145825858 0.43839790020138014 7.5944788716733447 206.61064076703042 1.6339213866740454 3.0633068457245827 6.3666457161307326 0.87906520068645555 23.714906487613916 0.87307321280240913
leaf_count=634 78 4340 10206 39 21449 912 707 411 47 1823 3472 43 4266 454 2506 79 598 331 134 37726 205 31 263 7802 38 70 231 9 1082 14
internal_value=-0.000355894 -0.00219549 -0.0114175 0.00164812 0.00344093 -0.00158161 0.0220945 -0.00356685 -0.0111066 0.0126159 0.015536 -0.0177481 -0.0189378 0.0433628 0.005944 0.0267259 0.0338846 0.00440023 0.00111018 -0.0194228 -0.000528396 0.0815053 0.055191 -0.00493522 -0.00863823 0.0561854 0.0264323 0.0252484 0.00249139 -0.00794611
internal_weight=2095.76 1962.46 744.44 242.971 1218.02 787.129 93.3411 723.834 149.63 430.887 377.305 501.469 487.967 40.2873 53.0537 133.304 100.938 32.3657 50.218 485.956 49.2781 2.948 33.0058 692.258 461.932 4.69723 31.5764 13.5021 230.326 53.5826
internal_count=100000 98914 57270 14356 41644 31995 4103 31083 10253 9649 7812 42914 42271 1424 2679 1086 676 410 2640 42228 4502 236 970 30441 21557 108 642 643 8884 1837
is_linear=0
shrinkage=0.03


Tree=47
num_leaves=31
num_cat=0
split_feature=16 30 27 364 19 259 43 43 139 338 195 0 182 14 37 275 326 94 436 122 20 11 437 32 437 77 268 32 27 397
split_gain=109.863 109.606 61.6779 86.6599 56.5886 55.5819 42.7985 37.3226 35.1398 31.4626 29.9377 30.2238 28.6458 32.4335 31.5371 26.5126 26.917 30.61 27.8715 25.8717 27.1746 41.8645 25.8672 77.3012 34.5409 35.1928 25.4245 25.2855 25.0712 24.8647
threshold=2.5000000000000004 175.50000000000003 1.0000000180025095e-35 10.118250370025637 1.0000000180025095e-35 1.0000000180025095e-35 503.50000000000006 2.5000000000000004 3.5000000000000004 1.0000000180025095e-35 1.5000000000000002 1616670.0000000002 48.960000991821296 53.500000000000007 0.93749949336051952 1.0000000180025095e-35 22.495550155639652 1.0000000180025095e-35 30.643651785714287 1.0000000180025095e-35 4.5000000000000009 1.5000000000000002 42.500000000000007 364.50000000000006 2343.0000000000005 1.0000000180025095e-35 35.679599761962898 482.50000000000006 4.5000000000000009 -1.0000000180025095e-35
decision_type=2 10 2 10 2 10 10 10 8 10 10 2 2 2 10 10 10 10 2 8 2 8 2 10 2 8 10 10 2 8
left_child=2 4 10 19 5 8 -6 9 15 12 11 29 14 -14 -5 16 17 18 22 20 -4 -22 23 -2 27 -26 -7 -24 -27 -1
right_child=1 -3 3 7 6 26 -8 -9 -10 -11 -12 -13 13 -15 -16 -17 -18 -19 -20 -21 21 -23 24 -25 25 28 -28 -29 -30 -31
leaf_value=0.043625236976991735 0.045995400492954253 -0.019137587735064628 -0.0089268285645427436 0.0051164378217409207 -0.0079576329405346233 -0.016956012193656372 0.23005081000337949 -0.0036549251750389359 0.035527049635664006 -0.0063531889239225627 -0.017704947595946863 -0.002955180318653492 0.038296412426321681 0.16939068255093884 0.19729637399071911 -0.036946108295893142 0.035822705810701148 0.0020198550203236821 -0.002633548374965921 -0.018866355231680898 0.22489731053769069 0.0040425889950510821 0.0023205404692274844 0.2965113015109635 0.19898487863223788 0.066905225954601924 0.020840484186399316 0.072147921577678853 0.018548674486934522 0.013696172335430652
leaf_weight=33.50174749456346 17.071135068312291 107.13103998731822 425.64312391169369 39.458463752642274 104.61148048844188 54.509466210380197 0.68441316951066156 160.38788092788309 121.02445574104786 33.79879489261657 33.78199047408998 71.175337694585323 47.373736281879246 1.7616761839017261 0.78377359360456367 8.1087962528690678 61.543171523138881 113.06438514683396 30.763109153136611 396.35392305254936 1.1327434051781886 2.4286195347085595 52.733752457424998 1.1855436861515034 1.2868501693010319 17.057525199837983 22.682586976327002 5.1204681666567913 22.219025893136859 98.245882783085108
leaf_count=589 313 7650 23541 1085 7549 1007 18 6385 1219 1202 1320 1880 1031 28 17 123 399 1810 702 36935 16 72 1451 32 16 220 439 33 489 2429
internal_value=-0.000351137 0.00892717 -0.00545829 -0.0084252 0.013672 0.0176741 -0.0064106 0.00588312 0.0216988 0.0183026 0.00844372 0.0127969 0.0276263 0.0429966 0.00885941 0.0166297 0.0179787 0.0137631 0.0227686 -0.0133399 -0.00823634 0.0742887 0.0294663 0.0622633 0.0233824 0.0446076 -0.00584966 0.00850071 0.0395496 0.0213068
internal_weight=2086.62 740.797 1345.83 1109.12 633.666 528.37 105.296 283.564 451.178 123.176 236.705 202.923 89.3776 49.1354 40.2422 330.154 322.045 260.502 147.437 825.558 429.204 3.56136 116.674 18.2567 98.4176 40.5634 77.1921 57.8542 39.2766 131.748
internal_count=100000 23470 76530 70312 15820 8253 7567 9748 6807 3363 6218 4898 2161 1059 1102 5588 5465 5066 3256 60564 23629 88 2554 345 2209 725 1446 1484 709 3018
is_linear=0
shrinkage=0.03


Tree=48
num_leaves=31
num_cat=0
split_feature=15 27 82 47 23 436 434 2 12 216 8 3 222 48 4 4 361 3 405 4 113 372 130 23 4 434 57 438 400 3
split_gain=107.778 129.739 67.9579 62.3868 44.8441 45.3143 39.7188 50.3224 35.6742 34.3121 33.6555 33.4293 32.6914 30.1071 37.2163 40.6614 34.2104 29.8751 29.926 27.6627 27.2015 26.4376 26.4149 25.201 27.5216 33.0065 33.8551 26.3909 24.304 22.6691
threshold=2.5000000000000004 2.5000000000000004 1.0000000180025095e-35 -1.0000000180025095e-35 2.5000000000000004 46.539657534246579 -0.27236333779372796 1.5000000000000002 134.50000000000003 155.00000000000003 1.5000000000000002 10854.500000000002 1.5000000000000002 1.0000000180025095e-35 307.50000000000006 549.50000000000011 886.00000000000011 1447.0000000000002 -509.99999999999994 309.50000000000006 2.5000000000000004 877.42498779296886 2.5000000000000004 1.5000000000000002 553.50000000000011 -0.29894997197301093 1.5000000000000002 2674.5000000000005 1.0000000180025095e-35 9634.0000000000018
decision_type=2 2 10 2 2 2 2 2 8 10 2 2 10 2 10 10 8 2 8 10 8 8 10 2 8 2 10 2 10 2
left_child=3 4 12 6 8 -6 -1 9 -2 11 23 29 22 16 -15 19 20 -11 -19 -16 -12 -21 -3 24 25 28 -27 -25 -5 -8
right_child=1 2 -4 10 5 -7 7 -9 -10 17 13 -13 -14 14 15 -17 -18 18 -20 21 -22 -23 -24 27 -26 26 -28 -29 -30 -31
leaf_value=-0.020992737575925714 0.0019544364371935894 0.0018607728956792217 -0.017208722061886814 -0.007595773720075796 0.068323553676504389 0.28085964592104523 0.043212244103495924 -0.012499728727349366 0.03832830527149874 0.12380661781686603 -0.011652430011453474 -0.00071431556145678621 0.024203889366313805 -0.012662222405810089 0.14333063940053378 -0.023072217986234315 0.18312561596267851 0.13215527879881939 -0.018941652362004773 0.017796631777608998 0.047728836961999567 0.19316623540927064 0.039560682273986153 -0.0137079634842096 -0.018233254695494566 0.017977724641420896 0.15039954294728511 0.049797621525656852 0.088233910470583349 0.11782235103896659
leaf_weight=278.9642076343298 30.581594267860055 322.61767365783453 123.31772479042411 80.308411401696503 3.295811664313077 1.243478702381253 20.406234634108845 204.65490009728819 117.52771887741983 1.5118846790865088 324.67851981706917 14.486882130615411 89.369445192627609 74.303597363643348 1.6325678415596474 22.802091489546001 0.82428931817412276 1.2294699251651762 29.156721084378663 115.20899014454335 7.094525169581174 0.77889949176460405 17.641357195563614 7.8489122940227416 37.476331593468785 116.2722648549825 1.7639505453407753 23.590684497728944 2.4546862915158263 4.4674289897084227
leaf_count=24727 290 9874 11735 2364 51 24 756 15875 1190 34 15689 723 776 3630 16 1056 10 14 1881 4094 62 10 216 190 1469 2708 24 356 17 139
internal_value=-0.000347049 0.00918091 0.00242188 -0.0052474 0.0336645 0.126545 -0.0130103 -0.0049397 0.0308178 0.0167727 2.46656e-05 0.0355131 0.00805652 -0.00424957 0.00450733 0.0135925 -0.00990306 -0.00635193 -0.012828 0.0207004 -0.0103826 0.0189743 0.00381539 0.00869822 0.00536721 0.0097719 0.0199567 0.0339434 -0.00475354 0.0566126
internal_weight=2077.51 705.595 552.946 1371.92 152.649 4.53929 554.878 275.914 148.109 71.2586 817.039 39.3605 429.628 547.323 214.726 140.423 332.597 31.8981 30.3862 117.62 331.773 115.988 340.259 269.715 238.276 200.799 118.036 31.4396 82.7631 24.8737
internal_count=100000 24156 22601 75844 1555 75 44149 19422 1480 3547 31695 1618 10866 24567 8806 5176 15761 1929 1895 4120 15751 4104 10090 7128 6582 5113 2732 546 2381 895
is_linear=0
shrinkage=0.03


Tree=49
num_leaves=31
num_cat=0
split_feature=25 30 27 364 392 27 15 34 105 24 97 334 7 43 365 437 334 28 38 438 20 160 4 437 43 363 1 38 348 435
split_gain=103.982 117.998 58.1493 77.3625 37.0497 38.3094 62.367 38.6274 36.8547 30.3846 28.153 27.886 30.4347 26.047 42.312 24.738 23.9333 24.0721 33.2726 33.1466 23.9089 23.2842 22.8875 24.41 27.7778 34.8629 29.601 31.3698 28.0996 27.316
threshold=1.5000000000000002 25.500000000000004 1.0000000180025095e-35 30.97500038146973 -28.999999999999996 10.500000000000002 10.500000000000002 105.50000000000001 1.5000000000000002 1.0000000180025095e-35 3.5000000000000004 2.5000000000000004 103.00000000000001 491.50000000000006 53.98500061035157 160.50000000000003 5.5000000000000009 1.5000000000000002 47.500000000000007 3941.5000000000005 3.5000000000000004 1.5000000000000002 214.50000000000003 496.00000000000006 66.500000000000014 34.023599624633796 99.664001464843764 65.500000000000014 1.5000000000000002 0.24064811741439243
decision_type=2 10 2 10 8 2 2 10 10 2 10 2 8 10 2 2 2 2 10 2 2 2 8 2 10 10 2 10 2 2
left_child=2 4 -1 20 -2 6 7 16 11 -8 13 12 15 21 -15 -3 17 18 -6 -20 -4 -7 -5 -24 25 26 29 -28 -26 -25
right_child=1 8 3 22 5 10 9 -9 -10 -11 -12 -13 -14 14 -16 -17 -18 -19 19 -21 -22 -23 23 24 28 -27 27 -29 -30 -31
leaf_value=0.0076941063243118968 0.040822665506307872 0.058907073447713953 -0.014150912893699099 -0.012957362154035848 0.022633669911535564 -0.006293187547051474 0.13536740102408945 -0.025986139120515197 0.041581004028052627 0.042248297272928968 0.046764531762460614 0.039925038319180595 -0.015079581072269189 0.023920058406242079 0.27093613108594228 -0.024630186362070546 -0.02982929964396628 0.0076400336889318248 -0.016734401960596799 0.12366193530583387 0.044000123246258842 0.073523476161592979 -0.0019098883862523357 0.07178631588681024 -0.015431397039996676 -0.020632116015137588 0.049945559293393761 0.18353473419822405 0.054973625832563981 0.00039971264066786808
leaf_weight=231.12254271097481 48.470957375131547 9.2864149995148164 757.37388930562884 46.736671503633261 143.23701581917703 140.1005129115656 3.3526606289669862 20.85881236474961 12.744926256127654 53.13909649848938 11.301604732871054 9.4556259717792255 238.90766425151378 3.0037288032472129 0.78778406232595433 4.8601482082158318 9.7376829516142589 113.79104975331575 2.0602108817547551 5.7028404595330358 6.417275581508874 3.3684942582622162 82.426966497674584 6.1090365853160646 28.19235070515424 10.614466836676 34.650677712634206 1.657704073935746 6.2292358279228202 22.937992917373776
leaf_count=6080 461 146 56859 1882 2090 4285 39 435 90 265 49 144 15776 112 18 289 167 4208 69 129 262 32 3033 123 1270 402 515 35 88 647
internal_value=-0.000343108 0.00783911 -0.00587208 -0.00899707 0.0157573 0.0133771 0.0188942 0.0133709 -0.00823904 0.0477747 0.00113386 -0.0106578 -0.0125479 -0.00236809 0.075244 0.0302073 0.0163612 0.0180599 0.0259121 0.0864026 -0.0136623 -0.00441918 0.00587754 0.0104429 0.0196664 0.0297961 0.0379863 0.0560447 -0.00269028 0.0154134
internal_weight=2068.64 834.167 1234.47 1003.35 558.912 510.441 351.879 295.388 275.255 56.4918 158.562 262.51 253.054 147.261 3.79151 14.1466 274.529 264.791 151 7.76305 763.791 143.469 239.555 192.818 110.391 75.9699 65.3554 36.3084 34.4216 29.047
internal_count=100000 28804 71196 65116 12359 11898 7402 7098 16445 304 4496 16355 16211 4447 130 435 6663 6496 2288 198 57121 4317 7995 6113 3080 1722 1320 550 1358 770
is_linear=0
shrinkage=0.03


Tree=50
num_leaves=31
num_cat=0
split_feature=113 5 339 1 433 65 89 15 97 25 3 1 7 346 113 437 6 334 7 360 343 2 404 421 424 13 13 298 393 374
split_gain=435.661 230.899 223.815 173.623 160.871 130.137 115.082 143.583 103.225 101.934 97.0707 84.2591 92.9123 219.977 111.883 82.1811 125.161 278.76 198.379 109.703 78.8423 76.7872 132.824 216.627 530.139 405.096 572.5 565.941 101.532 129.112
threshold=1.5000000000000002 178.50000000000003 1.5000000000000002 150.08999633789065 1.5000000000000002 1.5000000000000002 1.5000000000000002 5.5000000000000009 1.5000000000000002 20.500000000000004 8965.5000000000018 268.03500366210943 103.00000000000001 8.5000000000000018 1.0000000180025095e-35 1323.0000000000002 2.5000000000000004 1.5000000000000002 220.00000000000003 438.50000000000006 3.5000000000000004 1.5000000000000002 51.500000000000007 42.500000000000007 127.50000000000001 18.500000000000004 24.500000000000004 1.5000000000000002 46275.500000000007 1.0000000180025095e-35
decision_type=8 2 2 2 2 10 10 2 8 2 2 2 8 2 10 2 2 2 8 2 2 2 10 2 2 2 2 10 8 8
left_child=1 5 3 4 -2 11 7 10 9 -3 -4 12 13 -1 -15 -7 17 18 19 -17 -8 22 -6 -24 -25 28 27 -27 29 -26
right_child=2 8 6 -5 21 15 20 -9 -10 -11 -12 -13 -14 14 -16 16 -18 -19 -20 -21 -22 -23 23 24 25 26 -28 -29 -30 -31
leaf_value=0.0073528948082723306 0.06071582336629832 0.0071779393787138809 -0.02250512551948573 0.065541159901248966 0.0052538464823042134 0.0039463876920570054 0.49282012449785156 0.35493657469958761 0.04118595012326768 0.09380512562127441 0.1259788066794435 0.015835420236662325 -0.0094392991692429234 -0.033583637505533705 0.24339918144878267 0.016336393654085186 0.035480090833763606 0.027180845478789278 0.67859894220900019 0.40239046584329052 0.17163084858739433 -0.010016592287744435 0.030631220354288367 0.018518799581970211 0.97392170743295425 2.1068544608642483 0.029740023927488774 0.63812506245180201 0.12100682758275697 0.14298329746553359
leaf_weight=53.301553680561483 73.551183555275202 251.64577823225409 5.8580008121207454 107.86110197100788 106.49507260043174 24.970654318109155 1.199922047555446 1.8568759569898237 173.07702542562038 12.84938547760248 12.246211542747913 164.84497222676873 991.48792835790664 1.6955539137125004 5.8098067454993725 1.273692275397482 19.439637308008969 5.2223864123225212 1.2255163034424184 1.3804622069001196 1.6116956770420072 100.70950480271131 35.76663869433105 6.6081975512206537 0.3284982843324542 0.42108958493918158 0.49835774395614862 0.53752686828374863 1.9504215940833094 0.34508869145065546
leaf_count=2370 2439 8205 184 3167 4654 838 25 55 1521 75 224 8441 59096 33 54 62 297 77 35 22 21 6379 1195 330 24 33 39 13 76 16
internal_value=0.0113434 0.00437802 0.0373314 0.0325326 0.0216518 -0.00209447 0.129012 0.103702 0.0231733 0.0113864 0.0779337 -0.00410757 -0.00723169 0.0287645 0.180825 0.0436935 0.0784675 0.170277 0.362898 0.217128 0.308706 0.0103248 0.0237184 0.0660465 0.184548 0.453394 0.854514 1.28329 0.230673 0.54822
internal_weight=2166.07 1708.22 457.845 435.073 327.212 1270.65 22.7727 19.9611 437.572 264.495 18.1042 1217.14 1052.29 60.8069 7.50536 53.5123 28.5417 9.10206 3.87967 2.65415 2.81162 253.66 152.951 46.4558 10.6892 4.08098 1.45697 0.958616 2.62401 0.673587
internal_count=100000 81126 18874 18365 15198 71325 509 463 9801 8280 408 69994 61553 2457 87 1331 493 196 119 84 46 12759 6380 1726 531 201 85 46 116 40
is_linear=0
shrinkage=0.03


Tree=51
num_leaves=31
num_cat=0
split_feature=113 0 5 155 410 439 202 439 422 36 433 320 432 65 439 339 434 439 0 437 7 346 334 437 6 334 387 4 97 334
split_gain=389.912 817.759 215.59 173.28 146.829 136.495 157.783 222.68 292.327 175.312 289.386 138.624 119.837 117.438 110.966 104.112 90.06 84.6862 78.2639 70.516 69.3052 157.695 93.8451 68.6742 84.3166 147.761 68.5796 68.2141 87.8238 69.4928
threshold=1.5000000000000002 2417806.0000000005 178.50000000000003 9.5000000000000018 650.50000000000011 35332.000000000007 1.5000000000000002 62375.000000000007 47.500000000000007 3.6874995231628422 1.5000000000000002 79.579502105712905 16.500000000000004 1.5000000000000002 139597.50000000003 1.5000000000000002 -0.3831153652060067 410.50000000000006 3007888.0000000005 221.50000000000003 104.50000000000001 8.5000000000000018 2.5000000000000004 1323.0000000000002 2.5000000000000004 1.5000000000000002 157.50000000000003 561.50000000000011 1.5000000000000002 9.5000000000000018
decision_type=8 2 2 2 10 2 8 2 2 10 2 10 2 10 2 2 2 2 2 2 10 2 2 2 2 2 8 8 10 2
left_child=2 26 13 4 5 -3 7 8 9 10 12 16 -7 20 17 -8 -9 -4 -18 -17 21 -1 -23 -15 25 -25 -2 29 -29 -22
right_child=1 3 14 -5 -6 6 15 11 -10 -11 -12 -13 -14 23 -16 19 18 -19 -20 -21 27 22 -24 24 -26 -27 -28 28 -30 -31
leaf_value=0.0078594278813621174 -0.022830210238009664 0.030337842352704644 0.081708070464262206 0.40298953410477772 0.31732322702139565 0.68545675858485722 0.050926822601422353 0.019184332141268547 0.055579657285671519 0.17715046844192089 0.37894306256333982 0.32111545830169397 1.4613993044560782 0.0038145456391575966 0.037406011792374391 0.29008548263700906 0.052427194186131523 0.0026770353341196698 0.14068461195672574 0.10508167510427542 -0.0086726470972643844 0.19122638042620221 -0.034625546048701841 0.24803332231156702 0.033949830862210283 0.025860774462019776 0.02783824086117195 0.0067800057893700029 0.09061766573274814 0.20725747369531569
leaf_weight=79.328202957287431 152.78391606640071 82.056229395791888 12.962165814824401 1.3702065274119366 2.0577813517302266 0.37633920647203778 128.69786092732102 15.017971847206352 4.194533078931272 2.2205212563276291 2.7668407270684838 2.2631974546238771 0.34184865280985832 25.057359253056347 219.68489215616137 2.5043344553560001 14.899621891789137 208.3032397646457 23.004483334720135 7.1432204889133573 1017.6484945602715 7.1103081787005049 2.1584341004490852 5.4554843092337268 19.70227475464344 5.322717223316431 28.531093672849238 91.827424195595086 12.814768485724924 1.3431638367474068
leaf_count=3641 9959 3392 248 20 42 17 1676 1150 187 69 57 47 24 838 3939 49 717 5614 889 103 60989 72 21 119 297 77 476 4895 361 15
internal_value=0.0108912 0.0350826 0.00423386 0.0664234 0.0648196 0.0629996 0.0761741 0.114694 0.245706 0.385481 0.518221 0.0911906 1.0548 -0.0020507 0.0223025 0.0580523 0.081358 0.00730683 0.105992 0.153105 -0.00400507 0.0215404 0.138632 0.0406077 0.0708545 0.138315 -0.0148572 -0.0060193 0.017047 -0.00838802
internal_weight=2178.95 470.23 1708.72 288.915 287.545 285.487 203.431 65.0854 9.90008 5.70555 3.48503 55.1853 0.718188 1267.77 440.95 138.345 52.9221 221.265 37.9041 9.64755 1212.23 88.5969 9.26874 55.5378 30.4805 10.7782 181.315 1123.63 104.642 1018.99
internal_count=100000 18874 81126 8439 8419 8377 4985 3157 354 167 98 2803 41 71325 9801 1828 2756 5862 1606 152 69994 3734 93 1331 493 196 10435 66260 5256 61004
is_linear=0
shrinkage=0.03


Tree=52
num_leaves=31
num_cat=0
split_feature=14 113 1 3 340 15 27 180 7 30 339 38 439 334 1 116 365 365 1 30 362 410 157 400 1 394 38 38 435 65
split_gain=373.712 200.212 192.738 134.502 179.172 131.841 114.247 105.881 107.643 111.252 105.131 88.7622 78.6991 75.7717 61.2553 60.7445 160.633 123.538 59.8414 102.322 201.477 59.0688 58.47 56.3296 52.7178 94.0737 51.8739 132.73 100.808 50.0824
threshold=9.5000000000000018 1.5000000000000002 171.41999816894534 17401.000000000004 1.0000000180025095e-35 4.5000000000000009 1.0000000180025095e-35 59.028949737548835 104.50000000000001 163.50000000000003 1.5000000000000002 12.500000000000002 62375.000000000007 9.5000000000000018 49.041500091552741 2.5000000000000004 26.970000267028812 24.551300048828129 280.00500488281256 502.50000000000006 2153.079956054688 543.50000000000011 2.5000000000000004 2.5000000000000004 138.08399963378909 1.0000000180025095e-35 388.50000000000006 456.50000000000006 2.0454010245575405 1.5000000000000002
decision_type=2 10 2 2 2 2 2 2 10 10 2 8 2 2 2 10 2 2 2 10 2 10 2 10 2 10 10 10 2 10
left_child=1 7 5 10 -5 6 -2 24 9 14 22 -11 -12 18 -9 23 17 -17 29 21 -21 26 -3 -8 -1 -26 -20 28 -28 -10
right_child=2 3 -4 4 -6 -7 15 8 13 11 12 -13 -14 -15 -16 16 -18 -19 19 20 -22 -23 -24 -25 25 -27 27 -29 -30 -31
leaf_value=-0.011667242744773388 0.034571911703424552 0.013922882788957636 0.069591922699163908 0.082131050350654072 0.58690915576620251 0.044446048993106932 0.002760005664510917 0.12436018210789633 -0.0034756538428998523 0.49328620031863113 -0.017144636944090887 0.12373946548363306 0.14235166241202529 0.32357168583204909 0.011746022464864832 0.060070709300885469 -0.033009742724410908 0.51974779536259064 0.016588890844442334 -0.030544598574095597 0.91443010179297213 0.29888477270711705 0.27601660382489507 0.12676982202524176 0.0035591598353109603 0.3108829918839694 0.52874071976471126 -0.019125550850629936 0.094113457917567825 0.034728301479538155
leaf_weight=658.95538365468383 174.84411796741188 40.649887450970709 84.20181605219841 1.8201759634539478 0.97019763849675644 173.86503872368485 371.24545838218182 5.2129235100001123 287.51534231845289 0.62747920397668799 3.5409041242674002 8.6341683734208345 13.029773975722492 0.67500838823616405 26.17314319498837 0.97560224588960354 3.01050665974617 1.1422515995800493 45.68988811224699 0.48522481229156156 0.34919705800712109 0.72479082830250163 0.78077379800379176 3.3261394584551445 241.27352902386338 0.89977734070271154 0.96237780340015777 2.5226193955168128 0.9587871003895998 34.598653458990157
leaf_count=45725 2628 1067 2018 43 23 1114 18009 89 11056 15 49 177 176 14 602 23 60 22 1423 31 19 16 27 101 14637 19 25 112 41 639
internal_value=0.0104857 0.000965063 0.0266195 0.054193 0.25764 0.021652 0.0145054 -0.00149328 0.0110428 0.057411 0.0444054 0.148776 0.10827 0.00600982 0.0304502 0.00526522 0.107815 0.307995 0.00543637 0.0353996 0.364918 0.0299932 0.0188621 0.00386119 -0.00726837 0.004701 0.0261058 0.123957 0.311833 0.000627879
internal_weight=2189.66 1377.05 812.611 60.7917 2.79037 728.409 554.544 1316.26 415.13 40.6477 58.0013 9.26165 16.5707 374.482 31.3861 379.7 5.12836 2.11785 373.807 51.6929 0.834422 50.8585 41.4307 374.572 901.129 242.173 50.1337 4.44378 1.92116 322.114
internal_count=100000 76025 23975 1385 66 21957 20843 74640 14259 883 1319 192 225 13376 691 18215 105 45 13362 1667 50 1617 1094 18110 60381 14656 1601 178 66 11695
is_linear=0
shrinkage=0.03


Tree=53
num_leaves=31
num_cat=0
split_feature=14 0 116 113 333 439 8 333 3 346 208 0 14 431 24 14 1 3 4 385 65 394 16 3 438 1 106 72 438 176
split_gain=346.93 546.986 371.299 179.815 139.711 102.997 102.889 139.734 91.2893 86.5614 83.469 127.085 112.411 109.59 182.284 151.021 177.302 150.945 116.787 110.928 81.7818 83.4937 72.5508 72.0651 109.64 70.0409 68.4837 89.9235 98.8768 65.76
threshold=9.5000000000000018 2411538.5000000005 2.5000000000000004 1.5000000000000002 3.5000000000000004 139597.50000000003 1.5000000000000002 8.5000000000000018 12599.000000000002 22.500000000000004 1.5000000000000002 2861580.5000000005 29.500000000000004 1553.0000000000002 1.5000000000000002 18.500000000000004 99.16300201416017 13112.500000000002 489.50000000000006 610.00000000000011 1.5000000000000002 1.0000000180025095e-35 1.5000000000000002 17401.000000000004 5060.5000000000009 268.03500366210943 1.5000000000000002 1.0000000180025095e-35 6547.0000000000009 2.5000000000000004
decision_type=2 2 8 10 2 2 2 2 2 2 8 2 2 2 2 2 2 2 10 8 10 10 2 2 2 2 10 10 2 2
left_child=3 -2 5 6 23 -3 9 25 -6 20 11 22 13 19 15 16 -15 -18 -19 -13 21 -1 -4 -5 -25 26 -8 28 -28 -27
right_child=1 2 10 4 8 -7 7 -9 -10 -11 -12 12 -14 14 -16 -17 17 18 -20 -21 -22 -23 -24 24 -26 29 27 -29 -30 -31
leaf_value=0.0060087282931098719 -0.012433679869426336 0.0071438367723563254 0.010536633139177447 0.02605344487827117 0.095906144717584685 0.038327093297791562 -0.01176387960100685 0.39879624997546931 0.31778617098589845 0.13596085150920917 0.054877705208300126 0.046036260594635454 0.040202390327780203 0.021016957352610926 0.078003748054812486 0.3016372637996485 0.15544651628652509 0.25319550088845777 0.65110542246315395 0.38253981309353663 0.073933746130100217 0.20497009248028175 0.10513808940085197 0.33488804176439058 -0.031744820344453764 0.014525742735817243 0.18939552213603775 -0.00082132566059564224 0.02051268679778329 0.2541077577378536
leaf_weight=342.80095463246107 240.91932117007673 173.41311775892973 20.30613061320037 53.052771560847759 4.7878340668976298 211.71260111872107 805.18597028777003 0.76424814015626807 2.561865221709013 5.0022688619792453 94.305311436764896 14.036452941596508 13.668039024807511 5.7940754247829345 14.608884489163755 10.015355907380579 6.7236962579190713 1.5827388176694515 1.1434427918866275 0.94075903203338107 17.311069422401488 1.908842721953987 11.387729826383291 1.7078749556094401 1.2874728096649048 96.21905498765409 5.5291769886389357 30.751118309795856 7.1609853655099869 1.0422577476128925
leaf_count=15409 10839 4526 1323 1255 40 3739 52912 11 30 37 557 723 644 454 262 243 303 83 53 18 244 42 208 28 32 4937 100 821 104 23
internal_value=0.0101173 0.0255588 0.0413499 0.00091617 0.0502634 0.024286 -0.00146532 -0.00669305 0.173246 0.0120184 0.0751355 0.0942001 0.117178 0.136362 0.162354 0.211138 0.151679 0.231793 0.420091 0.067173 0.0103058 0.00711048 0.0445273 0.0341364 0.1773 -0.00702067 -0.00978436 0.0269061 0.0940959 0.0170931
internal_weight=2197.63 820.558 579.638 1377.07 63.3978 385.126 1313.68 946.653 7.3497 367.023 194.513 100.207 68.5134 54.8454 39.8682 25.2593 15.244 9.44988 2.72618 14.9772 362.021 344.71 31.6939 56.0481 2.99535 945.889 848.627 43.4413 12.6902 97.2613
internal_count=100000 23975 13136 76025 1385 8265 74640 58908 70 15732 4871 4314 2783 2139 1398 1136 893 439 136 741 15695 15451 1531 1315 60 58897 53937 1025 204 4960
is_linear=0
shrinkage=0.03


Tree=54
num_leaves=31
num_cat=0
split_feature=14 0 115 113 30 3 8 97 21 438 346 437 33 1 259 402 106 72 438 1 404 14 393 23 28 8 438 28 208 405
split_gain=319.861 499.046 309.1 162.447 101.139 101.076 96.6179 80.6591 80.4233 76.2843 74.1077 75.4976 83.1785 64.0713 63.519 88.5675 62.7428 76.8504 71.4855 61.7107 90.255 127.125 121.087 61.618 118.737 60.9764 60.1912 58.558 56.2246 63.5309
threshold=9.5000000000000018 2411538.5000000005 3.5000000000000004 1.5000000000000002 11.500000000000002 10112.500000000002 1.5000000000000002 1.5000000000000002 3.5000000000000004 2589.5000000000005 22.500000000000004 3706.0000000000005 16.500000000000004 268.03500366210943 24.976200103759769 94.085002899169936 1.5000000000000002 1.0000000180025095e-35 6547.0000000000009 146.04499816894534 51.500000000000007 18.500000000000004 54295.500000000007 4.5000000000000009 2.5000000000000004 1.5000000000000002 17261.500000000004 1.0000000180025095e-35 1.5000000000000002 -329.99999999999994
decision_type=2 2 8 10 8 2 2 10 2 2 2 2 8 2 10 8 10 10 2 2 10 2 8 2 2 2 2 2 8 8
left_child=3 -2 7 6 5 26 10 8 27 -7 11 -1 23 16 15 -4 -8 18 -18 20 -17 -22 -23 -13 -25 -11 -5 -3 29 -21
right_child=1 2 14 4 -6 9 13 -9 -10 25 -12 12 -14 -15 -16 19 17 -19 -20 28 21 22 -24 24 -26 -27 -28 -29 -30 -31
leaf_value=0.0018967035144259623 -0.012178680563400792 0.03367032787706678 0.3304804017887264 -0.017324426822084002 0.0076775009595197357 0.20266470516270865 -0.01115663601431198 0.040502717596148083 0.061163008660570645 0.1291788005631325 0.12175287443021607 0.052940129695732571 0.006667660189802322 0.016317308402951841 0.11379853868753652 0.024157170944211458 0.15742169224303895 -0.00079724039713214916 0.019804279470870691 0.070340218805172314 0.030618533329241488 0.23209977582867233 0.076842714877805141 0.34302489525658286 -0.011644037987758697 -0.031664201508250236 0.096424893398766809 -0.0026699929379659765 0.054897479234445642 0.15074834640327658
leaf_weight=271.19878012314439 238.62008907459676 53.58903394639492 1.1103113694116471 9.9559810291975754 31.181334240362048 7.8149801380932358 797.32853670231998 159.71072921156883 27.506641253829002 6.4795508347451696 5.4115853272378436 40.2930923467502 49.889599496498704 98.760213310830295 25.98962580692023 61.572532855905592 6.4365697801113111 30.730051754042506 7.1941078770905733 17.947839052416384 20.529048041440547 7.4963935641571879 11.390578786842527 1.9093446061015122 1.5305195674300192 3.1537838717922542 7.225111491046845 156.308483379893 31.59203577786684 17.433891322463751
leaf_count=11971 10839 648 43 172 905 89 52923 1348 211 53 37 926 2701 4960 388 2048 100 821 104 489 681 156 311 24 73 80 86 6154 160 499
internal_value=0.00974979 0.0244496 0.0392091 0.000877563 0.0468704 0.0821608 -0.00143178 0.0240186 0.012929 0.13302 0.0115499 0.00991522 0.0331427 -0.00654237 0.0701346 0.0634226 -0.00922463 0.0255007 0.0847889 0.0616572 0.0468487 0.0822956 0.138466 0.0633447 0.18522 0.0765216 0.0305102 0.00660807 0.0839867 0.10996
internal_weight=2207.29 830.797 592.177 1376.49 65.8107 34.6294 1310.68 397.115 237.404 17.4483 370.233 364.821 93.6226 940.449 195.062 169.073 841.689 44.3607 13.6307 167.962 100.989 39.416 18.887 43.733 3.43986 9.63333 17.1811 209.898 66.9738 35.3817
internal_count=100000 23975 13136 76025 1385 480 74640 8361 7013 222 15732 15695 3724 58908 4775 4387 53948 1025 204 4344 3196 1148 467 1023 97 133 258 6802 1148 988
is_linear=0
shrinkage=0.03


Tree=55
num_leaves=31
num_cat=0
split_feature=14 0 116 180 113 439 388 9 13 0 208 14 431 437 405 14 1 9 25 343 65 333 388 387 422 123 20 431 436 437
split_gain=296.816 458.883 282.24 155.243 111.404 92.4698 78.9111 77.679 61.2643 68.9012 104.323 80.49 70.6959 57.7157 67.6026 58.1864 83.0193 57.2413 56.2833 55.5149 58.3676 52.3698 52.4893 69.6496 51.1178 49.4602 52.1517 48.0451 67.3207 46.3186
threshold=9.5000000000000018 2411538.5000000005 2.5000000000000004 63.98500061035157 1.5000000000000002 139597.50000000003 172.50000000000003 442.50000000000006 15.500000000000002 3007888.0000000005 1.5000000000000002 20.500000000000004 1553.0000000000002 4157.0000000000009 -224.99999999999997 18.500000000000004 99.16300201416017 179.00000000000003 5.5000000000000009 2.5000000000000004 1.5000000000000002 8.5000000000000018 147.50000000000003 268.50000000000006 74.500000000000014 1.0000000180025095e-35 3.5000000000000004 719.00000000000011 -55.59116216269986 71.500000000000014
decision_type=2 2 8 2 10 2 10 8 2 2 8 2 2 2 8 2 2 8 2 2 10 2 10 10 2 10 2 2 2 2
left_child=3 18 5 -1 19 25 8 -6 -4 -10 11 12 27 14 15 16 -14 -18 -2 20 21 22 -5 -24 -7 -3 -27 28 -11 -17
right_child=1 2 6 4 7 24 -8 -9 9 10 -12 -13 13 -15 -16 29 17 -19 -20 -21 -22 -23 23 -25 -26 26 -28 -29 -30 -31
leaf_value=-0.0063124541908574959 -0.015571747425224202 0.17805344555498312 0.023622200194905983 0.0083076671761907871 0.047938245919115288 0.042285957431009755 0.18373766874309072 0.18548621941584664 0.042165751775564933 -0.030612998287014338 0.057156299354222111 0.049965488068891353 0.00079105012700524016 0.063965376044949743 0.41634137180687669 0.15300802239961267 0.38315723382603784 0.14757809273015787 0.046858562595480019 -0.020543791134612088 0.049119821509255403 0.24364171736802748 0.32342759458776327 0.033102892225720423 0.0041705114514556836 -0.0017261739295088084 0.04636186308761283 0.028533454065097105 0.38709816135797698 0.28946335630589914
leaf_weight=914.66391376778483 222.58717809338123 1.4948115609586228 30.737461828626692 328.39945184160024 38.999476224184036 178.14589430950582 4.9622784694656721 4.081962930969893 55.958003829233348 0.58311449829488993 64.968106854707003 13.24780537188053 3.4692043010145435 5.0427793711423865 1.0034922445192993 4.1851206896826625 1.0117549905553431 11.250978565774858 13.802551309578119 46.647254191339016 38.558731357567012 0.86213663965463538 1.0976445237174624 2.3062692061066628 38.513687629252672 150.75326262973249 23.455196555703878 7.2625591652467847 0.85846968833356896 4.814064378850162
leaf_count=61275 10733 32 1238 12284 596 2924 78 53 1511 39 385 462 214 159 28 40 30 246 106 1034 671 8 33 71 815 4342 152 328 26 87
internal_value=0.00941641 0.0234899 0.0374035 0.000841997 0.0150385 0.0223952 0.0655313 0.0609709 0.0626615 0.0695716 0.0826014 0.113952 0.135423 0.156771 0.174957 0.165163 0.130359 0.167015 -0.0119265 0.010303 0.0141791 0.0101292 0.00952247 0.126723 0.0355105 0.00622274 0.00474834 0.0599355 0.218136 0.226004
internal_weight=2213.72 838.108 601.718 1375.62 460.953 392.363 209.355 43.0814 204.393 173.655 117.697 52.7293 39.4815 30.7774 25.7346 24.7311 15.7319 12.2627 236.39 417.871 371.224 332.666 331.803 3.40391 216.66 175.703 174.208 8.70414 1.44158 8.99919
internal_count=100000 23975 13136 76025 14750 8265 4871 649 4793 3555 2044 1659 1197 804 645 617 490 276 10839 14101 13067 12396 12388 104 3739 4526 4494 393 65 127
is_linear=0
shrinkage=0.03


Tree=56
num_leaves=31
num_cat=0
split_feature=408 0 96 65 114 16 422 7 1 7 346 4 1 404 25 2 424 424 217 335 15 435 364 372 439 439 394 210 8 439
split_gain=257.981 505.99 224.458 130.182 90.9995 75.5061 71.9944 75.3245 71.5512 65.3802 118.43 59.5599 58.2394 67.9826 86.8214 75.4954 128.47 126.606 71.8097 58.0533 56.5798 96.7529 93.8958 73.0036 56.0912 65.2213 80.9931 65.3641 52.7005 51.4532
threshold=160.50000000000003 2411538.5000000005 2.5000000000000004 1.5000000000000002 2.5000000000000004 2.5000000000000004 62.500000000000007 112.50000000000001 268.03500366210943 103.00000000000001 4.5000000000000009 1.0000000180025095e-35 149.97000122070315 19.000000000000004 4.5000000000000009 1.5000000000000002 127.50000000000001 133.00000000000003 105.00000000000001 5.5000000000000009 4.5000000000000009 1.5316053905196636 213.25000000000003 983.00000000000011 136.00000000000003 62375.000000000007 1.0000000180025095e-35 1.5000000000000002 1.5000000000000002 139597.50000000003
decision_type=10 2 8 10 10 2 2 10 2 8 2 10 2 10 2 2 2 2 8 2 2 2 2 2 2 2 10 8 2 2
left_child=3 -2 6 4 8 -6 7 28 9 10 -1 -9 13 14 -4 16 -15 18 -18 -12 -10 22 -22 -23 -14 26 -26 -27 -3 -13
right_child=1 2 12 -5 5 -7 -8 11 20 -11 19 29 24 15 -16 -17 17 -19 -20 -21 21 23 -24 -25 25 27 -28 -29 -30 -31
leaf_value=0.0044184640672342793 -0.014177954815244998 0.066578900006147315 -0.014735346861073082 0.039829419386085758 0.1218997023967187 0.011218123520187631 -0.005937502823253526 0.21838607556166489 0.0096056673585234297 -0.0073482655316239815 0.13674263754430144 0.0075087687568179146 0.16916341222730463 0.048968554326616592 0.2541276740886389 0.018385243740304497 0.18318241493411674 0.008254513759362354 -0.016412124426618113 -0.034369165464703248 0.096575413980949362 0.017029058166990706 0.42566262962586304 0.38538398259822687 0.019619980944228083 0.1138863203813652 0.2816882412062009 0.055110225637793657 0.21507132963174289 0.035402425517133275
leaf_weight=56.195093245245516 251.12884206045419 11.411657103337346 22.57993016764522 72.93446650262922 9.6268914416432398 13.089778301306067 77.561082961969078 1.3978136852383602 163.18961196113378 1001.7141244448721 10.227591989561914 114.67885892186314 5.2638527126982799 98.660369705408812 1.1353035327047099 43.427732846699655 16.957686104811728 6.2581512983888379 1.793908154591924 2.1616226136684409 2.3016984649002583 12.985399589873847 1.1805235203355549 0.5029888618737467 26.832932684570554 33.964108550921082 1.1050672810524691 34.150988667272031 2.6506833359599105 123.73449209518731
leaf_count=2369 12656 163 1140 1457 109 186 2285 18 7899 59927 88 2952 94 1099 20 2062 284 326 64 23 77 538 32 10 834 791 18 205 41 2233
internal_value=0.00909237 0.0217768 0.036257 0.000850076 -0.00138288 0.0581229 0.0193589 0.0270872 -0.0024639 -0.00540813 0.0229287 0.0231301 0.0554286 0.0456679 -0.00186425 0.0524139 0.0643633 0.125094 0.164088 0.106888 0.0150272 0.0671611 0.208141 0.0307652 0.0738111 0.0685856 0.0299859 0.0844176 0.094569 0.0219853
internal_weight=2220.8 874.693 623.565 1346.11 1273.18 22.7167 331.435 253.874 1250.46 1070.3 68.5843 239.811 292.13 190.813 23.7152 167.098 123.67 25.0097 18.7516 12.3892 180.16 16.9706 3.48222 13.4884 101.317 96.0531 27.938 68.1151 14.0623 238.413
internal_count=100000 27285 14629 72715 71258 295 7692 5407 70963 62407 2480 5203 6937 4995 1160 3835 1773 674 348 111 8556 657 109 548 1942 1848 852 996 204 5185
is_linear=0
shrinkage=0.03


Tree=57
num_leaves=31
num_cat=0
split_feature=14 0 139 180 113 7 88 15 408 438 9 36 404 1 2 333 99 28 335 365 362 25 121 151 15 388 437 7 1 394
split_gain=259.383 389.42 218.805 139.646 94.6475 75.8196 65.418 65.046 64.1754 63.0101 61.0481 59.8616 57.2835 79.7714 72.2207 55.208 54.9052 64.3465 56.7034 72.8107 54.2548 53.5236 51.1714 49.6135 49.089 46.9386 44.8647 64.5684 43.649 61.6933
threshold=9.5000000000000018 2411538.5000000005 2.5000000000000004 63.98500061035157 1.5000000000000002 104.50000000000001 1.0000000180025095e-35 4.5000000000000009 163.00000000000003 7681.0000000000009 333.50000000000006 57.687498092651374 51.500000000000007 54.505500793457038 1.5000000000000002 3.5000000000000004 1.5000000000000002 1.0000000180025095e-35 3.5000000000000004 26.970000267028812 10.013800144195558 5.5000000000000009 1.0000000180025095e-35 1.5000000000000002 1.5000000000000002 172.50000000000003 746.00000000000011 225.50000000000003 138.08399963378909 1.0000000180025095e-35
decision_type=2 2 8 2 10 10 8 2 8 2 8 10 10 2 2 2 10 2 2 2 2 2 10 2 2 8 2 10 2 10
left_child=3 21 7 28 5 6 23 9 -4 16 11 12 13 -10 -14 26 17 -3 -18 20 -20 -2 -8 -5 -25 -15 27 -6 -1 -30
right_child=1 2 8 4 15 -7 22 -9 10 -11 -12 -13 14 25 -16 -17 18 -19 19 -21 -22 -23 -24 24 -26 -27 -28 -29 29 -31
leaf_value=-0.010204744364069075 -0.015067478188527121 0.040129233335218811 -0.033976936885890568 0.013609702131206262 -0.017966626548910215 0.005197155813783212 0.0076849372087046241 0.043384177830853188 -0.0058392661846637947 -0.008803575936039202 0.04238644793348869 0.030175317201583434 0.14416980521769973 0.073324772668051597 0.049844508584567279 0.12179604841670333 0.034455185432145263 0.0018737930660929698 0.059320872617946434 -0.032605624331393745 0.26203393625284477 0.045904187849081853 0.13459404499072086 0.24769882278748093 0.096420297578789102 0.17939282438619716 0.012364754114705589 0.12252604866223608 0.0034898644072979728 0.22331374188123723
leaf_weight=656.40869863145053 217.34546003397554 62.546952944248915 7.086271408945322 4.4774287147447458 4.1916912673041198 377.4633115939796 27.392071437090639 77.126604276709259 11.494801122695206 87.7411830406636 123.15003343205899 25.131466390565038 22.871495572850108 56.839915459044278 10.734072443097828 8.9818848296999914 16.374240746721629 107.72592833917588 1.8147661499679077 1.7241773679852483 3.4421015344560146 13.779312302358447 3.1927511654794207 2.5405103657394639 8.0401368727907521 4.0205479543656102 22.38024758733809 9.8918689321726561 250.05129364132881 1.1543325837701548
leaf_count=46441 10733 570 106 109 100 13222 550 520 659 2837 1469 821 343 1000 380 60 197 4122 17 26 36 106 107 32 81 33 325 164 14815 19
internal_value=0.00878232 0.0218021 0.0341949 0.000731557 0.0140322 0.00961323 0.0461338 0.0189765 0.0550716 0.0122861 0.0575536 0.0718019 0.0816747 0.0666421 0.114041 0.0551732 0.0218428 0.0159263 0.0649772 0.136567 0.192054 -0.0114324 0.020933 0.0973199 0.132744 0.0803318 0.0387625 0.0807112 -0.00613483 0.00449999
internal_weight=2227.12 850.949 619.825 1376.17 468.552 423.106 45.6429 358.496 261.329 281.369 254.242 131.092 105.961 72.3553 33.6056 45.4457 193.628 170.273 23.3553 6.98105 5.25687 231.125 30.5848 15.0581 10.5806 60.8605 36.4638 14.0836 907.614 251.206
internal_count=100000 23975 13136 76025 14750 14101 879 8325 4811 7805 4705 3236 2415 1692 723 649 4968 4692 276 79 53 10839 657 222 113 1033 589 264 61275 14834
is_linear=0
shrinkage=0.03


Tree=58
num_leaves=31
num_cat=0
split_feature=14 15 180 28 114 7 29 30 36 314 400 404 116 436 16 9 325 3 333 388 4 22 195 139 151 176 65 89 77 27
split_gain=242.056 134.501 130.524 125.221 86.4761 64.926 63.7207 55.9778 50.1063 52.2792 56.0627 60.1413 54.0704 49.8339 47.7673 51.5079 47.4762 47.0753 45.8716 43.8405 41.9628 40.7327 40.5501 42.7807 40.254 44.8638 44.3117 39.2835 146.973 38.8331
threshold=9.5000000000000018 4.5000000000000009 63.98500061035157 1.0000000180025095e-35 2.5000000000000004 104.50000000000001 10.500000000000002 161.50000000000003 26.812499046325687 1.5000000000000002 1.5000000000000002 51.500000000000007 2.5000000000000004 130.54854308390026 1.5000000000000002 252.00000000000003 55.705648422241218 9181.5000000000018 7.5000000000000009 189.50000000000003 575.50000000000011 1.0000000180025095e-35 1.5000000000000002 2.5000000000000004 4.5000000000000009 2.5000000000000004 1.5000000000000002 1.5000000000000002 1.5000000000000002 1.0000000180025095e-35
decision_type=2 2 2 2 10 10 2 10 8 8 8 10 10 2 2 10 10 2 2 10 8 2 10 8 2 2 8 10 8 2
left_child=2 3 20 22 5 7 -6 14 9 10 12 -12 -5 -10 15 -4 17 -11 24 -3 29 -15 23 -2 25 26 27 -7 -29 -1
right_child=1 19 4 8 6 18 -8 -9 13 16 11 -13 -14 21 -16 -17 -18 -19 -20 -21 -22 -23 -24 -25 -26 -27 -28 28 -30 -31
leaf_value=0.013268221979765661 0.023488758152000778 0.04084096248391255 0.090974443242404696 0.00073526694569523245 0.10546867161374127 0.0010443768776938274 0.0025466413079083118 0.096931683435455329 -0.0034323580919337032 0.112377864739971 -0.032535688639057765 0.23447437757348308 0.11252121383734359 0.2933082714472382 -0.01878107834780984 -0.0061005691685024404 -0.010027868665151976 0.023643494982783418 0.13233821236513355 0.15068186657693597 0.017048579916010536 0.054509771978199492 -0.01172657144257841 0.050550666891799718 -0.015280125590202443 0.082405683533778806 0.033534102471846162 0.02815957494850873 0.44473772528996508 -0.0097876886187811089
leaf_weight=71.935140115208924 113.48130812682211 194.99514697119594 12.533591559156777 87.836055876687169 15.391136387363078 258.98827135190368 8.351494691334663 12.923253005370496 296.77079036924988 13.578688370995229 1.2246063221245995 1.9977026656270027 4.0749493399634948 0.72918977215886016 14.092379649169741 8.0974215231835824 7.4811198422685257 8.9127351036295277 2.5940851867198935 3.3260964695364228 65.965632443316281 5.4305641977116466 17.314990257844329 97.955852324143052 67.834392534568906 7.5442696604877701 52.831124044954777 11.149703648872672 0.81816591322421928 764.37285577319562
leaf_count=2351 1163 1242 205 2957 127 9429 92 195 15730 199 48 43 51 28 280 211 104 206 18 24 3805 215 326 1639 2678 212 1013 275 15 55119
internal_value=0.00849718 0.021031 0.000704841 0.014493 0.0134668 0.0105189 0.0692657 0.0436304 0.00491686 0.0208889 0.0100035 0.133 0.00569139 -0.00167935 0.0237928 0.0528737 0.0554392 0.0772149 0.00659208 0.0426831 -0.00598751 0.0827787 0.0324116 0.0360262 0.00577489 0.0100855 0.00840047 0.00349991 0.0566383 -0.00780453
internal_weight=2230.53 855.11 1375.42 656.789 473.149 449.407 23.7426 47.6466 428.036 125.106 95.1333 3.22231 91.911 302.931 34.7234 20.631 29.9725 22.4914 401.76 198.321 902.274 6.15975 228.752 211.437 399.166 331.332 323.787 270.956 11.9679 836.308
internal_count=100000 23975 76025 22709 14750 14531 219 891 19581 3608 3099 91 3008 15973 696 416 509 405 13640 1266 61275 243 3128 2802 13622 10944 10732 9719 290 57470
is_linear=0
shrinkage=0.03


Tree=59
num_leaves=31
num_cat=0
split_feature=14 0 116 180 439 65 36 333 16 355 25 176 96 388 21 123 4 48 18 0 15 411 1 2 7 88 30 38 43 181
split_gain=225.815 349.076 192.932 121.817 76.135 60.9908 59.1159 55.4086 62.4415 51.685 49.5314 47.1095 47.0675 44.9989 44.2214 40.5431 40.4064 37.8008 37.7308 36.4722 36.0584 51.858 44.8917 39.1483 36.0582 75.8167 52.306 84.628 63.2377 56.4417
threshold=15.500000000000002 2411538.5000000005 2.5000000000000004 63.98500061035157 139597.50000000003 1.5000000000000002 57.687498092651374 3.5000000000000004 1.5000000000000002 2.5000000000000004 5.5000000000000009 1.5000000000000002 1.5000000000000002 172.50000000000003 6.5000000000000009 1.0000000180025095e-35 575.50000000000011 1.0000000180025095e-35 1.5000000000000002 2830979.5000000005 1.5000000000000002 242.50000000000003 171.41999816894534 1.5000000000000002 103.00000000000001 1.0000000180025095e-35 7.5000000000000009 369.50000000000006 418.50000000000006 571.50000000000011
decision_type=2 2 8 2 2 10 10 2 2 2 2 2 10 10 2 10 8 2 2 2 2 10 2 2 8 8 8 8 10 2
left_child=3 10 4 16 14 7 9 24 -9 11 -2 13 -6 19 15 -3 17 -1 -8 -4 21 -21 23 -23 25 -5 27 -26 -29 -28
right_child=1 2 6 5 12 -7 18 8 -10 -11 -12 -13 -14 -15 -16 -17 -18 -19 -20 20 -22 22 -24 -25 26 -27 29 28 -30 -31
leaf_value=-0.011622413523766572 -0.014956131221719645 0.14809207497579757 0.040555793075956539 0.084678254864350599 0.020027399773945215 0.04132571224850181 -0.0057016485845865208 -0.013485141978899435 0.10899096992807411 0.0024862951079698079 0.044049588057494982 0.010755899066580251 0.048259314063166671 0.15591844764051183 0.054598859683391544 -0.0012855824698228804 0.016567575204390048 0.0025831804824261203 0.05478103363489472 0.049249612826438062 0.059723875716578681 0.11666291038360604 0.18220026415456497 0.038644930598275562 0.013120807993107596 0.0011220116650899807 -0.0048965757546156931 0.15482762616452095 -0.019638818627393678 0.13976270155539128
leaf_weight=597.22259559668601 214.88694865070283 1.651989004574715 37.004310508258641 15.884373284876345 136.59170326218009 59.62602468393743 21.974735161289573 5.9565206822007903 10.09690060839057 12.741250662133096 13.614915685728191 13.295030255801974 86.998388485983014 5.2466439902782431 14.672753117978571 161.53812711220235 67.223524843342602 234.89429506380111 16.071995368227363 17.013209850527346 66.183095864951611 22.913297367282215 6.7912765331566325 7.7451081294566384 93.007108171470463 25.404781298711896 255.83280511759222 6.875024604611097 2.568297766149044 2.4507014257833353
leaf_count=45694 10620 31 1028 209 3143 861 974 79 84 149 104 213 596 40 82 4403 3822 11909 223 679 482 479 129 419 2241 574 10414 165 76 78
internal_value=0.00822225 0.0203131 0.0318589 0.000698078 0.0193601 0.012941 0.0539653 0.00889277 0.063547 0.0608357 -0.0114404 0.0650552 0.0310124 0.0694869 0.00471201 0.000226582 -0.00580499 -0.00761238 0.0198479 0.0666105 0.0746019 0.0926816 0.112413 0.0969535 0.00671034 0.033267 0.0036707 0.0218089 0.107378 -0.00352399
internal_weight=2233.98 856.935 628.433 1377.04 401.453 477.703 226.98 418.077 16.0534 188.933 228.502 176.192 223.59 162.897 177.863 163.19 899.34 832.117 38.0467 157.65 120.646 54.4629 37.4497 30.6584 402.023 41.2892 360.734 102.45 9.44332 258.284
internal_count=100000 23794 13070 76206 8255 14781 4815 13920 163 3618 10724 3469 3739 3256 4516 4434 61425 57603 1197 3216 2188 1706 1027 898 13757 783 12974 2482 241 10492
is_linear=0
shrinkage=0.03


Tree=60
num_leaves=31
num_cat=0
split_feature=36 0 114 0 106 439 5 29 8 437 38 26 41 28 114 179 319 0 14 434 334 436 242 9 320 7 9 7 108 0
split_gain=211.823 231.686 107.12 186.941 92.7398 89.2864 77.4741 74.3528 79.0671 76.9624 77.1409 71.5513 63.0815 56.7307 55.5453 52.2357 48.2771 45.4208 45.1759 57.4696 44.7992 45.4081 43.5359 43.4387 43.3899 41.2723 40.8878 57.9005 48.298 40.7395
threshold=61.645832061767585 2417806.0000000005 1.5000000000000002 2395795.0000000005 1.5000000000000002 35332.000000000007 149.50000000000003 8.5000000000000018 1.5000000000000002 164.50000000000003 40.500000000000007 48.500000000000007 44.500000000000007 1.0000000180025095e-35 2.5000000000000004 729.25000000000011 10.631800174713137 2780106.5000000005 34.500000000000007 -0.10055992995526623 9.5000000000000018 106.10918462969808 23.500000000000004 453.50000000000006 24.917900085449222 104.50000000000001 252.00000000000003 225.50000000000003 1.5000000000000002 4334473.5000000009
decision_type=8 2 8 2 10 2 2 2 2 2 10 2 8 2 10 2 10 2 2 2 2 2 10 8 10 10 10 10 10 2
left_child=1 -1 4 14 11 -5 -3 15 9 10 -9 13 16 -2 22 17 -8 -7 -18 -20 21 25 -4 26 -14 -15 27 28 -6 -26
right_child=2 6 3 5 23 7 12 8 -10 -11 -12 -13 24 20 -16 -17 18 -19 19 -21 -22 -23 -24 -25 29 -27 -28 -29 -30 -31
leaf_value=-0.014536119638227894 0.01526322639221646 -0.02730323871725366 -0.019908852726642848 0.0037753246249752205 0.13620477359508648 0.015845715538763391 0.038559461624406016 0.069989999681377188 -0.018196038534877373 0.0070302163643412921 0.26458768392863663 0.088347844290921212 0.049221333685500267 0.014868015300177371 0.073347943185590264 0.11050014708659812 -0.012412024150046174 0.056033304787204682 0.21757116106803562 -0.046322391018319094 0.14446654413080484 0.011180547441767897 0.31834053608961643 0.1292702274906499 0.080641420111392775 -0.0085578243735645165 0.0046860410537152963 0.009567770272546218 -0.032564977467818133 0.20838399381059255
leaf_weight=93.230685506016016 145.17917474918067 15.086917531676589 115.58158448245376 83.541905398480594 9.31874788738787 33.399437451735139 159.54725823737681 7.9081342071294802 33.615769917145371 13.988109929487107 2.3866942608729005 7.8567109480500212 89.590241312049329 72.682080954313278 6.1872215420007697 12.434982555918394 30.075289327651262 104.52022219076753 1.7973586488515141 1.2657622415572394 1.8119423929601897 140.91444258857518 0.34348234441131253 4.4227235605940214 26.447346453554932 985.08701036125422 24.831030665896833 10.169050658121705 1.8249656325206167 2.4555323738604775
leaf_count=3232 3145 388 7993 3181 135 1138 1664 60 1049 189 35 40 1638 2954 54 115 556 2475 34 26 16 7700 14 87 294 60976 570 172 46 24
internal_value=0.0079554 0.0271713 0.00352142 0.0169338 -0.000432351 0.0299764 0.0390892 0.0404871 0.0116004 0.0528486 0.115104 -0.00192258 0.0423081 -0.00244962 -0.0142322 0.0516108 0.0317158 0.0463012 -0.00123346 0.108523 -0.00459169 -0.004817 -0.0189066 0.0394571 0.0595325 -0.00694817 0.0308488 0.0613305 0.108566 0.0914942
internal_weight=2237.5 419.496 1818.01 413.908 1404.1 291.795 326.266 208.253 57.8987 24.2829 10.2948 1353.53 311.179 1345.67 122.112 150.355 192.686 137.92 33.1384 3.06312 1200.5 1198.68 115.925 50.5665 118.493 1057.77 46.1438 21.3128 11.1437 28.9029
internal_count=100000 7856 92144 16303 75841 8242 4624 5061 1333 284 95 74831 4236 74791 8061 3728 2280 3613 616 60 71646 71630 8007 1010 1956 63930 923 353 181 318
is_linear=0
shrinkage=0.03


Tree=61
num_leaves=31
num_cat=0
split_feature=14 0 139 180 113 15 7 408 438 7 4 25 29 437 7 0 404 9 343 362 3 128 151 181 118 13 15 189 4 152
split_gain=201.434 307.37 166.158 110.176 84.3247 56.1196 55.5378 54.6863 54.2493 50.901 47.7111 46.5186 42.8097 40.5167 67.3066 40.3807 54.691 41.9257 39.1333 43.8646 57.4272 41.9077 46.3518 42.5683 39.6126 107.05 45.7018 136.817 63.5011 93.5835
threshold=9.5000000000000018 2411538.5000000005 2.5000000000000004 47.970001220703132 1.5000000000000002 8.5000000000000018 104.50000000000001 163.00000000000003 17261.500000000004 103.00000000000001 1.0000000180025095e-35 5.5000000000000009 164.50000000000003 746.00000000000011 225.50000000000003 2861580.5000000005 48.000000000000007 326.00000000000006 2.5000000000000004 3577.0000000000005 16873.500000000004 1.5000000000000002 3.5000000000000004 667.50000000000011 1.5000000000000002 52.500000000000007 4.5000000000000009 334.49000549316412 554.50000000000011 1.5000000000000002
decision_type=2 2 8 2 10 2 10 8 2 8 10 2 2 2 10 2 10 8 2 2 2 10 2 2 10 2 2 2 10 2
left_child=3 11 5 -1 6 8 12 -4 9 -3 -11 -2 -5 14 -6 -9 -17 -18 19 21 -21 22 24 -24 26 -26 -8 28 -28 -30
right_child=1 2 7 4 13 -7 18 15 -10 10 -12 -13 -14 -15 -16 16 17 -19 -20 20 -22 -23 23 -25 25 -27 27 -29 29 -31
leaf_value=-0.006204888442012781 -0.014594093078881244 0.066133839015646137 -0.034066914620651222 0.019891676243101682 -0.0199652130392023 0.045906339069946567 0.0023439020421043922 0.028720114605967049 -0.025275208685738439 0.18037588517709544 0.011751988357423464 0.042462842732707992 0.08069014272415316 0.025076053905067189 0.10651620951500294 0.026250724839760334 0.07974844593806249 0.048975187635469944 -0.022313437169000503 -0.030496883188683585 0.37697921001631807 0.038019254192846713 -0.017931346191954783 0.25303832700134982 -0.032485331855374007 0.2291980225346936 0.0043669837813727604 0.31227241801582734 0.067862201991053556 0.42574926958437442
leaf_weight=841.77525040693581 211.6287622442469 17.070836097002029 7.2441268721595407 38.834759991616011 4.8680746583268073 50.126969491131604 217.58065906539559 64.142444899305701 32.024222629144788 1.5187656795606006 266.62503997050226 13.69239525683224 14.247053363360463 30.873581610620022 17.044211280532181 43.596004175022244 78.706362578086555 80.699151366949081 46.480825699865818 0.59037174656987079 0.65847469493746758 34.040687709115446 83.572571551427245 0.52505873702466388 3.0598430698737493 2.6045503346249461 27.783864742144942 1.5699994768947352 7.6666415836662036 0.71927510388195504
leaf_count=58501 10733 310 106 765 119 276 8406 1554 1038 19 6682 106 217 413 207 793 1392 966 1119 39 9 587 3718 10 58 29 1519 53 233 23
internal_value=0.00769476 0.0190176 0.0296014 0.00055196 0.0112288 0.0164087 0.00727038 0.0472644 0.0117478 0.0159048 0.0127071 -0.0111268 0.0362099 0.0472187 0.0784169 0.0494698 0.0560261 0.0641695 0.00367158 0.0068469 0.184352 0.0062622 0.00312952 -0.0162396 0.00937085 0.0878396 0.00762999 0.0381058 0.0262052 0.0985588
internal_weight=2241.57 867.075 641.754 1374.5 532.721 367.366 479.935 274.388 317.239 285.215 268.144 225.321 53.0818 52.7859 21.9123 267.144 203.002 159.406 426.853 380.372 1.24885 379.123 345.082 84.0976 260.985 5.66439 255.32 37.7398 36.1698 8.38592
internal_count=100000 23975 13136 76025 17524 8325 16785 4811 8049 7011 6701 10839 982 739 326 4705 3151 2358 15803 14684 48 14636 14049 3728 10321 87 10234 1828 1775 256
is_linear=0
shrinkage=0.03


Tree=62
num_leaves=31
num_cat=0
split_feature=14 0 139 30 113 7 1 30 21 408 4 1 365 28 25 4 3 333 25 436 116 112 25 181 1 15 19 30 3 219
split_gain=188.393 285.28 152.497 104.159 101.974 60.6762 66.782 64.0248 53.9499 50.4304 48.7759 58.2531 72.9362 48.7396 48.0667 47.6738 52.1478 46.1449 44.069 43.4465 42.4524 48.2357 41.4611 40.8309 73.5355 41.1469 76.4179 71.5486 99.4167 38.3243
threshold=9.5000000000000018 2411538.5000000005 2.5000000000000004 6.5000000000000009 1.5000000000000002 103.00000000000001 140.07649993896487 161.50000000000003 3.5000000000000004 163.00000000000003 566.50000000000011 58.954999923706062 39.024999618530281 1.0000000180025095e-35 2.5000000000000004 396.50000000000006 17401.000000000004 8.5000000000000018 5.5000000000000009 251.74248796676201 2.5000000000000004 1.5000000000000002 1.5000000000000002 571.50000000000011 489.96000671386724 4.5000000000000009 1.0000000180025095e-35 28.500000000000004 6208.0000000000009 30.500000000000004
decision_type=2 2 8 8 8 10 2 10 2 8 10 2 2 2 2 10 2 2 2 2 10 10 2 2 2 2 2 8 2 10
left_child=3 18 8 4 10 7 17 -5 13 -4 -1 12 -12 -3 -9 16 -6 -7 29 -13 -15 -22 -17 25 -25 -8 27 28 -27 -2
right_child=1 2 9 5 15 6 23 14 -10 -11 11 19 -14 20 -16 22 -18 -19 -20 -21 21 -23 -24 24 -26 26 -28 -29 -30 -31
leaf_value=0.0047676321474657913 -0.01487385148854279 0.028199955222990965 -0.033824577210597957 0.0071293425270369569 0.00695254108856618 -0.010419774714507604 0.0011064951543112865 -0.0056218910794960429 0.043713236475434569 0.04728293197908072 0.42459585233063518 0.0039059446828130151 0.072491057597949715 0.00072019561030920961 0.095757282823537557 0.046344712046315378 0.19574094645791351 0.14033885698911819 0.041284883342695658 0.16983231430028428 0.15500162567957776 -0.016164522985087686 0.12159538229450433 0.28008447487733751 -0.031724235292262627 0.30763424586729515 -0.0078872140981449887 0.043443272302791769 0.032661737756841946 0.28871639965475321
leaf_weight=154.40040429215878 208.73328109132126 101.79325191490352 7.0796381803229451 78.249998678453267 16.181311940774325 738.10814753640443 279.23974833451211 5.9062827946618226 53.367238523438573 271.03968002367765 0.8516975855454797 7.4638572335243207 1.3994762953370807 208.47901107836515 14.647879389114676 12.496955583803357 1.4334805477410544 1.8318010792136181 13.661062005907295 1.7540171314030883 3.4443785753101102 2.6004458274692297 13.940471803769467 1.3422051910310977 1.3811994241550563 2.4608846800401833 21.057983567006886 16.810793363489211 2.2795589808374643 0.37490420788526435
leaf_count=4128 10719 893 106 3227 266 50437 14846 361 341 4705 19 162 35 7015 236 182 15 12 106 22 32 44 117 26 38 37 1452 360 47 14
internal_value=0.00744847 0.0183661 0.0284369 0.000527137 0.019977 -0.00298261 -0.00506995 0.0195063 0.0158119 0.0452183 0.00920147 0.0688914 0.205705 0.0111046 0.0666258 0.0605499 0.022316 -0.0100466 -0.0109191 0.0354791 0.00299265 0.081367 0.0860244 0.00627541 0.121948 0.00529662 0.0327566 0.0724702 0.175407 -0.0143296
internal_weight=2243.81 870.573 647.804 1373.24 209.922 1163.32 1064.51 98.8042 369.684 278.119 165.869 11.469 2.25117 316.317 20.5542 44.0522 17.6148 739.94 222.769 9.21787 214.524 6.04482 26.4374 324.572 2.7234 321.849 42.6092 21.5512 4.74044 209.108
internal_count=100000 23975 13136 76025 4946 71079 67255 3824 8325 4811 4366 238 54 7984 597 580 281 50449 10839 184 7091 76 299 16806 64 16742 1896 444 84 10733
is_linear=0
shrinkage=0.03


Tree=63
num_leaves=31
num_cat=0
split_feature=36 0 22 28 180 31 0 43 114 216 46 11 30 320 319 436 1 2 193 11 396 393 29 334 359 392 265 343 65 3
split_gain=179.757 193.318 96.6915 86.5472 100.275 84.9035 60.2563 57.3811 56.7846 46.2303 39.6922 74.2886 39.5731 39.0757 37.9544 35.6817 35.1745 42.6672 34.8492 32.4715 32.1101 30.3501 28.2234 32.0215 30.7822 28.0154 28.0132 27.95 31.323 33.0797
threshold=61.645832061767585 2417806.0000000005 41.500000000000007 1.0000000180025095e-35 47.970001220703132 409.50000000000006 2244384.0000000005 1.5000000000000002 2.5000000000000004 57.500000000000007 1.0000000180025095e-35 36.500000000000007 9.5000000000000018 24.631750106811527 5.1500000953674325 -17.172550507617327 213.01999664306643 1.5000000000000002 1.5000000000000002 38.500000000000007 -2.4999999999999996 131048.00000000001 189.50000000000003 1.5000000000000002 107.97499847412111 -87.499999999999986 24.748350143432621 2.5000000000000004 1.5000000000000002 6020.0000000000009
decision_type=8 2 2 2 2 8 2 8 10 10 2 10 8 8 10 2 2 2 10 10 8 8 2 2 2 8 8 2 10 2
left_child=1 20 3 6 16 14 -2 21 10 -9 11 27 -10 -7 15 26 18 -18 25 -13 -1 -8 23 -21 -25 -5 -3 28 29 -6
right_child=2 5 -4 4 8 13 7 9 12 -11 -12 19 -14 -15 -16 -17 17 -19 -20 22 -22 -23 -24 24 -26 -27 -28 -29 -30 -31
leaf_value=0.075707805291572866 -0.016376823252331252 0.01794891698974482 0.073110359478256545 0.054182892412683946 0.027042538773726778 0.038768630049758307 0.049147575569007014 0.058779759624944687 0.079880190577242605 -0.012336188948210805 -0.0042423482416837901 0.33473855489748128 0.0028534782540584197 0.068102914786675475 -0.014083231668968226 0.006941313524705269 0.092353686039279737 0.0052155233656163208 0.27718683564178603 0.10748986311786642 -0.017551758766989705 0.0082916079314734863 -0.030937360155896862 0.16846281526627918 -0.010732515866330368 -0.0081812840894591645 0.076404988958825887 -0.013974326623459874 0.04212849469831903 0.0032754056470385858
leaf_weight=3.4542942168191075 35.552076381631196 13.419859598390758 17.593259241431952 6.5299226082861423 74.666332227177918 176.27404411602765 19.228622296825051 57.425731698051095 17.431512191891674 9.6025638673454505 154.94777018390596 0.40859619714319961 9.1559004690498096 53.205102765001357 32.409708887338638 40.94740920048207 5.2510099075734606 137.09699289035052 0.38652528077363868 11.354339659214025 87.253496462944895 109.8458541277796 2.4409726141020647 1.0502269277349103 4.8332605687901378 899.97534543368965 16.388294342905283 36.967865155078471 31.178531349636614 179.18999051162973
leaf_count=54 1082 244 130 107 2357 2433 175 1023 117 176 5647 10 110 510 750 562 76 8638 9 280 3178 2419 127 32 91 61251 125 768 453 7066
internal_value=0.00721189 0.0248214 0.00312046 0.00243809 -8.33074e-05 0.0354076 0.0195576 0.0260723 0.0106393 0.0485916 0.00835436 0.01406 0.0533545 0.0455698 0.0128029 0.0251181 -0.00543443 0.00842992 -0.00761061 0.0700331 -0.0140003 0.014378 0.064537 0.0780567 0.0212546 -0.00773205 0.0500876 0.0105682 0.0137513 0.010266
internal_weight=2245.47 423.352 1822.11 1804.52 1572.87 332.644 231.655 196.103 523.625 67.0283 497.038 342.09 26.5874 229.479 103.165 70.7556 1049.24 142.348 906.892 20.0874 90.7078 129.074 19.6788 17.2378 5.88349 906.505 29.8082 322.003 285.035 253.856
internal_count=100000 7856 92144 92014 87139 4624 4875 3793 17058 1199 16831 11184 227 2943 1681 931 70081 8714 61367 540 3232 2594 530 403 123 61358 369 10644 9876 9423
is_linear=0
shrinkage=0.03


Tree=64
num_leaves=31
num_cat=0
split_feature=14 0 139 30 114 4 7 43 435 101 30 15 438 23 408 48 371 437 183 118 27 32 9 4 128 9 29 4 30 3
split_gain=169.207 247.854 132.014 93.3245 90.8651 59.3386 58.7948 56.5317 61.725 60.8726 53.7108 51.0903 50.6261 47.8622 46.0256 42.0296 51.4515 47.2726 102.625 96.0062 47.1412 45.0452 116.108 102.91 48.0194 42.731 46.9319 66.3585 85.5738 54.7581
threshold=15.500000000000002 2411538.5000000005 2.5000000000000004 10.500000000000002 2.5000000000000004 566.50000000000011 103.00000000000001 235.50000000000003 0.35631974213882106 1.0000000180025095e-35 161.50000000000003 4.5000000000000009 7681.0000000000009 2.5000000000000004 163.00000000000003 1.0000000180025095e-35 587.00000000000011 144.50000000000003 582.50000000000011 1.5000000000000002 7.5000000000000009 251.50000000000003 181.50000000000003 273.50000000000006 2.5000000000000004 446.00000000000006 63.500000000000007 513.50000000000011 53.500000000000007 7509.0000000000009
decision_type=2 2 8 8 8 10 8 8 2 8 10 2 2 2 8 2 2 2 2 8 2 10 8 10 10 10 2 10 10 2
left_child=3 -2 11 4 5 -1 10 8 9 -7 -5 12 -3 -12 -4 -8 17 18 19 21 -18 24 23 -23 -17 -19 27 28 -27 -29
right_child=1 2 14 6 -6 7 15 -9 -10 -11 13 -13 -14 -15 -16 16 20 25 -20 -21 -22 22 -24 -25 -26 26 -28 29 -30 -31
leaf_value=0.0060541016401304383 -0.010431863174846555 0.017357701060463179 -0.033774529203073923 0.0072107780280231118 0.067983614936653156 0.079277200376943122 -0.0095226466213976218 0.20982853641265578 0.01510810682506606 0.37682703687673369 -0.010513148137066662 0.036661702045092552 -0.0096287706196621498 0.090679305983015768 0.043959652695741369 -0.0054510409740445593 0.30401771237157083 -0.0073823577875254702 0.22293776478795865 0.16600179115425831 0.0015650431882940992 0.37316681215105468 0.0069685867763655115 0.061524233494494839 0.16791048972151307 0.0048598017307315399 -0.030753668065070548 0.36753378258863473 0.42704119946242897 0.10729880745722797
leaf_weight=209.22307830769569 217.3854121202603 206.06547334417701 7.0303947832435369 67.929158017970622 27.823450881056488 2.1115455199033053 695.43479245901108 2.0830333884805432 12.880712140351532 0.87530161347240198 5.8484083563089397 76.543909706175327 89.840774790383875 14.98555446974933 275.04426492843777 62.714466942474246 0.97893388755619415 233.25209773797542 2.2239610860124222 3.6902800397947422 0.88137119729071856 1.693298395723102 11.112073081545532 2.1832124786451459 1.471728391945361 7.4779467117041367 5.3774052662774912 1.0513327876105907 0.45860061235725869 2.3640854107216001
leaf_count=5808 10724 4961 104 2815 318 45 51495 33 224 24 350 520 2833 217 4652 3022 20 10262 43 41 21 37 609 72 12 331 283 26 22 76
internal_value=0.00698246 0.0173225 0.0265405 0.000431037 0.0168124 0.0105451 -0.00329485 0.0628903 0.0436008 0.166475 0.0201347 0.0148154 0.00916428 0.0622731 0.0420222 -0.00530933 0.00338708 0.00251355 0.0218277 0.0164302 0.160722 0.0094588 0.0562854 0.197653 -0.00147603 -0.00406062 0.0422533 0.0768366 0.0292549 0.187404
internal_weight=2248.04 871.91 654.525 1376.13 254.997 227.174 1121.13 17.9506 15.8676 2.98685 88.7631 372.45 295.906 20.834 282.075 1032.37 336.931 335.07 85.089 82.8651 1.86031 79.1748 14.9886 3.87651 64.1862 249.981 16.7294 11.352 7.93655 3.41542
internal_count=100000 23794 13070 76206 6452 6134 69754 326 293 69 3382 8314 7794 567 4756 66372 14877 14836 3836 3793 41 3752 718 109 3034 11000 738 455 353 102
is_linear=0
shrinkage=0.03


Tree=65
num_leaves=31
num_cat=0
split_feature=36 0 22 28 180 31 0 217 114 7 1 29 9 30 434 82 0 437 7 0 77 369 181 7 30 48 76 4 320 1
split_gain=160.949 170.997 87.8217 79.1075 90.6739 75.2184 53.8084 52.2214 46.2814 41.0182 49.5506 60.7601 58.757 55.5702 40.7813 40.6579 39.0446 38.8154 53.6505 36.1132 51.5047 43.9763 34.0038 52.5854 70.543 39.8594 33.1362 33.887 32.8092 32.7963
threshold=61.645832061767585 2417806.0000000005 41.500000000000007 1.0000000180025095e-35 59.028949737548835 409.50000000000006 2244384.0000000005 52.500000000000007 2.5000000000000004 117.50000000000001 280.00500488281256 268.50000000000006 203.50000000000003 279.50000000000006 -0.45644561707931924 1.0000000180025095e-35 2830979.5000000005 124.50000000000001 112.50000000000001 4129119.0000000005 1.5000000000000002 139.1101989746094 86.719997406005874 225.50000000000003 3.5000000000000004 1.0000000180025095e-35 2.5000000000000004 100.50000000000001 24.631750106811527 213.01999664306643
decision_type=8 2 2 2 2 8 2 8 10 10 2 2 10 8 2 8 2 2 10 2 10 2 2 10 8 2 8 8 8 2
left_child=1 -1 3 6 29 17 -2 16 9 14 19 26 -13 -14 -6 -9 -8 -3 -19 -11 21 22 -21 -24 25 -25 27 -12 -7 -5
right_child=2 5 -4 4 8 28 7 15 -10 10 11 12 13 -15 -16 -17 -18 18 -20 20 -22 -23 23 24 -26 -27 -28 -29 -30 -31
leaf_value=-0.013540175183702114 -0.015948808377262053 -0.021833070707086202 0.069142059503804532 -0.0070160803011086728 0.063015479176451672 0.036359679004119946 0.0068209575211347602 0.023335727776205909 0.048655421043250421 -0.0049992776002327618 0.25285999359153788 0.23197436912646319 0.29692081544568349 -0.01134577847895068 0.014166969370775728 -0.020187696405246858 0.077775791698473942 0.12576321962147843 0.016065030040193346 0.025148675034413329 0.16694738077978663 -0.0092240384788900547 -0.0060067701270512305 0.39493829796060309 0.024888223311662155 0.13296769486577292 0.12173612801365079 0.011229395966130267 0.062875445735438615 0.0083223060353452422
leaf_weight=89.282965533435345 34.797387726604939 23.69988527148962 17.826862443238497 946.2287202081643 22.109593591652811 177.98329670354724 9.686290465295313 142.78794182650745 27.206910981796682 261.98759002238512 0.52800787054002185 2.4793685013428322 0.63805238716304336 3.0048388745635748 50.546854270622134 22.339244135655463 24.97945517860353 4.2376739038154474 75.521730595268309 22.013711921870712 2.0900664050132027 31.017613119445741 2.3632644070312372 1.2665114048868424 1.6209665574133394 0.89007251523435105 2.7005023555830112 48.848287420347333 54.968982375226915 144.63860435131937
leaf_count=3232 1082 485 130 63901 369 2433 256 2448 217 9128 20 47 16 131 1239 739 350 37 1159 1086 28 604 88 34 103 15 62 1257 510 8794
internal_value=0.00675723 0.0233676 0.00288188 0.00222811 -0.00019673 0.0331629 0.0184789 0.0244751 0.0106496 0.00837258 0.00443753 0.0299198 0.11932 0.0426471 0.0290317 0.0174477 0.0579496 0.0118768 0.0218934 -0.000150402 0.0205858 0.015416 0.0425618 0.104985 0.174422 0.286817 0.0194097 0.0138133 0.0426165 -0.00498236
internal_weight=2250.29 425.695 1824.6 1806.77 1572.18 336.412 234.59 199.793 481.312 454.105 381.449 58.1991 6.12226 3.64289 72.6564 165.127 34.6657 103.459 79.7594 323.25 61.2622 59.1721 28.1545 6.14081 3.77755 2.15658 52.0768 49.3763 232.952 1090.87
internal_count=100000 7856 92144 92014 87139 4624 4875 3793 14444 14227 12619 1533 194 147 1608 3187 606 1681 1196 11086 1958 1930 1326 240 152 49 1339 1277 2943 72695
is_linear=0
shrinkage=0.03


Tree=66
num_leaves=31
num_cat=0
split_feature=36 0 82 1 0 114 106 397 5 13 38 15 32 437 107 0 32 21 28 15 437 437 32 23 29 37 75 38 256 38
split_gain=150.352 158.861 83.5811 96.2996 68.5901 90.9916 77.9427 62.7544 59.8617 53.0509 50.5542 56.9853 74.8017 110.332 46.306 44.9789 54.0758 44.0709 46.2287 43.3336 45.7981 54.3868 42.8079 44.2116 45.3746 38.8724 38.1283 37.1416 36.0743 35.3237
threshold=61.645832061767585 2417806.0000000005 1.0000000180025095e-35 226.10199737548831 2238627.5000000005 1.5000000000000002 1.5000000000000002 -1.4999999999999998 149.50000000000003 15.500000000000002 5.5000000000000009 2.5000000000000004 51.500000000000007 121.50000000000001 1.5000000000000002 3486805.0000000005 14.500000000000002 14.500000000000002 1.0000000180025095e-35 3.5000000000000004 136.50000000000003 64.500000000000014 17.500000000000004 1.5000000000000002 275.50000000000006 0.47916649281978613 3.5000000000000004 47.500000000000007 5812.5000000000009 19.500000000000004
decision_type=8 2 10 2 2 8 10 8 2 2 10 2 10 2 10 2 10 2 2 2 2 2 10 2 2 10 8 8 8 10
left_child=1 -1 3 4 -2 6 17 25 -3 -7 -8 12 -12 -14 -10 27 -17 18 -6 22 21 -21 23 -9 -25 28 -22 29 -5 -11
right_child=2 8 -4 7 5 9 10 19 14 15 11 -13 13 -15 -16 16 -18 -19 -20 20 26 -23 -24 24 -26 -27 -28 -29 -30 -31
leaf_value=-0.013252261272005078 -0.015252592098583212 -0.027282448002320183 -0.012038317492329344 0.087060333930619502 0.016612495642482936 -0.0038370617678047097 -0.004758763213402812 0.015081116284514591 0.039429964187655493 0.021986263596553084 0.076201156532410011 0.0051488991809415796 -0.031715504295514181 0.46907007903584935 0.0081889971382164296 0.054416955986021948 -0.0063498625062338903 0.06209280541455911 -0.0047830039522046451 0.048263603090327664 0.014472223332410272 0.20568039543496783 -0.0099807087724530109 0.049193391613816077 0.19806680688420544 -0.02209477678986459 0.13028783557408224 -0.00088534973340658504 0.26735524128251142 0.083470324894932446
leaf_weight=88.498064539860934 168.6753397481516 14.724659997038541 288.22046759026125 12.746621708385646 103.70468694716692 62.924826516769826 14.480017354711888 90.140815647318959 274.072061650455 49.789950782433152 16.134653220884509 9.4817205686122161 0.62568127550184627 1.0783804077655075 50.580754301510751 74.030783006921411 16.034602638334036 9.7252252213656885 735.44719077739865 4.7555973054841179 18.813583994284272 3.3786921296268702 48.356631028465927 17.273839569650594 2.0625674510374656 2.761486502364277 2.960964601486924 60.99566301330924 1.083704391494394 10.118905794806777
leaf_count=3232 10364 388 29849 229 1786 2459 239 3035 3439 671 199 195 21 34 797 1459 361 51 35600 110 461 65 1672 277 42 95 26 2733 13 98
internal_value=0.00653816 0.0225447 0.00278704 0.00556606 0.00262686 0.00521649 0.000566308 0.0247439 0.0318793 0.0203384 0.040559 0.0645777 0.0961656 0.285196 0.0345626 0.0275491 0.0435985 -0.00140301 -0.00213889 0.0198015 0.052911 0.113649 0.0135274 0.023911 0.0650734 0.080669 0.0302212 0.0155935 0.101188 0.0323712
internal_weight=2253.68 427.876 1825.8 1537.58 1333.25 1164.57 890.678 204.335 339.377 273.895 41.8005 27.3204 17.8387 1.70406 324.653 210.97 90.0654 848.877 839.152 187.743 29.9088 8.13429 157.834 109.477 19.3364 16.5918 21.7745 120.905 13.8303 59.9089
internal_count=100000 7856 92144 62295 56270 45906 38125 6025 4624 7781 688 449 254 55 4236 5322 1820 37437 37386 5688 662 175 5026 3354 319 337 487 3502 242 769
is_linear=0
shrinkage=0.03


Tree=67
num_leaves=31
num_cat=0
split_feature=14 0 139 30 113 75 65 21 438 25 48 371 369 29 437 118 23 8 20 27 437 38 20 0 37 34 118 3 4 4
split_gain=144.67 209.669 112.021 83.1448 74.4009 55.3254 54.1836 47.542 43.1119 39.8615 39.458 48.077 44.349 63.9859 42.8236 67.8826 48.4767 73.963 57.5061 45.7613 58.3627 39.722 38.3461 38.0115 54.0136 45.7326 38.8164 37.7469 57.3197 36.8007
threshold=9.5000000000000018 2411538.5000000005 2.5000000000000004 6.5000000000000009 1.5000000000000002 3.5000000000000004 1.5000000000000002 3.5000000000000004 17261.500000000004 5.5000000000000009 1.0000000180025095e-35 587.00000000000011 866.75000000000011 164.50000000000003 144.50000000000003 1.5000000000000002 3.5000000000000004 1.5000000000000002 1.5000000000000002 24.500000000000004 30.500000000000004 397.50000000000006 1.5000000000000002 3285171.5000000005 0.56249949336051952 26.500000000000004 1.0000000180025095e-35 8321.0000000000018 554.50000000000011 566.50000000000011
decision_type=2 2 8 8 8 10 10 2 2 2 2 2 2 2 2 8 2 2 2 2 2 10 2 2 8 10 8 2 10 10
left_child=3 9 7 4 29 6 10 8 23 -2 12 14 -5 21 15 16 19 -18 -19 -12 -21 -14 -15 24 -3 26 -25 28 -6 -1
right_child=1 2 -4 5 27 -7 -8 -9 -10 -11 11 -13 13 22 -16 -17 17 18 -20 20 -22 -23 -24 25 -26 -27 -28 -29 -30 -31
leaf_value=0.0038943380460997167 -0.013388827902627135 0.034533521543722537 0.038114416807967878 -0.010104841678266877 -0.022017599535917528 0.29935285366635178 0.02633609216899388 0.039769757720455268 -0.024447268107691988 0.039503779083345576 -0.001740975926582906 0.16368113793257311 -0.023353738507171557 0.18073090813628592 -0.0032871123917332353 0.13724749512044324 0.22771186722998887 0.15051441297393275 -0.0058683089631214281 0.21200215139815537 0.02084304637363936 0.12071523633751928 0.051114013377947812 0.19677876951519699 -0.006906416168354486 -0.0091708317406262278 0.031444109235441164 0.070559115505736278 0.091557908314597675 0.056521382445088135
leaf_weight=157.55915754940361 200.61001985520124 36.830868732184172 290.14503646176308 707.61940579628572 12.0376263409853 0.54451374057680269 53.603607216849923 52.661732478067279 31.266661144793034 13.699190964922307 68.689923630096018 1.6809319192543615 17.889756276272241 2.5074909552931777 264.36234636511654 4.2697002738714209 2.1807638267055145 2.8933670064434391 7.8800191069021821 2.0876483088359228 4.6151875173673034 1.905891029164194 11.363020414486526 1.2938188211992383 122.32848761137575 28.805511502549052 104.50684860348701 30.244105472229421 5.9889283487573257 12.940787738189099
leaf_count=4128 10733 627 4811 53639 198 18 1124 341 1036 106 3276 36 484 38 11594 41 54 40 299 65 228 27 116 15 3311 654 2341 319 63 238
internal_value=0.00633149 0.0158108 0.024096 0.000240441 0.0171975 -0.00297395 -0.00311666 0.0133271 0.00904284 -0.0100078 -0.00455198 0.00361675 -0.0085043 0.0251371 0.00286304 0.0204179 0.0147717 0.0683825 0.0361308 0.00556012 0.080381 -0.00948302 0.074546 0.0126073 0.00268315 0.0243418 0.033466 0.0500779 0.0157154 0.00788868
internal_weight=2255.01 882.148 667.839 1372.86 218.771 1154.09 1153.55 377.694 325.032 214.309 1099.95 358.66 741.286 33.6662 356.979 92.6166 88.3469 12.9541 10.7734 75.3928 6.70284 19.7956 13.8705 293.766 159.159 134.606 105.801 48.2707 18.0266 170.5
internal_count=100000 23975 13136 76025 4946 71079 71061 8325 7984 10839 69937 15633 54304 665 15597 4003 3962 393 339 3569 293 511 154 6948 3938 3010 2356 580 261 4366
is_linear=0
shrinkage=0.03


Tree=68
num_leaves=31
num_cat=0
split_feature=14 0 139 30 20 4 7 1 15 30 438 408 439 335 107 23 38 212 110 333 0 404 32 181 41 3 3 7 15 438
split_gain=135.485 195.2 103 77.9742 57.1727 58.8143 52.1337 55.1214 46.277 44.637 43.3505 40.6588 40.4658 43.4598 79.0781 38.8279 37.8603 37.7791 39.7017 36.5779 36.5044 47.5513 36.268 35.7649 35.134 35.0006 48.2657 32.4122 37.6866 34.3673
threshold=9.5000000000000018 2411538.5000000005 2.5000000000000004 10.500000000000002 1.5000000000000002 396.50000000000006 103.00000000000001 138.08399963378909 8.5000000000000018 161.50000000000003 17261.500000000004 163.00000000000003 139597.50000000003 4.5000000000000009 1.5000000000000002 2.5000000000000004 397.50000000000006 76.500000000000014 2.5000000000000004 3.5000000000000004 2861580.5000000005 43.500000000000007 35.500000000000007 571.50000000000011 10.500000000000002 15137.500000000002 14859.000000000002 128.00000000000003 5.5000000000000009 2589.5000000000005
decision_type=2 2 8 8 2 10 8 2 2 10 2 8 2 2 10 2 8 8 8 2 2 10 10 2 10 2 2 10 2 2
left_child=3 17 8 4 27 -6 9 19 10 -5 12 -4 13 -3 -15 -11 22 -2 -19 -8 -13 24 -7 -9 -22 26 -14 29 -29 -1
right_child=1 2 11 6 5 16 7 23 -10 15 -12 20 25 14 -16 -17 -18 18 -20 -21 21 -23 -24 -25 -26 -27 -28 28 -30 -31
leaf_value=0.092006041056518634 -0.022569055073487193 -0.0036983195481616791 -0.033874039770832129 0.0067867682501272257 0.010241060582383775 0.056634308729236721 -0.010392343775460102 0.0041609492308118546 0.040290194876214248 -0.010233307677458022 -0.025007955658734142 0.019537289657060971 0.027455168239951921 0.14470777895917145 -0.031777607698943923 0.080743089844732399 0.13558057495713244 -0.0039403245400583455 0.052704295680597188 0.087641243386954046 0.024000053466297348 0.051769282642436319 -0.018473180170672152 0.10976062054085466 -0.087013521963866858 -0.0042454791929951137 0.16126821728421323 -0.004380819646538814 0.13785806430316677 0.010481462028174489
leaf_weight=6.9812730038538602 105.24181926995516 132.33532541338354 7.1996572185307741 68.245393009390682 57.085480002686381 41.759055767673999 695.12597155338153 317.3371114321053 48.330749122425914 5.7692899415269521 30.837368120439351 70.333153664134443 122.09828861802816 4.9797006472945196 4.2224991917610168 15.74374557379633 4.6798049192875615 94.213207702152431 12.628862666431813 3.4423646423965684 43.525788911618292 169.74165260884911 6.7170151323080054 2.9130185963585964 2.7264970317482939 33.955549024045467 2.475141178816556 129.27031154930592 1.6984872287139285 13.959433247335253
leaf_count=164 7869 3863 106 2803 1376 581 49496 16635 276 349 1038 1554 2083 53 106 217 67 2783 187 26 777 2360 210 55 14 872 34 3708 22 316
internal_value=0.00613333 0.0152846 0.0231959 0.000225924 0.0149398 0.0313858 -0.00325355 -0.00518457 0.0128688 0.0186648 0.00886377 0.0365385 0.0123447 0.000685346 0.0637261 0.0563454 0.0540938 -0.00981142 0.00275514 -0.00990926 0.038309 0.0444215 0.0462272 0.00512149 0.017456 0.0227544 0.0301139 0.00300491 -0.00253617 0.0376604
internal_weight=2255.57 884.845 672.761 1370.73 262.151 110.241 1108.58 1018.82 379.235 89.7584 330.904 293.527 300.067 141.538 9.2022 21.513 53.1559 212.084 106.842 698.568 286.327 215.994 48.4761 320.25 46.2523 158.529 124.573 151.91 130.969 20.9407
internal_count=100000 23975 13136 76025 6444 2234 69581 66212 8325 3369 8049 4811 7011 4022 159 566 858 10839 2970 49522 4705 3151 791 16690 791 2989 2117 4210 3730 480
is_linear=0
shrinkage=0.03


Tree=69
num_leaves=31
num_cat=0
split_feature=36 0 22 28 180 5 0 406 107 113 43 343 106 1 108 77 9 29 438 364 259 4 4 9 259 396 1 2 3 16
split_gain=127.554 133.519 73.4805 67.4911 76.5241 52.4741 43.6793 42.6983 40.4092 40.0198 38.0222 34.0423 40.0154 34.8317 40.1825 43.237 39.1778 33.725 33.0121 45.6883 32.3033 32.0164 65.5313 31.5809 30.9042 30.3962 29.9303 36.3387 29.8511 41.8419
threshold=61.645832061767585 2417806.0000000005 41.500000000000007 1.0000000180025095e-35 47.970001220703132 149.50000000000003 2244384.0000000005 1.0000000180025095e-35 1.5000000000000002 1.5000000000000002 89.500000000000014 2.5000000000000004 1.5000000000000002 280.00500488281256 1.5000000000000002 1.5000000000000002 303.50000000000006 3.5000000000000004 17261.500000000004 199.44999694824222 24.777500152587894 239.50000000000003 215.50000000000003 453.50000000000006 27.838249206542972 -3.4999999999999996 213.01999664306643 1.5000000000000002 9482.0000000000018 2.5000000000000004
decision_type=8 2 2 2 2 2 2 2 10 10 10 2 10 2 10 10 10 2 2 2 8 10 10 8 8 8 2 2 2 2
left_child=1 25 3 6 26 -3 -2 10 17 11 -8 12 13 14 -6 -16 18 20 19 -15 -7 22 -14 -23 -22 -1 -5 -28 -11 -30
right_child=2 5 -4 4 9 8 7 -9 -10 28 -12 -13 21 16 15 -17 -18 -19 -20 -21 24 23 -24 -25 -26 -27 27 -29 29 -31
leaf_value=0.078567518171316492 -0.015103442864514502 -0.027152597420907927 0.062584915121369475 -0.0072355529756956728 -0.0015821349366927512 0.03577105602089925 0.0044586580382971917 0.037044593600610375 0.0069429144110891841 0.0056693307867950286 0.068691486663462545 -0.017480687838198082 0.030032330566363952 0.016827934971324347 0.024748262998462469 0.17354833971755362 -0.0017808342630286961 0.013997837425140361 0.010837808155330555 0.11075223623596027 0.16888808579558656 0.007647422802940753 0.17060220809206636 0.1085216126522399 0.058862992601233136 -0.016188500006270434 0.083549697386783001 0.0045081539691106199 0.067961874640717693 -0.010949423679249072
leaf_weight=3.1626696828752756 33.385484070517123 14.350214632228015 18.124384151771665 886.18372398475185 297.29240082390606 188.28911813255399 104.39684013091028 92.276336154900491 51.159502604976296 22.491629847325385 9.0098336338996869 49.898647088557482 9.6993893478065711 7.7062540138140383 31.947411888279021 1.8597970250993956 23.385965080931783 51.369080893695354 12.275147413834928 11.795862827450035 2.4521205425262451 26.543577671982352 4.3114968612790099 3.1217385521158567 36.463099129498005 83.187676738481969 5.4392053214833131 139.30450359918177 26.696535971947014 7.8186204228550187
leaf_count=50 1082 388 130 61367 12386 2268 2585 1016 797 299 192 1144 178 277 642 14 657 805 364 210 35 410 33 37 331 3182 76 8638 260 147
internal_value=0.00594507 0.0206354 0.00248024 0.00187733 -0.000386817 0.0290057 0.0167252 0.0218915 0.0314497 0.00879796 0.00956177 0.0059747 0.00869693 0.00561933 0.00194217 0.032934 0.0276903 0.0359504 0.0493791 0.0736381 0.0409137 0.0359146 0.0732892 0.0182626 0.0657959 -0.012718 -0.00516969 0.00747839 0.0325619 0.0500863
internal_weight=2255.4 430.433 1824.96 1806.84 1567.77 344.083 239.068 205.683 329.733 536.844 113.407 479.838 429.939 386.263 331.1 33.8072 55.1632 278.573 31.7773 19.5021 227.204 43.6762 14.0109 29.6653 38.9152 86.3503 1030.93 144.744 57.0068 34.5152
internal_count=100000 7856 92144 92014 87139 4624 4875 3793 4236 17058 2777 16352 15208 14550 13042 656 1508 3439 851 487 2634 658 211 447 366 3232 70081 8714 706 407
is_linear=0
shrinkage=0.03


Tree=70
num_leaves=31
num_cat=0
split_feature=14 0 139 30 114 7 21 30 438 408 436 48 9 75 437 118 9 43 337 371 38 7 0 404 182 362 30 432 38 9
split_gain=122.122 173.54 92.1431 70.1341 62.7469 48.4762 43.4676 42.8685 37.679 37.0543 36.8375 36.4305 43.6842 39.2687 38.0777 52.1781 50.101 63.6444 35.853 36.4526 35.2288 34.5632 33.7817 43.6617 33.7417 33.6161 49.8326 33.3051 33.195 71.4643
threshold=9.5000000000000018 2411538.5000000005 2.5000000000000004 10.500000000000002 2.5000000000000004 103.00000000000001 3.5000000000000004 161.50000000000003 17261.500000000004 163.00000000000003 46.276345273690865 1.0000000180025095e-35 446.00000000000006 2.5000000000000004 144.50000000000003 1.5000000000000002 181.50000000000003 329.50000000000006 1.5000000000000002 587.00000000000011 6.5000000000000009 103.00000000000001 2861580.5000000005 43.500000000000007 1038.0000000000002 15.049849987030031 66.500000000000014 16.500000000000004 366.50000000000006 134.00000000000003
decision_type=2 2 8 8 8 10 2 10 2 8 2 2 10 10 2 8 8 10 2 2 8 8 2 10 2 2 8 2 10 8
left_child=3 10 6 4 28 7 8 -5 21 -4 -2 13 14 -7 15 16 17 -13 19 -16 -9 -3 -11 -24 -18 26 -14 -15 -1 -30
right_child=1 2 9 5 -6 11 -8 20 -10 22 -12 12 25 27 18 -17 24 -19 -20 -21 -22 -23 23 -25 -26 -27 -28 -29 29 -31
leaf_value=0.0060992209104272117 -0.014813950110911944 0.050485586688461481 -0.033646189022951557 0.0062191055776403105 0.054350210289475259 -0.0095655253254566582 0.037485880304827288 0.18079002433708802 -0.024041331656447593 0.01804055022228691 0.02033373839110221 0.010159756172539076 0.30215656398468144 0.2528790633966832 0.0025482308904728563 0.11248061891316245 -0.0059626386033504886 0.13415171307871848 -0.020259380798703229 0.21592997497955882 0.042324785645435167 0.0085701230965129337 0.016127715154572668 0.048805851917814613 0.10509061264880304 0.00560805950301609 0.059216479775713822 -0.031020076976665974 0.32374372237193039 0.037203962379117474
leaf_weight=223.1423178864643 177.17996690282598 18.898043188266456 7.0499248038977385 76.77762189367786 30.646868707612157 667.18512981338426 52.127646915614605 1.7994945067912365 30.015454704873264 71.369875234551728 31.628012006636709 9.3941997867077571 0.81029100250452835 0.94540540594607481 132.45033739227802 4.9014149587601414 56.686500906012952 6.1746535813435903 97.136370348744094 0.72447950951754947 20.412023133598268 280.56764393765479 46.821472849696875 171.89770996570587 2.5741488086059681 12.606098608113824 12.219717017374933 0.61306401062756777 0.84257734473794421 11.146287660114467
leaf_count=5786 9910 309 106 3155 312 50985 341 52 1036 1554 929 455 35 27 6927 41 2751 159 3313 14 545 6639 791 2360 58 445 592 27 22 324
internal_value=0.00575884 0.0144267 0.0217844 0.000140038 0.0139745 -0.00319227 0.0120307 0.0168377 0.00800339 0.0343108 -0.00949015 -0.00516629 0.00289796 -0.00921417 -0.000214025 0.0176546 0.0114434 0.0593353 -0.00639991 0.00370904 0.0535427 0.0112152 0.0359624 0.0418104 -0.00113874 0.0405342 0.0743241 0.1412 0.00871199 0.057342
internal_weight=2256.74 887.556 678.748 1369.19 265.778 1103.41 381.609 98.9891 329.481 297.139 208.808 1004.42 335.678 668.744 310.042 79.7309 74.8295 15.5689 230.311 133.175 22.2115 299.466 290.089 218.719 59.2606 25.6361 13.03 1.55847 235.131 11.9889
internal_count=100000 23975 13136 76025 6444 69581 8325 3752 7984 4811 10839 65829 14790 51039 13718 3464 3423 614 10254 6941 597 6948 4705 3151 2809 1072 627 54 6132 346
is_linear=0
shrinkage=0.03


Tree=71
num_leaves=31
num_cat=0
split_feature=14 15 28 65 48 369 43 181 49 15 13 7 9 89 4 32 4 97 9 3 13 38 259 259 258 139 8 72 337 38
split_gain=114.581 96.7609 74.3829 69.7657 54.0808 43.1599 54.1197 42.7007 41.8435 61.6934 82.3056 48.2805 69.4941 64.7845 56.1262 48.3987 48.1604 48.673 71.9548 48.494 42.5356 37.6042 36.9405 71.7449 43.8547 36.4572 47.0027 44.745 35.9648 42.9989
threshold=1.5000000000000002 4.5000000000000009 1.0000000180025095e-35 1.5000000000000002 1.0000000180025095e-35 727.45001220703136 397.50000000000006 115.25000000000001 1.0000000180025095e-35 19.500000000000004 18.500000000000004 136.50000000000003 187.50000000000003 1.5000000000000002 356.50000000000006 21.500000000000004 579.50000000000011 1.5000000000000002 324.50000000000006 3935.0000000000005 15.500000000000002 528.50000000000011 24.077899932861332 24.894100189208988 27.779949188232425 1.5000000000000002 1.5000000000000002 1.0000000180025095e-35 3.5000000000000004 344.50000000000006
decision_type=2 2 2 10 2 2 10 2 2 2 2 10 10 10 8 8 8 10 10 2 2 8 10 10 10 8 2 10 2 10
left_child=3 2 -2 4 5 7 -7 -1 11 16 -11 12 14 28 15 -6 21 19 -19 20 -18 -10 -4 -24 -25 26 -5 -28 29 -13
right_child=1 -3 22 25 8 6 -8 -9 9 10 -12 13 -14 -15 -16 -17 17 18 -20 -21 -22 -23 23 24 -26 -27 27 -29 -30 -31
leaf_value=-0.0097512350263257667 0.02180081251772668 0.03295330875409834 -0.0019415788633578971 0.070120895753277956 0.29487820963651012 0.0052409068997004453 0.08414858625045625 0.028081298927101799 -0.014265824678171413 0.049348076930363527 0.42149422273368914 0.0048308978472416525 0.02156794323002996 0.056306626059104532 -0.006449071795458004 0.11343713619169279 -0.024398472303117827 -0.014639289396876311 0.24757420733299995 -0.022823930588743279 0.12668861824790931 0.22757899517627991 0.27813747417778489 0.035154719537187795 -0.012122511469374443 -0.021015088603334241 0.062047586600721405 -0.00088176731432316048 -0.023015390504611814 0.055212145869822683
leaf_weight=717.54837220534682 256.82629988715053 187.77019040100276 396.19581371173263 22.936565362848341 1.8311933428049059 41.154780954122543 9.6586741432547552 27.893901911564171 153.62971813417971 2.7774709276854987 0.66243241354823101 167.69907085597515 25.178171741776168 23.580420190468431 2.3689068602398047 4.7690161196514964 2.5654841801151695 1.6975639192387455 2.1157952025532722 12.279564091004429 4.8425401365384459 0.58082337118685146 0.96298410184681316 47.415180269628763 28.137621519621462 12.385421608574687 14.524686642922459 33.910741832107306 36.949257758446038 16.770938389934599
leaf_count=53543 3340 1295 19371 204 45 774 133 915 6469 98 28 7072 776 371 82 67 48 41 28 370 81 30 18 934 739 235 161 857 1147 728
internal_value=0.00557832 0.0137479 0.00880473 -1.29112e-05 -0.00178001 -0.00651202 0.0202398 -0.00833557 0.00640575 -0.00482248 0.121013 0.0136923 0.0471114 0.00903442 0.118817 0.163777 -0.00725824 0.0327475 0.130847 0.0137464 0.0743654 -0.0133549 0.00174391 0.0208272 0.0175476 0.0264976 0.0347427 0.0179893 0.00400008 0.00941127
internal_weight=2257.62 917.308 729.538 1340.31 1256.55 796.256 50.8135 745.442 460.298 181.151 3.4399 279.147 34.1473 245 8.96912 6.60021 177.711 23.5009 3.81336 19.6876 7.40802 154.211 472.712 76.5158 75.5528 83.7574 71.372 48.4354 221.419 184.47
internal_count=100000 25697 24402 74303 72846 55365 907 54458 17481 7193 126 10288 970 9318 194 112 7067 568 69 499 129 6499 21062 1691 1673 1457 1222 1018 8947 7800
is_linear=0
shrinkage=0.03


Tree=72
num_leaves=31
num_cat=0
split_feature=46 0 106 310 26 212 31 439 3 439 21 0 29 27 1 1 411 404 14 388 108 14 438 191 43 29 19 437 7 438
split_gain=108.525 129.277 157.605 70.0694 52.5256 51.6584 45.8256 43.0706 47.7161 46.8096 47.8106 40.664 37.8328 39.4164 46.3217 37.0768 43.6794 37.6171 81.7202 72.2572 40.1178 37.4927 34.7521 33.01 32.9667 31.9684 27.4168 41.2884 63.1365 36.9536
threshold=1.0000000180025095e-35 2411538.5000000005 1.5000000000000002 3.5000000000000004 19.500000000000004 76.500000000000014 3.5000000000000004 62375.000000000007 11654.500000000002 27811.000000000004 1.5000000000000002 4031624.0000000005 139.50000000000003 49.500000000000007 115.07149887084962 140.07649993896487 274.50000000000006 51.500000000000007 18.500000000000004 147.50000000000003 1.5000000000000002 29.500000000000004 33924.500000000007 1.0000000180025095e-35 528.50000000000011 197.50000000000003 1.0000000180025095e-35 4.5000000000000009 197.50000000000003 1685.0000000000002
decision_type=2 2 8 10 2 8 10 2 2 2 2 2 2 2 2 2 10 10 2 8 10 2 2 10 10 2 2 2 8 2
left_child=1 5 3 4 6 -1 7 9 24 10 12 -10 -3 14 25 17 -17 19 -19 -4 -21 23 -22 -20 26 -14 29 28 -28 -9
right_child=-2 2 15 -5 -6 -7 -8 8 11 -11 -12 -13 13 -15 -16 16 -18 18 21 20 22 -23 -24 -25 -26 -27 27 -29 -30 -31
leaf_value=-0.022989598149326516 -0.0071177980613240125 -0.0003339223781243258 -0.0094940674573803976 0.039918132471351557 0.051244547371662987 0.0012595587613464822 -0.0069256345858702863 0.0017745811301068475 -0.0097670064052130922 -0.012248012327023029 0.064232546212051211 0.026721950582549479 0.096453841184956909 -0.030653909012987122 0.1041883082458018 0.023569722402913128 0.055908341172548129 0.0094718805600678118 -0.0014309438613079751 0.045737442256477884 -0.030929302028060098 0.029822250673479354 0.079511575133250592 0.10262768155440295 0.20418156523610212 -0.026194786658417926 0.63871793464681936 -0.010719716661346124 -0.030324601278959373 0.031233885761841811
leaf_weight=126.70218231063336 488.13032725080848 136.04421941423789 69.579156510066241 54.693846877664328 21.670702658593655 210.29914671787992 254.5545866782777 48.670965350233018 99.989000879228115 153.62528540519997 13.711929980665444 37.908220880664885 2.7429300197400206 5.5240279552526763 10.17707820702344 69.926961174234748 81.28800533991307 44.504196709953249 3.1201259139925268 54.78550999937579 12.61466984823346 14.51157376077026 3.218524456024169 22.740128750912845 0.89194294810295005 6.3187643992714584 0.22415268281474965 28.630836993455887 0.29272403288632631 180.2400663876906
leaf_count=10059 30144 5783 2828 325 112 8555 17527 1225 3866 4819 126 1382 114 327 248 1203 1202 1414 44 626 182 309 48 198 35 356 20 2383 30 4510
internal_value=0.00540525 0.00886041 0.0127942 0.00685327 0.00504703 -0.00785738 0.00402499 0.00786991 0.014519 -0.000171368 0.0104594 0.000263881 0.00587424 0.0399812 0.0602627 0.029465 0.0409539 0.0217463 0.0375089 0.0122035 0.0335817 0.0684158 -0.00847921 0.0900727 0.0221103 0.0109303 0.021481 -0.00592228 0.259817 0.0249703
internal_weight=2257.33 1769.2 1432.2 1055.91 1001.22 337.001 979.547 724.992 396.848 328.144 174.519 137.897 160.807 24.7628 19.2388 376.289 151.215 225.074 84.876 140.198 70.6187 40.3718 15.8332 25.8603 258.951 9.06169 258.059 29.1477 0.516877 228.911
internal_count=100000 69856 51242 43188 42863 18614 42751 25224 13451 11773 6954 5248 6828 1045 718 8054 2405 5649 1965 3684 856 551 230 242 8203 470 8168 2433 50 5735
is_linear=0
shrinkage=0.03


Tree=73
num_leaves=31
num_cat=0
split_feature=36 0 82 1 26 0 114 106 72 76 97 1 32 43 314 431 0 15 438 32 423 27 437 118 3 3 364 11 436 394
split_gain=104.018 112.326 63.6606 77.6272 58.8387 52.9022 59.5735 60.4558 46.7605 47.5552 59.2502 43.7241 39.4483 39.1168 38.7415 36.9102 41.5769 35.1382 34.4167 49.494 32.8529 29.9563 34.1457 50.8324 40.7215 37.5467 87.2021 36.0617 33.9583 28.3206
threshold=61.645832061767585 2575335.0000000005 1.0000000180025095e-35 226.10199737548831 45.500000000000007 2238627.5000000005 1.5000000000000002 1.5000000000000002 1.0000000180025095e-35 2.5000000000000004 2.5000000000000004 141.004997253418 7.5000000000000009 5.5000000000000009 1.5000000000000002 1553.0000000000002 2838383.5000000005 2.5000000000000004 12639.000000000002 51.500000000000007 28.000000000000004 1.0000000180025095e-35 760.50000000000011 1.5000000000000002 5306.0000000000009 1675.5000000000002 174.47499847412112 448.50000000000006 -77.518270637408548 1.0000000180025095e-35
decision_type=8 2 10 2 2 2 8 10 10 8 10 2 8 10 8 2 2 2 2 10 8 2 2 8 2 2 2 10 2 10
left_child=1 -1 3 4 5 -2 7 21 20 -10 -11 14 -8 -9 -3 -14 -17 18 19 -15 -5 -7 23 -23 -25 26 27 -24 -27 -13
right_child=2 11 -4 8 -6 6 12 13 9 10 -12 29 15 17 -16 16 -18 -19 -20 -21 -22 22 25 24 -26 28 -28 -29 -30 -31
leaf_value=-0.0057979127346233809 -0.015029974107442098 0.014626751774159497 -0.011185183851335229 0.0023799471535614074 0.064135751910698979 0.012657352661808251 0.032505392573375515 -0.006151480171274348 0.010180164315128895 0.29507553710319095 -0.0059871299641144956 0.045734904466688965 -0.0053208307563536649 0.071251672392740897 0.040541151398961903 -0.0086241815572463253 0.033395037386819329 0.0045144047726970995 -0.032120450012831758 0.2267107914127422 0.054911194302140427 -0.013168952545727104 0.021321853986975371 0.10486199580384049 -0.032462093348453624 0.015703273303439062 0.46400833711313239 0.35487380373112271 -0.0047413614361866436 0.13594058549952392
leaf_weight=122.83232055231929 159.93937592674047 172.4476599059999 275.40228288108483 13.780555408447981 13.482635542750357 105.49692835845053 84.746850384864956 14.970317962579427 149.28171832300723 1.1888714600354426 1.1646848842501638 59.312709576450288 95.71183711104095 16.251639721915137 74.286057457327843 30.360925734974444 70.187079964205623 9.2184718949720246 2.3915270334109655 2.0789395878091446 48.161537173204124 336.01719406247139 4.6216097990982226 5.9235110897570831 2.8924281699582934 98.797616712283343 0.48486160207539786 0.31137067358940829 281.32103797094896 3.3070507962256661
leaf_count=3854 10360 2704 29849 555 66 1776 1120 214 4245 22 28 614 3078 175 656 1541 2019 192 64 43 1175 17087 304 50 61 4486 21 21 13592 28
internal_value=0.00524032 0.0184736 0.00210508 0.00446834 0.00178215 0.00114609 0.003373 -0.000464161 0.0212614 0.0122897 0.146091 0.0281109 0.0154001 0.0334436 0.022429 0.00801384 0.0207071 0.0532412 0.0749179 0.0888829 0.0432243 -0.00228602 -0.00444449 -0.0113033 0.0598072 0.00169016 0.0801091 0.0423757 0.000572456 0.0504988
internal_weight=2256.37 432.186 1824.19 1548.78 1335.21 1321.72 1161.78 880.777 213.577 151.635 2.35356 309.353 281.007 44.9109 246.734 196.26 100.548 29.9406 20.7221 18.3306 61.9421 835.867 730.37 344.833 8.81594 385.536 5.41784 4.93298 380.119 62.6198
internal_count=100000 7856 92144 62295 56270 56204 45844 38086 6025 4295 50 4002 7758 688 3360 6638 3560 474 282 218 1730 37398 35622 17198 111 18424 346 325 18078 642
is_linear=0
shrinkage=0.03


Tree=74
num_leaves=31
num_cat=0
split_feature=46 15 28 23 27 364 65 195 257 7 13 1 2 99 3 394 40 13 439 113 36 314 343 435 1 114 30 185 75 8
split_gain=98.7203 95.3866 77.8994 71.9259 69.3678 58.0801 51.3141 41.388 35.5545 34.4253 33.5532 31.4895 35.4706 34.3303 40.8552 34.4414 31.5174 37.3472 30.7816 35.8288 30.8759 30.6109 32.9054 30.4101 30.3788 29.1762 26.3529 32.242 34.6752 26.3359
threshold=1.0000000180025095e-35 4.5000000000000009 1.0000000180025095e-35 8.5000000000000018 26.500000000000004 135.97499847412112 1.5000000000000002 1.5000000000000002 2887.5000000000005 103.00000000000001 1.5000000000000002 280.00500488281256 1.5000000000000002 1.5000000000000002 11202.000000000002 1.0000000180025095e-35 4.5000000000000009 20.500000000000004 62375.000000000007 1.0000000180025095e-35 52.812498092651374 1.5000000000000002 1.5000000000000002 0.12658467652375008 138.08399963378909 2.5000000000000004 7.5000000000000009 722.50000000000011 2.5000000000000004 1.5000000000000002
decision_type=2 2 2 2 2 2 10 10 10 8 2 2 2 10 2 10 10 2 2 10 10 10 2 2 2 10 10 2 10 2
left_child=1 2 7 6 5 23 8 18 9 10 -4 13 -13 15 16 21 17 -15 19 20 -1 25 -23 -3 -17 -11 27 28 -2 -8
right_child=26 4 3 -5 -6 -7 29 -9 -10 11 -12 12 -14 14 -16 24 -18 -19 -20 -21 -22 22 -24 -25 -26 -27 -28 -29 -30 -31
leaf_value=0.035666011102680847 -0.0037490567978978443 -0.036181137494854493 -0.026225434150268793 0.33900859742295086 -0.0024456266808565272 0.083891027971504134 0.058403624707307387 -0.019004165558628182 0.2949576589059113 -0.0076336296696287009 0.025502442596875147 0.092523620936290407 0.010770445045053402 0.0026010099710421565 -0.015568516964769902 0.020585563479428873 0.087215601073271726 0.073288338699531816 0.028595009848889109 -0.0054748585009872803 -0.023965350700088976 0.044995745201939885 -0.017433036787834904 0.028973602539845659 0.15474077364605873 0.040888205292021189 -0.015274212401450261 0.047340463027115004 0.19445982408048498 0.014107502858947907
leaf_weight=50.327262947335839 271.37852325523272 6.6455971216782919 13.302696634549646 0.56745562423020501 71.833909136243165 17.432601385749876 18.982684562914073 25.461920332163572 0.36706930585205455 784.77271866472438 74.430995322298259 5.0930280806496731 76.831863404251635 24.487266656942666 21.966442860662937 5.280242472421377 8.3175293635576946 9.2748532393015903 184.80611753277481 67.858874719589949 9.2512148292735201 21.129193546250463 11.86616602167487 215.91792955901474 2.1327351788058877 11.313936616294084 199.98186529381201 11.870267828926442 0.79668767191469569 33.219012507237494
leaf_count=1018 15670 72 571 26 4673 244 163 557 13 46317 2350 51 3692 473 504 154 120 150 2726 955 255 416 226 3386 28 108 14300 146 28 608
internal_value=0.00507638 0.00835481 0.00514001 0.00134186 0.0234174 0.0311585 0.0011712 0.0177741 -0.000245014 -0.000346266 0.0176592 -0.00195414 0.0158528 -0.00357409 0.0175946 -0.00519487 0.0349064 0.0220197 0.0207731 0.0094301 0.0264066 -0.00577048 0.0225444 0.0270281 0.0591824 -0.00694404 -0.00693166 -0.00105809 -0.00316888 0.0302154
internal_weight=2256.9 1772.87 1461.04 1123.34 311.83 239.996 1122.77 337.705 1070.57 1070.2 87.7337 982.466 81.9249 900.541 64.0461 836.495 42.0796 33.7621 312.243 127.437 59.5785 829.082 32.9954 222.564 7.41298 796.087 484.027 284.045 272.175 52.2017
internal_count=100000 69856 61481 55970 8375 3702 55944 5511 55173 55160 2921 52239 3743 48496 1247 47249 743 623 4954 2228 1273 47067 642 3458 182 46425 30144 15844 15698 771
is_linear=0
shrinkage=0.03


Tree=75
num_leaves=31
num_cat=0
split_feature=36 0 22 82 1 0 113 31 46 36 11 27 335 436 434 43 434 11 195 396 324 404 2 424 410 29 30 30 30 214
split_gain=92.8821 104.8 59.5387 53.8446 67.0855 53.1876 57.6071 52.1441 45.6444 41.6795 39.2255 31.1481 31.8481 31.1042 29.8773 28.8892 45.1791 30.8582 27.9106 27.7052 27.1761 26.2641 36.1169 38.5831 27.2411 26.086 59.7424 32.5145 30.2447 26.0771
threshold=61.645832061767585 2417806.0000000005 41.500000000000007 1.0000000180025095e-35 280.00500488281256 2238627.5000000005 1.5000000000000002 409.50000000000006 1.0000000180025095e-35 1153.3750000000002 12.500000000000002 1.0000000180025095e-35 6.5000000000000009 -17.172550507617327 -0.6627039590677487 384.50000000000006 0.93975878050206385 20.500000000000004 2.5000000000000004 -2.4999999999999996 40.943799972534187 51.500000000000007 1.5000000000000002 127.50000000000001 468.50000000000006 265.50000000000006 279.50000000000006 2.5000000000000004 139.50000000000003 85.000000000000014
decision_type=8 2 2 10 2 2 8 8 2 8 10 2 2 2 2 8 2 10 10 8 10 10 2 2 8 2 10 10 10 10
left_child=1 19 3 4 5 -2 8 13 10 29 14 -11 21 20 -7 25 17 -17 -9 -1 -3 -13 23 -23 -25 27 28 -6 -27 -8
right_child=2 7 -4 -5 15 6 9 18 -10 11 -12 12 -14 -15 -16 16 -18 -19 -20 -21 -22 22 -24 24 -26 26 -28 -29 -30 -31
leaf_value=0.070071306886846388 -0.014731589238693199 0.033921567367553411 0.056014817669876565 -0.010905937178996242 0.023684835401282849 -0.015114313356698467 -0.010544933489954916 0.034348517892012716 -0.010311332022794235 0.046852841285657379 0.029434389481734494 0.0043468781622078905 0.050869685578222197 -0.0060747129201626868 0.0046870085840230351 0.056460975299037722 0.0054299204249439476 0.16094139623511616 -0.01971256638177735 -0.01614993812210079 -0.054186473265232453 0.0092011193172007125 0.0010195044543630973 0.1553418060903414 0.022837144845439014 0.084827243380217743 -0.021254915818670415 -0.0084476123327838666 0.26715553388573043 0.10247920636031004
leaf_weight=3.4989883964881301 162.31392174353823 39.62704043649137 18.150888061150908 271.49405096005648 71.786806333810091 77.909406030084938 51.368150846101344 233.31351074296981 264.18577702809125 40.533697296865284 51.827959710266441 98.161937568802387 21.300773497670889 63.891479507088661 572.68367757275701 22.539968308061365 17.32829675078392 2.8678561337292185 8.9236575318500382 80.9994693454355 3.4227678766474119 4.6479078461416083 11.027031602803616 5.2634120439179242 1.9006160926073787 1.9774188883602613 3.1554520977661014 46.831740409135818 1.397477453574538 1.9053597142919887
leaf_count=54 10646 561 130 29849 1884 2747 2024 2795 14017 517 1854 3313 120 1063 21566 486 623 46 148 3178 57 138 587 94 33 25 164 1212 30 39
internal_value=0.0049212 0.0173994 0.00195201 0.00140819 0.00358914 0.00138818 0.00356364 0.0246541 0.000318685 0.0168482 0.00431671 0.023652 0.0170434 0.00720602 0.00231577 0.0214845 0.0427806 0.068254 0.032357 -0.0125796 0.0269163 0.0110887 0.0400649 0.0765157 0.120188 0.0142123 0.0725863 0.0109986 0.160326 -0.00650256
internal_weight=2256.24 433.677 1822.56 1804.41 1532.91 1365.03 1202.72 349.178 966.607 236.109 702.421 182.835 142.302 106.941 650.593 167.885 42.7361 25.4078 242.237 84.4985 43.0498 121.001 22.839 11.8119 7.16403 125.149 6.53035 118.619 3.3749 53.2735
internal_count=100000 7856 92144 92014 62165 57695 47049 4624 40184 6865 26167 4802 4285 1681 24313 4470 1155 532 2943 3232 618 4165 852 265 127 3315 219 3096 55 2063
is_linear=0
shrinkage=0.03


Tree=76
num_leaves=31
num_cat=0
split_feature=15 32 0 431 28 18 2 1 366 38 13 37 48 113 76 29 1 28 364 176 362 362 20 130 252 3 439 219 76 365
split_gain=90.754 88.754 103.879 103.954 83.488 88.0008 60.4722 51.6222 49.461 88.7265 40.6688 38.2951 52.36 37.4298 37.2461 36.583 61.0186 35.5138 36.371 34.682 34.8108 56.6517 78.9173 33.376 32.5914 31.6938 33.1215 36.0193 35.3907 31.6028
threshold=4.5000000000000009 61.500000000000007 3251531.0000000005 753.50000000000011 2.5000000000000004 3.5000000000000004 2.5000000000000004 226.10199737548831 134.87500000000003 521.50000000000011 1.5000000000000002 0.43749949336051946 1.0000000180025095e-35 1.5000000000000002 3.5000000000000004 15.500000000000002 279.97500610351568 6.5000000000000009 135.97499847412112 2.5000000000000004 102.92499923706056 92.202751159667983 4.5000000000000009 2.5000000000000004 2.5000000000000004 1216.5000000000002 139597.50000000003 14.500000000000002 2.5000000000000004 97.969997406005874
decision_type=2 10 2 2 2 2 2 2 2 10 2 8 2 10 10 2 2 2 2 2 2 2 2 8 10 2 2 10 10 2
left_child=1 2 7 13 6 8 -2 11 24 17 -5 23 -13 14 -4 16 -8 18 -10 20 21 22 -14 -1 -6 -9 27 28 -27 -20
right_child=4 -3 3 10 5 -7 15 25 9 -11 -12 12 19 -15 -16 -17 -18 -19 29 -21 -22 -23 -24 -25 -26 26 -28 -29 -30 -31
leaf_value=0.033833019394825359 0.031889322585526007 -0.011859384983987113 0.0041118620979689186 0.00056458219447309767 -0.0058504167456495306 0.039200204523713318 0.27750540308070348 0.24656745282133688 0.0025318354529778055 0.41821189722125263 0.038848959658274528 -0.012093525317017729 0.0086252677042290109 0.035270800819264043 0.1915460217734701 0.051247982295615217 0.077092712752372908 -0.014711095246359985 0.14875951404050586 0.10116116729392169 -0.013374281347196629 0.10307908065627955 0.38501736396164338 -0.0041502476507799708 -0.095799789826311918 -0.0027495798482763995 0.03479394461521336 0.24698071451330164 0.15870108407146752 0.04070873977914885
leaf_weight=39.757165457587689 109.5039054043591 337.45406105322763 489.85767816565931 29.702384046278894 160.55933522805572 63.205772039480507 2.3026555003598315 0.53598955273628135 6.8995466846972802 0.53420998621731897 156.81756711844355 498.50026346137747 70.140698890201747 38.296721007674932 0.95603260397910972 5.7807547659613192 3.3658332144841552 10.737614268902687 4.6805488793179375 3.6007708031684151 47.878880164586008 6.6226448407396665 0.5049507636576881 43.71232100808993 3.7090953439474097 67.137880661524832 46.89035355951637 0.53642589878290792 1.2445986047387112 5.0806362526491284
leaf_count=768 650 20909 22487 969 11048 462 46 20 280 21 3064 27346 3367 442 8 122 26 603 58 40 1157 78 25 1612 22 2804 1447 13 20 86
internal_value=0.00476885 0.00207706 0.00512556 0.0134945 0.018216 0.00849246 0.0387484 -0.00211581 -0.00160586 0.0353001 0.0327524 -0.00514828 -0.0076886 0.0067058 0.00447696 0.10435 0.158504 0.0278341 0.0552539 0.00936687 0.00672574 0.0191806 0.0113156 0.0139415 -0.00788143 0.0164086 0.0153434 0.0021098 0.000188911 0.0925198
internal_weight=2256.51 1880.15 1542.69 715.63 376.36 255.407 120.953 827.063 192.201 27.9326 186.52 710.718 627.248 529.11 490.814 11.4492 5.66849 27.3983 16.6607 128.748 125.147 77.2683 70.6456 83.4695 164.268 116.345 115.809 68.9189 68.3825 9.76119
internal_count=100000 86576 65667 26970 13424 12580 844 38697 12118 1048 4033 34393 32013 22937 22495 194 72 1027 424 4667 4627 3470 3392 2380 11070 4304 4284 2837 2824 144
is_linear=0
shrinkage=0.03


Tree=77
num_leaves=31
num_cat=0
split_feature=46 0 106 47 439 7 3 30 0 15 13 11 7 18 343 411 114 431 2 404 104 28 11 47 98 224 30 49 0 436
split_gain=85.507 106.163 104.77 57.6148 65.4476 50.3562 47.2786 40.4238 40.3832 45.918 36.2471 40.9536 52.7595 35.8927 33.8413 31.043 30.8383 30.411 33.2822 46.7603 29.8529 42.9192 36.4572 30.3307 29.2449 35.2307 28.3625 28.2725 26.7935 31.2072
threshold=1.0000000180025095e-35 2233744.5000000005 1.5000000000000002 -1.0000000180025095e-35 62375.000000000007 118.50000000000001 11654.500000000002 6.5000000000000009 2780106.5000000005 3.5000000000000004 24.500000000000004 113.50000000000001 112.50000000000001 8.5000000000000018 1.5000000000000002 543.00000000000011 2.5000000000000004 1553.0000000000002 1.5000000000000002 51.500000000000007 1.5000000000000002 1.5000000000000002 36.500000000000007 1.0000000180025095e-35 1.5000000000000002 1.0000000180025095e-35 8.5000000000000018 1.0000000180025095e-35 4031624.0000000005 356.4243709258663
decision_type=2 2 8 2 2 8 2 10 2 2 2 10 10 2 2 8 10 2 2 10 8 2 10 2 8 8 10 2 2 2
left_child=1 16 3 -3 5 10 -6 28 9 -4 11 -5 -13 20 15 17 -1 -10 19 -19 -7 22 24 -24 25 -22 -16 -12 29 -8
right_child=-2 2 8 4 6 13 7 -9 14 -11 27 12 -14 -15 26 -17 -18 18 -20 -21 21 -23 23 -25 -26 -27 -28 -29 -30 -31
leaf_value=-0.014044398028368788 -0.0066525901048507885 -0.011900369296968652 -0.00052393890706209953 0.0094078833596213472 0.021467450958649138 -0.010470646185252017 0.0022975587037525661 -0.017798774952286937 0.0038417498205049151 0.045908557626512886 0.10460962538310178 0.0023777806419375347 0.36379357560704406 0.047106456938210181 0.02344616135134852 0.048848740975859617 0.089895401935554592 0.0075802675791293399 0.01782309882866686 0.072035422147033332 0.031598273361391281 -0.014805331043657112 0.065074748048106784 0.25501782893045283 0.0079643386017437291 0.16501185990048942 -0.016882666735573527 -0.031597642076445318 0.03612928743040373 0.14897163184905113
leaf_weight=201.35558701958507 477.36505929753184 147.69401110010222 98.480149474460632 35.407056553289294 362.20202637743205 279.67529178690165 93.40869945846498 58.481382099911571 39.821035608183593 23.800820942036808 7.9757287483662349 0.77668028138577827 0.68336484953761101 12.202029708772896 53.433835895732045 86.855775004252791 2.6022313609719268 14.468849685974417 50.257297122851014 33.779404876753688 7.1705818241462111 46.811198405921459 4.27136106789112 0.91950010415166605 56.596098620444536 2.3702586125582439 22.221856407821178 1.6563695846125481 31.916944077238441 1.3240486253052939
leaf_count=12870 30144 16247 3920 956 9730 9747 2618 2789 1148 227 107 15 27 74 540 1461 21 421 1345 461 81 1622 127 27 1996 21 393 55 783 27
internal_value=0.00462121 0.00764699 0.0102848 0.0055941 0.00816803 -0.000219465 0.0151638 0.00283095 0.0230508 0.0085137 0.0293673 0.0158286 0.171536 -0.00357485 0.0289596 0.0347918 -0.0127183 0.0259655 0.034909 0.0527064 -0.00512938 0.00751522 0.0221638 0.0987209 0.0161551 0.0647426 0.0116006 0.0811869 0.0123569 0.00434757
internal_weight=2255.98 1778.62 1574.66 1151.54 1003.85 456.516 547.333 185.131 423.119 122.281 46.4992 36.8671 1.46005 410.016 300.838 225.182 203.958 138.327 98.5056 48.2483 397.814 118.139 71.3278 5.19086 66.1369 9.54084 75.6557 9.6321 126.65 94.7327
internal_count=100000 69856 56965 47049 30802 14855 15947 6217 9916 4147 1160 998 42 13695 5769 4836 12891 3375 2227 882 13621 3874 2252 154 2098 102 933 162 3428 2645
is_linear=0
shrinkage=0.03


Tree=78
num_leaves=31
num_cat=0
split_feature=15 27 32 27 183 188 76 4 4 43 129 434 365 113 437 7 43 343 362 195 25 27 99 107 397 404 400 396 23 25
split_gain=84.7785 83.7065 81.9171 52.4286 51.7293 46.0884 39.384 37.4339 73.3475 66.7003 53.1398 49.2911 48.9022 44.7201 68.6013 60.293 96.2609 46.4059 34.8192 34.4514 34.245 41.7561 39.2859 38.501 42.5863 37.544 35.6913 33.0613 32.3677 31.9456
threshold=4.5000000000000009 26.500000000000004 61.500000000000007 1.0000000180025095e-35 38.98500061035157 58.975000381469734 3.5000000000000004 250.50000000000003 215.50000000000003 28.500000000000004 1.5000000000000002 -0.40833190559572957 54.534400939941413 1.0000000180025095e-35 971.00000000000011 224.50000000000003 173.50000000000003 1.5000000000000002 98.045650482177749 1.5000000000000002 1.5000000000000002 1.5000000000000002 1.5000000000000002 1.5000000000000002 -9.4999999999999982 44.500000000000007 2.5000000000000004 1.0000000180025095e-35 8.5000000000000018 44.500000000000007
decision_type=2 2 10 2 2 2 10 10 10 8 8 2 2 10 2 8 10 2 2 10 2 2 10 10 8 8 10 10 2 2
left_child=2 5 3 19 6 29 20 8 12 11 18 -10 13 -6 -15 -16 17 -17 -9 27 26 23 -23 -22 -25 -24 -5 -1 -4 -2
right_child=1 -3 28 4 7 -7 -8 10 9 -11 -12 -13 -14 14 15 16 -18 -19 -20 -21 21 22 25 24 -26 -27 -28 -29 -30 -31
leaf_value=0.012436456443201646 0.018668737237080266 -0.004927793733695833 -0.011947139397116825 -0.0060335162610333217 -0.0098678239448800609 0.064669545191133021 0.1268700207218407 0.022697875354505737 0.27205208732504599 -0.022527087896528703 0.037699176991286484 0.10215094401449826 -0.0082361971982886778 0.0060730349016335063 0.072475865649134649 -0.0055359426446609161 0.5300357975076021 0.25104836539583919 -0.010360255301651997 -0.018931671354004483 0.039011926827471045 -0.0083033314930192215 0.10806818278979217 0.075021851902219758 -0.023158153184482808 0.015373268137929309 0.074797329809942747 0.035286327152536864 0.2488155466584796 0.054109883564740918
leaf_weight=249.07988834846765 216.21949782222509 106.87594621442258 332.72990248864517 664.43348263623193 11.036150221247224 25.708793133962899 2.1434543486684552 38.314222815446556 1.9515649341046799 3.1079602022655317 37.793880484532565 7.2310752714984092 33.487597316503525 11.667314258404078 12.906162001658233 1.1850571036338804 0.69527290249243368 1.365227961912751 113.97904537990689 24.939111797139049 56.328444042243063 135.95695644197986 4.4957471136003733 4.8819293715059757 21.431431022007022 31.389729599002749 4.9530845247209063 73.897091937251389 0.42896556667983432 25.599631175398827
leaf_count=4668 4977 7936 20893 43971 517 366 15 1114 37 114 557 91 824 354 177 57 37 25 2925 551 958 6690 40 46 328 554 136 881 16 145
internal_value=0.00447749 0.0175149 0.00188358 0.00478673 0.00181546 0.0264807 -0.00157613 0.0132476 0.029844 0.097601 0.00585835 0.13826 0.0183325 0.0412309 0.0615024 0.101542 0.217127 0.13182 -0.00204343 0.0150412 -0.00187413 0.00749333 -0.000933912 0.0250166 -0.00494277 0.0269861 -0.00543541 0.0176645 -0.0116114 0.0224206
internal_weight=2256.21 374.404 1881.81 1548.65 1200.73 267.528 926.014 274.721 84.6334 12.2906 190.087 9.18264 72.3428 38.8552 27.819 16.1517 3.24556 2.55029 152.293 347.916 923.871 254.484 171.842 82.6418 26.3134 35.8855 669.387 322.977 333.159 241.819
internal_count=100000 13424 86576 65667 59567 5488 52738 6829 2233 242 4596 128 1991 1167 650 296 119 82 4039 6100 52723 8616 7284 1332 374 594 44107 5549 20909 5122
is_linear=0
shrinkage=0.03


Tree=79
num_leaves=31
num_cat=0
split_feature=46 0 106 47 439 36 3 30 11 0 343 214 1 13 16 12 138 20 148 176 9 114 422 396 30 5 362 11 32 4
split_gain=77.8242 99.0283 94.6034 52.8027 60.0264 43.0652 42.8625 37.2366 34.6777 34.1407 46.3933 35.2114 32.1165 30.8652 34.9083 49.3639 45.0952 33.0109 32.2755 28.6673 28.0195 27.903 27.8678 33.973 27.382 26.8857 25.9671 24.9122 38.7936 39.8499
threshold=1.0000000180025095e-35 2233744.5000000005 1.5000000000000002 -1.0000000180025095e-35 62375.000000000007 24.854166030883793 11654.500000000002 6.5000000000000009 36.500000000000007 2780106.5000000005 1.5000000000000002 77.500000000000014 48.954999923706062 20.500000000000004 2.5000000000000004 1.0000000180025095e-35 3.5000000000000004 13.500000000000002 10.500000000000002 1.5000000000000002 345.50000000000006 2.5000000000000004 74.500000000000014 1.5000000000000002 8.5000000000000018 182.50000000000003 3020.4350585937505 981.50000000000011 8.5000000000000018 111.50000000000001
decision_type=2 2 8 2 2 10 2 10 10 2 2 8 2 2 2 8 10 2 2 2 8 10 2 10 10 2 2 10 10 8
left_child=1 21 3 -3 8 9 22 -8 13 11 12 25 -11 17 15 -15 -17 26 -16 -14 -19 -1 23 -6 -12 -4 -5 28 29 -10
right_child=-2 2 5 4 6 -7 7 -9 27 10 24 -13 19 14 18 16 -18 20 -20 -21 -22 -23 -24 -25 -26 -27 -28 -29 -30 -31
leaf_value=-0.013880469828613571 -0.0064690091340247361 -0.011618051095708593 -0.0028435742040076825 -0.0080949111871000679 0.019724988890731127 0.0024877778880975933 0.011609269387399939 -0.017501774112373188 0.29644985177924332 0.013034050422873764 0.02328458135754646 0.039273017281430928 0.048825224731884755 0.20612879759604694 0.032186066823071104 -0.011412699618002543 0.23841764085586062 -0.030880487701122922 0.19325101889203378 -0.014795225631741861 0.06951703868100359 0.083024021703276468 -0.0081860057556135211 0.053019929469574609 -0.019218492092738872 0.16214517908156525 0.085451473617999207 -0.023810344814370273 -0.022990531276346614 0.076254885910463241
leaf_weight=199.03277653735131 473.55962942820042 145.50339023349807 66.024774920195341 345.44589565321803 308.04079686198384 83.499678800813854 127.71545051783323 57.282251415774226 0.81361218262463886 32.333167972508818 46.163127060979605 28.342419187538326 143.40248537249863 0.99556276015937328 33.60265226662159 42.165959464386106 0.66043742932379146 3.4431667551398251 1.158329740166663 6.6708757458254686 9.1509250849485397 2.7106921887025228 28.494756284169853 30.294172191992402 19.363877430558205 0.90103712026029725 2.6914309058338395 3.8539630286395541 3.3825295288115731 8.1422656467184424
leaf_count=12870 30144 16247 2630 11752 8832 2791 3428 2789 29 735 444 350 2510 28 561 1641 7 156 9 134 85 21 545 353 313 9 82 147 114 244
internal_value=0.00434034 0.00721404 0.009742 0.00527529 0.00771543 0.0218099 0.0143689 0.00259539 -0.000345031 0.0265109 0.0323762 0.0112466 0.0401542 -0.00193419 0.0151029 -0.00270534 -0.00756 -0.00564561 0.0375532 0.0459972 0.0420688 -0.0125784 0.0203065 0.0227062 0.0107245 -0.000622294 -0.00737171 0.0427703 0.0635671 0.0962589
internal_weight=2254.84 1781.28 1579.54 1152.84 1007.33 426.701 551.827 184.998 455.507 343.202 247.934 95.2682 182.407 439.314 78.5829 43.822 42.8264 360.731 34.761 150.073 12.5941 201.743 366.83 338.335 65.527 66.9258 348.137 16.1924 12.3384 8.95588
internal_count=100000 69856 56965 47049 30802 9916 15947 6217 14855 7125 4136 2989 3379 14321 2246 1676 1648 12075 570 2644 241 12891 9730 9185 757 2639 11834 534 387 273
is_linear=0
shrinkage=0.03


Tree=80
num_leaves=31
num_cat=0
split_feature=15 19 28 9 32 0 113 36 437 4 435 1 434 0 0 28 131 1 114 4 32 334 3 297 188 43 31 367 3 64
split_gain=79.1049 86.5504 86.607 106.165 76.0197 90.0741 73.9949 54.222 49.7201 48.9559 59.2416 44.5712 42.0483 43.5985 41.2615 41.1622 37.5277 39.0762 35.2683 32.9595 49.9461 49.215 39.3799 43.337 36.5331 98.0544 34.9967 40.3749 34.8927 48.4795
threshold=4.5000000000000009 1.0000000180025095e-35 2.5000000000000004 385.50000000000006 61.500000000000007 2326382.5000000005 1.5000000000000002 24.854166030883793 760.50000000000011 558.50000000000011 0.38296459800641874 171.41999816894534 -0.40276037210457644 2400793.0000000005 2780106.5000000005 1.0000000180025095e-35 1.5000000000000002 40.025999069213874 2.5000000000000004 177.50000000000003 1.0000000180025095e-35 1.5000000000000002 10776.500000000002 1.5000000000000002 91.950000762939467 102.50000000000001 3.5000000000000004 225.72499847412112 9113.0000000000018 1.0000000180025095e-35
decision_type=2 2 2 10 10 2 8 10 2 8 2 2 2 2 2 2 10 2 10 10 10 2 2 10 2 10 10 2 2 10
left_child=4 11 3 -3 5 16 8 14 15 19 12 -2 13 -11 -8 -7 18 -18 -1 20 24 26 23 -21 -10 -26 27 28 29 -22
right_child=1 2 -4 -5 -6 6 7 -9 9 10 -12 -13 -14 -15 -16 -17 17 -19 -20 22 21 -23 -24 -25 25 -27 -28 -29 -30 -31
leaf_value=-0.015377074597242107 0.020313792924991015 0.047469387043156092 -0.0070851557106935926 0.65359503697611421 -0.011388087820637362 0.014941477331601677 0.0049724780007166583 -0.0050332266400340397 0.0039849143228903889 0.3084100503655467 0.015483077674950814 0.051515345758066058 0.31873501104782903 0.065764584473400237 0.031658009264542486 -0.0082314794575214373 0.21554209637414012 -0.019759761147452506 0.063791208376562172 0.0072350963271648906 -0.030793211056024915 -0.019270015579710309 -0.0098949289619872371 0.064096425160540746 -0.030892733265674828 0.48394464053289044 0.012109556486344425 -0.03272354439000566 0.086261719116989891 0.24337024588070913
leaf_weight=232.16246574604884 204.1621005916968 0.76499295653775223 116.15363375050947 0.39403541199862957 329.29773606033996 84.778346971608698 69.002249781507999 66.154425968881696 61.641203523147851 0.70169212063774367 29.681312226224691 51.623213673010468 0.68471603747457166 13.270692043937741 213.49213889800012 370.41885449877009 1.3185044443234795 1.2256490793079136 5.1772995349019757 220.11201863829046 0.71811456419528719 6.4852305110543957 137.52049292065203 12.762803725898264 0.91213900875300058 0.52433030307292938 6.1704358151182523 1.9861877411603917 12.311556426808238 3.0284718493930995
leaf_count=15275 2550 55 10247 14 20909 1424 1936 2382 2889 14 1281 558 26 406 3728 19249 29 25 39 9130 38 140 6795 103 45 24 364 39 211 75
internal_value=0.00420642 0.0168256 -0.00451028 0.253534 0.00170412 0.00448154 0.00757124 0.0194146 0.00328657 0.00973366 0.0398515 0.026611 0.0891986 0.0779502 0.0251398 -0.00391562 -0.0124216 0.102185 -0.0136501 0.00685677 0.0227442 0.054127 0.00283434 0.0103514 0.00747021 0.15703 0.0737843 0.0948746 0.110657 0.190821
internal_weight=2254.64 373.098 117.313 1.15903 1881.54 1552.24 1312.36 348.649 963.709 508.511 44.3384 255.785 14.6571 13.9724 282.494 455.197 239.884 2.54415 237.34 464.173 93.7777 30.7 370.395 232.875 63.0777 1.43647 24.2148 18.0443 16.0581 3.74659
internal_count=100000 13424 10316 69 86576 65667 50299 8046 42253 21580 1727 3108 446 420 5664 20673 15368 54 15314 19853 3825 867 16028 9233 2958 69 727 363 324 113
is_linear=0
shrinkage=0.03


Tree=81
num_leaves=31
num_cat=0
split_feature=15 19 32 28 28 183 19 1 75 38 11 25 27 107 99 404 4 4 38 129 9 27 32 365 4 437 362 195 438 400
split_gain=74.3087 81.1134 71.8921 62.926 46.2763 47.1573 43.5467 41.0455 36.4958 32.3106 52.2279 31.6693 37.439 35.6238 35.5879 31.7591 31.611 63.0351 51.1982 47.2781 43.4795 48.1824 93.3047 41.7028 33.7785 51.9711 31.8856 31.2507 31.1596 30.746
threshold=4.5000000000000009 1.0000000180025095e-35 61.500000000000007 2.5000000000000004 1.0000000180025095e-35 38.98500061035157 1.5000000000000002 171.41999816894534 3.5000000000000004 47.500000000000007 3.5000000000000004 1.5000000000000002 1.5000000000000002 1.5000000000000002 1.5000000000000002 44.500000000000007 250.50000000000003 215.50000000000003 28.500000000000004 1.5000000000000002 259.00000000000006 3.5000000000000004 5.5000000000000009 54.534400939941413 181.50000000000003 971.00000000000011 98.045650482177749 1.5000000000000002 3443.0000000000005 2.5000000000000004
decision_type=2 2 10 2 2 2 2 2 10 10 8 2 2 10 10 8 10 10 8 8 10 2 8 2 10 2 2 10 2 10
left_child=2 7 4 6 27 8 -3 9 11 10 -2 29 13 -13 -14 -16 17 23 20 26 -19 22 -22 24 25 -7 -18 -1 -21 -6
right_child=1 3 -4 -5 5 16 -8 -9 -10 -11 -12 12 14 -15 15 -17 19 18 -20 28 21 -23 -24 -25 -26 -27 -28 -29 -30 -31
leaf_value=0.01614600782993381 0.18767976428366362 -0.030641112246648949 -0.011162844303986152 -0.0069197901710295216 -0.0061039602219248989 0.0067936586972181202 0.30857527747560615 0.049509769274717931 0.13501961331287851 -0.0095198678492754256 0.02290705051228745 0.036827503651323527 -0.008186312442226281 -0.0055166649648386926 0.097158117998570909 0.014323770099389909 0.021295946318661271 0.077863179848072728 -0.02245449523892485 0.06017922360596261 0.071526618557480909 0.063276225777525341 0.4872207804014434 -0.0082426844753769705 -0.02250437170762553 0.082327288318297123 -0.010150174763099457 -0.018873713748188234 0.0062134081573650664 0.066344079731933625
leaf_weight=335.84689202997833 1.7487665051594365 0.52576713543385156 325.91586306411773 115.37352431798354 654.74327675858513 14.452506604604421 0.96710006333887577 52.095612083561718 1.7514513498172153 29.22892296873033 173.43390185758471 56.785642728675157 134.76577604142949 26.099642599001527 4.7951309252530336 31.735838294494897 39.067402271553874 7.0036649331450427 2.9387381426058719 20.702120020519942 0.87181373313069366 1.2192097995430229 1.0979855153709648 33.458813786972314 7.0787353096529833 18.944958364125341 112.84365487890318 24.614712457172573 18.003464598674327 5.3148246798664323
leaf_count=5613 35 35 20909 10247 43917 491 34 558 12 1073 1442 953 6689 373 40 554 1114 79 96 211 22 22 23 824 337 339 2925 551 346 136
internal_value=0.0040755 0.0163 0.00164773 -0.0044157 0.00433422 0.00148948 0.189108 0.0257383 -0.0017936 0.01968 0.0245519 -0.0020557 0.00694195 0.0234938 -0.00106699 0.0251968 0.0123194 0.0272962 0.0878661 0.00547851 0.119674 0.211497 0.303239 0.0165386 0.0370235 0.0496407 -0.00206309 0.0137546 0.0350776 -0.0055206
internal_weight=2253.43 373.374 1880.05 116.866 1554.14 1193.67 1.49287 256.507 915.992 204.412 175.183 914.24 254.182 82.8853 171.297 36.531 277.683 87.0664 13.1314 190.617 10.1927 3.18901 1.9698 73.935 40.4762 33.3975 151.911 360.462 38.7056 660.058
internal_count=100000 13424 86576 10316 65667 59503 69 3108 52674 2550 1477 52662 8609 1326 7283 594 6829 2233 242 4596 146 67 45 1991 1167 830 4039 6164 557 44053
is_linear=0
shrinkage=0.03


Tree=82
num_leaves=31
num_cat=0
split_feature=18 28 0 180 96 3 99 92 3 27 23 101 366 8 139 3 30 438 20 43 1 436 43 1 1 151 438 438 11 7
split_gain=69.8572 80.9688 52.2431 49.0457 35.0338 34.7845 37.4384 28.7182 29.9618 28.3525 31.3034 84.598 105.495 55.9934 33.8162 30.1163 37.0697 32.1062 38.739 37.6563 61.7693 82.7388 35.0085 28.2018 27.9619 27.1489 29.7236 46.9139 27.1455 38.0147
threshold=3.5000000000000004 1.0000000180025095e-35 2417806.0000000005 44.124849319458015 2.5000000000000004 11654.500000000002 1.5000000000000002 1.5000000000000002 1556.5000000000002 61.500000000000007 2.5000000000000004 1.5000000000000002 216.97499847412112 1.5000000000000002 1.5000000000000002 10487.000000000002 161.50000000000003 6178.5000000000009 1.5000000000000002 365.50000000000006 47.659999847412116 -69.756700307522621 71.500000000000014 169.97499847412112 27.427499771118168 3.5000000000000004 2449.0000000000005 1396.5000000000002 618.50000000000011 163.00000000000003
decision_type=2 2 2 2 8 2 10 10 2 2 2 10 2 2 10 2 10 2 2 10 2 2 10 2 2 2 2 2 10 10
left_child=1 2 7 5 -4 6 23 8 -1 10 24 14 13 -13 15 17 -17 18 -12 22 21 -21 -19 -3 -5 26 27 -26 -25 -30
right_child=-2 3 4 9 -6 -7 -8 -9 -10 -11 11 12 -14 -15 -16 16 -18 19 -20 20 -22 -23 -24 28 25 -27 -28 -29 29 -31
leaf_value=0.11777979562878126 0.026831720838713706 -0.0044633927556613521 0.010910877347897733 0.039762108595535903 0.030525147724189603 -0.01058561817726798 0.026664859353439645 0.04852954639639389 -0.015294530063189309 -0.020051037822784674 0.079792825114173904 0.4362896370585192 0.67538038786871324 -0.030891598548442843 -0.026993444777137842 -0.021189729464124632 0.040621178768696066 0.055895891959850147 -0.0069510384874570223 0.078071762272894626 0.0786347221472041 0.62376154561377506 -0.01701063711289608 0.0088027587814919032 0.0084850074125247098 -0.014665152844961714 0.0011405509353265234 0.056652627389416621 0.33189344493974099 0.053252775760783286
leaf_weight=1.555399952456354 114.01687194220722 538.53442647168413 176.48932445328683 19.631899809464812 153.011499251239 424.12390659190714 45.316143365576863 7.6571695869788519 72.490802121348679 33.336339805275202 5.8895915467292097 0.32062069233506907 0.38229548512026656 0.82502897316589852 12.732378548476843 22.442884513642639 14.294086116831748 22.199878457002345 21.726525294128805 0.5516053568571806 9.5370779642835242 0.45745542552322038 8.0869917124509794 116.40055266674608 72.410060210619122 65.233710270375013 262.99343803152442 24.307511045131832 0.49638801766559382 3.9252400216646492
leaf_count=32 999 36748 2566 481 1815 28796 996 56 2095 2131 115 11 19 66 298 748 463 230 626 33 205 17 319 7087 2193 2291 7816 458 30 260
internal_value=0.00395167 0.00273114 0.0146945 -0.000118758 0.0200192 -0.00379744 0.000288193 -0.00677964 -0.0124992 0.00683263 0.00842158 0.0220566 0.243852 0.0998534 0.0191827 0.0247721 0.00286044 0.0365322 0.0115485 0.0534291 0.102251 0.325459 0.0364289 -0.00152462 0.0047582 0.00314107 0.00637023 0.0205907 0.0115742 0.084534
internal_weight=2251.38 2137.36 411.204 1726.16 329.501 1128.8 704.673 81.7034 74.0462 597.359 564.023 119.446 1.52795 1.14565 117.918 105.186 36.737 68.4491 27.6161 40.833 10.5461 1.00906 30.2869 659.357 444.577 424.945 359.711 96.7176 120.822 4.42163
internal_count=100000 99001 6564 92437 4381 73917 45121 2183 2127 18520 16389 3150 96 77 3054 2756 1211 1545 741 804 255 50 549 44125 13239 12758 10467 2651 7377 290
is_linear=0
shrinkage=0.03


Tree=83
num_leaves=31
num_cat=0
split_feature=37 0 431 1 13 430 113 43 0 48 7 22 0 1 11 366 138 436 4 22 182 114 142 4 30 23 435 38 437 364
split_gain=70.1011 60.4108 80.1898 50.4992 46.9598 37.9587 36.9109 31.5381 30.5656 27.8664 36.2559 28.2869 25.8147 25.6071 25.4232 25.4907 24.689 24.6733 58.7775 24.3176 24.1629 24.0869 23.9951 24.7185 24.47 30.8795 22.8117 52.2929 23.2846 22.3637
threshold=0.52083298563957225 3609708.5000000005 563.00000000000011 226.10199737548831 8.5000000000000018 1.0000000180025095e-35 1.5000000000000002 151.50000000000003 2588830.0000000005 1.0000000180025095e-35 136.50000000000003 3.5000000000000004 2822062.0000000005 14.992499828338625 6.5000000000000009 234.25000000000003 2.5000000000000004 -163.25758122955304 561.50000000000011 1.0000000180025095e-35 58.960000991821296 3.5000000000000004 1.0000000180025095e-35 102.50000000000001 11.500000000000002 1.5000000000000002 4.0217675066630258 103.50000000000001 3620.5000000000005 33.975000381469734
decision_type=8 2 2 2 2 2 8 10 2 2 10 2 2 2 8 2 10 2 8 2 2 8 8 10 10 2 2 10 2 2
left_child=8 3 6 9 -4 22 -3 -6 19 11 14 -2 -7 16 -11 29 -13 18 -12 -1 -20 -19 23 -5 25 26 -25 28 -28 -16
right_child=1 2 4 5 7 12 -8 -9 -10 10 17 13 -14 -15 15 -17 -18 21 20 -21 -22 -23 -24 24 -26 -27 27 -29 -30 -31
leaf_value=0.094789732641301055 -0.0086275946512031458 0.0011475329623923934 -0.007242055152671659 0.081723671742763321 0.038207357036334239 0.023160382685240313 0.028356671564637281 -0.032492390117149231 0.026348437750823336 -0.020678999430926132 -0.016730259910199007 -0.0042891340098328012 0.084512791122297662 0.017375936601271378 0.020383736369486802 -0.027402273582368273 -0.092278050174121454 -0.0050535091728604936 0.14121913643309411 -0.0012354115102125747 0.031641837542970772 0.057725872647680546 -0.010478486495159816 -0.00010734766965717639 -0.0066478480182858984 0.05562782876704625 -0.0042907661402202526 0.23113765017322924 0.095402895080307387 0.075274841136740753
leaf_weight=2.4644313836470237 775.42546047829092 499.8018267378211 28.680475973058492 4.7245236523449412 127.7217606427148 16.789482035674158 49.296980337705463 5.9428400285542002 165.504551934544 6.9658517437055698 9.0240892395377177 12.553333953022959 9.7605478046461922 69.926539098843932 11.267135998234158 4.0792866107076398 3.7207147777080527 192.34025478735566 4.4727278854697934 64.34063328569755 3.0435446230694652 5.6622693240642539 49.236388999037445 40.154791212640703 41.317057115025818 18.568889173679054 7.0795045364648086 1.2497136611491431 3.0028720516711473 16.408189871348441
leaf_count=18 46648 27074 906 115 2148 436 720 113 2326 239 275 161 84 881 442 51 18 8284 75 2103 42 26 3591 1166 1321 231 176 32 54 244
internal_value=0.00382883 0.00203248 0.00906684 -0.00179722 0.02759 0.0124182 0.00359031 0.035064 0.0194348 -0.00424384 0.00450437 -0.00681525 0.0457153 0.00948782 0.0312228 0.0426083 -0.0244059 -0.00031775 0.0348821 0.00230695 0.0968483 -0.00325821 0.00707122 0.014514 0.0116629 0.0224621 0.0105008 0.0480902 0.0254014 0.0529277
internal_weight=2250.53 2018.22 711.444 1306.77 162.345 191.884 549.099 133.665 232.31 1114.89 253.263 861.626 26.55 86.2006 38.7205 31.7546 16.274 214.543 16.5404 66.8051 7.51627 198.003 165.334 116.097 111.373 70.0558 51.4869 11.3321 10.0824 27.6753
internal_count=100000 95553 30961 64592 3167 7206 27794 2261 4447 57386 9678 47708 520 1060 976 737 179 8702 392 2121 117 8310 6686 3095 2980 1659 1428 262 230 686
is_linear=0
shrinkage=0.03


Tree=84
num_leaves=31
num_cat=0
split_feature=15 19 32 0 113 28 437 4 435 13 0 1 38 11 30 119 131 4 114 397 9 228 1 11 20 37 0 431 4 359
split_gain=67.0391 71.5119 65.8663 80.0833 61.8405 50.4259 45.6153 42.3005 48.4899 37.8919 38.6255 36.7765 35.4075 42.2865 35.2444 58.7349 32.6101 38.5238 31.5312 29.8821 29.465 29.2988 29.0959 30.4951 28.5274 28.4959 29.0308 35.553 29.8544 43.8131
threshold=4.5000000000000009 1.0000000180025095e-35 61.500000000000007 2326382.5000000005 1.5000000000000002 2.5000000000000004 760.50000000000011 558.50000000000011 0.38296459800641874 15.500000000000002 3138358.5000000005 134.95999908447268 49.500000000000007 2.5000000000000004 38.500000000000007 1.5000000000000002 1.5000000000000002 407.50000000000006 2.5000000000000004 -1.0000000180025095e-35 385.50000000000006 28.500000000000004 82.955497741699233 468.50000000000006 10.500000000000002 0.52083298563957225 3251531.0000000005 791.00000000000011 297.50000000000006 230.004997253418
decision_type=2 2 10 2 8 2 2 8 2 2 2 2 10 8 8 8 10 10 10 8 10 10 2 10 2 8 2 2 10 2
left_child=2 11 3 16 6 20 14 25 -9 -6 -11 12 13 -2 -5 19 18 -18 21 -16 -3 -1 -21 -24 -4 -8 -27 28 29 -28
right_child=1 5 24 4 9 -7 7 8 -10 10 -12 -13 -14 -15 15 -17 17 -19 -20 22 -22 -23 23 -25 -26 26 27 -29 -30 -31
leaf_value=-0.015537845488323637 0.16920676509576241 0.035466099849452981 -0.011287877170213383 -0.016342777100305766 0.00020795710936825701 -0.0066464191078710252 0.030372406479205208 0.079190685973325861 0.014299831704148242 0.0093514539752292108 0.032486005560848304 0.042744418036416945 -0.016320295118889157 0.020746801886317456 0.026627395827910575 0.058755499920842315 0.24010238403997206 0.0064335996465287593 0.059571982711911095 -0.013737157736642474 0.28141812746062328 0.22259008295819169 0.0027566690710952579 0.071379415506929209 0.22151102613619389 -0.0046599446831063649 0.0050087290690950725 0.043490608414441863 -0.0023128593448807503 0.050868183096689779
leaf_weight=226.88689699722454 1.7457195064052928 0.89888542518019565 321.34417885448784 143.15973074547946 86.045928622595966 114.01081140944734 40.496674565598369 15.732932083774356 30.370252209249884 109.472970652394 159.71261212974787 70.096873255446553 24.555265166796744 158.78751527145505 30.81440942781046 15.405134443193672 0.99102147109806482 1.767543777823448 5.2131202584132543 143.3270754525438 0.85568957310169935 0.46597556117921968 115.00667099934071 6.1393429557792834 0.47444226033985515 190.79727320186794 54.187230483163148 26.976961581036448 125.86731073027477 28.669411538168788
leaf_count=15269 27 55 20889 4771 2755 10247 653 446 1281 2753 2538 789 970 1322 642 164 28 26 39 8123 14 6 6625 348 20 9044 3039 658 5849 610
internal_value=0.00371136 0.0153663 0.00141085 0.0039638 0.00683369 -0.00419017 0.00290122 0.0090294 0.0364441 0.017538 0.0230776 0.0242382 0.0172294 0.0223612 -0.00402693 0.00164792 -0.0121608 0.0903797 -0.0133771 -0.00133138 0.155415 -0.0150498 -0.00458893 0.00623428 -0.0109447 0.00632293 0.0040394 0.0110814 0.00689263 0.0208767
internal_weight=2250.28 370.951 1879.33 1557.51 1322.18 115.765 966.95 513.098 46.1032 355.232 269.186 255.185 185.088 160.533 453.852 310.693 235.325 2.75857 232.566 295.287 1.75457 227.353 264.473 121.146 321.819 466.995 426.498 235.701 208.724 82.8566
internal_count=100000 13424 86576 65667 50299 10316 42253 21580 1727 8046 5291 3108 2319 1349 20673 15902 15368 54 15314 15738 69 15275 15096 6973 20909 19853 19200 10156 9498 3649
is_linear=0
shrinkage=0.03


Tree=85
num_leaves=31
num_cat=0
split_feature=46 0 106 310 7 36 1 4 4 436 43 435 49 343 0 213 15 431 362 438 435 62 1 176 411 1 26 27 15 9
split_gain=63.5933 80.892 71.2079 40.3238 37.5578 36.3721 33.884 34.0448 40.6243 48.5079 45.077 31.9537 36.1468 27.8849 32.7564 35.1227 27.3348 27.2563 26.711 25.6856 25.1003 28.9917 24.2722 30.831 26.064 24.0112 23.8644 23.6266 27.9937 37.757
threshold=1.0000000180025095e-35 2233744.5000000005 1.5000000000000002 4.5000000000000009 137.50000000000003 24.854166030883793 213.01999664306643 575.50000000000011 579.50000000000011 -120.76814343453267 272.50000000000006 0.67145399570681275 1.0000000180025095e-35 2.5000000000000004 2780106.5000000005 77.500000000000014 3.5000000000000004 415.00000000000006 178.91999816894534 2485.0000000000005 1.5316053905196636 1.0000000180025095e-35 47.954999923706062 1.5000000000000002 242.50000000000003 14.330500125885012 45.500000000000007 4.5000000000000009 3.5000000000000004 273.50000000000006
decision_type=2 2 8 10 8 10 2 8 8 2 10 2 2 2 2 8 2 2 2 2 2 8 2 2 10 2 2 2 2 8
left_child=1 17 3 4 11 13 7 26 10 18 -9 12 -3 14 15 -4 -7 -1 -10 -15 -13 -22 -16 24 -24 -5 27 28 -6 -30
right_child=-2 2 5 25 6 16 -8 8 9 -11 -12 20 -14 19 22 -17 -18 -19 -20 -21 21 -23 23 -25 -26 -27 -28 -29 29 -31
leaf_value=0.0016795576272017087 -0.0062539802573749964 0.035107581510661637 -0.0010722247510038905 -0.035193447994643808 -0.002157792908170243 -0.0069853074860564976 0.014838936465151158 -0.030852362716511206 0.071511256947314 -0.013397820157407177 0.35169370464771876 -0.0079111289645230135 -0.0092024121075652901 -0.033035698539726585 0.011382767426630414 0.041546589824150368 0.037022946925680117 -0.021266835921928448 -0.033163999601982498 0.017457137645326293 0.120301700353712 0.015635828145884666 0.026433778366574859 -0.017723265249000423 0.04988419059647542 0.04306649124487074 0.051430540424414528 -0.011198368333520449 0.14251009749757831 0.015962599259771726
leaf_weight=77.616319683846086 466.98740811552852 85.34427722543478 64.060293942689896 3.9373379722237578 434.67986080329865 69.098421750590205 132.38509787432849 0.45726879779249319 15.084876536391677 18.32207865640521 0.70407526195049286 66.785905129741877 20.561471682041883 14.20701707806438 41.404340912122279 23.894506164826453 15.563613330945371 116.54308032849804 2.5674638738855711 25.062521377578378 2.5570742320269337 34.7493666713126 75.855690051335841 8.8701298208907229 97.462970169261098 33.972016099840403 7.1762167513370505 242.13373583881184 2.2214137809351078 47.386914651375264
leaf_count=3906 30144 1835 2597 22 17871 2599 5302 32 390 962 27 1765 908 180 854 295 192 8985 74 237 63 949 1318 163 1481 227 39 16104 93 386
internal_value=0.00359976 0.00618394 0.00842081 0.00451145 0.00347521 0.0187537 0.00081794 -0.00159038 0.0264334 0.0207958 0.20107 0.0149031 0.0265049 0.0230129 0.0260157 0.0105059 0.00110483 -0.0120939 0.0562867 -0.000810268 0.00309921 0.0228099 0.0321168 0.0368289 0.0396207 0.0349383 -0.00300898 -0.00354678 0.000278849 0.0216293
internal_weight=2247.65 1780.67 1586.51 1151.03 1113.12 435.48 903.119 770.734 37.1358 35.9744 1.16134 209.998 105.906 350.817 311.548 87.9548 84.662 194.159 17.6523 39.2695 104.092 37.3064 223.593 182.189 173.319 37.9094 733.598 726.422 484.288 49.6083
internal_count=100000 69856 56965 47049 46800 9916 41280 35978 1485 1426 59 5520 2743 7125 6708 2892 2791 12891 464 417 2777 1012 3816 2962 2799 249 34493 34454 18350 479
is_linear=0
shrinkage=0.03


Tree=86
num_leaves=31
num_cat=0
split_feature=15 19 32 0 113 36 76 437 4 30 9 434 1 4 435 38 11 30 119 405 3 3 4 30 434 240 439 48 7 3
split_gain=61.7573 64.6661 61.3363 72.2715 53.5553 44.3767 44.3347 40.1269 36.9022 36.8953 34.4626 35.1032 33.9116 32.9515 44.7654 32.4806 33.87 32.172 54.5022 30.8871 28.9247 61.7158 43.2351 40.3491 35.8283 31.913 30.6414 36.0988 37.8883 54.9968
threshold=4.5000000000000009 1.0000000180025095e-35 61.500000000000007 2326382.5000000005 1.5000000000000002 24.854166030883793 2.5000000000000004 760.50000000000011 399.50000000000006 1.5000000000000002 296.50000000000006 -0.43544161313994562 134.95999908447268 558.50000000000011 0.38296459800641874 49.500000000000007 2.5000000000000004 38.500000000000007 1.5000000000000002 -224.99999999999997 10111.500000000002 9632.5000000000018 295.50000000000006 3.5000000000000004 0.6600631580309172 1.5000000000000002 62375.000000000007 1.0000000180025095e-35 223.50000000000003 1888.5000000000002
decision_type=2 2 10 2 8 10 10 2 10 8 10 2 2 8 2 10 8 8 8 8 2 2 10 8 2 10 2 2 10 2
left_child=2 12 3 19 6 8 7 17 -6 10 -3 -12 15 20 -15 16 -2 -5 -19 -1 21 25 23 -23 -24 26 -9 -28 -29 -30
right_child=1 9 -4 4 5 -7 -8 13 -10 -11 11 -13 -14 14 -16 -17 -18 18 -20 -21 -22 22 24 -25 -26 -27 27 28 29 -31
leaf_value=-0.024117918629377663 0.14522866329706652 -0.031638027047944516 -0.01071758527805927 -0.016509259018957931 0.0096390329887935389 -0.0056971032925489523 0.055538271548485084 -0.0092339297935509213 0.031016125610553925 -0.0078712287026564028 0.26643093095751735 0.064696131522876441 0.040907670992797539 0.071478458403979525 0.0099744411446329694 -0.016039717987180832 0.019753979915029606 -0.002069304998523458 0.055736674364755892 -0.0020074056677871184 -0.0032272419084018993 0.28569202661591492 0.0030725087957445964 0.07319444681993674 0.082089974047192746 0.063856091629998182 0.0018140865729292786 -0.012751854281223468 0.26148105041878883 0.047325308365761293
leaf_weight=101.78029843093827 1.9602511450648297 1.9623031690716732 318.14551976555958 140.02228944795206 132.82982773054391 67.170317627023906 14.111118880566208 96.91095189191401 160.48659904813394 109.01965254498646 1.0953307943418624 2.6652224631980062 70.1535137090832 16.507574079092592 30.018859418574721 24.144504270516336 157.65672471467406 290.03385164728388 15.462064709048716 128.84390169195831 201.44035220332444 0.85124878864735087 21.159905821550641 14.552819940727204 6.8318718541413537 8.0856691244989616 74.75779923517257 9.7450299551710469 1.1256561605259801 26.176562033593655
leaf_count=9127 27 75 20909 4752 2898 2382 139 4663 2766 10173 22 46 789 443 1273 970 1322 15689 162 6241 9180 22 576 403 126 67 3506 454 46 752
internal_value=0.00349154 0.0147173 0.00128677 0.00373666 0.00642821 0.0162984 0.00275174 0.00197068 0.0213354 -0.00397361 0.0702754 0.123455 0.0231636 0.00773261 0.0317961 0.0163895 0.0212949 -0.00460145 0.000856429 -0.0117653 0.00530736 0.0119147 0.0445716 0.0849373 0.0223581 0.00537797 0.00311252 0.0138142 0.0380294 0.0561548
internal_weight=2245.71 368.658 1877.05 1558.9 1328.28 360.487 967.794 953.683 293.316 114.743 5.72286 3.76055 253.915 508.164 46.5264 183.761 159.617 445.518 305.496 230.624 461.638 260.198 43.3958 15.4041 27.9918 216.802 208.716 111.805 37.0472 27.3022
internal_count=100000 13424 86576 65667 50299 8046 42253 42114 5664 10316 143 68 3108 21511 1716 2319 1349 20603 15851 15368 19795 10615 1127 425 702 9488 9421 4758 1252 798
is_linear=0
shrinkage=0.03


Tree=87
num_leaves=31
num_cat=0
split_feature=314 8 439 121 397 36 88 15 437 90 393 412 365 43 438 20 128 436 16 7 437 438 23 347 432 434 46 438 438 4
split_gain=59.7626 52.708 68.1316 43.9218 34.3372 36.9986 32.8997 29.6878 30.2039 51.2217 31.3432 34.2188 29.2906 157.767 28.6929 30.0468 28.5615 28.175 27.6251 36.7283 42.3332 27.7686 26.9489 32.0953 26.6619 26.5118 28.436 26.1579 34.9545 38.8679
threshold=1.5000000000000002 1.5000000000000002 62375.000000000007 1.0000000180025095e-35 -4.4999999999999991 109.77083206176759 1.5000000000000002 6.5000000000000009 6297.0000000000009 1.5000000000000002 54295.500000000007 696.50000000000011 135.92499542236331 507.50000000000006 69.500000000000014 1.5000000000000002 2.5000000000000004 -82.758204025036164 2.5000000000000004 198.50000000000003 18.500000000000004 33924.500000000007 1.5000000000000002 1.0000000180025095e-35 18.500000000000004 -0.73421951085762116 1.0000000180025095e-35 12639.000000000002 776.50000000000011 567.50000000000011
decision_type=10 2 2 10 8 10 10 2 2 8 8 10 2 8 2 2 10 2 2 8 2 2 2 2 2 2 2 2 2 8
left_child=1 2 6 16 17 14 7 8 10 -10 -1 -12 -5 -14 -6 -16 25 -4 19 -17 -21 22 -22 -24 -2 -3 27 28 -27 -30
right_child=24 3 4 12 5 -7 -8 -9 9 -11 11 -13 13 -15 15 18 -18 -19 -20 20 21 -23 23 -25 -26 26 -28 -29 29 -31
leaf_value=0.0229069524614295 0.033594065537748415 -0.01661929043223441 -0.0031455347176860713 -0.016668000513531359 0.047322375814861886 -0.027599377206156205 0.056143955154072472 0.02330895395054149 0.079447841647899531 -0.022405537667772289 -0.010626697857835415 0.18608986832623101 0.0066557487176940999 0.54933992198452841 0.0051098802668162833 -0.00012299519333592925 0.061882401723396617 0.041143499752844766 0.011517208006960229 0.15499615443625728 0.018803039403813247 -0.035791929196358513 0.1542042764251057 0.057103185369929893 0.0012616052810831562 -0.0068646914994685863 -0.0071113891973619394 -0.002028102587281783 0.012862220764725188 0.16464020228025961
leaf_weight=28.396220522467047 82.090383568312973 76.026553831528872 15.784693925641475 193.79820184689015 22.331994557287544 19.934069312177598 8.8609599517658335 36.68134187348187 9.7100427551195043 8.1933052330277842 294.03303171880543 0.79799912264570494 7.2472461350262156 0.51649072766304005 198.20991325564682 13.573438119143246 6.8584609366953364 71.417469082400203 62.98344986140728 3.6324774543754748 10.550588567275559 3.2802649899385861 3.9955491358414319 13.135137502104042 31.863382694777101 96.134385020472109 247.10861490480602 317.26372333196923 356.68939850060269 1.5249966769479204
leaf_count=998 901 3011 662 24245 498 885 107 746 253 309 11415 16 595 25 7407 322 59 970 1135 80 338 78 115 87 438 4543 13649 13770 12287 56
internal_value=0.00338695 0.00225385 0.0081851 -0.00150335 0.0162753 0.0120963 -0.000996372 -0.00233651 -0.00509413 0.0328356 -0.00719503 -0.0100943 -0.014379 0.0427584 0.0144819 0.0121112 0.000852521 0.0331266 0.0245964 0.0416986 0.0581079 0.0467407 0.056521 0.079751 0.0245534 0.000470176 0.00174555 0.00458199 0.00919769 0.0135084
internal_weight=2242.62 2128.67 825.502 1303.17 438.829 351.627 386.673 377.812 341.131 17.9033 323.227 294.831 201.562 7.76374 331.693 309.361 1101.61 87.2022 111.151 48.1675 34.594 30.9615 27.6813 17.1307 113.954 1094.75 1018.72 771.613 454.349 358.214
internal_count=100000 98661 26421 72240 12577 10945 13844 13737 12991 562 12429 11431 24865 620 10060 9562 47375 1632 2155 1020 698 618 540 202 1339 47316 44305 30656 16886 12343
is_linear=0
shrinkage=0.03


Tree=88
num_leaves=31
num_cat=0
split_feature=37 0 2 30 96 436 15 7 28 15 366 65 135 106 410 259 24 366 274 362 2 0 30 38 43 337 362 137 368 30
split_gain=57.5802 51.9238 71.0593 36.5683 35.5664 32.003 30.6683 33.7864 33.7076 41.2281 37.4501 30.1052 34.0655 28.5029 27.1445 26.242 25.881 25.4718 25.2632 25.2093 24.6367 24.6063 23.9363 23.6698 23.2786 29.7977 22.3979 19.5826 18.97 18.7306
threshold=0.52083298563957225 3609708.5000000005 1.5000000000000002 3.5000000000000004 3.5000000000000004 160.56327278859811 4.5000000000000009 103.00000000000001 75.500000000000014 47.500000000000007 134.87500000000003 1.0000000180025095e-35 1.0000000180025095e-35 1.0000000180025095e-35 321.50000000000006 145.69170379638675 1.0000000180025095e-35 233.92500305175784 2.5000000000000004 393.86000061035162 1.5000000000000002 2588830.0000000005 161.50000000000003 6.5000000000000009 502.50000000000006 2.5000000000000004 24.892900466918949 2.5000000000000004 117.07030105590822 2.5000000000000004
decision_type=8 2 2 8 8 2 2 10 2 2 2 10 8 8 8 8 2 2 10 2 2 2 10 8 10 2 2 10 2 8
left_child=15 5 4 11 -3 6 7 22 9 10 14 12 13 -4 -8 21 -17 28 -16 -19 -7 -1 -2 -24 25 -12 -23 -5 -13 -22
right_child=1 2 3 27 -6 20 8 -9 -10 -11 24 17 -14 -15 18 16 -18 19 -20 -21 29 26 23 -25 -26 -27 -28 -29 -30 -31
leaf_value=-0.0016899205286544999 0.0054632332574363089 0.015125825738322184 0.3189314023875896 -0.00058067029612220232 0.04359700945583922 0.069868732775946685 0.023632008530079324 -0.0072995388787500627 -0.02943631057989473 0.061447342973163691 0.068626902868376694 0.013975481923454935 0.04279078697898462 0.069458775567917658 -0.0018563761956511514 0.14935459574549273 0.03816087064925288 0.073697270180299645 -0.060485901652381359 -0.032782750628386439 0.040443048728878404 0.025302673307015279 0.15395614111259848 0.033660437779402662 0.17206056737704706 -0.021733489789489899 -0.0092077220343413629 0.22305015359576266 -0.029378855030058097 0.0047614509994749147
leaf_weight=62.051760205067694 80.489395117387176 119.57815829478204 0.76983875595033402 463.93320985557511 58.958515237085521 6.454410375095903 38.315547989681363 899.8034988953732 19.437302352394909 14.069256284274159 10.336599556729199 28.786243383772671 16.809077647514641 0.88718973379582178 86.119557355996221 2.0848341928795007 19.549054241739213 9.1281945258378965 7.1648082956671706 2.5629397146403781 15.319901248440145 129.54146420769393 1.6859455062076421 11.605828251224011 1.3029240262694646 4.8142377068288615 19.469716357067227 0.35267903283238311 13.270855464041231 97.549779238644987
leaf_count=2049 2654 2393 20 26356 819 76 310 49107 1872 423 212 702 322 24 4898 21 183 99 43 48 164 1773 34 264 32 180 421 9 169 4323
internal_value=0.00328128 0.00164532 0.00813378 0.00267813 0.0245279 -0.00193876 -0.00344186 -0.00551357 0.0078955 0.0123713 0.0077077 0.0225377 0.0555841 0.185361 0.00237259 0.0174089 0.0488765 0.011184 -0.00635948 0.0503546 0.0128643 0.0141835 0.0116223 0.0489189 0.0503788 0.0399145 0.0207936 -0.000410797 0.000295291 0.00960455
internal_weight=2242.2 2009.51 715.037 536.5 178.537 1294.47 1175.14 993.585 181.56 162.123 148.054 72.2143 18.4661 1.65703 131.6 232.697 21.6339 53.7482 93.2844 11.6911 119.324 211.063 93.7812 13.2918 16.4538 15.1508 149.011 464.286 42.0571 112.87
internal_count=100000 95553 30961 27749 3212 64592 60029 52059 7970 6098 5675 1384 366 44 5251 4447 204 1018 4941 147 4563 4243 2952 298 424 392 2194 26365 871 4487
is_linear=0
shrinkage=0.03


Tree=89
num_leaves=31
num_cat=0
split_feature=314 28 18 30 114 1 7 332 113 99 3 432 7 65 3 195 396 9 9 439 9 29 438 179 131 7 36 422 347 38
split_gain=54.6834 44.8599 44.8974 44.1297 33.8479 29.1416 34.223 38.6113 29.6158 28.8752 35.6519 24.9054 24.4861 25.142 26.2808 23.7614 26.5466 22.4336 21.9014 21.4886 26.6744 25.2995 44.426 25.2636 21.1907 20.8001 20.7365 21.511 20.566 20.1154
threshold=1.5000000000000002 1.0000000180025095e-35 3.5000000000000004 8.5000000000000018 2.5000000000000004 280.00500488281256 103.00000000000001 2.5000000000000004 1.0000000180025095e-35 1.5000000000000002 11210.500000000002 17.500000000000004 223.50000000000003 1.5000000000000002 2802.0000000000005 1.5000000000000002 1.5000000000000002 303.50000000000006 326.00000000000006 139597.50000000003 264.50000000000006 275.50000000000006 1.0000000180025095e-35 589.62500000000011 1.5000000000000002 233.00000000000003 55.062498092651374 100.50000000000001 2.5000000000000004 366.50000000000006
decision_type=10 2 2 8 10 2 8 2 10 10 2 2 8 10 2 10 10 8 8 2 10 2 2 2 10 8 10 2 2 10
left_child=1 15 3 4 25 6 7 -5 -9 12 17 28 24 -14 -15 16 -1 -11 -19 21 -21 -7 -23 -24 -8 29 27 -18 -2 -3
right_child=11 2 -4 5 -6 19 9 8 -10 10 -12 -13 13 14 -16 -17 26 18 -20 20 -22 22 23 -25 -26 -27 -28 -29 -30 -31
leaf_value=0.0094720376981307433 0.03865628791441876 0.0036311126467528892 0.021065908681529209 0.0010414193168303732 0.042090168474070114 -0.0061463701588669291 -0.015137593650781298 -0.033741899995932544 0.059517457584503337 -0.0073612881926282204 -0.020513391430527765 0.0036300176731447931 -0.0056271904857811963 0.13545071405702958 0.015738081692735766 -0.018739349990953651 0.043450742245928375 0.088614094717737096 0.028515507946732774 0.050391855166126785 0.0061729286301759525 0.35146598917765981 -0.016816951564634669 0.062312386968663362 0.057100500003395151 0.086281321931183305 -0.009458563253094637 -0.024208940199393045 -0.013157206433234203 0.042079617234914185
leaf_weight=289.86451744008809 68.008930782787502 289.60182606894523 87.155118215829134 67.4094636621885 25.360755568370223 77.446597075555474 329.13631189707667 3.6101476959884193 20.281972859986126 10.973920414689927 18.751614808570594 37.972616790328175 677.55340131372213 1.7588003333658004 26.788905109744519 22.04209241643548 50.689180290326476 7.1452228827402022 23.103158351499587 21.535787442699075 28.560579114593565 0.39194832183420558 6.4310844498686484 8.3410823456943017 3.6957731973379842 2.8786690384149543 9.8408969826996309 4.6140108611434689 7.6723438063636413 12.787255673669277
leaf_count=5023 709 6903 802 3187 160 4147 21592 63 123 452 644 527 49720 35 590 499 542 123 391 951 1476 14 450 182 59 30 138 60 103 305
internal_value=0.00318119 0.00209821 7.66585e-05 -0.00102299 0.00878773 -0.00345653 -0.00499252 0.0126561 0.0454258 -0.00645884 0.0137814 0.023456 -0.00762723 -0.0044652 0.0231135 0.0114845 0.0133611 0.0293818 0.0427119 0.00935394 0.0251821 0.000791945 0.0362275 0.0278633 -0.0143355 0.00602106 0.0306659 0.0378058 0.0334036 0.005257
internal_weight=2241.4 2127.75 1750.7 1663.54 330.629 1332.92 1190.21 91.3016 23.8921 1098.91 59.9739 113.654 1038.93 706.101 28.5477 377.051 355.009 41.2223 30.2484 142.707 50.0964 92.6107 15.1641 14.7722 332.832 305.268 65.1441 55.3032 75.6813 302.389
internal_count=100000 98661 92399 91597 7398 84199 76979 3373 186 73606 1610 1339 71996 50345 625 6262 5763 966 514 7220 2427 4793 646 632 21651 7238 740 602 812 7208
is_linear=0
shrinkage=0.03


Tree=90
num_leaves=31
num_cat=0
split_feature=15 28 24 32 0 113 36 437 7 9 367 367 4 30 119 4 435 405 23 3 3 4 439 179 364 434 7 396 9 181
split_gain=53.5349 60.3443 56.5669 55.3659 65.5417 45.4869 39.5236 38.6013 37.1008 33.2331 32.6205 97.2378 32.4838 32.1756 46.1904 31.907 33.8417 30.1333 26.2329 25.5045 55.1058 34.9884 30.5625 34.0257 30.6354 28.8901 26.8663 41.5939 36.3092 41.8188
threshold=4.5000000000000009 2.5000000000000004 7.5000000000000009 61.500000000000007 2326382.5000000005 1.5000000000000002 24.854166030883793 760.50000000000011 225.50000000000003 324.50000000000006 138.92499542236331 140.94999694824222 399.50000000000006 38.500000000000007 1.5000000000000002 558.50000000000011 0.38296459800641874 -224.99999999999997 8.5000000000000018 10111.500000000002 9632.5000000000018 295.50000000000006 62375.000000000007 1225.3599853515627 896.50000000000011 0.6600631580309172 218.00000000000003 4.5000000000000009 328.50000000000006 58.975000381469734
decision_type=2 2 2 10 2 8 10 2 10 10 2 2 10 8 10 8 2 8 2 2 2 10 2 2 2 2 10 10 10 2
left_child=3 9 8 4 17 7 12 13 -3 -2 -10 -12 -7 -6 -15 19 -17 -1 -5 20 22 -22 24 26 -9 -23 27 -24 -28 -30
right_child=1 2 -4 18 5 6 -8 15 10 -11 11 -13 -14 14 -16 16 -18 -19 -20 -21 21 25 23 -25 -26 -27 28 -29 29 -31
leaf_value=-0.023940081182034917 0.026070738725394355 -0.016996928951133583 0.030673965026317727 -0.01082037518202819 -0.015921296087370796 0.0086631410921718475 -0.0058592306174306431 -0.0077038699350484218 0.0043445694034470496 0.077685592229540357 0.40944476152869957 0.03593831617171829 0.028578916019862382 -0.0012834157619370542 0.050898378953039662 0.064283464320073813 0.012414704944148697 -0.0019245844671157547 0.2047864468576269 -0.0023065038260677018 0.077068021489645824 0.0049470309818825317 -0.014867243440538865 0.10532464224301157 0.24543891964120304 0.074055288815320836 0.013027009817597275 0.18706344476059139 0.055948011291742983 0.33958031691755275
leaf_weight=99.286736011505127 99.747000318020582 87.062255180906504 60.875979981385171 312.83758819708601 139.49937550071627 134.14884027466178 67.242219688836485 100.04276655334979 96.307531870901585 12.650918569415806 0.67796496488153835 8.3956579049117845 163.59561449009925 292.62200755113736 16.107453661505133 17.665901488624513 31.520410495344549 128.20621627941728 0.50870955735444923 204.69106478663161 16.300230664666742 21.847581447102133 33.316111181862652 3.7060252390801898 0.43212201818823714 7.2510458827018729 66.709731000009924 0.94406610727310081 14.003905847202983 0.48401618003845293
leaf_count=9127 733 5217 535 20893 4771 2898 2382 4702 6602 111 14 212 2766 15738 164 446 1281 6241 16 9209 425 579 1538 43 7 126 2528 15 671 10
internal_value=0.00308698 0.0135857 0.00546838 0.00103699 0.00334895 0.00589039 0.0149144 0.00248487 -0.00250495 0.0318802 0.00946782 0.0638461 0.0196059 -0.00396388 0.00143908 0.00805517 0.031044 -0.011533 -0.0104703 0.00564796 0.0117913 0.0418796 0.00557207 0.0158479 -0.00661515 0.022168 0.0129758 -0.00930288 0.022376 0.0654237
internal_weight=2238.69 365.717 253.319 1872.97 1559.62 1332.13 364.987 967.144 192.443 112.398 105.381 9.07362 297.744 448.229 308.729 518.915 49.1863 227.493 313.346 469.729 265.038 45.3989 219.639 119.164 100.475 29.0986 115.458 34.2602 81.1977 14.4879
internal_count=100000 13424 12580 86576 65667 50299 8046 42253 12045 844 6828 226 5664 20673 15902 21580 1727 15368 20909 19853 10644 1130 9514 4805 4709 705 4762 1553 3209 681
is_linear=0
shrinkage=0.03


Tree=91
num_leaves=31
num_cat=0
split_feature=46 0 106 439 19 7 3 23 0 36 97 116 422 396 32 4 362 436 431 343 4 71 411 0 25 10 107 4 179 26
split_gain=51.3563 66.9918 55.7054 41.0368 53.8688 32.019 31.5993 31.4309 30.1965 29.1182 27.2207 26.5377 26.264 29.0471 26.2465 44.9685 26.1447 30.9152 25.2408 24.4886 23.6275 51.453 31.0627 23.5079 34.9613 23.9687 23.4371 26.7383 41.2358 28.7045
threshold=1.0000000180025095e-35 2233744.5000000005 1.5000000000000002 62375.000000000007 1.0000000180025095e-35 118.50000000000001 11654.500000000002 3.5000000000000004 2495404.0000000005 57.687498092651374 1.5000000000000002 2.5000000000000004 74.500000000000014 1.5000000000000002 5.5000000000000009 314.50000000000006 19.960000038146976 356.4243709258663 415.00000000000006 2.5000000000000004 181.50000000000003 1.0000000180025095e-35 562.00000000000011 2780106.5000000005 2.5000000000000004 66.500000000000014 1.5000000000000002 561.50000000000011 67.924999237060561 1.5000000000000002
decision_type=2 2 8 2 2 8 2 2 2 10 8 8 2 10 10 8 2 2 2 2 10 10 8 2 2 10 10 10 2 2
left_child=1 18 3 5 6 14 7 12 -9 19 11 -7 13 -5 -3 -16 17 20 -1 23 21 -8 -23 24 25 -4 27 29 -29 -12
right_child=-2 2 9 4 -6 10 16 8 -10 -11 26 -13 -14 -15 15 -17 -18 -19 -20 -21 -22 22 -24 -25 -26 -27 -28 28 -30 -31
leaf_value=0.0015309398299728784 -0.0059495974720466588 0.0023596862643708544 0.055427509932819537 0.015222345193334142 -0.0118661614216333 -0.012734208268189906 0.27365520610779476 0.14453094935970615 0.039260590675705517 -0.0021446748353839726 -0.0027753681196078929 0.066576801761186868 -0.011344475887341955 0.046035628702058594 0.081549697915930058 -0.0045028139792352975 -0.01253080237545268 0.13463407580627035 -0.020838533741566991 -0.0027125125148846738 0.001536225040999873 0.062145997761704916 -0.0067190889348471613 0.027212405649210576 0.047305206223271126 -0.0042050944841690316 -0.022172475424124385 0.11722756974305153 0.0051826779263576322 0.027359833365928295
leaf_weight=77.046822044067085 459.1017788220197 34.065442819613963 6.6331530883908263 281.87953822454438 94.932745866011828 253.05821776995435 0.78788587125018494 2.9105302523821619 15.579339512623845 65.147977678570896 126.3962968159467 3.8548272131010881 29.579812279902399 30.514710157178342 12.609047553502025 9.6469074999913556 66.964545545633882 1.7991884229704727 110.51649445109069 39.666397673077881 82.154951185453683 11.618188713677226 11.966928424313666 240.55928442627192 17.992532926611602 70.976163771003485 28.345997627824545 4.9135499428957683 7.4209243766963482 36.709610134363174
leaf_count=3906 30144 1289 56 7908 10060 11567 38 34 272 2293 7292 42 604 358 231 382 2386 41 8985 440 2750 111 494 4090 160 2877 479 185 223 303
internal_value=0.00299462 0.00530641 0.00730828 0.00382617 0.00896233 -0.00243918 0.012653 0.0177338 0.0558314 0.016371 -0.00504954 -0.0115442 0.0156739 0.0182322 0.0189131 0.04425 0.00220517 0.0113145 -0.0116497 0.0195806 0.0092317 0.0351711 0.0272043 0.0222112 0.00962678 0.000891616 0.00313826 0.00722773 0.0498168 0.00400704
internal_weight=2235.35 1776.25 1588.68 1147.71 630.688 517.021 535.756 360.464 18.4899 440.976 460.699 256.913 341.974 312.394 56.3214 22.256 175.292 108.327 187.563 375.828 106.528 24.373 23.5851 336.161 95.6018 77.6093 203.786 175.44 12.3345 163.106
internal_count=100000 69856 56965 47049 25056 21993 14996 9176 306 9916 20091 11609 8870 8266 1902 613 5820 3434 12891 7623 3393 643 605 7183 3093 2933 8482 8003 408 7595
is_linear=0
shrinkage=0.03


Tree=92
num_leaves=31
num_cat=0
split_feature=37 1 26 411 128 36 313 114 113 439 3 436 364 359 43 1 5 439 439 404 421 2 48 7 49 135 367 38 189 367
split_gain=49.8457 48.0117 50.6034 44.7492 26.8075 24.7958 23.745 23.5835 25.8144 26.112 24.0203 30.7238 31.3671 39.2806 35.3916 24.9505 22.8866 28.9653 39.6817 24.9838 35.2726 29.9821 25.2108 38.7437 36.0148 30.7791 46.5189 55.7674 35.4825 34.7301
threshold=0.52083298563957225 138.08399963378909 45.500000000000007 274.50000000000006 2.5000000000000004 90.604167938232436 1.5000000000000002 1.5000000000000002 1.0000000180025095e-35 62375.000000000007 1901.0000000000002 -163.25758122955304 209.72499847412112 664.50000000000011 164.50000000000003 76.952999114990249 182.50000000000003 410.50000000000006 139597.50000000003 51.500000000000007 42.500000000000007 1.5000000000000002 1.0000000180025095e-35 124.50000000000001 1.0000000180025095e-35 1.0000000180025095e-35 54.534400939941413 488.50000000000006 413.61000061035162 57.975000381469734
decision_type=8 2 2 10 10 10 8 10 10 2 2 2 2 2 8 2 2 2 2 10 2 2 2 10 2 8 2 8 2 2
left_child=6 2 4 -3 7 -5 -1 10 -9 -10 11 15 -13 14 -14 -2 19 -18 -19 22 -21 -22 25 24 -24 26 28 29 -12 -28
right_child=1 3 -4 5 -6 -7 -8 8 9 -11 16 12 13 -15 -16 -17 17 18 -20 20 21 -23 23 -25 -26 -27 27 -29 -30 -31
leaf_value=0.0098847582231305579 0.047391426068328635 0.0047106361097512001 0.050649564892491936 0.031589203925103504 0.047782990782962768 -0.013406282615713434 0.030967635681790218 0.1397102637312404 -0.012189639600821098 0.017230351330422718 -0.0092345735029916581 0.003807185957251161 0.41216787780697212 -0.031115365138154688 0.091373124071236864 0.20776255923856005 0.050657722755454347 -0.010482255097099533 0.010778802187615658 -0.0074804558025573743 0.053007631459221397 -0.001735419903378299 0.044014705777855281 -0.0065222083929805264 -0.012057070565436907 -0.016192767645238932 0.22767457058352769 0.3382009427639936 0.28164597511126532 0.027102269608457918
leaf_weight=163.85742858983576 3.001391803380101 479.5203083162196 16.482658490538597 93.25054019363597 9.5819042772054654 12.500138084404169 68.044632540550083 1.3585931248962868 39.084015547297895 88.934615315403789 73.322270554490387 42.497184895910323 0.5411010296083979 0.89442983968183387 0.72320605022832762 1.2312980312854049 10.706742214970289 153.1481447480619 163.19735603407025 56.013211132958531 21.654183579608798 15.413411264307795 28.822891170158982 229.35761430114508 16.050391861237586 425.19516263110563 0.8139972765930058 0.56786391790956159 0.37937499675899644 17.082754681818187
leaf_count=3700 142 19947 95 2128 94 465 747 32 885 1625 7152 2623 19 38 24 34 197 4564 3128 2561 507 769 725 11117 546 35244 93 23 5 771
internal_value=0.00290425 0.00137857 -0.0016087 0.00860623 -0.00222414 0.0262706 0.0160709 -0.00256886 0.00962893 0.00824844 -0.00382073 0.0167959 0.009474 0.121032 0.228668 0.0940437 -0.00465253 0.00212845 0.000485969 -0.00715937 0.00754274 0.0302444 -0.00888814 -0.0015345 0.0239588 -0.012786 0.00293068 0.0455119 -0.00773728 0.0362249
internal_weight=2233.23 2001.33 1416.06 585.271 1399.57 105.751 231.902 1389.99 129.377 128.019 1260.61 48.8886 44.6559 2.15874 1.26431 4.23269 1211.73 327.052 316.346 884.673 93.0808 37.0676 791.592 274.231 44.8733 517.361 92.1663 18.4646 73.7016 17.8968
internal_count=100000 95553 73013 22540 72918 2593 4447 72824 2542 2510 70282 2880 2704 81 43 176 67402 7889 7692 59513 3837 1276 55676 12388 1271 43288 8044 887 7157 864
is_linear=0
shrinkage=0.03


Tree=93
num_leaves=31
num_cat=0
split_feature=15 28 18 32 0 431 436 366 437 38 9 0 37 13 131 48 28 27 438 0 14 437 437 14 12 25 13 38 436 0
split_gain=49.3325 55.2115 51.5945 50.6744 60.5647 51.0805 37.6756 36.9445 30.6931 41.0732 29.9027 28.6155 26.9464 26.2033 25.7592 25.2678 32.0291 43.6289 63.5297 37.7656 24.6054 24.7997 24.2417 24.2289 24.0342 23.7153 29.7741 29.3738 29.2926 29.9609
threshold=4.5000000000000009 2.5000000000000004 7.5000000000000009 61.500000000000007 3251531.0000000005 753.50000000000011 65.618209219858159 134.87500000000003 5937.0000000000009 507.50000000000006 324.50000000000006 2233744.5000000005 0.43749949336051946 8.5000000000000018 1.5000000000000002 1.0000000180025095e-35 1.5000000000000002 4.5000000000000009 238.50000000000003 2405923.0000000005 36.500000000000007 8779.0000000000018 161.50000000000003 18.500000000000004 1.5000000000000002 1.5000000000000002 20.500000000000004 424.50000000000006 356.4243709258663 3695441.5000000005
decision_type=2 2 2 10 2 2 2 2 2 10 10 2 8 2 10 2 2 2 2 2 2 2 2 2 8 2 2 10 2 2
left_child=3 10 7 4 6 25 11 23 22 -10 -2 14 24 -7 -1 -14 -17 18 -18 -20 21 -15 -9 -3 -13 -6 27 28 -27 -30
right_child=1 2 -4 -5 5 13 -8 8 9 -11 -12 12 15 20 -16 16 17 -19 19 -21 -22 -23 -24 -25 -26 26 -28 -29 29 -31
leaf_value=-0.018785995821231017 0.025003420695134504 -0.0020924375775004935 0.037066723929369973 -0.010238977682824111 0.00059427587222948732 -0.0011417306031406467 0.011609763945284398 0.044910323716397763 0.054417411361280199 0.26387730159327855 0.07395266477121322 0.12860004802397138 -0.0087380220143644608 0.03295705877275782 0.098385121942292056 -0.0012570728144465592 0.29169910148957112 -0.0051469507781044931 0.15425203108684429 0.027077686466005967 -0.011557159854857632 -0.021816958608871069 -0.011202033166023525 -0.036718460776957527 0.012427652840159373 0.00049618487334622075 0.039807409697399557 0.064647205280502176 0.22824806007016021 0.021533263631301126
leaf_weight=142.45843526348472 97.871469177305698 158.02631105296314 38.652809161692858 309.36602593678981 397.42920676851645 36.605135300662369 138.94427498243749 12.80401543620974 5.2257452602498224 1.0045174434781072 12.688267474062739 1.6419864390045404 356.52696222020313 148.78882249491289 1.7088842373341311 79.677140912972391 1.1111394129693533 11.513976482674478 2.688519653864204 9.6258402280509454 13.807760041207073 7.8309863889589897 15.10243752133101 20.552846572361887 67.072327256202698 99.525855811312795 33.058235774748027 7.4965346795506766 1.0277420282363885 1.6348131746053693
leaf_count=11415 733 11038 290 20909 18511 1128 4984 309 116 10 111 29 17107 2377 32 3053 30 386 46 269 314 214 625 192 1346 3248 745 359 27 47
internal_value=0.00281535 0.0129533 0.00518242 0.000852728 0.0030521 0.0092175 -0.00261457 -0.000611302 0.0279844 0.088189 0.030621 -0.00554678 -0.00232247 0.0218875 -0.0173971 -0.00493401 0.00802981 0.0376997 0.0744459 0.0548429 0.0268338 0.0302184 0.0145434 -0.00607758 0.0152037 0.00436146 0.0148502 0.00732823 0.00312331 0.101325
internal_weight=2231.47 361.928 251.369 1869.54 1560.17 747.205 812.969 212.716 34.1367 6.23026 110.56 674.025 529.858 207.033 144.167 461.144 104.617 24.9395 13.4255 12.3144 170.428 156.62 27.9065 178.579 68.7143 540.172 142.743 109.685 102.188 2.66256
internal_count=100000 13424 12580 86576 65667 26970 38697 12290 1060 126 844 33713 22266 4033 11447 20891 3784 731 345 315 2905 2591 934 11230 1375 22937 4426 3681 3322 74
is_linear=0
shrinkage=0.03


Tree=94
num_leaves=31
num_cat=0
split_feature=15 28 24 28 0 113 437 187 0 27 20 438 435 438 335 3 20 13 43 48 23 397 362 362 20 27 135 438 176 252
split_gain=46.5658 52.4803 48.9551 45.3485 38.4691 41.2516 36.3519 39.4206 35.3007 34.8442 36.1312 82.4948 32.8282 32.4122 43.5852 39.0219 94.0912 29.9129 30.4406 28.9469 31.9088 28.4919 27.946 33.9011 28.3674 55.7743 29.6577 35.0564 27.9825 27.0478
threshold=4.5000000000000009 2.5000000000000004 7.5000000000000009 1.0000000180025095e-35 3118809.0000000005 1.5000000000000002 760.50000000000011 38.975000381469734 2417806.0000000005 10.500000000000002 5.5000000000000009 36962.500000000007 0.18834838285549052 12639.000000000002 4.5000000000000009 1888.5000000000002 1.5000000000000002 15.500000000000002 32.500000000000007 1.0000000180025095e-35 7.5000000000000009 -11.499999999999998 102.92499923706056 92.202751159667983 4.5000000000000009 6.5000000000000009 1.5000000000000002 33924.500000000007 2.5000000000000004 2.5000000000000004
decision_type=2 2 2 2 2 8 2 2 2 2 2 2 2 2 2 2 2 2 10 2 2 8 2 2 2 2 10 2 2 10
left_child=3 -2 29 8 19 6 7 -6 21 13 -11 -12 -9 14 15 16 -8 -7 -19 20 -5 -1 23 24 26 -26 -21 -28 -24 -3
right_child=1 2 -4 4 5 17 9 12 -10 10 11 -13 -14 -15 -16 -17 -18 18 -20 22 -22 -23 28 -25 25 -27 27 -29 -30 -31
leaf_value=0.038469460418685833 0.029884682989573367 -0.00070751664525160491 0.028713318586308989 -0.01055023871725283 -0.010060836300083243 -0.0049277616808936437 2.8590344148733674e-06 0.34439074951081994 0.014420370593949907 -0.018826268756657702 -0.030959619680907473 0.50412230623745558 0.036150736137530268 0.00046447704127339364 0.061025723453507312 0.011142631142368785 0.35919521615738587 0.028096180022567065 -0.032790094231450441 0.002763001941785889 0.24792343712190457 -0.016420370533218421 -0.011170128516257807 0.076246439964233401 0.35731175099012646 -0.031245543089244036 0.033902611907478127 0.22313830221497855 0.1181288666479938 -0.078456827341975136
leaf_weight=9.8626118302345258 109.89287992380559 187.17705137236044 59.824200974777341 512.2103607156314 301.09218664327636 43.687626555096358 1.930956355761736 0.31897480599582095 310.63272259477526 54.565755496732891 0.76419666176661738 0.39250443875789642 12.383947377558796 139.40887719579041 20.764322966337204 115.09409213066101 0.99433877924457181 111.83991150930524 7.9131022524088612 69.33569925557822 0.43021421460434695 62.103307175450027 76.742447369731963 7.713824418373405 0.61448085028678068 0.72447721473872662 3.6151474788784972 1.1649745553731916 1.5365543356165279 4.1155332289636126
leaf_count=252 844 12022 535 35325 17474 1383 108 11 4200 3448 43 18 481 7395 173 5848 36 2025 219 3760 18 1895 2172 106 12 31 105 23 15 23
internal_value=0.0027306 0.012594 0.00502726 0.000824243 -0.00154826 0.0028531 -0.00054535 -0.00787679 0.0100342 0.00634434 -0.0153091 0.15061 0.0438908 0.0106816 0.0209446 0.0138928 0.122096 0.016321 0.0240729 -0.00684455 -0.0103333 -0.00889796 0.00423328 0.0163423 0.0102182 0.147073 0.00774582 0.0800217 -0.00863209 -0.00238024
internal_weight=2228.85 361.01 251.117 1867.84 1485.24 811.151 647.71 313.795 382.599 333.915 55.7225 1.1567 12.7029 278.193 138.784 118.019 2.9253 163.441 119.753 674.088 512.641 71.9659 161.448 83.1686 75.4548 1.33896 74.1158 4.78012 78.279 191.293
internal_count=100000 13424 12580 86576 80229 38662 35035 17966 6347 17069 3509 61 492 13560 6165 5992 144 3627 2244 41567 35343 2147 6224 4037 3931 43 3888 128 2187 12045
is_linear=0
shrinkage=0.03


Tree=95
num_leaves=31
num_cat=0
split_feature=314 0 2 3 3 421 30 392 372 65 3 134 5 43 436 422 4 436 432 3 3 15 366 23 337 134 228 3 99 354
split_gain=44.7319 37.0226 51.82 40.334 44.3419 32.6754 31.6086 30.6348 25.9714 24.1726 28.3607 26.4075 23.3962 24.6707 22.9275 22.7465 22.6043 31.6179 22.4498 20.9566 19.7599 19.7182 35.9578 23.0094 20.9597 21.5237 20.2673 19.4047 19.0064 18.7809
threshold=1.5000000000000002 3609708.5000000005 1.5000000000000002 11654.500000000002 8758.5000000000018 41.000000000000007 3.5000000000000004 -44.499999999999993 193.50000000000003 1.0000000180025095e-35 1901.0000000000002 1.0000000180025095e-35 149.50000000000003 55.500000000000007 139.52487634724676 122.50000000000001 1.0000000180025095e-35 -152.03558623267952 18.500000000000004 9803.5000000000018 10618.000000000002 4.5000000000000009 145.92499542236331 8.5000000000000018 8.5000000000000018 1.5000000000000002 28.500000000000004 7509.0000000000009 1.5000000000000002 1.5000000000000002
decision_type=10 2 2 2 2 2 8 8 2 10 2 8 2 8 2 2 10 2 2 2 2 2 2 2 2 10 10 2 10 2
left_child=1 3 5 4 7 12 9 -1 14 11 -11 -4 -3 -14 15 28 17 -9 29 -17 -16 23 -23 24 25 26 -18 -12 -6 -2
right_child=18 2 6 -5 8 -7 -8 16 -10 10 27 -13 13 -15 20 19 21 -19 -20 -21 -22 22 -24 -25 -26 -27 -28 -29 -30 -31
leaf_value=0.042937680757403042 0.03611297597865358 -0.02740918596592808 0.14733217345121311 -0.0082388320521353912 0.0081141717285499477 0.043813245619798477 -0.00071149639992379096 0.081248361747440837 -0.030730115734488538 0.079720111131240681 -0.025884058806366853 0.036493482743455839 0.02310727786954208 -0.0068591044235583693 0.055012632173515326 -0.0029546888602049967 -0.0096625178538990702 0.00082835588859914524 -0.00044271942158317787 0.17985301176243876 -0.012851910849430203 -0.00027709579696077942 0.049449895708204718 0.18760508674140286 0.031947832194188064 0.021213182133266759 0.16651721248579929 0.015299391257077367 0.039235296426693621 -0.0027289141317449
leaf_weight=13.252355217933653 66.673288713209331 11.478425413370131 2.1693049781024483 482.52635058248416 233.29000726016238 41.087464481592178 467.30523391393945 6.7194456383585957 12.193796664476393 4.7855055108666411 14.55207255296409 17.879588142968714 121.40913386642933 31.049650011584163 19.70366233447567 0.95903797773644273 437.45632613683119 12.746379684191195 31.103050062898546 1.3714970587752757 4.8025353746488681 72.430402738507837 15.973555012140421 0.54770351573824783 12.143553379923103 21.655368816107512 0.58845107443630595 35.213287414982915 19.108264613430947 13.466492676176129
leaf_count=242 721 378 46 25691 10771 602 26507 129 325 54 296 323 2064 603 575 40 24065 582 438 36 229 3190 299 14 258 370 5 668 299 180
internal_value=0.00264801 0.00167247 0.00704378 -0.00126141 0.00254312 0.0198904 0.00218338 -0.00216255 0.0121265 0.0203174 0.00996458 0.0484863 0.0138946 0.0170043 0.013998 0.0113317 -0.00319258 0.0285887 0.0211901 0.104626 0.0417131 -0.00429574 0.00870799 -0.00672927 -0.00695485 -0.00798251 -0.00942585 0.00325679 0.0104703 0.0295861
internal_weight=2225.64 2114.4 746.93 1367.47 884.942 205.025 541.905 593.514 291.429 74.5998 54.5509 20.0489 163.937 152.459 279.235 254.729 580.261 19.4658 111.243 2.33054 24.5062 560.795 88.404 472.391 471.844 459.7 438.045 49.7654 252.398 80.1398
internal_count=100000 98661 31541 67120 41429 3647 27894 29154 12275 1387 1018 369 3045 2667 11950 11146 28912 711 1339 76 804 28201 3489 24712 24698 24440 24070 964 11070 901
is_linear=0
shrinkage=0.03


Tree=96
num_leaves=31
num_cat=0
split_feature=46 0 1 411 11 30 310 422 421 7 14 49 0 431 437 4 38 38 36 183 438 439 30 1 185 75 101 439 21 439
split_gain=43.5166 57.143 45.7479 49.7423 41.6062 40.333 35.7342 29.5178 49.0825 48.3147 33.7557 33.7178 26.1158 24.4481 24.159 28.1913 31.3686 26.7547 23.3248 22.7661 22.0145 26.048 20.8164 20.6282 20.4362 20.7973 20.8172 19.5907 36.0365 24.4994
threshold=1.0000000180025095e-35 2233744.5000000005 134.95999908447268 274.50000000000006 35.500000000000007 266.50000000000006 4.5000000000000009 62.500000000000007 42.500000000000007 137.50000000000003 18.500000000000004 1.0000000180025095e-35 3214244.5000000005 415.00000000000006 779.50000000000011 558.50000000000011 2.5000000000000004 1.0000000180025095e-35 122.91666793823244 75.06000137329103 431.00000000000006 27811.000000000004 7.5000000000000009 8.5409998893737811 679.50000000000011 2.5000000000000004 2.5000000000000004 410.50000000000006 1.5000000000000002 62375.000000000007
decision_type=2 2 2 10 10 10 10 2 2 8 2 2 2 2 2 8 8 10 10 2 2 2 10 2 2 10 10 2 2 2
left_child=1 13 5 4 -4 6 7 8 9 11 -10 12 19 -1 -11 27 17 -17 -5 -3 -14 -22 24 -8 25 26 -2 28 -16 -29
right_child=22 2 3 18 -6 -7 23 -9 10 14 -12 -13 20 -15 15 16 -18 -19 -20 -21 21 -23 -24 -25 -26 -27 -28 29 -30 -31
leaf_value=0.0017707038927340347 -0.0032234787968232121 0.0040341516278454767 0.0052418054502905717 0.036087347488605308 0.043141154567172157 -0.019459193273862786 -0.030379481228673268 -0.0069701833736014514 -0.0026767750297015929 -0.0054730963522977988 0.057303737935351214 -0.014661896588858586 -0.010317540824440124 -0.020527649210631715 0.01064459441624506 0.05952245633155314 0.0068331334874972734 0.21763144728030176 -0.01583051890196225 0.061410176997770752 0.072949123005580069 0.030976763667142027 -0.013666698700761048 0.039171598262755007 0.036067184205594009 0.12603340844373453 0.23187051985681559 -0.010324236367797749 0.08294926527047719 0.0073747171257409162
leaf_weight=75.89626833749935 259.40757981687784 55.656173626892269 278.47967268060893 103.23092287499458 28.762355528306216 65.204498231876642 4.2758717685937873 189.80643225554377 12.226710033137349 293.15895197167993 27.297455337364227 22.667344084009528 8.0534460064955038 106.13975852588192 40.857078197877854 9.8432186520658451 13.714632007759063 1.0677131041884411 8.4235119451768679 7.0076575702987602 18.122835448011756 50.080552665516734 179.48307646764442 37.470895507372916 13.081964689306913 1.1305649261921633 0.33942978968843718 109.60191773856059 7.31432613544166 196.73739021224901
leaf_count=3906 15650 1185 10098 1482 802 5685 25 5875 443 13032 272 934 206 8985 2210 227 434 11 263 87 324 861 14300 303 150 28 16 4127 42 8037
internal_value=0.00256722 0.00469031 0.00651416 0.0150218 0.00878974 0.00346861 0.0048216 0.00375256 0.0060828 0.0045345 0.0387489 0.0192639 0.0247994 -0.0112308 0.000994264 0.00599501 0.0370336 0.0749946 0.0321705 0.0104505 0.0365906 0.0421296 -0.00572534 0.0320479 -0.000522605 -0.00235744 -0.00291626 0.00383896 0.0216233 0.00104239
internal_weight=2224.54 1771.1 1589.06 418.896 307.242 1170.17 1104.96 1063.21 873.407 833.883 39.5242 161.588 138.921 182.036 672.295 379.136 24.6256 10.9109 111.654 62.6638 76.2568 68.2034 453.443 41.7468 273.96 260.878 259.747 354.511 48.1714 306.339
internal_count=100000 69856 56965 12645 10900 44320 38635 38307 32432 31717 715 3597 2663 12891 28120 15088 672 238 1745 1272 1391 1185 30144 328 15844 15694 15666 14416 2252 12164
is_linear=0
shrinkage=0.03


Tree=97
num_leaves=31
num_cat=0
split_feature=122 0 106 439 8 362 195 296 1 29 431 18 424 424 434 438 0 0 89 183 32 9 422 14 215 129 393 128 437 434
split_gain=41.7923 46.5088 47.0106 51.8159 34.7607 30.7053 30.0036 29.0601 24.903 27.457 24.7202 23.9958 23.7893 34.0318 23.1931 23.1783 26.6286 23.3816 23.0483 31.8945 27.4843 22.7831 22.7184 31.1924 26.4298 26.0337 24.8163 21.9545 21.7447 21.2137
threshold=1.0000000180025095e-35 2238627.5000000005 1.5000000000000002 62375.000000000007 1.5000000000000002 357.97500610351568 2.5000000000000004 1.5000000000000002 140.07649993896487 3.5000000000000004 415.00000000000006 8.5000000000000018 96.500000000000014 162.50000000000003 0.71392690102306366 54.500000000000007 3012855.5000000005 2261850.0000000005 1.5000000000000002 38.98500061035157 529.50000000000011 319.50000000000006 47.500000000000007 18.500000000000004 77.500000000000014 1.5000000000000002 59246.000000000007 1.0000000180025095e-35 2216.5000000000005 -0.53723071940391043
decision_type=10 2 8 2 2 2 10 10 2 2 2 2 2 2 2 2 2 2 8 2 8 8 2 2 8 8 8 10 2 2
left_child=1 10 3 11 15 18 7 8 22 12 -1 -3 -10 -14 -15 16 27 -17 20 -20 29 -18 23 25 -24 -4 -25 -5 -26 -6
right_child=-2 2 6 4 5 -7 -8 -9 9 -11 -12 -13 13 14 -16 17 21 -19 19 -21 -22 -23 24 26 28 -27 -28 -29 -30 -31
leaf_value=0.0013753087608455131 -0.0090898139751908955 -0.0049769627077602043 0.018766165963979502 0.051831282367711097 -0.014327888564846104 -0.018865333200273299 -0.022239912489973278 0.038587802887805875 0.039572989458165932 -0.005722038177791728 -0.019517383418463322 0.036007836576352932 -0.011922966005234726 0.049243070099721571 -0.01543069307707128 0.098169948004161428 -0.026756930044981694 0.013388395972653074 0.011741814747196145 0.06386253373573926 0.23866765875731868 0.062983605408537632 -0.011514144337602155 0.060443171133671099 0.056987657114997696 -0.010837080965086635 0.010165454257267073 0.16410928214680343 -0.015916337792038111 0.0056322973304084294
leaf_weight=97.058176075108349 249.02687700698152 568.52441777894273 63.932337315287441 3.749349343590441 57.319005594123155 51.09487953549251 19.895271374378353 43.878818220458925 71.252969631925225 26.015050563029945 107.33403973653913 13.154246238060294 25.675170645583421 23.157197034917775 6.3614296643063417 2.9638401260599485 4.7948076929897043 239.50823679426685 55.261985575314611 13.064794596284626 0.44352813251316447 5.4290025383234033 79.958924496080726 20.316966478712857 10.22911253897473 45.953762342687696 15.634598554577677 2.6932961139827967 5.7529084002599111 292.28916691895574
leaf_count=4372 29963 21574 954 38 2789 2083 499 323 1005 437 9212 88 646 356 86 57 98 4449 978 138 21 77 3308 247 97 1563 324 40 42 14136
internal_value=0.0024908 0.0039527 0.00551877 0.00262679 0.00795722 0.00308891 0.0137922 0.0154284 0.0128508 0.0223458 -0.00959623 -0.00405012 0.0281204 0.0133357 0.0353055 0.016777 0.050999 0.0144247 0.00577009 0.0217078 0.00265919 0.0208967 0.0068634 0.0143222 -0.00447453 0.00638625 0.0385784 0.0987682 0.030745 0.00235978
internal_weight=2221.72 1972.7 1768.31 1310.29 728.612 469.473 458.015 438.119 394.24 152.462 204.392 581.679 126.447 55.1938 29.5186 259.139 16.6665 242.472 418.378 68.3268 350.052 10.2238 241.779 145.838 95.9409 109.886 35.9516 6.44265 15.982 349.608
internal_count=100000 70037 56453 46566 24904 20145 9887 9388 9065 2530 13584 21662 2093 1088 442 4759 253 4506 18062 1116 16946 175 6535 3088 3447 2517 571 78 139 16925
is_linear=0
shrinkage=0.03


Tree=98
num_leaves=31
num_cat=0
split_feature=15 28 18 28 0 113 437 187 27 20 14 439 0 438 335 3 29 29 20 9 48 23 7 343 397 19 4 39 1 101
split_gain=42.1977 48.0255 44.7925 39.7492 33.6182 34.0117 32.7833 35.9913 31.4642 47.4787 30.3307 29.708 29.4825 28.9962 38.354 33.4068 41.1443 72.7946 28.2132 27.0403 26.8018 34.1418 32.6526 55.6201 26.5344 26.4539 89.5759 155.641 83.343 30.0648
threshold=4.5000000000000009 2.5000000000000004 7.5000000000000009 1.0000000180025095e-35 3118809.0000000005 1.5000000000000002 760.50000000000011 38.975000381469734 10.500000000000002 10.500000000000002 18.500000000000004 35332.000000000007 2417806.0000000005 12639.000000000002 4.5000000000000009 2584.0000000000005 153.50000000000003 227.50000000000003 67.500000000000014 324.50000000000006 1.0000000180025095e-35 8.5000000000000018 134.50000000000003 1.5000000000000002 -11.499999999999998 52.500000000000007 158.50000000000003 298.50000000000006 225.67500305175784 1.5000000000000002
decision_type=2 2 2 2 2 8 2 2 2 2 2 2 2 2 2 2 2 2 2 10 2 2 10 2 8 2 8 10 2 10
left_child=3 19 10 12 20 6 7 -6 13 -10 18 -7 24 14 15 16 -8 -18 25 -2 21 -5 23 -22 -1 29 27 -27 -28 -3
right_child=1 2 -4 4 5 11 8 -9 9 -11 -12 -13 -14 -15 -16 -17 17 -19 -20 -21 22 -23 -24 -25 -26 26 28 -29 -30 -31
leaf_value=0.03679371743302385 0.023159216230233214 0.0031452428656953916 0.03482287706045261 -0.010260943696336376 -0.0098239502431174668 -0.0036188613588035551 0.034849914111335964 0.0409593293541861 -0.017099793958500288 0.35572190519264518 -0.035479762620908392 0.023440090469702982 0.013142229060981414 0.00020419434149242371 0.056493146669394048 0.0092623883246508911 0.47758633635259612 0.056327322323132069 -0.025872461983539412 0.069914588290640525 0.063943637853128954 0.26596755114766385 -0.0019343033917665255 -0.030523498079791031 -0.01584780194603122 0.064804646632744323 -0.0025889924348735166 1.1846677098758811 0.47534218658543637 0.078916756234187771
leaf_weight=10.052327238023279 94.590410486795008 155.30411286000162 37.618300102651119 503.27467556111515 297.14296837104484 54.282025346998125 4.3961592409759751 13.114602713845668 54.339477179106325 0.30917416512966056 20.39478350803256 111.57932868087664 313.67136268038303 140.10435582650825 21.363804868422449 114.37998174736276 0.58866398967802502 0.99018507217988372 26.275836580898613 12.617392300628124 18.087470712140206 0.40303200110793014 135.2164027960971 8.1309464722871763 60.387157490476966 0.31568017089739342 4.2905410300008953 0.17285647708922625 0.35559940338134755 4.8603973002172998
leaf_count=252 733 8327 290 35334 17474 1629 185 492 3504 5 194 1998 4200 7395 173 5750 21 36 2899 111 476 9 5598 150 1895 44 434 25 20 347
internal_value=0.00241709 0.0118682 0.00465466 0.00060589 -0.00162898 0.00246482 -0.00064339 -0.00767734 0.00584255 -0.0149906 -0.00069929 0.0145844 0.00920359 0.00988232 0.0194502 0.0128748 0.082028 0.213391 0.00300339 0.0286619 -0.00663051 -0.0100399 0.00400684 0.0346472 -0.0083354 0.00759347 0.0746217 0.46104 0.0339902 0.00544463
internal_weight=2218.61 356.796 249.588 1861.81 1477.7 812.591 646.729 310.258 336.472 54.6487 211.97 165.861 384.111 281.823 141.719 120.355 5.97501 1.57885 191.575 107.208 665.113 503.678 161.435 26.2184 70.4395 165.299 5.13468 0.488537 4.64614 160.165
internal_count=100000 13424 12580 86576 80229 38662 35035 17966 17069 3509 12290 3627 6347 13560 6165 5992 242 57 12096 844 41567 35343 6224 626 2147 9197 523 69 454 8674
is_linear=0
shrinkage=0.03


Tree=99
num_leaves=31
num_cat=0
split_feature=15 28 32 0 18 428 1 366 38 4 48 37 5 365 38 295 4 107 6 9 30 14 9 130 409 366 138 423 14 7
split_gain=39.636 45.774 43.1481 45.9421 42.5231 35.7615 34.621 31.8225 34.851 28.6415 28.0581 35.1918 27.9702 27.2906 26.9744 26.2586 26.247 25.6843 26.0364 25.1342 23.9004 23.751 23.3797 23.3112 27.3705 22.9083 22.3443 22.1068 21.8538 21.8473
threshold=4.5000000000000009 2.5000000000000004 61.500000000000007 3251531.0000000005 7.5000000000000009 1.0000000180025095e-35 226.10199737548831 175.92499542236331 476.50000000000006 414.50000000000006 1.0000000180025095e-35 0.43749949336051946 149.50000000000003 58.397850036621101 1.0000000180025095e-35 1.5000000000000002 590.50000000000011 1.5000000000000002 2.5000000000000004 324.50000000000006 25.500000000000004 36.500000000000007 273.50000000000006 2.5000000000000004 17.500000000000004 129.21299743652347 2.5000000000000004 28.000000000000004 18.500000000000004 225.50000000000003
decision_type=2 2 10 2 2 2 2 2 10 10 2 8 2 2 8 8 8 10 2 10 10 2 8 8 10 2 10 8 2 10
left_child=2 19 3 6 7 14 10 28 9 -9 11 23 -7 -11 -5 16 20 22 -19 -2 21 -14 26 -1 -25 29 -16 -8 -3 -24
right_child=1 4 -4 5 -6 12 27 8 -10 13 -12 -13 15 -15 17 -17 -18 18 -20 -21 -22 -23 25 24 -26 -27 -28 -29 -30 -31
leaf_value=0.025384190626489347 0.02262138597380443 -0.0017468814728903552 -0.009793415258442302 -0.0044105195478491939 0.033979198091964216 -0.025327314734618921 -0.020131339228876981 -0.017205917443163066 0.13109071786946247 0.097388053733065347 0.0075018987835890252 -0.011268551566168343 0.018940969902070174 0.014211387588330781 0.01456503446515829 0.036564348799202409 0.12371712826532164 -0.036222171564533195 0.051373549212284951 0.067676313004199587 -0.029781441666691374 -0.023013276146650257 -0.011266975063468349 -0.010064035320007025 0.13417121229289686 -0.020173576016507683 0.14823050196385806 0.017419651477525399 -0.034891631098813713 0.018987157405841077
leaf_weight=42.634203318972141 93.944070298224688 162.48661506175995 301.9946988564916 224.65859598480165 37.399132762104273 13.118149923626332 16.305536468047649 11.820197194349026 2.6881697368808082 5.6409017108380786 129.69554883614182 464.09512089751661 145.15356689086184 9.5787691418081504 129.02942161913961 61.21637985855341 1.9289549449458707 3.5697588212788132 21.133965523447841 12.643244772218166 11.271668142173437 13.253113369457422 36.550301597453654 41.58291079569608 1.2187904794700433 42.980451765470207 1.1354728695005167 104.78700680471957 20.120586075820029 52.106579374521971
leaf_count=768 733 11255 20909 11882 290 439 667 489 51 119 4667 27346 3096 182 4711 604 23 63 208 111 382 334 1658 1595 17 1173 12 3637 194 2385
internal_value=0.00234114 0.011507 0.000584677 0.00259705 0.0044824 0.00789462 -0.00241447 -0.000712949 0.0280712 0.0178295 -0.00504905 -0.00801121 0.0172943 0.0450393 0.00337204 0.0196958 0.0136784 0.00947459 0.0387157 0.0279657 0.0124274 0.0154309 0.00671539 0.00968293 -0.0059569 -0.00219941 0.015731 0.0123633 -0.00539894 0.00651438
internal_weight=2215.74 356.322 1859.42 1557.43 249.734 757.106 800.319 212.335 29.728 27.0399 679.227 549.531 245.942 15.2197 511.165 232.824 171.607 286.506 24.7037 106.587 169.678 158.407 261.802 85.4359 42.8017 131.637 130.165 121.093 182.607 88.6569
internal_count=100000 13424 86576 65667 12580 26970 38697 12290 841 790 34393 29726 4878 301 22092 4439 3835 10210 271 844 3812 3430 9939 2380 1612 5216 4723 4304 11449 4043
is_linear=0
shrinkage=0.03


Tree=100
num_leaves=31
num_cat=0
split_feature=4 34 27 397 15 182 135 361 194 1 105 341 40 1 143 32 88 367 370 13 353 114 437 186 5 4 43 16 27 39
split_gain=585.87 1399.2 828.706 404.706 183.716 384.175 372.168 148.145 131.303 121.88 96.6852 131.638 83.0845 81.1086 76.3481 71.8385 134.468 99.5681 85.2676 68.0735 87.5661 176.89 74.7827 64.9897 64.2256 60.9725 67.5811 56.0065 53.3751 63.3975
threshold=1.0000000180025095e-35 1.0000000180025095e-35 1.0000000180025095e-35 -1.0000000180025095e-35 9.5000000000000018 1951.0000000000002 3.5000000000000004 318.69999694824224 4.5000000000000009 43.995000839233406 2.5000000000000004 4.5000000000000009 539.50000000000011 6.4680001735687265 1.0000000180025095e-35 19.500000000000004 2.5000000000000004 107.25000000000001 3439.5000000000005 34.500000000000007 1.0000000180025095e-35 1.5000000000000002 670.00000000000011 614.25000000000011 216.00000000000003 579.50000000000011 20.500000000000004 5.5000000000000009 1.0000000180025095e-35 6.5000000000000009
decision_type=10 8 2 8 2 2 10 8 10 2 10 10 10 2 10 10 10 10 8 2 10 10 2 2 8 8 10 2 2 10
left_child=1 2 -1 -4 8 6 14 13 9 12 11 15 -2 -3 23 17 18 24 -17 -19 -21 22 -22 -6 28 27 -27 -16 29 -11
right_child=4 7 3 -5 5 -7 -8 -9 -10 10 -12 -13 -14 -15 25 16 -18 19 -20 20 21 -23 -24 -25 -26 26 -28 -29 -30 -31
leaf_value=0.19908706510077942 -0.01069577569660077 0.23989405592154595 0.85227118312446781 0.17245396538656343 0.03413268029263225 0.76334781818281772 0.80127206394168771 0.29852422453271898 0.23770524836215964 0.013322209796784914 -0.12621959404306585 0.34312393749661124 0.28616514441434754 -0.011061405960518991 0.13164764525359576 -0.0086601152335485255 0.20165479198285671 0.018624127080104944 0.094969846422511051 0.038053076896020235 0.53442999060381735 0.065359445710348671 0.2134687855456387 0.16444535340468314 0.17828645234767918 0.33809184520952618 -0.030412660465550211 -0.018853193719229094 -0.00028501404093998821 0.12311589943869437
leaf_weight=8.5346827805042249 680.92323155840859 1.2012849748134602 3.5312466509640217 1.0145689975470311 140.03583277622238 0.64216082124039431 0.55908827669918437 1.5402590576559294 2.0974712446331969 298.648074189201 5.0436803251504889 1.0376894511282433 0.84956791158765455 32.996667467057705 2.3364876178093246 409.53929216973484 2.8024097364395848 137.46684348024428 7.2727814819663754 35.943197665270418 1.1130326697602844 8.0807508379220963 1.5818976024165747 3.531258142553269 1.9233560264110554 0.95964343147352227 0.83992610359564424 46.795690437313169 621.92727514309809 4.809482190757989
leaf_count=67 24111 11 106 20 2015 27 24 23 21 4335 29 18 24 1500 89 26135 36 2986 53 677 27 56 23 59 20 25 80 5423 31879 101
internal_value=0.00498948 0.107883 0.373357 0.700545 0.00291103 0.0307763 0.0283645 0.0107167 0.000455795 0.000231536 0.00491394 0.00534562 -0.0103259 -0.00224599 0.0261428 0.00511669 -0.0054594 0.00910941 -0.00685192 0.0292565 0.0605414 0.135553 0.346029 0.0373379 0.00510772 -0.00541415 0.166097 -0.0116961 0.00474777 0.0150623
internal_weight=2465.58 48.8187 13.0805 4.54582 2416.76 195.7 195.058 35.7382 2221.06 2218.96 1537.19 1532.15 681.773 34.198 194.499 1531.11 419.614 1111.49 416.812 184.186 46.7189 10.7757 2.69493 143.567 927.308 50.9317 1.79957 49.1322 925.385 303.458
internal_count=100000 1727 193 126 98273 7742 7715 1534 90531 90510 66375 66346 24135 1511 7691 66328 26224 40104 26188 3769 783 106 50 2074 36335 5617 105 5512 36315 4436
is_linear=0
shrinkage=0.03


Tree=101
num_leaves=31
num_cat=0
split_feature=392 4 27 322 178 341 26 123 100 436 27 25 43 12 176 71 12 373 27 27 393 437 119 364 101 438 437 212 105 105
split_gain=501.11 850.319 235.116 109.811 109.448 117.661 80.5786 72.8658 76.1437 55.274 54.2307 58.5931 70.5843 75.3193 65.1692 72.1433 54.3659 54.1961 52.1964 102.119 60.007 55.1415 49.5089 96.0197 49.067 83.2996 126.491 47.4062 45.6662 45.1961
threshold=-47.499999999999993 1.0000000180025095e-35 1.0000000180025095e-35 57.76155090332032 39.975000381469734 4.5000000000000009 6.5000000000000009 1.0000000180025095e-35 1.0000000180025095e-35 -177.88523370608959 1.0000000180025095e-35 3.5000000000000004 27.500000000000004 6.5000000000000009 2.5000000000000004 1.0000000180025095e-35 887.00000000000011 91.95999908447267 49.500000000000007 61.500000000000007 3450.0000000000005 5464.5000000000009 1.0000000180025095e-35 107.15295028686525 1.0000000180025095e-35 879.00000000000011 324.50000000000006 191.50000000000003 2.5000000000000004 2.5000000000000004
decision_type=8 10 2 8 2 8 2 10 10 2 2 2 8 8 2 8 10 10 2 2 8 2 8 10 8 2 2 10 10 10
left_child=1 2 -1 9 6 18 7 8 10 -3 -2 12 13 -12 16 -16 -13 28 20 21 -6 -20 23 -22 25 26 -21 -14 -15 -24
right_child=4 3 -4 -5 5 -7 -8 -9 -10 -11 11 14 27 17 15 -17 -18 -19 19 24 22 -23 29 -25 -26 -27 -28 -29 -30 -31
leaf_value=0.16860208890099906 0.019299679429618449 0.17728988866794909 0.39542027510198302 0.27004418293801391 0.11904982142947199 0.21965266409462716 0.031139582908586705 -0.01162391223457571 -0.014030973450887335 0.010102045193161834 0.32327326050914096 0.017161466437725707 -0.009639798822235637 0.0083597839864216466 0.05012270545418096 0.44322047223757671 0.15949800722341978 0.075028967136813618 0.093852153588868725 0.013893602154949562 -0.041085025247723971 0.26935825956227366 0.010210196642470613 0.31252176545792099 -0.016201687266823774 0.032428960191380342 0.61144627548819908 0.040962245009586097 -0.11774114661514981 -0.11009484590779164
leaf_weight=9.0133171081542987 196.68270091619343 1.8498441809788335 7.5655130855739108 1.586587369441985 4.6059212666004896 2.5140379443764678 68.66699330508709 507.64816868910566 227.82978942291811 46.955387535504997 0.69062541611492634 87.478250774089247 470.56615385739133 303.60528717422858 1.0627850629389286 0.69492837227880833 2.483677875250577 11.011038018856196 8.915209374390539 0.67221504449844605 1.3738084933720531 1.9665462113916881 459.71966212755069 1.390828260220587 15.672493112739174 6.502738730981946 0.60646023601293564 17.274210638832301 2.6068362444639197 2.8277379125356665
leaf_count=62 3140 29 109 23 49 26 541 10594 28017 538 9 3794 25227 15831 24 26 17 211 157 37 44 27 9809 23 851 275 14 466 14 16
internal_value=0.00479526 0.0857387 0.272107 0.0244237 0.00254134 0.0149276 -0.000765266 -0.00196267 0.00174729 0.0164389 0.0050327 0.00190607 -0.000680136 0.010319 0.0246258 0.205538 0.0210911 0.00963766 0.0139069 0.049614 0.0112979 0.12557 0.0102313 0.136807 0.0143735 0.0759546 0.297306 -0.007848 0.00728627 0.00947472
internal_weight=2472.04 66.9706 16.5788 50.3918 2405.07 506.768 1898.3 1829.63 1321.99 48.8052 1094.16 897.474 805.754 317.914 91.7196 1.75771 89.9619 317.223 504.254 34.3357 469.918 10.8818 465.312 2.76464 23.4539 7.78141 1.27868 487.84 306.212 462.547
internal_count=100000 761 171 590 99239 11328 87911 87370 76776 567 48759 45619 41758 16065 3861 50 3811 16056 11302 1361 9941 184 9892 67 1177 326 51 25693 15845 9825
is_linear=0
shrinkage=0.03


Tree=102
num_leaves=31
num_cat=0
split_feature=392 435 15 19 135 182 1 74 322 13 48 43 105 142 341 27 40 334 43 48 372 104 434 360 23 429 291 88 362 343
split_gain=436.211 586.17 175.195 245.278 198.745 126.976 118.909 141.246 96.674 94.5556 87.323 195.085 78.1988 75.161 69.3594 65.4741 61.1663 60.4729 59.2639 95.3358 104.671 151.292 112.129 79.6219 74.4918 70.5787 67.9873 57.9084 61.8775 90.3858
threshold=-47.499999999999993 0.22393718230229989 9.5000000000000018 12.500000000000002 3.5000000000000004 1951.0000000000002 43.995000839233406 1.5000000000000002 23.231499671936039 1.5000000000000002 1.0000000180025095e-35 210.50000000000003 2.5000000000000004 1.0000000180025095e-35 4.5000000000000009 1.0000000180025095e-35 539.50000000000011 5.5000000000000009 52.500000000000007 -1.0000000180025095e-35 40.08964920043946 1.0000000180025095e-35 -0.40900289130604017 4896.2500000000009 12.500000000000002 1.0000000180025095e-35 1.0000000180025095e-35 2.5000000000000004 171.23999786376956 3.5000000000000004
decision_type=8 2 2 2 10 2 2 10 8 2 2 8 10 10 10 2 10 8 10 2 10 10 2 8 2 2 10 10 10 10
left_child=1 9 3 6 5 13 16 12 -3 15 11 -5 14 17 18 -1 -2 -4 19 25 -21 27 -23 24 -20 -8 -27 28 29 -22
right_child=2 8 4 10 -6 -7 7 -9 -10 -11 -12 -13 -14 -15 -16 -17 -18 -19 23 20 21 22 -24 -25 -26 26 -28 -29 -30 -31
leaf_value=0.1689341897596289 -0.011291222325326053 0.0089610425795815293 0.034473241978300651 1.4565403934601979 0.47295848248534644 0.29919557915038208 -0.0068510332376439092 0.16527893722759529 0.23383610323077328 0.035137557174466941 0.20302151101633178 0.25872223067630218 -0.10910671140197145 -0.005669682047336218 0.24487225548005881 0.27533616807882672 0.2120782431990261 0.1995678458601155 -0.0071566253627408693 0.011662373428728052 0.040282650906941907 0.36750042469528815 0.10825063718366322 0.093731019403317573 0.38898136577912285 0.0068172197318974873 0.056588676146881275 0.19698906683401687 -0.00025806015775719983 0.21783793746935157
leaf_weight=10.440169442445043 651.95255261845887 46.070200809277594 138.51134893624112 0.20174837950616964 0.90651877969503303 1.5381871890276659 425.96347861178219 4.8922616690397254 1.7873089388012875 2.7609435264021149 0.63158442545682192 0.31103154364973307 5.4984238445758811 50.980710153002292 1.0772173982113589 10.379611167125404 1.1052053999155749 2.0260223262011996 439.26324535300955 447.97550342744216 20.363435672596101 1.7257563685998309 11.554333496838806 7.2108647106215349 0.42764197383075853 121.61708451295272 30.996122774668038 1.814419338479637 35.119676223024726 2.9547380516305557
leaf_count=73 24074 507 2091 19 24 27 17265 47 26 39 13 30 29 5680 14 116 24 16 30052 15761 646 34 126 56 10 2313 340 18 495 35
internal_value=0.0046253 0.0776807 0.00245672 6.02035e-05 0.0297953 0.0277144 -0.000167008 0.0043361 0.0173593 0.200104 0.439153 0.729992 0.00382928 0.025534 0.00423041 0.22198 -0.0109132 0.0368533 0.00406284 0.00780538 0.0171076 0.0502811 0.14194 -0.00514971 -0.00677134 -0.000579301 0.0169259 0.0300786 0.0248963 0.0627814
internal_weight=2478.06 71.4382 2406.62 2212.66 193.963 193.056 2211.51 1558.45 47.8575 23.5807 1.14436 0.51278 1553.56 191.518 1548.06 20.8198 653.058 140.537 1546.99 1100.08 521.508 73.5324 13.2801 446.902 439.691 578.577 152.613 60.2523 58.4378 23.3182
internal_count=100000 761 99239 91401 7838 7814 91339 67241 533 228 62 49 67194 7787 67165 189 24098 2107 67151 37033 17115 1354 160 30118 30062 19918 2653 1194 1176 681
is_linear=0
shrinkage=0.03


Tree=103
num_leaves=31
num_cat=0
split_feature=392 435 15 1 28 27 182 194 322 105 13 365 341 370 3 88 9 27 362 373 3 434 28 411 129 434 27 40 393 39
split_gain=385.383 444.51 164.109 116.146 106.827 220.512 148.924 99.4905 89.3844 71.5791 63.5916 57.5022 53.4184 50.9547 62.1673 51.5544 76.7069 60.5973 69.3101 68.4974 86.0167 56.7385 51.9049 52.7725 51.5467 51.6941 49.6531 48.7413 48.0814 47.7912
threshold=-47.499999999999993 0.22393718230229989 9.5000000000000018 43.995000839233406 9.5000000000000018 60.500000000000007 472.42500305175787 2.5000000000000004 28.18645000457764 2.5000000000000004 1.5000000000000002 222.74500274658206 4.5000000000000009 2234.0000000000005 15020.500000000002 2.5000000000000004 474.00000000000006 3.5000000000000004 97.02500152587892 91.95999908447267 5939.0000000000009 -0.26664457954528836 1.0000000180025095e-35 108.00000000000001 2.5000000000000004 -0.27525569793576338 1.5000000000000002 539.50000000000011 17180.000000000004 6.5000000000000009
decision_type=8 2 2 2 2 2 2 10 10 10 2 8 10 10 2 10 10 2 10 10 2 2 2 8 10 2 2 10 8 10
left_child=1 10 3 27 5 -4 -7 9 -3 12 -1 -6 13 15 -15 17 -17 18 22 21 -21 24 23 -5 25 26 -20 -2 -25 -30
right_child=2 8 4 7 11 6 -8 -9 -10 -11 -12 -13 -14 14 -16 16 -18 -19 19 20 -22 -23 -24 28 -26 -27 -28 -29 29 -31
leaf_value=0.18418886230706791 -0.011004407481872588 0.0088285528987642505 0.038846901545761509 0.15153057020152272 -0.0021708384216053908 0.067360975679399554 0.38927043789987376 0.15220040001513893 0.22900357750225442 -0.10203557524020851 0.033465930373796311 0.11102790395192372 0.18216470485099598 -0.009578368266211959 0.073803214251503574 -0.025698607584877166 0.20797890929679549 -0.0054801414577533136 0.10515289333563212 0.16970805904346867 0.037717005026902402 0.0063146596647671695 -0.0018167995749925094 0.096457892871437287 0.2432103339042655 0.20941088897948729 0.017166226890361298 0.17120074283586617 0.0090721625998243724 0.093040840951319828
leaf_weight=24.271916547790173 646.80478881858289 46.531193810515106 104.54546178830788 2.473528103902936 80.585899491328746 2.4248983971774569 2.7719495701603591 4.0921025946736327 1.7208352014422406 5.699817143380641 2.8110998431220642 4.2518066600896409 1.5211312808096398 13.317083297297357 20.337716387584805 2.3710115626454344 2.7085324078798294 492.17448293883353 7.2443105629645279 6.1119106193073121 16.279485540930182 108.43652010569349 537.69183103786781 6.0092074479907751 1.188674073666333 1.598838276695459 28.409743599127978 1.3240561001002777 301.19426089432091 6.2264725491404525
leaf_count=189 24086 509 1515 31 6054 135 50 28 24 29 39 84 16 173 124 28 22 30037 115 81 256 2596 28309 53 15 30 816 24 4401 131
internal_value=0.0044601 0.0712759 0.00236957 4.72917e-05 0.0287839 0.0483282 0.239064 0.00446984 0.0166808 0.00408257 0.168544 0.00350234 0.00447147 0.00429751 0.0408094 0.00348915 0.0989037 0.00316925 0.0073311 0.0248678 0.073745 0.0174165 0.00385355 0.0135049 0.0487327 0.0425272 0.0350437 -0.0106322 0.0124156 0.0107729
internal_weight=2483.13 75.335 2407.8 2213.22 194.58 109.742 5.19685 1565.09 48.252 1560.99 27.083 84.8377 1555.29 1553.77 33.6548 1520.12 5.07954 1515.04 1022.86 169.269 22.3914 146.878 853.595 315.903 38.4416 37.2529 35.6541 648.129 313.43 307.421
internal_count=100000 761 99239 91401 7838 1700 185 67291 533 67263 228 6138 67234 67218 297 66921 50 66871 36834 3909 337 3572 32925 4616 976 961 931 24110 4585 4532
is_linear=0
shrinkage=0.03


Tree=104
num_leaves=31
num_cat=0
split_feature=392 13 15 19 25 1 28 27 193 38 324 105 9 365 11 88 32 13 135 352 23 370 121 341 11 11 438 286 40 127
split_gain=344.325 356.034 153.571 132.533 110.64 106.063 99.776 151.419 85.7999 76.2933 67.8313 65.0247 51.2542 50.1599 49.4818 53.1018 65.0122 127.623 54.6648 69.5255 51.3063 49.4924 49.7533 49.4833 49.3054 64.3408 43.0449 41.4414 40.5416 36.9549
threshold=-47.499999999999993 1.5000000000000002 9.5000000000000018 12.500000000000002 1.5000000000000002 43.995000839233406 9.5000000000000018 58.500000000000007 1.5000000000000002 339.50000000000006 28.18645000457764 2.5000000000000004 226.50000000000003 222.74500274658206 184.50000000000003 2.5000000000000004 19.500000000000004 1.0000000180025095e-35 1.5000000000000002 1.0000000180025095e-35 12.500000000000002 2708.079956054688 1.5000000000000002 3.5000000000000004 24.500000000000004 36.500000000000007 5859.0000000000009 21.500000000000004 539.50000000000011 1.0000000180025095e-35
decision_type=8 2 2 2 2 2 2 2 10 8 10 10 10 8 10 10 10 2 10 10 2 10 8 10 10 8 2 10 10 10
left_child=1 4 3 5 -1 27 7 29 11 12 -3 14 -9 -8 15 16 18 -18 -7 24 21 22 23 -16 -20 -26 -21 28 -2 -4
right_child=2 10 6 -5 -6 8 13 9 -10 -11 -12 -13 -14 -15 20 -17 17 -19 19 26 -22 -23 -24 -25 25 -27 -28 -29 -30 -31
leaf_value=0.16694088255809719 -0.011019062322950435 0.005009791065750952 0.041909710609005987 0.24991947107094145 0.015409961935681777 0.003946499455777192 -0.0021090958247249408 0.29401032791586329 0.12775098691452738 0.047832404896595404 0.17897541227686906 -0.095987342980763307 0.069174029175600671 0.10004702102885861 0.012821356787472484 0.10262211341839693 0.26840893394057869 -0.0096008248371790578 0.0076021511643359005 0.14382640937884539 0.32624934125472854 0.09742407076092964 0.30682718128106601 0.20465600773235429 0.2169080950237661 0.031437825059531452 0.042765852771752384 0.25804344939225377 0.14384021496926741 -0.02720145398224541
leaf_weight=27.071670259349048 640.90876006660983 44.365689887665212 94.719697044230998 1.9086811980232585 5.1638155803084365 974.66565610188991 80.458619930315763 3.9322318555787197 5.0289480276405802 2.8341595502570271 2.1132699418812981 5.8743756487965575 1.1882621208205817 4.5716319577768436 101.8067652694881 4.754407685250043 1.4920116011053313 375.81098322663456 64.734283855184913 6.6721620676107696 0.50079712644219299 7.2976147271692744 0.5288580390624692 1.2247299063019443 2.387366326991466 5.7086290400475272 8.7907179705798608 0.51702025253325601 1.5251106601208437 7.5158773786388329
leaf_count=226 24061 469 1049 62 41 36669 6054 54 33 81 25 29 69 84 4534 44 34 24544 965 79 6 43 24 19 36 84 98 13 24 447
internal_value=0.00431072 0.0660543 0.00229186 4.09295e-05 0.142667 -0.000174857 0.0277983 0.0466385 0.00403435 0.172714 0.0129195 0.0036361 0.241835 0.0033833 0.00401212 0.00252717 0.00219675 -0.00850146 0.00599414 0.0285979 0.0232812 0.0219125 0.0165915 0.0151017 0.0163315 0.0861297 0.086373 -0.0104354 -0.0106514 0.036829
internal_weight=2486.07 78.7144 2407.36 2212.14 32.2355 2210.23 195.22 110.19 1567.28 7.95465 46.479 1562.25 5.12049 85.0303 1556.37 1445.02 1440.26 377.303 1062.96 88.2932 111.359 110.858 103.56 103.031 72.8303 8.096 15.4629 642.951 642.434 102.236
internal_count=100000 761 99239 91401 267 91339 7838 1700 67241 204 494 67208 123 6138 67179 62553 62509 24578 37931 1262 4626 4620 4577 4553 1085 120 177 24098 24085 1496
is_linear=0
shrinkage=0.03


Tree=105
num_leaves=31
num_cat=0
split_feature=392 13 15 1 19 74 28 27 25 322 161 15 43 4 28 30 28 438 438 436 362 43 4 351 9 341 0 4 8 333
split_gain=308.893 291.311 144.306 103.741 102.651 95.355 94.1184 112.325 84.6347 58.4569 56.7971 60.2513 57.8395 64.1208 54.1985 63.0513 54.6181 55.0557 78.7776 86.0497 53.4342 53.2053 50.8174 65.4423 57.6103 101.436 80.1708 96.4439 64.206 59.313
threshold=-47.499999999999993 1.5000000000000002 9.5000000000000018 48.954999923706062 12.500000000000002 1.5000000000000002 9.5000000000000018 58.500000000000007 1.5000000000000002 23.144049644470218 1.5000000000000002 11.500000000000002 2.5000000000000004 580.50000000000011 1.5000000000000002 19.500000000000004 1.0000000180025095e-35 4328.5000000000009 4182.0000000000009 -137.39395177946628 3042.5000000000005 349.50000000000006 478.50000000000006 1.5000000000000002 308.50000000000006 1.5000000000000002 5155009.0000000009 507.50000000000006 1.5000000000000002 1.0000000180025095e-35
decision_type=8 2 2 2 2 10 2 2 2 10 2 2 8 10 2 8 2 2 2 2 10 10 10 8 10 10 2 10 2 10
left_child=1 8 3 -2 5 14 7 -4 -1 -3 12 -12 13 -8 15 22 17 18 -17 -20 -16 -9 23 -5 28 29 -27 -28 -24 -26
right_child=2 9 6 4 -6 -7 10 21 -10 -11 11 -13 -14 -15 20 16 -18 -19 19 -21 -22 -23 24 -25 25 26 27 -29 -30 -31
leaf_value=0.14608744534553175 -0.0094911440690853763 0.0052201055509181514 0.036181025635318935 0.0041966908762924721 0.21802987045213168 0.12278850679555862 0.033118432431179533 0.197404759613303 0.014869994621247631 0.16835224294836704 0.38708961865377628 0.062331632486161102 -0.014833704361700921 0.26516214715779601 -0.0067192789057450011 0.026147351167160066 -0.0024388922087901304 0.0048427912142018619 0.32446234729211959 0.054035771491955147 0.063504585747832396 0.043002724665624568 0.04556290686366915 0.10115071582092812 -0.017288717180811462 0.017891933470304204 0.38060680759639159 0.13143896437253674 -0.013398679443367643 0.082504357088707764
leaf_weight=29.958651503548026 702.27724280487746 44.738580317236483 100.96128813596442 126.24418772524223 2.0228735376149407 6.0756755452603093 12.374430530238895 6.0756913074292225 5.1903737820684901 2.0683652423322192 0.57228015176951785 5.0616525644436479 66.024373281747103 1.1734018055722124 431.53060777671635 93.397604564204812 519.37574701616541 209.92356984317303 1.6806824617087839 2.8628928251564494 9.9774383697658759 3.0005604643374681 42.04126686649397 6.5929099181666961 9.9246095209382528 2.624028876423834 2.1093312576413155 4.1462717116810381 27.490980983711779 11.655560229904948
leaf_count=226 27465 469 1496 2843 48 47 569 123 41 25 14 187 5344 24 23653 1266 30766 3173 27 38 143 81 429 86 346 37 50 66 725 193
internal_value=0.0041668 0.0614417 0.0022168 3.45385e-05 0.00446573 0.00417919 0.0269401 0.045269 0.126711 0.0124288 0.00326974 0.0953197 -0.00324765 0.0532162 0.00369927 0.00737754 0.003496 0.0135083 0.0320817 0.154067 -0.00513232 0.14636 0.0211686 0.00900867 0.0373228 0.0717276 0.157074 0.215456 0.0222513 0.03661
internal_weight=2489.15 81.956 2407.2 2211.95 1509.68 1507.65 195.244 110.038 35.149 46.8069 85.2061 5.63393 79.5722 13.5478 1501.58 1060.07 827.24 307.865 97.9412 4.54358 441.508 9.07625 232.829 132.837 99.992 30.4598 8.87963 6.2556 69.5322 21.5802
internal_count=100000 761 99239 91401 63936 63888 7838 1700 267 494 6138 201 5937 593 63841 40045 35270 4504 1331 65 23796 204 4775 2929 1846 692 153 116 1154 539
is_linear=0
shrinkage=0.03


Tree=106
num_leaves=31
num_cat=0
split_feature=392 435 15 1 28 13 19 23 376 105 260 161 48 43 4 48 352 126 429 177 135 436 370 27 343 335 88 135 24 4
split_gain=279.03 248.599 135.431 98.281 88.0145 87.8999 78.1116 72.8926 68.5633 59.2526 52.2873 49.3129 74.0783 53.8318 49.0099 48.9531 81.3421 68.3078 63.5095 58.3044 54.8913 53.6071 53.5895 61.1102 72.6703 83.1921 59.7525 46.277 57.1851 42.5028
threshold=-47.499999999999993 0.22393718230229989 9.5000000000000018 43.995000839233406 9.5000000000000018 52.500000000000007 12.500000000000002 6.5000000000000009 7.5000000000000009 2.5000000000000004 85.155097961425795 1.5000000000000002 1.0000000180025095e-35 2.5000000000000004 580.50000000000011 -1.0000000180025095e-35 1.0000000180025095e-35 1.0000000180025095e-35 1.0000000180025095e-35 1.5000000000000002 1.5000000000000002 48.641699134199143 2708.079956054688 2.5000000000000004 2.5000000000000004 2.5000000000000004 2.5000000000000004 3.5000000000000004 1.0000000180025095e-35 566.50000000000011
decision_type=8 2 2 2 2 2 2 2 10 10 10 2 2 8 10 2 10 10 2 2 10 2 10 2 10 10 10 10 2 10
left_child=1 -1 3 -2 5 27 8 -7 9 15 -3 13 -13 14 -6 18 22 20 -5 21 -18 -20 23 24 -17 -26 -25 28 -4 -27
right_child=2 10 4 6 11 7 -8 -9 -10 -11 -12 12 -14 -15 -16 16 17 -19 19 -21 -22 -23 -24 26 25 29 -28 -29 -30 -31
leaf_value=0.11877296870330889 -0.0099479593331731932 0.0056248975387072327 -0.019948117916977676 -0.0071002875485823309 0.031986290145660991 0.0054919407377634708 0.17326528432016075 0.16992157079154058 0.098301121565112864 -0.090460162372721267 0.12136370868583575 0.0018806946499737179 0.21673767180840306 -0.014571428375650945 0.22185780601269259 0.010628111414003398 0.0036243016760945847 0.10380823281819808 -7.7724334137557429e-05 0.067832201224183306 0.0965889531159453 0.048581793483932253 0.053531783835147631 -0.0042068327441502108 0.16949718067841968 0.011646269826481878 0.10061229764745497 0.20719920394469363 0.042260083576626715 0.16206523882640236
leaf_weight=35.006007369607687 633.96526339836419 46.02692545671016 15.89603040460497 539.09299564128742 12.427238950505851 3.4376023467630139 2.4510165285319081 8.2488132896833104 6.8759510572999707 6.0349755957722655 3.8033077642321578 3.7102622590027741 2.364676745608449 65.208864894229919 1.3571206731721766 361.05589258018881 26.196806265972555 13.514016257598994 118.55941907782108 16.504822279326618 7.3116738786920896 24.605346304364502 21.055161424912512 408.25839289836586 5.4404917648062137 12.542592776939271 4.9539952501654616 1.3776383139193047 81.413975790143013 1.9540484696626652
leaf_count=228 24110 507 809 30962 569 116 50 135 47 29 26 176 25 5344 24 14889 729 135 2389 189 102 252 159 17041 98 159 42 14 626 19
internal_value=0.00402945 0.0575019 0.00214385 2.73116e-05 0.026081 0.0437552 0.00403895 0.121554 0.00377542 0.00336067 0.0144587 0.00314918 0.085514 -0.00318505 0.0506798 0.00372338 0.00850575 0.046872 -0.00217814 0.0144405 0.0239095 0.00828526 0.00629287 0.00504052 0.0137069 0.0694636 -0.00295016 0.0345424 0.0320981 0.0319217
internal_weight=2490.65 84.8362 2405.82 2210.37 195.442 110.374 1576.41 11.6864 1573.96 1567.08 49.8302 85.0682 6.07494 78.9932 13.7844 1561.05 862.283 47.0225 698.763 159.67 33.5085 143.165 815.261 794.205 380.993 19.9371 413.212 98.6876 97.31 14.4966
internal_count=100000 761 99239 91401 7838 1700 67291 251 67241 67194 533 6138 201 5937 593 67165 33373 966 33792 2830 831 2641 32407 32248 15165 276 17083 1449 1435 178
is_linear=0
shrinkage=0.03


Tree=107
num_leaves=31
num_cat=0
split_feature=392 4 15 1 28 74 71 19 105 13 48 43 352 119 90 429 329 360 43 436 350 9 372 371 135 24 185 11 11 7
split_gain=254.436 215.541 127.737 92.8295 83.2413 77.8556 72.5715 64.4335 54.6042 47.7906 46.3927 75.7935 85.8077 86.1573 73.2133 59.1837 60.0389 53.726 52.5219 47.0165 46.8037 46.6903 56.6442 46.2986 45.9367 54.1287 45.2969 45.0515 44.4537 44.0857
threshold=-47.499999999999993 553.50000000000011 9.5000000000000018 43.995000839233406 9.5000000000000018 1.5000000000000002 1.0000000180025095e-35 12.500000000000002 2.5000000000000004 52.500000000000007 -1.0000000180025095e-35 20.500000000000004 1.0000000180025095e-35 1.0000000180025095e-35 3.5000000000000004 1.0000000180025095e-35 49.835800170898445 4896.2500000000009 1.0000000180025095e-35 48.641699134199143 4.5000000000000009 319.50000000000006 117.00500106811525 150.25000000000003 3.5000000000000004 1.0000000180025095e-35 1317.5000000000002 18.500000000000004 24.500000000000004 220.50000000000003
decision_type=8 8 2 2 2 10 8 2 10 2 2 8 10 10 10 2 10 10 10 2 8 10 10 8 10 2 2 8 10 8
left_child=1 -1 3 -2 6 7 9 8 10 -4 15 12 13 -12 17 -5 19 -13 -14 -17 28 29 27 -18 25 26 -8 -23 -15 -20
right_child=2 -3 4 5 -6 -7 24 -9 -10 -11 11 14 18 20 -16 16 23 -19 21 -21 -22 22 -24 -25 -26 -27 -28 -29 -30 -31
leaf_value=0.011986672986701492 -0.0097210972644818459 0.10692459908574305 0.049650941702537102 -0.0069848532565452842 0.0030412591407455412 0.10615978745274457 -0.037483331277892551 0.14767392092168954 -0.085922420136147482 0.1665379339593149 0.19298679499484672 -0.0031137419922134006 0.013873564347964924 0.0062655672097178651 0.27060367073646407 -0.004827226665240659 0.061335357309600123 0.075707085070012267 0.098760179036524467 0.046043382161071025 0.15520548799602468 0.14425769680815945 0.10254020579878605 -0.022247399516471235 0.16894872282878307 0.040472642100784759 0.14960557521153225 0.43045681610218539 0.030979834700976577 -0.01300091975792436
leaf_weight=48.334954805672169 629.36800942756236 38.798770125955343 6.0663584098219872 536.41878683818504 84.841424346901476 6.6728051137179127 13.732042040210215 2.7837263084948054 6.1610539853572837 6.5442601172253489 2.377982346341013 407.72758356900886 12.943204257637261 329.44001862686127 0.89113905373960633 102.23610239103436 32.217247500084341 7.9344203714281312 8.0308786714449525 19.464720115996897 2.0407544672489157 1.0072688916698076 6.7806830666959286 7.3196698613464823 2.212713047862052 80.100794428959489 1.2726437188684929 0.97335533797740947 81.757730390876532 5.2552710585296163
leaf_count=504 24110 257 270 30964 6138 47 716 50 29 62 45 18861 345 11240 18 2198 327 52 73 210 21 17 64 93 20 623 9 24 2537 76
internal_value=0.00390027 0.0542605 0.00207539 2.25922e-05 0.0253657 0.00390277 0.0425954 0.0034692 0.00321367 0.110309 0.00356462 0.00819787 0.0167254 0.0129269 -0.00102681 -0.00219433 0.0137432 -0.00160916 0.061844 0.00330897 0.0118907 0.0900056 0.143767 0.0458613 0.033821 0.0306771 -0.0216151 0.284907 0.0111795 0.0545536
internal_weight=2491.71 87.1337 2404.57 2209.8 194.77 1580.43 109.929 1573.76 1570.98 12.6106 1564.82 867.16 450.607 415.616 416.553 697.657 161.238 415.662 34.9907 121.701 413.239 22.0475 8.76131 39.5369 97.3182 95.1055 15.0047 1.98062 411.198 13.2861
internal_count=100000 761 99239 91401 7838 67291 1700 67244 67194 332 67165 33373 14442 13843 18931 33792 2828 18913 599 2408 13798 254 105 420 1368 1348 725 41 13777 149
is_linear=0
shrinkage=0.03


Tree=108
num_leaves=31
num_cat=0
split_feature=392 435 15 124 28 133 71 27 33 438 389 129 107 134 86 4 135 9 359 28 30 72 352 104 438 90 32 322 4 11
split_gain=233.123 190.431 120.361 85.0512 79.0173 61.253 59.1169 56.4716 71.7416 67.2898 63.3525 48.1595 82.2322 48.4315 101.473 79.8072 114.888 171.644 50.3853 49.0642 70.6802 65.3558 58.1222 52.896 48.079 71.4917 45.3391 45.0953 44.3078 48.4555
threshold=-47.499999999999993 0.22393718230229989 9.5000000000000018 1.0000000180025095e-35 9.5000000000000018 2.5000000000000004 1.0000000180025095e-35 1.0000000180025095e-35 2.5000000000000004 4328.5000000000009 20.500000000000004 2.5000000000000004 2.5000000000000004 1.0000000180025095e-35 1.0000000180025095e-35 225.50000000000003 1.0000000180025095e-35 222.50000000000003 468.19999694824224 1.5000000000000002 529.50000000000011 1.0000000180025095e-35 1.0000000180025095e-35 1.0000000180025095e-35 136.50000000000003 1.5000000000000002 219.50000000000003 85.05899810791017 478.50000000000006 1196.5000000000002
decision_type=8 2 2 10 2 10 8 2 8 2 10 10 8 8 8 8 8 10 10 2 10 8 10 8 2 8 10 10 10 10
left_child=1 -1 3 5 6 7 26 9 11 10 -2 13 -13 14 15 16 -9 -18 -19 21 24 -15 28 -24 25 -21 -4 -3 -23 -30
right_child=2 27 4 -5 -6 -7 -8 8 -10 -11 -12 12 -14 19 -16 -17 17 18 -20 20 -22 22 23 -25 -26 -27 -28 -29 29 -31
leaf_value=0.10157204864577316 0.028359246882062192 0.0068580337372560673 0.035227128623385832 -0.010635270315007522 0.0029434893202287 0.096177076478695972 0.033255108823334538 0.045171356738373095 -0.0040315460956032792 0.0055390418816997 0.11245129989325746 0.15964758356488279 -0.036231365550978251 0.094209134445001855 0.24123409281467043 -0.0049928399771226907 0.017050313412948694 0.7030421656386503 0.32115806828283994 -0.0037734623233034231 0.073315393687697433 -0.0049727308124646328 0.018817044510432594 0.10976314626073329 -0.017180305935888564 0.153837084438563 0.14711680780205236 0.14217278636461042 0.020640672051270677 0.16094813260540752
leaf_weight=38.6152434181422 77.726559814997017 48.198604663833976 5.5872581494040787 516.76629703305662 85.026827845256776 6.3626419678330413 95.996642742305994 9.7396980319172144 977.7972318562679 204.13736581336707 8.9962181504815799 4.9444590583443624 3.1627104831859469 9.0574422017671168 2.1769492784515014 21.408029975835234 1.1841194089502072 0.6537206321954725 0.59301318833604455 8.3090867293067259 9.3123218491673452 117.21301503060386 14.057392259128394 9.7461850047111493 132.43481674324721 3.7632851116359225 7.8229990536347032 2.3234299877658477 67.121460070367903 2.2908634943887582
leaf_count=228 1288 515 234 10925 6138 35 1368 208 64301 3353 86 51 39 127 29 714 42 30 14 245 137 3029 588 80 4394 41 98 18 1600 45
internal_value=0.00377577 0.0514163 0.00200887 1.70785e-05 0.0246376 0.00327013 0.0414974 0.00291948 0.000412273 0.0149441 0.0370826 0.0108281 0.0832327 0.00939311 0.0427474 0.0298792 0.0912193 0.27572 0.521398 0.00619841 -0.00679339 0.0153033 0.0119069 0.0560542 -0.0119558 0.045358 0.100499 0.0130809 0.00627607 0.0252713
internal_weight=2492.53 89.1373 2403.39 2208.95 194.434 1692.19 109.407 1685.83 1394.97 290.86 86.7228 417.169 8.10717 409.061 35.7555 33.5786 12.1706 2.43085 1.24673 373.306 153.82 219.486 210.429 23.8036 144.507 12.0724 13.4103 50.522 186.625 69.4123
internal_count=100000 761 99239 91401 7838 80476 1700 80441 75714 4727 1374 11413 90 11323 1037 1008 294 86 44 10286 4817 5469 5342 668 4680 286 332 533 4674 1645
is_linear=0
shrinkage=0.03


Tree=109
num_leaves=31
num_cat=0
split_feature=4 254 15 124 361 143 133 27 43 348 212 438 286 105 391 134 4 65 333 134 135 4 7 15 89 23 48 7 30 39
split_gain=214.721 180.882 107.317 88.8468 78.2459 69.8265 65.9716 62.5346 70.7238 70.0994 69.7042 62.9458 75.5971 57.5502 55.7518 52.9945 56.0259 81.9033 78.577 58.5629 148.898 251.743 102.169 104.813 54.7552 50.3375 47.0553 60.8468 49.2873 45.1626
threshold=1.0000000180025095e-35 44.378499984741218 9.5000000000000018 1.0000000180025095e-35 318.69999694824224 1.0000000180025095e-35 2.5000000000000004 1.0000000180025095e-35 27.500000000000004 2.5000000000000004 191.50000000000003 4328.5000000000009 38.500000000000007 2.5000000000000004 37.500000000000007 1.5000000000000002 566.50000000000011 1.0000000180025095e-35 1.0000000180025095e-35 1.0000000180025095e-35 1.0000000180025095e-35 308.50000000000006 225.50000000000003 1.5000000000000002 1.5000000000000002 12.500000000000002 1.0000000180025095e-35 103.00000000000001 34.500000000000007 367.50000000000006
decision_type=10 8 2 10 8 10 10 2 8 10 10 2 10 10 10 10 10 8 10 10 10 8 10 2 8 2 2 8 10 10
left_child=1 -1 3 6 -3 26 7 11 9 13 25 12 14 15 -2 16 19 18 -18 20 -9 22 23 -22 -17 -10 -4 -28 -29 -21
right_child=2 4 5 -5 -6 -7 -8 8 10 -11 -12 -13 -14 -15 -16 24 17 -19 -20 29 21 -23 -24 -25 -26 -27 27 28 -30 -31
leaf_value=0.097284504729127183 0.024680154226705435 -0.0094788965453792631 0.027839330474393655 -0.010323324385747417 0.16213562580383895 -0.0066550358041433475 0.091784093918520826 0.0093585039968722607 -0.007380435160741038 0.068712312763096792 0.039023394896768968 0.006799368325438847 0.25654880505230593 -0.08236484124094938 0.099567124661294429 0.018983016546969347 0.071023201667291924 0.0092993718003750014 0.27758571855751479 -0.0028914209733686075 -0.034727528180711301 0.016844065171247487 0.59505073728990476 0.37402960949321146 0.08999262174510976 0.23231530600248995 0.26212207398357318 -0.014814349673517951 0.1008869847930098 0.10509797522306569
leaf_weight=39.955589887686074 76.531145858578384 31.795909832697362 128.79966975096613 542.71891677007079 2.5855258889496318 51.588185169734061 7.6074012219905844 49.018629433587193 756.96877513779327 16.86986525170505 30.640481705777347 213.04643260594457 1.3886699117720116 6.461685597896575 10.131726339459417 40.560198184102774 9.0993995578028244 22.717057514004409 2.0265620928257695 409.49818918993697 0.84692124184220796 5.6739384620450446 1.0053861788474026 1.6935736974701283 12.875542942900209 0.78934384696185489 1.5242369063198591 4.9120325315743676 10.182860326953231 3.5153762311674646
leaf_count=231 1222 1473 1770 11271 23 5621 41 3339 45706 231 608 3418 20 30 82 500 511 894 32 22097 31 116 28 37 91 11 26 105 220 215
internal_value=0.00365393 0.0538746 0.00211043 0.000228668 0.00342672 0.0233315 0.00363956 0.00323835 0.000518166 0.00845167 -0.005337 0.0156176 0.0369539 0.00665238 0.0334352 0.00768222 0.00467654 0.0419604 0.108648 0.001999 0.0301623 0.140769 0.339067 0.237763 0.036093 -0.00713075 0.0339694 0.0814775 0.0632366 -0.00197227
internal_weight=2493.03 74.337 2418.69 2221.69 34.3814 197.007 1678.97 1671.36 1370.26 581.862 788.399 301.098 88.0515 564.992 86.6629 558.531 505.095 33.843 11.126 471.252 58.2384 9.21982 3.54588 2.54049 53.4357 757.758 145.419 16.6191 15.0949 413.014
internal_count=100000 1727 98273 90531 1496 7742 79260 79219 74477 28152 46325 4742 1324 27921 1304 27891 27300 1437 543 25863 3551 212 96 68 591 45717 2121 351 325 22312
is_linear=0
shrinkage=0.03


Tree=110
num_leaves=31
num_cat=0
split_feature=4 411 15 124 361 143 324 27 43 8 348 438 286 32 362 391 365 71 39 11 39 9 180 56 0 23 14 9 348 4
split_gain=197.157 160.755 100.78 83.8282 65.4121 65.1037 61.4148 58.6102 74.8566 69.3816 74.4339 57.5352 56.8794 50.6772 51.0555 48.8526 48.5065 45.7107 51.5501 54.2744 53.7132 50.2508 43.301 41.9719 42.2661 39.937 39.9207 39.4999 53.7793 38.871
threshold=1.0000000180025095e-35 263.50000000000006 9.5000000000000018 1.0000000180025095e-35 318.69999694824224 1.0000000180025095e-35 64.856498718261733 1.0000000180025095e-35 27.500000000000004 1.5000000000000002 3.5000000000000004 4328.5000000000009 38.500000000000007 18.500000000000004 77.028350830078139 37.500000000000007 44.053300857543952 1.0000000180025095e-35 367.50000000000006 1694.5000000000002 380.50000000000006 116.00000000000001 4779.9499511718759 1.0000000180025095e-35 4802604.5000000009 12.500000000000002 15.500000000000002 505.50000000000006 1.0000000180025095e-35 579.50000000000011
decision_type=10 10 2 10 8 10 10 2 8 2 10 2 10 10 10 10 10 8 10 10 10 8 2 8 2 2 2 8 8 8
left_child=1 4 3 6 -1 23 7 11 9 13 17 12 15 14 -9 -2 -16 21 -19 20 -20 -11 25 24 -4 -10 -8 -13 -29 -7
right_child=2 -3 5 -5 -6 29 26 8 22 10 -12 27 -14 -15 16 -17 -18 18 19 -21 -22 -23 -24 -25 -26 -27 -28 28 -30 -31
leaf_value=-0.0086561761826535414 0.023198581694144432 0.091338715967705084 0.29868038407247915 -0.010078604540961718 0.14033462716532233 -0.01224445832112633 0.088050470574491904 0.013041706507521048 -0.0071511954220444211 0.37175820521574598 0.099654469666284856 0.0020807632082033159 0.20959181533200744 -0.022603104388227567 0.14158863753222758 0.09169999673066051 0.040756179688231482 -0.0059360793645005863 0.43784496495112252 0.25846163893324975 -0.018717869325913478 0.022322013591971467 0.069991704714168088 0.028337239542488613 0.073243384639314596 0.18834315495830797 0.020506634588872412 0.024683836347180087 0.16009792469706699 0.11220253391848899
leaf_weight=31.926786267664284 77.296108558773994 41.080115288496017 0.81162423454224963 539.27283630333841 2.8923024609684935 48.902408399619162 11.605977523140607 85.605400776024908 751.44484908645973 0.37288139667361875 6.7852457999251774 193.47224672697484 1.6442360617220391 19.200964783784002 4.5673310370184472 10.662294063717125 71.697023015469313 337.46303427126259 0.2562185726128513 1.3343481547199187 2.4445744911208749 55.256081079598516 6.6485810019075862 135.58845038246363 9.621872856281696 0.94165756739675899 24.500079991295934 15.458895430900158 3.1830426286905995 2.3683082768693557
leaf_count=1486 1219 218 14 11271 23 5516 106 4135 46030 33 83 3264 20 519 65 82 800 19083 19 19 162 3226 41 1907 200 11 204 116 23 105
internal_value=0.00353326 0.0511432 0.00203907 0.000213851 0.00371998 0.0225873 0.00351407 0.00266494 -1.74734e-05 0.00804732 0.00112976 0.0146139 0.0347703 0.0234782 0.0289444 0.0315023 0.0467948 -0.000553611 -0.00466153 0.101931 0.0245953 0.0246643 -0.00623295 0.0327989 0.0907802 -0.00690652 0.042218 0.00609932 0.0478053 -0.00649598
internal_weight=2494.31 75.8992 2418.41 2221.11 34.8191 197.293 1681.84 1645.74 1344.02 584.983 403.912 301.717 89.6026 181.071 161.87 87.9584 76.2644 397.127 341.498 4.03514 2.70079 55.629 759.035 146.022 10.4335 752.387 36.1061 212.114 18.6419 51.2707
internal_count=100000 1727 98273 90531 1509 7742 79260 78950 74226 28144 22625 4724 1321 5519 5000 1301 865 22542 19283 200 181 3259 46082 2121 214 46041 310 3403 139 5621
is_linear=0
shrinkage=0.03


Tree=111
num_leaves=31
num_cat=0
split_feature=392 13 15 28 124 19 12 105 43 348 28 438 114 3 424 13 322 8 11 11 39 25 38 161 48 85 135 43 411 4
split_gain=188.43 140.182 99.995 72.4853 71.6383 56.4132 54.4202 47.6818 52.3143 79.4423 68.3272 68.2197 57.5556 56.5228 45.8257 45.2281 44.4469 42.2959 48.4777 87.6148 52.7691 40.4237 39.7457 55.4094 48.2334 39.5511 65.2163 40.0762 39.3061 38.7611
threshold=-47.499999999999993 1.5000000000000002 9.5000000000000018 9.5000000000000018 1.0000000180025095e-35 12.500000000000002 7.5000000000000009 2.5000000000000004 27.500000000000004 2.5000000000000004 1.0000000180025095e-35 4328.5000000000009 2.5000000000000004 3536.5000000000005 24.500000000000004 52.500000000000007 85.05899810791017 1.5000000000000002 477.50000000000006 493.50000000000006 343.50000000000006 1.5000000000000002 2.5000000000000004 1.5000000000000002 1.0000000180025095e-35 1.0000000180025095e-35 1.0000000180025095e-35 58.500000000000007 257.00000000000006 580.50000000000011
decision_type=8 2 2 2 10 2 8 10 8 10 2 2 10 2 2 2 10 2 10 10 10 2 8 2 2 10 8 8 8 10
left_child=1 21 4 15 5 6 28 8 9 12 11 13 17 14 -10 -4 -3 -8 -19 -20 -21 -1 29 -24 -25 -12 -27 -28 -2 -5
right_child=2 16 3 22 -6 -7 7 -9 10 -11 25 -13 -14 -15 -16 -17 -18 18 19 20 -22 -23 23 24 -26 26 27 -29 -30 -31
leaf_value=0.09370551303377779 0.084658040845004459 0.0034478226310897505 0.031142477165292698 0.024809544201647382 -0.0099221177297278765 0.12635947947716614 0.015955678338065597 -0.07803157940294235 0.211497614146856 0.066936157527480653 -0.0067672220849754857 0.0021919958883767736 0.046115661757289504 0.028935460220527561 0.064384228916596134 0.088425235446819073 0.14482885047349944 -0.0031382654666318186 0.32100110804789 0.013927989512896808 0.14623022313895562 0.0067180908722309926 -0.019851894394172117 -0.0045484965835427644 0.16138106780603131 0.20253067044583031 0.15402017442383523 -0.039773708075962089 0.003805983426284785 0.17712120364111009
leaf_weight=39.736224426887929 12.457334672566502 45.999587627127767 94.600072048604488 21.630022312514487 506.97871806751937 3.3260195776820174 211.7986938492395 6.6616980805993071 2.8229910079389793 20.385902803856879 765.67506353417411 128.87281408626586 32.021446169354022 47.300770253874362 5.8645288869738579 14.277415125630794 2.0922760413959614 411.10653746547177 0.93496794812381168 28.870948052033786 2.9946683361195019 5.469852363690733 56.860586440190673 3.341782607138156 2.9850375670939684 2.1397170526906848 1.2599360849708308 4.0395838851109147 9.5678736204281467 1.6160917994566251
leaf_count=226 140 479 1449 987 10925 62 6518 31 46 255 46514 1500 189 495 59 251 15 22928 31 1306 69 41 4927 169 25 23 18 97 195 30
internal_value=0.0034222 0.0452515 0.00179639 0.0223704 -2.59166e-05 0.00292866 0.00268642 0.00206956 0.00238983 0.00857296 -0.00218059 0.0142042 0.00684293 0.0418535 0.112188 0.0386541 0.00959872 0.00492505 -0.000337932 0.0347601 0.0263615 0.0831802 0.00185823 -0.0104809 0.0737382 -0.00609838 0.0627409 0.00629988 0.0495355 0.0353984
internal_weight=2493.69 93.2979 2400.39 195.311 2205.08 1698.1 1694.78 1672.75 1666.09 708.113 957.975 184.861 687.727 55.9883 8.68752 108.877 48.0919 655.706 443.907 32.8006 31.8656 45.2061 86.4335 63.1874 6.32682 773.114 7.43924 5.29952 22.0252 23.2461
internal_count=100000 761 99239 7838 91401 80476 80414 80079 80048 31296 48752 2100 31041 600 105 1700 494 30852 24334 1406 1375 267 6138 5121 194 46652 138 115 335 1017
is_linear=0
shrinkage=0.03


Tree=112
num_leaves=31
num_cat=0
split_feature=4 47 15 124 28 361 324 38 372 436 28 19 4 438 335 437 9 360 179 134 103 135 4 108 90 189 438 161 38 48
split_gain=168.663 132.033 89.3643 75.1438 60.05 55.7311 54.6252 49.3516 71.0012 85.4817 66.1296 65.8324 63.3621 54.2644 49.6789 49.5586 44.1285 43.3842 42.2944 42.2185 59.4699 53.8402 120.631 50.2747 41.1121 38.5513 38.4618 38.3969 52.2731 39.4569
threshold=inf 1.5000000000000002 9.5000000000000018 1.0000000180025095e-35 9.5000000000000018 318.69999694824224 39.967750549316413 10.500000000000002 91.95999908447267 -33.768432328615113 1.0000000180025095e-35 12.500000000000002 199.50000000000003 17261.500000000004 25.500000000000004 1498.5000000000002 319.50000000000006 4896.2500000000009 746.20001220703136 1.0000000180025095e-35 1.0000000180025095e-35 1.0000000180025095e-35 173.50000000000003 2.5000000000000004 3.5000000000000004 24.886099815368656 588.00000000000011 1.5000000000000002 6.5000000000000009 1.0000000180025095e-35
decision_type=8 2 2 10 2 8 10 8 8 2 2 2 10 2 10 2 10 10 2 8 10 8 10 8 10 2 2 2 8 2
left_child=2 5 3 6 18 -2 7 8 19 12 13 14 15 25 17 -10 -14 24 -4 20 21 23 -23 -1 -12 -9 -24 28 -6 -29
right_child=1 -3 4 -5 27 -7 -8 10 9 -11 11 -13 16 -15 -16 -17 -18 -19 -20 -21 -22 22 26 -25 -26 -27 -28 29 -30 -31
leaf_value=0.0093630183961125064 -0.0049573241514433803 0.083957032782132957 0.028602161634506434 -0.0096285793724456403 0.033561814677411587 0.1280712494964677 0.037022553232059795 0.020172590499637121 0.060849451938429042 0.014698914512991304 -0.0084558006701524677 0.12863258567383765 0.0077548614331921749 -0.0050551765296283418 0.083758712667125618 0.29750814528321379 0.10446275107231158 0.051662709187673211 0.083596033375178361 0.0025027880188338539 0.37153362792115241 0.29204544602918531 0.23381950833949594 0.11269460941026557 0.12051322920506692 0.068708801639468492 -0.0086184886491130121 0.0025898550172498546 -0.019875161480119991 0.14792919336481913
leaf_weight=65.764269793406129 34.419664638116956 40.839644733816385 97.623958782758564 532.94830448785797 23.626274965703487 3.0886668637394896 42.138573318719864 83.943189312703907 1.2883065962232678 44.906671713571995 736.1235506972298 3.2574169412255278 7.1457953895442214 74.118622988462448 5.4457141011953345 2.0855892263352871 10.466606233734636 11.109457868151365 14.449114342220126 564.90264168055728 0.4458488104864945 2.1231864914298049 0.67827551625668991 4.5295283095911136 2.2312906431034198 17.862197371199727 4.471434451173991 3.5776406633667639 54.434660297818482 3.1713110348209739
leaf_count=4160 1492 213 1558 11271 1048 22 392 926 40 1146 43715 53 132 846 25 36 132 75 149 27129 10 40 21 58 29 148 147 170 4793 24
internal_value=0.00331492 0.0466345 0.00190946 0.000190044 0.0212796 0.00599707 0.0032955 0.00243044 0.00839938 0.0380577 -0.00209891 -0.00594398 0.0880411 0.0144719 -0.00652468 0.207141 0.0652259 -0.00718069 0.0356923 0.00535966 0.0260468 0.024061 0.101765 0.0160214 -0.00806606 0.0286885 0.0233134 0.00223368 -0.00370169 0.0708843
internal_weight=2493.22 78.348 2414.87 2217.99 196.883 37.5083 1685.04 1642.9 708.808 65.893 934.091 758.167 20.9863 175.924 754.91 3.3739 17.6124 749.464 112.073 642.915 78.0125 77.5667 7.2729 70.2938 738.355 101.805 5.14971 84.8099 78.0609 6.74895
internal_count=100000 1727 98273 90531 7742 1514 79260 78868 33051 1486 45817 43897 340 1920 43844 76 264 43819 1707 31565 4436 4426 208 4218 43744 1074 168 6035 5841 194
is_linear=0
shrinkage=0.03


Tree=113
num_leaves=31
num_cat=0
split_feature=392 436 178 18 1 100 405 40 40 13 375 12 411 251 13 438 29 151 38 38 119 405 0 185 335 188 353 20 88 43
split_gain=164.234 125.471 60.3393 60.2491 63.0557 46.025 36.8054 36.7392 35.7605 35.5363 34.199 32.4415 48.2726 40.6605 35.2055 40.6199 37.394 46.7956 41.0391 75.6968 32.1419 31.2731 31.1716 30.1461 37.929 32.012 30.0923 28.5312 28.4023 28.3695
threshold=-32.999999999999993 -145.9155179671541 39.975000381469734 3.5000000000000004 43.995000839233406 1.0000000180025095e-35 90.000000000000014 16.500000000000004 549.00000000000011 12.500000000000002 13.500000000000002 6.5000000000000009 412.50000000000006 2.5000000000000004 52.500000000000007 3443.0000000000005 505.50000000000006 1.5000000000000002 83.500000000000014 47.500000000000007 1.0000000180025095e-35 570.00000000000011 5835681.0000000009 59.040000915527351 6.5000000000000009 1019.2349853515626 1.0000000180025095e-35 4.5000000000000009 2.5000000000000004 1.0000000180025095e-35
decision_type=8 2 2 2 2 10 10 10 10 2 10 8 8 10 2 2 10 2 8 10 8 8 2 2 8 2 10 2 10 8
left_child=1 9 3 4 6 7 8 27 10 -1 -2 -4 -13 14 16 26 17 -14 19 -18 -19 29 -23 24 25 -22 -16 -6 -25 -3
right_child=2 21 11 -5 5 -7 -8 -9 -10 -11 -12 12 13 -15 15 -17 18 20 -20 -21 23 22 -24 28 -26 -27 -28 -29 -30 -31
leaf_value=0.082824616986524602 -0.012178426442149504 0.15728889930376316 0.070925354255431519 0.021933454252360009 0.0034997613705884077 -0.012788161579606747 0.19491013627252465 -0.032280489347818797 0.18663411490656859 -0.010047412351055449 0.070708343753017891 -0.014949354858240942 0.013103589743357546 0.060090856806380287 0.04111466021774185 0.012090445151496869 0.019630315949752251 0.13186671566859198 0.042837491031804502 0.5584932770208314 -0.00052984699891676511 0.026274083393603317 -0.0183865663746236 -0.023882659565629162 0.12260169015155581 0.27035259167730069 0.11690645162937259 0.025205422310078766 0.092835130029479143 0.031739170515801343
leaf_weight=43.16921245213598 542.44516906049103 1.7180617339909077 7.8205803725868464 95.883521142881364 924.72587253432721 175.21502261469141 0.78088485170155664 24.679972864687443 0.8211196418851604 4.0564731974154702 4.517382680438458 64.417373753152788 223.60354252625257 15.789281956851481 28.359580266755074 55.575359839014709 0.55481327231973132 1.4151226235553622 10.649435133207589 0.40653388388454914 28.456930974032737 24.968136303126812 32.210876329801977 83.1857631043531 2.6114095645025364 0.3981329994276156 5.6547851120121768 57.916098091751337 1.9196860147640098 28.322618721518669
leaf_count=214 23829 30 62 940 37681 21881 13 538 13 57 52 816 4958 120 543 1309 32 24 288 15 1382 312 457 1566 19 18 86 2374 14 357
internal_value=0.00321103 0.0354616 0.00137205 -0.00121481 -0.00249697 0.00140271 -0.0109035 0.00387109 -0.0111969 0.0748473 -0.0114939 0.0102756 0.00936866 0.0127846 0.0110978 0.0278939 0.00683743 0.00503777 0.0597835 0.247504 -0.0102482 0.014136 0.00111523 -0.0119734 0.0131162 0.0032077 0.0537148 0.00477907 -0.0212499 0.0389195
internal_weight=2492.25 134.445 2357.8 1826.99 1731.1 1182.54 548.565 1007.32 547.784 47.2257 546.963 530.818 522.998 458.58 442.791 89.5897 353.201 341.591 11.6108 0.961347 117.987 87.2197 57.179 116.572 31.4665 28.8551 34.0144 982.642 85.1054 30.0407
internal_count=100000 1427 98573 87321 86381 62474 23907 40593 23894 271 23881 11252 11190 10374 10254 1938 8316 7981 335 47 3023 1156 769 2999 1419 1400 629 40055 1580 387
is_linear=0
shrinkage=0.03


Tree=114
num_leaves=31
num_cat=0
split_feature=392 435 15 124 23 56 213 7 43 372 9 372 176 105 365 204 0 30 114 126 39 367 182 330 439 134 135 4 114 9
split_gain=152.736 112.802 84.5574 63.7685 59.9922 50.4643 49.6574 47.6037 44.8474 67.8111 61.3125 60.4001 55.4948 47.9476 42.9282 40.9528 40.2856 40.2566 39.5888 39.0784 38.3712 39.7853 37.7135 37.1669 36.6263 35.7387 78.0785 121.488 52.2014 41.4986
threshold=-32.999999999999993 0.26464414317963686 9.5000000000000018 1.0000000180025095e-35 9.5000000000000018 1.0000000180025095e-35 182.50000000000003 117.50000000000001 27.500000000000004 107.97499847412111 328.50000000000006 141.18000030517581 2.5000000000000004 2.5000000000000004 225.72499847412112 1.5000000000000002 5430525.0000000009 461.50000000000006 2.5000000000000004 1.0000000180025095e-35 195.50000000000003 176.16500091552737 98.009998321533217 77.528400421142592 62375.000000000007 1.0000000180025095e-35 1.0000000180025095e-35 308.50000000000006 1.0000000180025095e-35 324.50000000000006
decision_type=8 2 2 10 2 8 10 10 8 10 10 10 2 10 10 10 2 8 10 8 10 10 2 8 2 10 8 8 8 8
left_child=1 24 3 6 5 -4 8 -3 9 13 19 -12 15 18 -6 -10 -13 -14 20 -11 25 -22 -17 -7 -1 26 -2 -28 29 -27
right_child=2 7 4 -5 14 23 -8 -9 12 10 11 16 17 -15 -16 22 -18 -19 -20 -21 21 -23 -24 -25 -26 28 27 -29 -30 -31
leaf_value=0.077358675061476159 0.010598335444151707 0.092211182996666169 0.093657700527099957 -0.0099577020595869124 -0.013889221558866224 0.041296314811433227 0.063869098253749867 0.0056685373605887329 -0.004964702461873075 0.0038442622559302377 0.18483001936184137 -0.032847843454447044 -0.020481290025502415 -0.075849472343928567 0.076775610890386425 0.014816858025527698 0.076655136398852755 0.060283519027850369 0.042906076524259915 0.065592072487685879 0.031114691960622609 0.17038089447039423 0.10126314091709651 0.0081543020844347131 0.00050171469284889436 0.11269644090164431 0.21252953582872092 -0.0060635145420002527 -0.0012995517607374935 -0.022413722770134779
leaf_weight=46.7417255602777 63.978832415305078 6.1827453952282658 10.801552048418669 483.26671824185178 50.823426627553999 66.054548507556319 11.747503637336193 76.488152399659157 876.48622135678306 42.714003316126764 3.8251393539831069 3.8243326512165394 7.5576298525556949 6.6277492791414252 5.1790528390556565 33.867443636059761 14.443442125339059 20.954782379325479 24.190334795974195 11.765094157308338 11.745444654952733 2.1904850252903989 5.2454762756824485 56.504733319859952 6.3370223361998788 6.4517622278071931 4.6204642443917665 4.5333364447578797 524.07722590118647 2.9960848977789292
leaf_count=282 3703 54 268 10572 5052 562 69 1001 47564 941 56 78 289 30 71 626 221 257 145 80 590 26 31 1850 90 204 84 119 24938 147
internal_value=0.00311066 0.0340535 0.00132813 -0.000351731 0.0205528 0.0314951 0.0024052 0.0121408 0.00197338 0.00756852 0.0342742 0.0764292 -0.0023409 0.00442932 -0.00550463 -0.00362441 0.0537308 0.0388756 0.00525451 0.0171791 0.00378688 0.0530049 0.0264103 0.0260165 0.0681828 0.00265626 0.0223234 0.104273 -3.96012e-05 0.0698505
internal_weight=2492.22 135.75 2356.47 2167.11 189.363 133.361 1683.84 82.6709 1672.1 727.984 76.572 22.0929 944.112 651.412 56.0025 915.599 18.2678 28.5124 644.784 54.4791 620.594 13.9359 39.1129 122.559 53.0787 606.658 73.1326 9.1538 533.525 9.44785
internal_count=100000 1427 98573 90770 7803 2680 80198 1055 80129 31362 1376 355 48767 29986 5123 48221 299 546 29956 1021 29811 616 657 2412 372 29195 3906 203 25289 351
is_linear=0
shrinkage=0.03


Tree=115
num_leaves=31
num_cat=0
split_feature=392 435 15 1 143 213 7 19 105 48 129 28 30 3 26 352 26 329 88 434 359 114 8 372 25 151 138 4 4 11
split_gain=142.298 103.204 79.8497 67.6995 56.8876 44.7606 43.9996 40.6862 40.0538 42.8378 75.3341 51.7083 57.7698 62.2494 53.4895 49.6075 55.6503 45.7119 44.6609 43.3783 47.6902 43.159 42.8725 47.9327 46.709 47.2442 41.2105 47.5016 85.9864 95.5755
threshold=-32.999999999999993 0.26464414317963686 9.5000000000000018 43.995000839233406 1.0000000180025095e-35 182.50000000000003 117.50000000000001 12.500000000000002 2.5000000000000004 -1.0000000180025095e-35 2.5000000000000004 1.5000000000000002 520.50000000000011 17262.500000000004 2.5000000000000004 1.0000000180025095e-35 1.0000000180025095e-35 18.035399436950687 2.5000000000000004 -0.42989926562793951 25.006950378417972 2.5000000000000004 1.5000000000000002 1647.0000000000002 3.5000000000000004 1.5000000000000002 1.5000000000000002 321.50000000000006 327.50000000000006 21.500000000000004
decision_type=8 2 2 2 10 10 10 2 10 2 10 2 10 2 2 10 2 10 10 2 10 8 2 8 2 2 10 8 8 8
left_child=1 -1 3 -2 -4 7 -3 8 9 17 11 15 14 -14 18 21 -17 -5 -13 -19 -21 22 26 24 25 -24 27 -11 29 -29
right_child=2 6 4 5 -6 -7 -8 -9 -10 10 -12 12 13 -15 -16 16 -18 19 -20 20 -22 -23 23 -25 -26 -27 -28 28 -30 -31
leaf_value=0.065046086100786105 -0.008965370033031354 0.088118270923856448 0.030082044495860626 -0.0065298538869752861 -0.0069150522785392157 0.060692079646655156 0.0054867155071240941 0.10285254014069052 -0.072114609964300067 -0.00076066060218679416 0.092597597597279091 -0.0094229597216108386 0.04050301604742855 0.31860334289113107 0.24791706954824846 0.011275697594292628 0.085390933968153282 0.064711547222604845 0.075454695235716934 0.030258054120682647 -0.014290787826452008 0.048068220092491849 0.004636462092479407 0.18866732080135759 0.10222873666252426 -0.024555148777581786 -0.02442361483310251 0.35128386463144778 0.030744317847951324 0.074581144256331958
leaf_weight=53.953351086005569 594.73525970662013 6.2743652900680891 137.29131097858772 563.39054905809462 51.41142904618755 11.977678126655517 76.649668320082128 3.6258536688983432 6.4928540065884581 40.922403214965016 9.1318844482302648 277.98276707250625 12.866532249376174 0.76761092338711101 0.73857518471777339 20.07617100328207 16.70449516735971 13.86235709954053 5.6936184521764508 42.428771526552737 44.112488429062068 24.219795091077685 301.441186404787 1.2282298766076554 4.0521113285794845 59.794776593800634 16.279433472082019 1.5640254672616709 86.709779527969658 3.9884813847020268
leaf_count=372 23782 54 2074 32326 5729 70 1001 50 29 1123 104 11328 339 18 7 483 143 174 39 374 592 151 14626 39 54 2437 300 37 2091 54
internal_value=0.00301542 0.0327512 0.001286 -0.00034548 0.0200023 0.00291973 0.011739 0.00247561 0.00224147 0.00255336 0.00687756 0.00598298 -0.00416377 0.0561602 -0.00705555 0.0112244 0.0449363 -0.00320641 -0.0077194 0.0154423 0.00755027 0.00892911 0.00709195 0.0015697 0.000940609 -0.000195576 0.0206336 0.026141 0.0380731 0.152523
internal_weight=2490.37 136.877 2353.49 2164.79 188.703 1570.05 82.924 1558.07 1554.45 1547.96 884.162 875.03 298.049 13.6341 284.415 576.981 36.7807 663.794 283.676 100.404 86.5413 540.2 515.98 366.516 365.288 361.236 149.464 133.185 92.2623 5.55251
internal_count=100000 1427 98573 90770 7803 66988 1055 66918 66868 66839 33373 33269 11731 357 11374 21538 626 33466 11367 1140 966 20912 20761 17156 17117 17063 3605 3305 2182 91
is_linear=0
shrinkage=0.03


Tree=116
num_leaves=31
num_cat=0
split_feature=392 436 15 1 23 213 56 107 7 105 48 43 372 104 434 96 329 370 434 359 328 40 8 13 119 38 43 126 6 0
split_gain=132.696 98.0476 75.2374 63.9556 54.7892 41.3922 40.6083 39.3602 38.4866 37.7153 39.4434 50.2653 45.0804 56.3398 42.2183 74.3353 41.6949 41.3366 38.9245 44.8714 36.0549 34.6519 34.3476 40.2859 32.5335 34.3451 64.9765 37.7978 35.5334 100.539
threshold=-32.999999999999993 -145.9155179671541 9.5000000000000018 43.995000839233406 9.5000000000000018 182.50000000000003 1.0000000180025095e-35 3.5000000000000004 117.50000000000001 2.5000000000000004 -1.0000000180025095e-35 52.500000000000007 40.08964920043946 1.0000000180025095e-35 -1.1623238887907743 1.5000000000000002 18.035399436950687 3649.0000000000005 -0.42989926562793951 25.006950378417972 77.528400421142592 539.50000000000011 1.5000000000000002 57.500000000000007 1.0000000180025095e-35 2.5000000000000004 1.0000000180025095e-35 1.0000000180025095e-35 1.5000000000000002 6919123.5000000009
decision_type=8 2 2 2 2 10 8 8 10 10 2 8 10 10 2 8 10 10 2 10 8 10 2 2 10 10 10 10 2 2
left_child=1 -1 3 21 6 9 -4 22 -3 10 16 12 24 -14 15 -13 -5 -16 -18 -20 -8 -2 -6 -24 -12 26 28 -28 29 -26
right_child=2 8 4 5 7 -7 20 -9 -10 -11 11 14 13 -15 17 -17 18 -19 19 -21 -22 -23 23 -25 25 -27 27 -29 -30 -31
leaf_value=0.065381702751056828 -0.009142047393008371 0.083418618191394886 0.083367722113398934 -0.0060240553670254304 0.040455021836875937 0.057944577917200847 0.039951584073141574 0.13953583380249462 0.0070985016764800396 -0.069559706390884435 0.10029984197247818 -0.030430147662419523 0.019268106481315907 0.077179946734797833 -0.0046868389704789988 0.60496743118801322 0.060767651481877405 0.066079679637374766 0.0293070055508571 -0.013971658782300929 0.0071274228911378246 0.12743451288079188 -0.023273083160673152 0.38845280171753316 0.0047860569213403082 -0.0033134796095865547 0.047009821978504618 -0.0053755953862837458 0.0036355188875835387 0.27717954679084073
leaf_weight=49.399871191009879 589.17342429747805 6.4109907718375316 11.660667875781654 562.35628660954535 9.9407043484970909 12.166250908747314 65.034052975475788 1.6336544230580319 82.108721983619034 6.528801977634429 3.4554713312536469 0.39948684582486649 69.419295037165284 19.328647628426552 318.11561349499971 0.28316942136734724 14.312025759369133 7.6064748521894208 42.490511758252978 43.771701548248529 56.095740804914385 1.6766836997121561 43.938742758706212 0.21493045846000214 4.6843730024993411 161.27827352238819 64.88323553558439 15.323864070698617 222.79039447335526 1.6487246807664631
leaf_count=271 23759 58 268 32360 465 70 570 10 1098 29 54 33 1175 160 16366 16 174 41 374 592 1842 23 4620 28 92 4398 1363 184 9471 36
internal_value=0.00292275 0.0315219 0.00124443 -0.000340696 0.0194207 0.00282403 0.0298979 -0.00554469 0.0126259 0.00239378 0.00269644 0.0068257 0.0122575 0.0318809 -0.00254032 0.233136 -0.00284231 -0.00303425 0.0149483 0.00734628 0.0247506 -0.00875448 -0.00992614 -0.0212689 0.00858393 0.0079105 0.0137624 0.0370014 0.00562741 0.0756995
internal_weight=2488.13 137.92 2350.21 2161.69 188.518 1570.84 132.79 55.728 88.5197 1558.68 1552.15 889.217 562.812 88.7479 326.405 0.682656 662.931 325.722 100.574 86.2622 121.13 590.85 54.0944 44.1537 474.064 470.609 309.331 80.2071 229.123 6.3331
internal_count=100000 1427 98573 90770 7803 66988 2680 5123 1156 66918 66889 33389 16933 1335 16456 49 33500 16407 1140 966 2412 23782 5113 4648 15598 15544 11146 1547 9599 128
is_linear=0
shrinkage=0.03


Tree=117
num_leaves=31
num_cat=0
split_feature=392 436 313 48 26 129 369 3 26 27 16 372 372 438 108 20 71 9 48 134 11 90 36 3 437 29 0 438 7 405
split_gain=123.907 90.4367 52.1084 49.1085 57.8132 54.2309 49.2438 57.073 46.1057 48.6172 66.8778 61.1675 53.5264 45.6247 44.8402 44.1765 158.512 41.7539 79.0757 42.9537 42.4744 47.7555 39.8047 39.767 39.6064 74.1905 54.0122 38.1828 35.7911 35.6343
threshold=-32.999999999999993 -145.9155179671541 2.5000000000000004 -1.0000000180025095e-35 16.500000000000004 2.5000000000000004 2090.7500000000005 9634.0000000000018 2.5000000000000004 2.5000000000000004 3.5000000000000004 40.08964920043946 1647.0000000000002 12639.000000000002 2.5000000000000004 5.5000000000000009 1.0000000180025095e-35 474.00000000000006 1.0000000180025095e-35 1.0000000180025095e-35 1.5000000000000002 1.5000000000000002 33.979166030883796 9107.5000000000018 10333.000000000002 2.5000000000000004 5791801.5000000009 2674.5000000000005 113.00000000000001 -329.99999999999994
decision_type=8 2 10 2 2 10 10 2 2 2 2 10 8 2 10 2 10 10 2 8 8 10 8 2 2 8 2 2 10 10
left_child=1 -1 3 4 14 6 8 -8 9 11 12 -5 15 23 22 -11 -17 19 -19 20 -12 -22 29 -13 -21 26 -26 -7 -3 -2
right_child=2 28 -4 5 -6 27 7 -9 -10 10 17 13 -14 -15 -16 16 -18 18 -20 24 21 -23 -24 -25 25 -27 -28 -29 -30 -31
leaf_value=0.062646063152176704 -0.00024311629940330679 0.09176692008024151 0.030497538127857098 0.0059204901125493817 0.035404708697241188 -0.033819192862756142 -0.014929422059768722 0.047625732102591981 0.20972859618262363 -0.012370323431826015 0.088355708189395948 0.095345816096126884 0.18610839775983409 0.0067607071696612732 -0.028101223263990515 0.41213066326506054 -0.0042889198968409188 -0.034181023657703244 0.1082696880201849 -0.0080678046640141922 -0.00021381575148764049 0.1031358149582723 -0.0067783629288647616 0.021407621757774213 0.38749480017882998 -6.443759474176676e-05 0.076028166955979429 0.090853853971234438 0.007646624466947494 0.023262064681609799
leaf_weight=50.0007693041116 213.68277197796851 4.812965713441371 53.410228984430432 441.42563869664446 33.108856273815036 2.7897586636245242 18.358153226785362 46.060796781443059 0.96772250905632873 371.75249060895294 9.7691570818424207 16.906467089429501 1.2423139344900835 19.496221214532852 69.852609590161592 1.0139235407114027 4.3623021719977251 5.3293098569847617 10.257585095241666 90.89288638625294 25.156641860492531 4.7901032166555515 799.10109959961846 10.683979054912923 0.93040489125996773 4.3920433805324137 1.0859330771490929 10.654797749593852 84.001104088965803 79.69759198371321
leaf_count=271 2737 45 507 18578 296 61 400 406 8 16879 215 237 39 451 1062 30 150 191 168 3430 1010 86 50102 200 29 168 22 86 1111 1025
internal_value=0.00283327 0.0303739 0.00120448 0.000522391 -0.00368512 0.00510197 0.00435987 0.0297987 0.00275397 0.00255751 -0.00372635 0.00938757 -0.0104879 0.0418906 -0.00479859 -0.0111356 0.0742453 0.0130386 0.0595644 0.00774584 0.0340371 0.0163174 -0.00330863 0.0667144 -0.00298558 0.0690979 0.219749 0.0649841 0.0122052 0.00614213
internal_weight=2485.99 138.815 2347.17 2293.76 1195.44 1098.32 1084.87 64.419 1020.46 1019.49 530.975 488.512 378.371 47.0867 1162.33 377.129 5.37623 152.604 15.5869 137.017 39.7159 29.9467 1092.48 27.5904 97.3013 6.40838 2.01634 13.4446 88.8141 293.38
internal_count=100000 1427 98573 98066 55222 42844 42697 806 41891 41883 22417 19466 17098 888 54926 17059 180 5319 359 4960 1311 1096 53864 437 3649 219 51 147 1156 3762
is_linear=0
shrinkage=0.03


Tree=118
num_leaves=31
num_cat=0
split_feature=4 254 15 108 1 28 74 361 105 202 405 43 13 135 335 436 29 360 39 27 20 330 135 135 3 432 48 9 20 33
split_gain=114.418 88.9615 67.5028 59.9737 51.5302 50.9764 42.7332 40.8182 36.1653 33.7396 34.7362 33.3755 32.9943 32.5521 41.2577 35.7356 53.5104 35.6389 85.0003 34.1916 52.8755 32.0833 33.9159 32.0262 32.9059 31.174 30.0023 45.4759 43.9569 29.9994
threshold=1.0000000180025095e-35 100.02769851684572 9.5000000000000018 3.5000000000000004 43.995000839233406 9.5000000000000018 1.5000000000000002 318.69999694824224 2.5000000000000004 92.500000000000014 -449.99999999999994 2.5000000000000004 52.500000000000007 1.5000000000000002 6.5000000000000009 -117.58270995670996 70.500000000000014 368.25000000000006 139.50000000000003 1.5000000000000002 1.5000000000000002 57.577751159667976 3.5000000000000004 1.5000000000000002 18367.500000000004 11.500000000000002 1.0000000180025095e-35 333.50000000000006 5.5000000000000009 2.5000000000000004
decision_type=10 8 2 10 2 2 10 8 10 10 8 8 2 10 10 2 10 10 8 2 2 8 10 10 2 2 2 10 2 10
left_child=1 -1 3 4 23 12 8 -3 9 13 -11 -7 21 29 15 16 -15 18 -18 20 25 -4 -23 24 -2 -17 -13 28 -28 -6
right_child=2 7 5 -5 6 11 -8 -9 -10 10 -12 26 -14 14 -16 19 17 -19 -20 -21 -22 22 -24 -25 -26 -27 27 -29 -30 -31
leaf_value=0.064651149505057404 -0.0086559164353679167 -0.0099054747380894863 0.03890886787981377 -0.031368896406544819 0.0041592413220954859 0.043110482477129057 0.069284590103764046 0.094411506153823821 -0.066959512833559276 0.20370939061961935 0.036033200160098186 -0.016827790291322586 0.071249592809056961 0.019747771900530432 0.050527628040985206 0.2406317140072361 0.67259037261666199 0.099334389900022427 0.083858925321961708 -0.0090490217112030574 0.014380593860853389 -0.0046532542598418832 0.12162862029004837 0.02180038837954381 0.19486132690201349 0.065638054023715448 0.21192357270031545 0.1072235094946935 -0.031010455137453773 -0.0069085667739853538
leaf_weight=46.861059411428869 558.32349114725366 31.146394475363195 57.691782757639885 53.29850072786212 1139.950566844549 14.099391110707074 8.8910199701786023 3.7862542755901805 6.5608092546463004 1.3902821112424135 5.5540100941434494 57.137364029418677 16.419325458817184 6.4361921725794655 27.329144299030304 1.505203753709796 0.38307263515889678 1.6626938562840221 0.52075387490913272 62.702722342219204 24.220254363957793 33.29591799294576 2.0308464812114826 33.507241744082421 0.71592896664515038 2.3413503705523908 0.73649880476295759 4.7818134967237702 7.4619693392887712 273.24139733333141
leaf_count=234 22929 1470 510 655 41012 589 52 23 29 31 135 5002 255 99 166 30 19 10 29 1818 303 930 12 754 22 57 12 57 375 22381
internal_value=0.00274525 0.0376382 0.00155716 6.79972e-05 0.000845424 0.0185402 0.0037019 0.00140116 0.00332662 0.00362466 0.0696028 0.00099435 0.0320425 0.0033272 0.0178696 0.00892401 0.0659339 0.181757 0.333383 0.00326965 0.0307902 0.0251218 0.00260637 -0.00668778 -0.00839528 0.134115 -0.00747444 0.0336977 -0.00918679 0.00201927
internal_weight=2483.98 81.7937 2402.19 2208.53 2155.24 193.655 1562.69 34.9326 1553.8 1547.24 6.94429 84.217 109.438 1540.29 127.101 99.7722 9.00271 2.56652 0.903827 90.7695 28.0668 93.0185 35.3268 592.547 559.039 3.84655 70.1176 12.9803 8.19847 1413.19
internal_count=100000 1727 98273 90531 89876 7742 66171 1493 66119 66090 166 6035 1707 65924 2531 2365 157 58 48 2208 390 1452 942 23705 22951 87 5446 444 387 63393
is_linear=0
shrinkage=0.03


Tree=119
num_leaves=31
num_cat=0
split_feature=392 436 15 1 28 36 213 19 203 405 28 367 13 4 4 4 340 3 367 365 64 43 161 370 40 134 437 15 278 286
split_gain=111.113 78.0804 65.5526 55.8596 48.801 37.0187 49.9625 35.5288 33.2872 34.0548 33.261 38.255 43.3726 36.5098 75.5175 63.6993 43.8285 51.3953 39.3262 32.7846 35.9484 32.1837 32.5468 31.9865 30.1986 29.9563 31.928 33.0931 29.9336 29.2713
threshold=-32.999999999999993 -145.9155179671541 9.5000000000000018 43.995000839233406 9.5000000000000018 90.958332061767592 112.50000000000001 12.500000000000002 1.5000000000000002 -449.99999999999994 1.5000000000000002 107.25000000000001 47.500000000000007 474.50000000000006 480.50000000000006 478.50000000000006 1.0000000180025095e-35 13534.500000000002 108.47000122070314 215.92499542236331 1.5000000000000002 2.5000000000000004 1.5000000000000002 3439.5000000000005 539.50000000000011 1.0000000180025095e-35 6297.0000000000009 17.500000000000004 5.5000000000000009 38.500000000000007
decision_type=8 2 2 2 2 10 10 2 10 8 2 10 2 10 10 10 10 2 10 8 10 8 2 10 10 10 2 2 8 10
left_child=1 -1 3 24 25 6 7 10 -7 -10 11 -5 13 -13 15 -15 -16 18 -18 20 23 -6 -23 -12 29 26 27 28 -4 -2
right_child=2 -3 4 5 21 8 -8 -9 9 -11 19 12 -14 14 16 -17 17 -19 -20 -21 -22 22 -24 -25 -26 -27 -28 -29 -30 -31
leaf_value=0.058405759338713586 -0.0089192974733830945 0.011737410107378839 0.047124227529870222 0.003050266956985757 0.042672605887152909 -0.025286495774670702 0.063104550473690152 0.094184875722646624 0.20333844539557616 0.015624832243763619 -0.0043525756678538929 -0.0042074143563506404 0.041727523944614875 0.05016764428542049 0.13011047067990791 0.45259082718514343 0.21151781392090843 0.057533309177981697 -0.0092988681892260134 -0.029907551029833449 0.050991512141740865 -0.014209187020846869 0.051835555067556355 0.053992885678186504 0.11326112065151057 0.02185682432810708 0.13351615070344866 0.081031802170512396 -0.046913824883512464 0.18924531048698251
leaf_weight=50.627678255550563 579.4380155862309 88.96226259181276 8.0808354280889017 861.67288472875953 14.037973604165018 63.22113797487691 12.575928412377833 3.8406190592795602 1.0556919313967228 4.9402709314599624 378.89223541133106 78.154539722949266 50.622767029795796 0.73750676587223896 3.1730405744165173 0.68078826740384102 0.74084734171628852 17.60235346108675 35.910715020727366 40.269727076403797 11.403981518466024 62.407159963157028 7.5252047791145733 8.6496369633823615 1.8332782555371512 73.424305902794003 4.2783109261654308 11.844613609835504 4.8899565776810112 0.67163771018385787
leaf_count=271 23750 1156 71 36202 596 1710 73 50 25 96 24154 1694 856 32 23 14 42 302 736 799 133 5341 197 47 23 1243 56 69 230 9
internal_value=0.00266145 0.0286635 0.00111203 -0.000363888 0.0181759 0.0025721 0.00355874 0.00305696 -0.0188795 0.048675 0.00282183 0.0057232 0.0179989 0.00923089 0.0270788 0.243333 0.0217379 0.0153997 -0.00483544 -0.0041096 -0.00150555 0.00121894 -0.00710232 -0.00305035 -0.00830569 0.0320649 0.0578273 0.0447781 0.0116721 -0.00868987
internal_weight=2482.17 139.59 2342.58 2156.09 186.488 1574.14 1504.93 1492.35 69.2171 5.99596 1488.51 1049.3 187.623 137 58.8453 1.4183 57.427 54.2539 36.6516 439.216 398.946 83.9703 69.9324 387.542 581.943 102.518 29.0937 24.8154 12.9708 580.11
internal_count=100000 1427 98573 90770 7803 66988 65157 65084 1831 121 65034 39901 3699 2843 1149 46 1103 1080 778 25133 24334 6134 5538 24201 23782 1669 426 370 301 23759
is_linear=0
shrinkage=0.03


Tree=120
num_leaves=31
num_cat=0
split_feature=392 438 26 124 101 438 13 369 274 370 88 438 0 16 9 362 43 49 436 43 105 20 31 40 284 139 337 438 33 43
split_gain=103.929 73.5478 47.1962 47.656 48.0108 44.2234 53.1115 71.0554 53.9995 48.8778 45.0119 47.0689 54.5269 36.944 42.3422 41.859 50.2669 53.7687 76.5995 37.1081 38.3566 35.186 34.1956 36.4228 36.1217 33.5399 33.5104 33.2543 43.076 33.7376
threshold=-32.999999999999993 43.500000000000007 15.500000000000002 1.0000000180025095e-35 1.0000000180025095e-35 4328.5000000000009 24.500000000000004 75.14170074462892 2.5000000000000004 1332.5000000000002 2.5000000000000004 3941.5000000000005 7339353.0000000009 3.5000000000000004 203.50000000000003 297.25000000000006 58.500000000000007 1.0000000180025095e-35 -76.949597673993722 20.500000000000004 2.5000000000000004 8.5000000000000018 280.50000000000006 539.50000000000011 1.0000000180025095e-35 9.5000000000000018 8.5000000000000018 39680.500000000007 1.5000000000000002 246.50000000000003
decision_type=8 2 2 10 10 2 2 10 10 10 10 2 2 2 10 10 8 2 2 8 10 2 8 10 10 10 8 2 8 10
left_child=1 -1 3 4 5 6 8 -8 9 10 11 -2 -13 19 -15 16 17 -16 -19 20 -7 -21 23 -5 25 -24 -6 -18 29 -29
right_child=2 -3 -4 22 26 13 7 -9 -10 -11 -12 12 -14 14 15 -17 27 18 -20 21 -22 -23 24 -25 -26 -27 -28 28 -30 -31
leaf_value=0.061242174064030611 -0.0031266862819962198 0.013611050990228551 0.034912229469333707 -0.01760945558744784 -0.010795525655793921 0.0070292428012719314 0.0099586012443553234 0.054686485892355252 0.045174714267874928 0.051592798268059882 0.085871069905051042 0.029124688219318996 0.23413279602568493 -0.015866415084819223 0.050801939087546301 -0.0027560341182181849 0.012452642364245965 0.33312890331718903 0.069774519598190671 -0.007244074373780645 -0.064967048876763175 0.22688689118447869 -0.0056601238409189547 0.13521081211812574 0.019314544917249727 -0.16579909423359732 0.081593052416264522 0.36658709788953059 0.043547996407255811 0.099971788377734155
leaf_weight=41.381403544917703 344.05926536442712 98.922538544051349 36.52315279468894 215.76329025253654 244.20948774693534 361.30042689014226 78.749259024392813 53.80649783834815 29.967651523649693 18.069839868694544 5.5512938387691966 24.630521277431402 1.2257552468217898 32.524938372895122 14.092637685127558 39.31363201700151 52.694730295334011 1.639974051620811 2.5235444982536128 478.99030112382025 6.7848824411630622 0.57838695961981912 216.97151852259412 1.4128263378515828 62.655424368567765 1.1835132688283909 3.5852139745838931 0.70257634297013005 9.0782233965583146 1.0896459911018608
leaf_count=173 14611 1254 344 4209 30327 12660 3582 619 232 147 38 713 25 1115 388 1281 2063 44 77 19001 30 16 6074 16 541 8 45 23 319 25
internal_value=0.00258052 0.0276594 0.00107661 0.000540052 0.00280662 0.00475818 0.011542 0.0281144 0.0063549 0.00339879 0.00107939 -0.00019307 0.0388434 0.000990907 0.0145252 0.0226855 0.0349096 0.0787863 0.173508 -0.00146255 0.00570214 -0.0069617 -0.0076761 -0.0166153 -0.000762614 -0.00652889 -0.0094588 0.0223081 0.0700825 0.204489
internal_weight=2479.98 140.304 2339.68 2303.16 1805.17 1557.37 556.06 132.556 423.504 393.537 375.467 369.916 25.8563 1001.31 153.66 121.135 81.8213 18.2562 4.16352 847.654 368.085 479.569 497.987 217.176 280.81 218.155 247.795 63.5652 10.8704 1.79222
internal_count=100000 1427 98573 98229 87381 57009 19967 4201 15766 15534 15387 15349 738 37042 5335 4220 2939 509 121 31707 12690 19017 10848 4225 6623 6082 30372 2430 367 48
is_linear=0
shrinkage=0.03


Tree=121
num_leaves=31
num_cat=0
split_feature=392 435 15 47 23 361 28 4 12 212 48 353 438 13 333 365 20 438 30 32 367 9 3 335 43 424 436 39 23 3
split_gain=97.4229 69.9903 60.1331 51.687 45.643 39.4544 39.0832 39.1043 38.0766 34.4873 40.8027 37.8365 46.4513 43.2342 33.9993 34.331 42.7099 77.795 67.0991 105.655 66.6393 41.8116 71.2111 36.7253 35.64 33.2854 32.8923 33.117 31.998 31.102
threshold=-32.999999999999993 0.26464414317963686 9.5000000000000018 1.0000000180025095e-35 9.5000000000000018 52.457300186157234 1.0000000180025095e-35 580.50000000000011 202.50000000000003 191.50000000000003 -1.0000000180025095e-35 1.0000000180025095e-35 3443.0000000000005 30.500000000000004 3.5000000000000004 54.23500061035157 3.5000000000000004 36962.500000000007 411.50000000000006 455.50000000000006 123.95000076293947 182.50000000000003 4518.5000000000009 10.500000000000002 54.500000000000007 217.00000000000003 -112.64675036352494 24.500000000000004 1.5000000000000002 5605.5000000000009
decision_type=8 2 2 2 2 10 2 10 8 10 2 10 2 2 10 8 2 2 10 8 8 10 2 8 10 2 2 8 2 2
left_child=1 -1 3 5 -4 6 7 25 -3 10 -8 14 13 -13 15 16 23 20 24 -20 21 22 -18 -12 -19 29 27 28 -5 -2
right_child=2 8 4 26 -6 -7 9 -9 -10 -11 11 12 -14 -15 -16 -17 17 18 19 -21 -22 -23 -24 -25 -26 -27 -28 -29 -30 -31
leaf_value=0.05268338126809792 0.031655314911613323 -0.025779534226127859 0.02702222324916715 0.090177168091164731 -0.0056322114815747738 0.016541359889698678 -0.0096916004752412733 -0.017381499717136935 0.020981566593263251 0.031221914681286878 -0.00040021363005122784 0.0080809807534684107 0.005515595822212626 0.10950780228019949 0.045841944585411146 -0.014443525174419295 0.48095888641948098 0.18774446241196438 0.66053365392626096 0.030052728006449904 0.37007706182805855 -0.010824654771591835 0.045797244525854548 0.12232417657911701 0.04768267482517561 0.099586341257514449 -0.0091460874083758598 0.00043999650408276057 -0.0087341623986605544 0.0073367729723929727
leaf_weight=56.213711476884782 64.198550057597458 20.777290889527649 131.06844791863114 8.8729483527131361 54.560831869021058 165.24583063134924 425.11921845749021 38.383255635388196 63.785606250166893 27.85978728113696 364.30374459456652 6.1711179520934811 26.664573826361448 9.7714358735829574 14.414539755322037 127.19160699658096 0.41026802174747645 2.125317739322778 0.47637047898024398 0.48050590418279171 0.44799360074102779 23.825243960600346 1.933287790045142 2.2078557908534995 7.088646381162107 4.1323021277785292 615.68637769157067 29.937881072983146 4.4048514300957313 180.15875755716115
leaf_count=372 902 265 2680 244 5123 3519 36191 590 790 627 21816 144 599 82 86 3280 19 30 17 24 11 1118 87 12 174 42 17267 956 80 2853
internal_value=0.00250159 0.026739 0.00104167 -0.000371803 0.0174243 0.00271762 0.000996678 0.0108005 0.00949226 -0.00170632 -0.00261226 0.0025103 0.0297365 0.070247 0.000381433 -0.000853823 0.00343207 0.0342472 0.104821 0.343931 0.00727937 0.0010685 0.121978 0.000339075 0.0799897 0.0151537 -0.00737027 0.0179295 0.0573638 0.0137258
internal_weight=2477.92 140.777 2337.14 2151.51 185.629 1492.61 1327.36 286.873 84.5629 1040.49 1012.63 587.513 42.6071 15.9426 544.905 530.491 403.299 36.7876 10.1708 0.956876 26.6168 26.1688 2.34356 366.512 9.21396 248.49 658.902 43.2157 13.2778 244.357
internal_count=100000 1427 98573 90770 7803 72223 68704 4387 1055 64317 63690 27499 825 226 26674 26588 23308 1480 245 41 1235 1224 106 21828 204 3797 18547 1280 324 3755
is_linear=0
shrinkage=0.03


Tree=122
num_leaves=31
num_cat=0
split_feature=4 255 15 108 1 330 1 74 78 19 329 372 411 7 436 48 129 27 6 0 372 435 3 88 30 365 367 367 438 434
split_gain=91.8563 70.6974 55.5397 55.5825 44.1382 41.6585 39.0367 36.4711 36.0734 30.8411 30.8719 43.3567 38.9765 35.7849 39.1254 34.364 60.3499 46.9726 44.7611 64.7199 45.1822 40.9281 37.7344 51.4854 53.1111 40.2505 54.3986 41.5347 40.1553 49.3806
threshold=1.0000000180025095e-35 100.02769851684572 9.5000000000000018 3.5000000000000004 43.995000839233406 57.577751159667976 58.960000991821296 1.5000000000000002 1.0000000180025095e-35 12.500000000000002 10.482899665832521 55.975000381469734 526.00000000000011 117.50000000000001 -163.26724827768942 -1.0000000180025095e-35 2.5000000000000004 2.5000000000000004 1.5000000000000002 7242660.5000000009 40.08964920043946 2.1617839935323531 16877.500000000004 1.5000000000000002 520.50000000000011 117.45000076293947 275.41999816894537 280.50000000000006 36962.500000000007 -0.41785395919466967
decision_type=10 8 2 10 2 8 2 10 8 2 10 10 8 10 2 2 10 2 2 2 10 2 2 10 10 10 10 10 2 2
left_child=1 -1 3 4 -2 -4 -7 9 -3 10 15 12 -12 14 -13 -6 17 18 19 -17 -20 -22 25 24 -24 26 28 -28 -19 -30
right_child=2 8 5 -5 7 6 -8 -9 -10 -11 11 13 -14 -15 -16 16 -18 22 20 -21 21 -23 23 -25 -26 -27 27 -29 29 -31
leaf_value=0.057595103204944431 -0.0062940842389465901 0.096510305582758082 0.036480526108142751 -0.030779779187490915 -0.0041385998244341717 -0.013809665172423274 0.020259559519662948 0.063316871079195799 -0.0085173104801746242 0.085465199712488532 0.015866343846898178 0.17872123469972992 0.06239257294863583 -0.017315552630232919 0.0097424701515498313 0.042580121713994633 0.079460748861946706 -0.0090670878796585974 0.0067066676821473685 0.26647433573237117 0.050475416410185305 -0.025824223356509916 -0.0025034740604612058 0.14100902252478173 0.073997006140736898 -0.026827773101793542 0.10360724177530224 -0.0053835288908650513 0.090751118764276439 0.0079457773316066824
leaf_weight=47.148156862705946 584.03292181482539 3.2452089763246477 64.524708830751479 51.542595164850354 566.33738203253597 49.855576246511191 77.043496837839484 9.0806811079382879 31.628068457823247 4.0728536117821923 46.376293199136853 1.8120916634798048 24.908797783777118 36.201175695285201 3.8603497492149463 6.7894733250141126 9.7779469573870283 242.70291891694069 382.03206877876073 1.401893777772784 38.858654357492924 7.5579615021124473 37.825503675732762 3.0551337683573356 10.417052396573125 67.537813180591911 7.6554320324212295 5.3432224299758673 7.5593902873806647 45.460334528237581
leaf_count=234 23705 37 594 655 32115 3394 3754 52 1456 50 444 13 200 528 47 99 98 11531 14519 21 673 131 1560 50 113 1282 39 117 293 2196
internal_value=0.00242403 0.0336414 0.00135431 7.01324e-06 0.000744849 0.0168541 0.00687459 0.00336894 0.00125626 0.00301944 0.00280328 0.0178914 0.0321238 -0.00633752 0.0637236 0.00161788 0.00534808 0.00450954 0.0114306 0.080898 0.0101025 0.0380516 -0.00255855 0.0215787 0.0140153 -0.00584933 -0.00125996 0.0588055 -0.00390017 0.0197519
internal_weight=2475.65 82.0214 2393.62 2202.2 2150.66 191.424 126.899 1566.62 34.8733 1557.54 1553.47 113.159 71.2851 41.8736 5.67244 1440.31 873.975 864.197 436.64 8.19137 428.449 46.4166 427.557 51.2977 48.2426 376.259 308.721 12.9987 295.723 53.0197
internal_count=100000 1727 98273 90531 89876 7742 7148 66171 1493 66119 66069 1232 644 588 60 64837 32722 32624 15443 120 15323 804 17181 1723 1673 15458 14176 156 14020 2489
is_linear=0
shrinkage=0.03


Tree=123
num_leaves=31
num_cat=0
split_feature=392 4 15 108 330 1 1 36 213 105 203 32 32 372 338 9 88 346 130 436 152 64 393 23 393 300 410 410 19 8
split_gain=87.9977 62.4174 53.5887 48.0124 42.3426 41.2359 34.864 31.9208 42.8536 30.8496 29.9487 29.7006 44.1728 45.5438 41.1107 36.7533 34.8433 39.5196 33.8789 32.2912 31.2322 31.0862 30.748 29.2286 29.0415 30.1109 28.8301 33.4559 28.7056 28.4231
threshold=-32.999999999999993 1.0000000180025095e-35 9.5000000000000018 3.5000000000000004 77.528400421142592 43.995000839233406 58.960000991821296 90.958332061767592 112.50000000000001 2.5000000000000004 1.5000000000000002 9.5000000000000018 1.0000000180025095e-35 40.08964920043946 1.5000000000000002 312.50000000000006 1.5000000000000002 12.500000000000002 2.5000000000000004 -173.13402116028803 1.5000000000000002 1.5000000000000002 4426.0000000000009 12.500000000000002 87133.500000000015 2.5000000000000004 215.50000000000003 264.00000000000006 8.5000000000000018 1.5000000000000002
decision_type=8 10 2 10 8 2 2 10 10 10 10 10 10 10 8 10 10 10 10 2 2 8 8 2 8 10 10 10 2 2
left_child=1 -1 3 5 -4 24 -6 8 9 11 -9 12 20 -14 16 -15 17 23 19 -18 22 -21 -7 -13 26 -26 -2 -28 -24 -8
right_child=2 -3 4 -5 6 7 29 10 -10 -11 -12 14 13 15 -16 -17 18 -19 -20 21 -22 -23 28 -25 25 -27 27 -29 -30 -31
leaf_value=0.056485054380168577 -0.028593675057449659 0.012558532878063995 0.03729566567935378 -0.030312624516457765 -0.013247822557156112 0.067025961888021138 0.041826374840003233 -0.024260140859176427 0.0585812555569118 -0.061511087688324508 0.045410641417120555 -0.0079396189022220773 0.012154256232074135 0.024167314929705218 0.33089176256164909 0.085070608742920759 0.1097779282671129 0.029106309072351382 0.19880324228774335 -0.013617963709939816 -0.027585369966827741 0.062383695127030667 0.0038389725549387724 0.1627909651954822 -0.010034467785863543 0.24047943279321343 0.075130481228868506 0.0099625950141549804 0.10552856304694909 0.0044827639970786235
leaf_weight=41.106702081859112 14.82194070285186 99.786828598473221 59.48923378996551 47.156666168943048 48.832161924801767 7.0605321214534342 30.23020491655916 59.2829434662126 12.685855574905871 6.5993588641285887 6.1267716400325289 401.91909794462845 125.42193725751713 20.811320446897298 0.33196014072745939 15.604335291311143 3.3807431757450166 28.321583750657737 1.029892986640333 15.375429514795544 27.898160782177001 7.0710636307485393 814.71095008123666 0.90449176914989848 458.04249343276024 0.43222754634916682 8.0181339140981418 61.252883831039071 2.5060482532717279 46.650775781832635
leaf_count=173 399 1254 562 621 3452 91 625 1690 73 29 121 27396 2541 261 22 169 28 291 12 494 814 59 32609 8 21548 7 77 1337 73 3164
internal_value=0.00235084 0.0253744 0.000959797 -0.00037596 0.0164432 0.000296409 0.00657548 0.00277821 0.0036777 0.00320676 -0.0177342 0.00349684 0.00636146 0.0207296 -0.00284083 0.0502648 -0.00308271 -0.00514793 0.0300708 0.0233423 0.00363278 0.010324 0.00468938 -0.00755626 -0.00682577 -0.0097983 0.00938045 0.0175058 0.00415081 0.0191666
internal_weight=2472.86 140.894 2331.97 2146.77 185.202 2099.61 125.713 1557.04 1491.63 1478.95 65.4097 1472.35 1014.01 161.838 458.334 36.4157 458.002 431.145 26.8571 25.8272 852.176 22.4465 824.278 402.824 542.568 458.475 84.093 69.271 817.217 76.881
internal_count=100000 1427 98573 90770 7803 90149 7241 66781 64970 64897 1811 64868 36558 2971 28310 430 28288 27695 593 581 33587 553 32773 27404 23368 21555 1813 1414 32682 3789
is_linear=0
shrinkage=0.03


Tree=124
num_leaves=31
num_cat=0
split_feature=392 435 15 47 28 36 213 100 27 11 437 364 29 20 105 3 28 26 15 367 29 90 13 12 13 9 1 437 118 3
split_gain=82.6289 59.96 50.6084 46.0808 42.4699 32.6527 39.026 35.6165 44.1467 83.5735 74.7486 63.1095 325.645 33.1738 59.6518 60.5161 44.191 61.6886 53.5995 46.5512 39.741 39.8158 62.7138 39.6681 39.3588 43.1453 39.1027 38.5508 51.3487 37.9581
threshold=-32.999999999999993 0.16328640186189519 9.5000000000000018 1.0000000180025095e-35 9.5000000000000018 119.70833206176759 112.50000000000001 1.0000000180025095e-35 45.500000000000007 532.50000000000011 5832.0000000000009 73.235351562500014 169.50000000000003 4.5000000000000009 1.0000000180025095e-35 17399.500000000004 1.5000000000000002 1.0000000180025095e-35 3.5000000000000004 107.97499847412111 511.50000000000006 2.5000000000000004 18.500000000000004 7.5000000000000009 34.500000000000007 124.00000000000001 201.97000122070315 1122.0000000000002 1.5000000000000002 17600.000000000004
decision_type=8 2 2 2 2 10 10 10 2 10 2 8 10 2 8 2 2 2 2 10 10 10 2 8 2 8 2 2 10 2
left_child=1 -1 3 5 -4 6 7 13 -9 10 -10 12 -12 16 15 -15 18 20 19 26 21 23 -23 -18 25 -21 -2 -27 -29 -22
right_child=2 -3 4 -5 -6 -7 -8 8 9 -11 11 -13 -14 14 -16 -17 17 -19 -20 24 29 22 -24 -25 -26 27 -28 28 -30 -31
leaf_value=0.052910205415374362 -0.00083607431184825167 0.011079242827681071 0.029151695866648796 -0.007020387980095957 0.0002567426465423738 -0.01775333317092925 0.055461094171740513 -0.011084935120421959 -0.0067775997794995574 0.78096442485914697 -0.031717480872167449 0.10869578218479899 1.7966172722652505 0.05658774937324583 0.003355540278062456 0.28146691777675192 0.063101494773990033 -0.035038818557937113 0.046348750035059977 0.1167558038784717 0.033471273566544141 -0.027182310024175739 0.15753201642272535 -0.0074208432952186801 0.045250410720429908 0.023920797608135001 0.016848568935500373 -0.024248575487689925 0.12284084491727591 0.21859983719963305
leaf_weight=45.517608781345189 553.80041503440589 95.635857452638447 100.59478844329715 652.09936436731368 84.01572346733883 68.10220698826015 12.896380558609961 192.48410601587966 3.8053231816738835 0.14792361063882697 0.26357674878090587 0.75746936863288294 0.1313751102425158 18.459401655010883 32.263785323128104 1.1437287116423238 7.4284377680160105 54.08284455537796 30.591183279640973 3.3396557462401679 15.296158181969078 3.1587092014960936 3.473257846198976 213.31090534804389 44.007608241401613 51.682310902513564 141.22204245859757 36.52782794367522 2.2687078276649109 1.066266981884836
leaf_count=246 22748 1181 1669 18547 6134 2066 74 24806 553 22 20 13 21 390 892 31 110 1200 256 53 581 68 42 11755 566 982 4299 628 23 24
internal_value=0.00228093 0.0245684 0.000929822 -0.000368064 0.0160017 0.00253999 0.00351077 0.00303586 -0.00877544 0.0782927 0.0573272 0.269003 0.576452 0.00495965 0.0284335 0.0697081 0.0039112 -0.00605354 0.00734822 0.0059157 0.000378096 -0.00287157 0.0695553 -0.00504759 0.0218428 0.010863 0.00275728 0.00695438 -0.0156472 0.0455353
internal_weight=2469.57 141.153 2328.42 2143.81 184.611 1491.71 1423.61 1410.71 197.59 5.10567 4.95774 1.15242 0.394952 1213.12 51.8669 19.6031 1161.26 297.817 863.44 832.849 243.734 227.371 6.63197 220.739 137.826 93.8185 695.022 90.4788 38.7965 16.3624
internal_count=100000 1427 98573 90770 7803 72223 70157 70083 25435 629 607 54 41 44648 1313 421 43335 13780 29555 29299 12580 11975 110 11865 2252 1686 27047 1633 651 605
is_linear=0
shrinkage=0.03


Tree=125
num_leaves=31
num_cat=0
split_feature=438 256 15 108 28 367 27 9 13 19 135 49 204 437 23 28 438 437 39 333 253 361 437 48 38 437 11 437 438 19
split_gain=78.7322 61.733 47.5033 50.6702 40.6294 39.6643 47.2996 46.951 47.8838 40.4288 39.6475 40.0012 38.9929 37.2919 35.6404 37.6638 35.1803 42.4026 39.2542 35.418 33.0646 32.768 32.123 44.6195 37.7991 29.6692 30.9399 35.2932 31.3813 75.4157
threshold=43.500000000000007 44.620199203491218 9.5000000000000018 3.5000000000000004 9.5000000000000018 107.25000000000001 1.0000000180025095e-35 124.00000000000001 34.500000000000007 8.5000000000000018 1.0000000180025095e-35 1.0000000180025095e-35 1.5000000000000002 1437.0000000000002 3.5000000000000004 2.5000000000000004 10977.000000000002 10.500000000000002 359.50000000000006 1.5000000000000002 2.5000000000000004 318.69999694824224 656.50000000000011 1.0000000180025095e-35 24.500000000000004 71.500000000000014 202.50000000000003 3288.0000000000005 17261.500000000004 2.5000000000000004
decision_type=2 8 2 10 2 10 2 8 2 2 8 2 10 2 2 2 2 2 10 10 10 8 2 2 8 2 10 2 2 2
left_child=1 -1 3 5 -4 6 20 -7 13 12 11 -11 25 14 16 -16 17 19 22 -9 -2 -3 -18 24 -24 -8 -27 28 -28 -30
right_child=2 21 4 -5 -6 7 9 8 -10 10 -12 -13 -14 -15 15 -17 18 -19 -20 -21 -22 -23 23 -25 -26 26 27 -29 29 -31
leaf_value=0.053506492181163059 0.0048717378562612027 -0.0084016514694150446 0.027939369794570693 -0.030003389885890571 -1.9252300737002231e-05 0.060911802486897905 -0.014531870414553432 0.040262873045961607 0.028084569676217048 0.35606283301719382 0.027364110781090183 0.058407871069524483 0.032946864179981647 -0.012832791422547686 0.088554097656877079 -0.023976579041386645 0.0032620545510341839 -0.013661290762849969 0.18497333083818693 0.27935341932573315 0.035243980474073067 0.081700168740758444 0.11496003781130765 -0.032862526853526905 -0.013923485526935925 -0.004230077251163698 0.014879889081893282 -0.020090354364024312 0.054505791341815102 0.45839010456606882
leaf_weight=47.117324956692755 438.46416902821511 32.6450388985686 106.01099390210584 49.659593447111547 83.723458656109869 15.753500896971671 239.10640018293634 2.0421247277408834 77.762226193211973 0.77197673637419939 4.6343573667109004 0.85791530041024089 24.871109413448721 100.37278949888423 9.7963259783573431 3.6833275253884485 30.633597665000707 60.925724201835692 1.3532287385314692 0.76708419527858485 34.820967997424304 4.0875196494162074 8.9688508678227628 3.8021630430594078 2.6540358909405777 1007.2659972328693 41.860462882556021 18.451517923269421 13.310842282138761 0.42951940884813744
leaf_count=245 5742 1580 1705 655 6029 294 15352 67 1506 34 217 32 499 1975 60 115 820 1676 32 11 236 23 177 82 84 56947 1970 1002 787 46
internal_value=0.00220665 0.0307784 0.0012012 -4.47368e-05 0.0156022 0.000649376 -0.00105563 0.0104177 0.00779039 -0.00391375 0.072123 0.199388 -0.00426781 0.000776494 0.0117373 0.057805 0.00615027 -0.00840692 0.0257192 0.105549 0.00710631 0.00162468 0.0210403 0.0563471 0.08553 -0.00496877 -0.00285413 0.0158616 0.0277925 0.0671311
internal_weight=2466.6 83.8499 2382.75 2193.02 189.734 2143.36 1824.85 318.515 302.761 1351.56 6.26425 1.62989 1345.3 224.999 124.626 13.4797 111.147 63.7349 47.4119 2.80921 473.285 36.7326 46.0586 15.425 11.6229 1320.42 1081.32 74.0523 55.6008 13.7404
internal_count=100000 1848 98152 90418 7734 89763 82864 6899 6605 76886 283 66 76603 5099 3124 175 2949 1754 1195 78 5978 1603 1163 343 261 76104 60752 3805 2803 833
is_linear=0
shrinkage=0.03


Tree=126
num_leaves=31
num_cat=0
split_feature=392 437 15 259 1 328 422 14 48 8 161 135 36 424 26 43 405 215 43 404 105 11 416 135 16 4 361 430 424 393
split_gain=74.3792 56.0047 45.072 44.3352 42.5595 39.8044 33.2033 32.692 31.6169 48.4014 39.8694 32.6218 31.2412 35.7197 30.208 44.2816 28.6301 28.4715 28.407 38.2028 27.7161 27.5114 26.9432 26.4139 27.3286 26.8652 25.3335 24.2746 24.2425 24.1052
threshold=-32.999999999999993 2203.5000000000005 9.5000000000000018 23.231499671936039 43.995000839233406 77.528400421142592 13.500000000000002 29.500000000000004 1.0000000180025095e-35 1.5000000000000002 1.5000000000000002 3.5000000000000004 119.70833206176759 217.00000000000003 6.5000000000000009 5.5000000000000009 90.000000000000014 182.50000000000003 2.5000000000000004 14.500000000000002 2.5000000000000004 184.50000000000003 456.50000000000006 1.5000000000000002 5.5000000000000009 320.50000000000006 62.975000381469734 1.0000000180025095e-35 39.500000000000007 4426.0000000000009
decision_type=8 2 2 10 2 8 2 2 2 2 2 10 10 2 2 8 10 10 8 8 10 10 10 10 2 10 10 2 2 8
left_child=1 3 4 7 14 -4 -3 27 11 -10 -11 18 13 17 16 -16 -2 20 19 -7 21 22 23 29 25 -25 -23 28 -1 -6
right_child=2 6 5 -5 12 8 -8 -9 9 10 -12 -13 -14 -15 15 -17 -18 -19 -20 -21 -22 26 -24 24 -26 -27 -28 -29 -30 -31
leaf_value=-0.015714760206617412 -0.0088445192866398528 0.12786850036711755 0.035653772757541224 -0.030307338815377258 0.0510080925661614 -0.16535636339001186 -0.01893534432717945 -0.01296068017168909 0.073755399584021705 -0.023890526347447202 0.13841674258157288 0.088423557879415457 -0.019402450340934206 0.06216591126610891 0.074105527935662815 -0.035911895803381139 0.1584620237755815 0.053209482011068267 -0.013917158778871831 0.035809841036668275 -0.059158990464146341 0.010597038578071063 0.07727981237568074 -0.0037257694378970154 -0.024993633113911777 0.028852658757050627 0.049442280943245591 0.05285825297877475 0.050990550147773137 -0.00054263641712947786
leaf_weight=10.565396574791523 549.02233952563256 1.4541725441813493 58.043970679864287 9.027164785191415 8.2181364041753096 0.89015422761440277 29.836691178381443 9.8025050871074182 13.794221576303244 12.212265030480919 1.5330824684351689 3.4423917923122636 58.217309483792633 9.1258119153790158 9.3580163754522783 5.0800541350617996 0.92207994870841403 9.951496144756673 75.622499528340995 18.660793530289087 6.5754961222410193 103.5286080641672 4.1936123776249579 32.176783519797027 14.117375316098331 78.015827995259315 17.692046034149826 71.220236548222601 9.1499364981427771 1231.2658419571817
leaf_count=129 23647 12 570 94 109 6 450 109 113 476 16 21 1640 117 57 64 14 52 5918 683 29 4371 33 812 277 1294 255 509 124 57999
internal_value=0.00214014 0.0232917 0.000855044 0.0333846 -0.000372028 0.0150941 -0.012113 0.039092 0.00563456 0.0340545 -0.00578764 -0.00230201 0.00216358 0.00299238 -0.00743942 0.0353958 -0.008564 0.00263375 -0.00558352 0.0266507 0.00229727 0.00256862 0.00135482 0.00112136 0.0143049 0.0193396 0.0162665 0.0447031 0.0152433 -0.00020084
internal_weight=2462.72 141.056 2321.66 109.765 2137.46 184.199 31.2909 100.738 126.155 27.5396 13.7453 98.6158 1573.08 1514.86 564.382 14.4381 549.944 1505.74 95.1734 19.5509 1495.78 1489.21 1367.99 1363.79 124.31 110.193 121.221 90.9356 19.7153 1239.48
internal_count=100000 1427 98573 965 90770 7803 462 871 7233 605 492 6628 66988 65348 23782 121 23661 65231 6607 689 65179 65150 60524 60491 2383 2106 4626 762 253 58108
is_linear=0
shrinkage=0.03


Tree=127
num_leaves=31
num_cat=0
split_feature=438 3 15 108 330 367 28 9 13 3 9 212 49 305 367 367 334 188 38 438 338 366 12 424 309 370 48 8 161 38
split_gain=70.7456 57.0971 42.7454 49.3171 48.371 37.5695 44.9222 43.1884 44.1678 42.8737 52.5156 35.952 38.4348 36.506 34.7067 40.5728 37.0183 32.9163 32.6574 32.5568 36.1786 30.7679 30.7559 29.5524 29.1228 28.1343 28.0982 40.1737 33.4466 31.0205
threshold=43.500000000000007 8150.5000000000009 8.5000000000000018 3.5000000000000004 57.577751159667976 107.25000000000001 1.0000000180025095e-35 124.00000000000001 34.500000000000007 5605.5000000000009 345.50000000000006 191.50000000000003 -1.0000000180025095e-35 2.5000000000000004 316.50000000000006 275.41999816894537 2.5000000000000004 333.22000122070318 2.5000000000000004 17261.500000000004 1.5000000000000002 1.0000000180025095e-35 7.5000000000000009 116.50000000000001 2.5000000000000004 1561.5000000000002 1.0000000180025095e-35 1.5000000000000002 1.5000000000000002 251.50000000000003
decision_type=2 2 2 10 8 10 2 8 2 2 10 10 2 10 10 8 10 2 8 2 8 8 10 2 10 10 2 2 2 10
left_child=1 17 3 5 -4 6 9 -7 14 10 -2 12 13 -8 15 18 -17 -1 -9 25 -21 -3 -13 -12 -11 -14 -6 29 -29 -28
right_child=2 21 4 -5 26 7 11 8 -10 24 23 22 19 -15 -16 16 -18 -19 -20 20 -22 -23 -24 -25 -26 -27 27 28 -30 -31
leaf_value=-0.018529376554806076 0.014647641412028799 0.050994624642150078 0.034896605982011039 -0.030211821186871563 -0.0029163275882016265 0.058244076638505914 -0.012327467002998452 0.021643951255041351 0.026889984068692727 -0.001137654972392027 0.092438528289681118 0.045943913967220855 -0.006298449172595766 0.056303973883250077 -0.017947112974940487 0.063623733891361667 -0.031508636691437143 0.12899237277527351 -0.0088927288360917192 0.00709636839718815 0.31252585199898347 -0.034270221114680394 -0.028245493613443067 -0.023299538440044815 0.029842684662956826 0.038661735081733373 -0.035114193237013841 -0.020776384059294821 0.12066550332931059 0.083716770073621743
leaf_weight=22.660075339023027 109.17170178610831 55.106040634680539 67.888151125516742 47.940702834166586 110.57586946478114 15.898878074716775 483.58948568440974 48.967724040150642 78.499122076667845 328.06101630162448 12.724405687302349 22.263130471576009 501.39940666779876 7.0773479454219332 63.929400171618909 18.652681757695976 4.5865137949585906 1.4482612516731013 88.458749759942293 284.24017848772928 0.34946703864261408 4.0917267571203402 6.4965888662263742 2.352679729461669 29.788576415739954 12.847241614945231 2.3491581445559868 13.282706208061425 1.6968820095062263 12.483887368813155
leaf_count=1000 1207 707 651 650 7076 291 16762 951 1497 4445 156 468 37018 67 1172 275 51 19 2615 21593 19 122 173 21 191 124 41 532 17 89
internal_value=0.00207779 0.0292515 0.00112487 -0.000122638 0.0141062 0.000557992 -0.00112332 0.0100471 0.00751894 0.00671288 0.0218957 -0.00398907 -0.00472895 -0.0113375 0.000748483 0.00818752 0.0448483 -0.0096673 0.00198808 -0.000669789 0.00747143 0.0451012 0.0291851 0.0743784 0.00144125 -0.00517522 0.00405258 0.0299004 -0.0047539 0.0648971
internal_weight=2458.88 83.3061 2375.57 2167.29 208.277 2119.35 1800.36 318.993 303.094 482.098 124.249 1318.26 1289.5 490.667 224.595 160.666 23.2392 24.1083 137.426 798.836 284.59 59.1978 28.7597 15.0771 357.85 514.247 140.389 29.8126 14.9796 14.833
internal_count=100000 1848 98152 89746 8406 89096 82244 6852 6561 6020 1384 76224 75583 16829 5064 3892 326 1019 3566 58754 21612 829 641 177 4636 37142 7755 679 549 130
is_linear=0
shrinkage=0.03


Tree=128
num_leaves=31
num_cat=0
split_feature=392 437 259 15 1 330 411 1 14 34 424 26 43 36 416 12 288 411 1 13 270 105 43 100 11 372 32 434 43 9
split_gain=67.4386 51.4626 40.7574 40.4813 38.7242 37.609 30.8459 30.7968 30.1588 29.7947 29.5757 29.1034 41.4013 26.9497 26.0562 25.9487 30.8521 35.8788 34.0043 30.9923 30.0418 26.095 27.4499 27.722 27.7036 30.5245 26.7981 25.8769 25.5884 25.295
threshold=-32.999999999999993 2203.5000000000005 23.231499671936039 9.5000000000000018 43.995000839233406 77.528400421142592 425.50000000000006 58.960000991821296 29.500000000000004 17.500000000000004 217.00000000000003 6.5000000000000009 5.5000000000000009 2.6874995231628422 456.50000000000006 6.5000000000000009 1.0000000180025095e-35 412.50000000000006 223.68000030517581 8.5000000000000018 2.5000000000000004 2.5000000000000004 52.500000000000007 1.0000000180025095e-35 24.500000000000004 84.429000854492202 10.500000000000002 0.31761662059202683 1.0000000180025095e-35 312.50000000000006
decision_type=8 2 10 2 2 8 10 2 2 10 2 2 8 8 10 8 8 10 2 2 10 10 8 10 10 10 8 2 10 10
left_child=1 2 8 4 11 -5 -3 -7 -1 10 14 -2 -13 -12 15 27 18 21 -17 -20 -19 22 23 24 25 -18 28 -6 -27 -30
right_child=3 6 -4 5 9 7 -8 -9 -10 -11 13 12 -14 -15 -16 16 17 20 19 -21 -22 -23 -24 -25 -26 26 -28 -29 29 -31
leaf_value=0.042750846775799059 -0.0082685012653181209 0.027881340375673681 -0.029870134567969959 0.03489613164463784 0.052225980966572168 -0.013512661054222865 -0.034397041905485655 0.016947796103121474 -0.012821389647565374 -0.026711953584945849 0.16405631258921557 0.071765494199164295 -0.035663118959354721 0.031634180019181252 0.074484608570461644 -0.011806484404821248 0.0025738995321704003 0.010132945874800915 -0.027253958431374441 0.04178995934687315 0.055437124733246836 -0.057310593853122545 -0.00291636509726966 -0.0088893393417450398 0.021554111790194973 -0.0012738632813897761 0.001267850840776926 -0.0099630992944429939 0.026716158806246879 0.079821249179642728
leaf_weight=90.557952113915235 543.87317955587059 11.210935670882465 8.830906671471892 55.731711583212018 17.877557638101283 48.31758974539116 19.796557922847569 78.253530540969223 9.7337399581447226 31.780486612580717 1.7167124636471269 9.4392444323748332 4.9070172347128382 7.1190280867740494 4.4896101029589763 227.27287561772391 430.19347545411438 35.623460731469095 8.102641604375096 21.057787862606347 20.902909722179174 6.545754872262477 465.64927862584591 92.470057772938162 121.69406067207456 10.839356754906474 28.814173697028309 9.0804155664518458 16.967177353799343 15.398553077131508
leaf_count=762 23661 158 94 562 257 3452 304 3789 109 817 21 57 64 105 41 5194 14721 500 191 206 157 29 30820 9448 3292 221 528 175 146 119
internal_value=0.00201671 0.0222256 0.0319168 0.000792968 -0.000367352 0.0143615 -0.0118799 0.00531974 0.0373573 0.00204085 0.00263352 -0.00715597 0.0350204 0.0573627 0.00231807 0.0021061 0.00158235 0.00353391 -0.00789335 0.0226051 0.026886 0.00242332 0.00275411 0.00643996 0.00871194 0.00560007 0.0236764 0.0312785 0.038621 0.0519818
internal_weight=2454.25 140.13 109.123 2314.12 2131.81 182.303 31.0075 126.571 100.292 1573.6 1541.81 558.219 14.3463 8.83574 1532.98 1528.49 1501.53 1245.1 256.433 29.1604 56.5264 1188.57 1182.03 716.377 623.907 502.213 72.0193 26.958 43.2051 32.3657
internal_count=100000 1427 965 98573 90770 7803 462 7241 871 66988 66171 23782 121 126 66045 66004 65572 59981 5591 397 657 59324 59295 28475 19027 15735 1014 432 486 265
is_linear=0
shrinkage=0.03


Tree=129
num_leaves=31
num_cat=0
split_feature=4 47 1 212 135 437 389 347 0 23 43 3 9 38 38 405 437 23 43 216 6 0 436 176 43 1 23 239 373 183
split_gain=63.9403 52.4992 39.3478 41.8791 34.0988 38.9219 36.1451 35.5519 34.8703 33.1901 38.1688 31.1842 45.1261 33.4844 30.008 29.1338 28.3566 28.3336 32.8711 47.2703 38.8791 67.9241 33.0783 31.9007 31.045 55.5014 82.762 27.3444 27.3317 26.4654
threshold=1.0000000180025095e-35 1.5000000000000002 76.99499893188478 157.50000000000003 1.5000000000000002 86.500000000000014 37.500000000000007 5.5000000000000009 5529649.0000000009 4.5000000000000009 1.0000000180025095e-35 18354.500000000004 222.50000000000003 32.500000000000007 56.500000000000007 -449.99999999999994 129.50000000000003 6.5000000000000009 52.500000000000007 127.50000000000001 1.5000000000000002 7339353.0000000009 -44.286844802706867 2.5000000000000004 558.50000000000011 112.06999969482423 56.500000000000007 2.5000000000000004 85.750000000000014 100.25000000000001
decision_type=10 2 2 10 10 2 10 10 2 2 10 2 8 8 8 8 2 2 8 10 2 2 2 2 8 2 2 10 10 2
left_child=1 14 4 17 6 -6 7 11 -8 10 -7 27 13 -13 -1 -5 -16 18 19 20 21 -4 -22 -20 -19 26 -26 28 -2 -12
right_child=2 -3 3 15 5 9 8 -9 -10 -11 29 12 -14 -15 16 -17 -18 24 23 -21 22 -23 -24 -25 25 -27 -28 -29 -30 -31
leaf_value=-0.01997981131265212 -0.0056723383192116179 0.051504984700995883 0.036115085034219556 0.12403331455651906 -0.028556754419410899 -0.014416220680621341 -0.04077847243509742 -0.032638823795566076 0.062193511961670632 -0.038060438611010515 0.045224107666533259 -0.030363571030864959 0.021942172017838383 0.42843242467448783 -0.028749594723886638 0.029221629114524261 0.058415336561598592 0.021738695281937438 -0.0041528455944562634 0.18887117587583085 0.022372097163302039 0.26705503560053401 0.0030487653212712225 0.033370554553053246 0.78906988808325396 -0.031106623162216851 0.063166554694174717 0.02527891912110139 0.027376054716812349 -0.028870988496788617
leaf_weight=21.980575633700937 993.64771519275382 41.903545261360705 9.9593443316407484 3.2465289365500212 15.99789517233148 14.838666884228585 3.8143121986649957 40.129936182871461 13.211359390988944 7.3822972257621577 54.828158858697861 0.19740147888660375 1.8358159014023838 0.52110719075426459 4.698380506597462 28.7249143216759 11.783263601362703 54.071852969471365 487.53497469238937 1.2960511576384295 96.319253746420145 1.2952957269735623 462.92096963105723 21.281093757133931 0.25620087422430404 0.56300476472824812 0.31534608127549291 27.715013965032995 23.044393253047019 4.7113323993980876
leaf_count=893 49026 213 221 37 410 198 70 562 155 212 1036 21 27 35 227 298 394 2893 22496 22 2785 20 16444 288 19 35 24 307 534 98
internal_value=0.00195807 0.0282747 0.00106556 0.00498737 -0.00274502 0.0142371 -0.00424861 -0.0049279 0.0391244 0.0226105 0.0286323 -0.00386575 0.100828 0.302384 0.002966 0.0388492 0.0335675 0.00403421 0.00296323 0.00789902 0.00748788 0.0626939 0.00637687 -0.00258344 0.0249974 0.180306 0.388559 -0.0041218 -0.00492326 0.039361
internal_weight=2450.03 80.3658 2369.66 1167.78 1201.88 97.7584 1104.12 1087.09 17.0257 81.7605 74.3782 1046.96 2.55432 0.718509 38.4622 31.9714 16.4816 1135.81 1080.61 571.791 570.495 11.2546 559.24 508.816 55.2064 1.13455 0.571547 1044.41 1016.69 59.5395
internal_count=100000 1727 98273 45582 52691 1954 50737 50512 225 1544 1332 49950 83 56 1514 335 621 45247 42276 19492 19470 241 19229 22784 2971 78 43 49867 49560 1134
is_linear=0
shrinkage=0.03


Tree=130
num_leaves=31
num_cat=0
split_feature=392 437 259 305 15 108 28 47 361 100 436 0 411 372 32 127 435 7 3 15 27 89 43 4 3 48 14 32 32 3
split_gain=61.4392 47.0102 37.5815 37.3949 34.324 40.3298 34.6616 31.8673 32.1094 32.431 30.8367 30.6036 29.3581 29.0731 46.5588 31.6886 29.8175 29.7571 29.0278 70.6467 28.2241 67.2084 28.0651 30.4282 40.4465 48.515 27.763 27.1067 43.7838 27.5042
threshold=-32.999999999999993 2203.5000000000005 23.231499671936039 2.5000000000000004 9.5000000000000018 3.5000000000000004 7.5000000000000009 1.0000000180025095e-35 48.975000381469734 1.0000000180025095e-35 -119.18452682941461 6374808.5000000009 425.50000000000006 38.98500061035157 9.5000000000000018 1.0000000180025095e-35 0.3658504648651591 200.50000000000003 18354.500000000004 2.5000000000000004 45.500000000000007 1.5000000000000002 331.50000000000006 571.50000000000011 11210.500000000002 1.0000000180025095e-35 29.500000000000004 18.500000000000004 5.5000000000000009 1893.5000000000002
decision_type=8 2 10 10 2 10 2 2 10 10 2 2 10 10 8 10 2 10 2 2 2 8 10 8 2 2 2 8 10 2
left_child=1 2 26 4 5 7 -6 8 9 11 27 13 -3 16 15 17 -2 -15 20 -20 -11 -22 -16 24 -24 -26 -1 28 -9 -29
right_child=3 12 -4 -5 6 -7 -8 10 -10 18 -12 -13 -14 14 22 -17 -18 -19 19 -21 21 -23 23 -25 25 -27 -28 29 -30 -31
leaf_value=0.040875615663715809 -0.0081199231282176876 0.026793151485781139 -0.029418287546450511 0.038857437990113701 0.029446693714087382 -0.029209261348674815 0.0023067042599372771 0.019983201131752778 0.014255749977924923 -0.013783262209473521 -0.0076342322108448228 -0.0040239773114214578 -0.034005498271187644 0.017941280327723283 -0.00283142881173308 0.034883281133341194 0.0076733946771020706 0.14726375463221764 -0.030269368324928499 0.75362878100052011 0.031356008302268992 0.51152558236463819 -0.012951166519004836 0.23696242921610067 -0.03065102357020881 0.2563612749074895 -0.012616504660318394 0.084544976431900343 0.12457265418892333 -0.021229927951324726
leaf_weight=90.292679646983743 139.82361295586452 11.33554299734533 8.6674897875636798 22.92086336389184 70.007080459501594 43.786871194839478 107.20996963744983 16.038337098900232 177.47786503378302 175.72850657301024 571.14354752749205 400.49459853256121 19.349093411117792 2.3660730673000208 48.24558498011902 26.258890454657376 466.68264543963596 4.9545540735125542 0.31929424591362376 0.15307578165084124 5.0574979074299327 0.27670075930654991 4.4776186449453226 0.77996863797307003 0.87302313372492801 1.3492243411019444 9.6672592312097532 2.5698212189599898 4.6457665245980015 15.910429473035036
leaf_count=762 6607 158 94 230 942 621 6811 409 3769 24074 16956 15537 304 46 1176 334 19235 90 47 18 575 18 244 20 61 37 109 34 68 614
internal_value=0.00189631 0.0212441 0.0305063 0.000729251 0.000347059 -0.000718295 0.013028 -0.000114348 0.00229869 0.000637984 -0.00586838 0.0025828 -0.0115452 0.00638552 0.0223664 0.0502709 0.00403241 0.105466 -0.0111069 0.22376 -0.0117196 0.0562638 0.00555148 0.059622 0.0389768 0.143607 0.0357023 0.0198834 0.0434746 -0.00652111
internal_weight=2448.86 139.312 108.627 2309.55 2286.63 2109.41 177.217 2065.63 1455.32 1277.84 610.308 1096.31 30.6846 695.811 89.3049 33.5795 606.506 7.32063 181.535 0.47237 181.063 5.3342 55.7254 7.47983 6.69987 2.22225 99.9599 39.1644 20.6841 18.4803
internal_count=100000 1427 965 98573 98343 90590 7753 89969 71888 68119 18081 43387 462 27850 2008 470 25842 136 24732 65 24667 593 1538 362 342 98 871 1125 477 648
is_linear=0
shrinkage=0.03


Tree=131
num_leaves=31
num_cat=0
split_feature=438 3 1 26 212 108 188 372 179 437 155 411 188 3 137 31 15 38 27 438 6 13 38 38 65 346 437 15 9 4
split_gain=58.0892 49.226 35.182 44.7885 38.8535 37.9607 32.3769 48.8271 39.0696 31.7996 30.322 28.4739 27.6745 27.4831 27.2658 26.418 31.2871 28.4832 37.7105 43.0094 36.0126 33.5371 27.4627 36.4977 27.3442 27.4151 26.4512 40.6071 32.5037 27.6217
threshold=43.500000000000007 8150.5000000000009 76.99499893188478 6.5000000000000009 157.50000000000003 2.5000000000000004 41.975000381469734 87.974998474121108 510.25000000000006 62.500000000000007 1.0000000180025095e-35 214.50000000000003 333.22000122070318 9440.5000000000018 2.5000000000000004 2.5000000000000004 3.5000000000000004 9.5000000000000018 1.0000000180025095e-35 4518.0000000000009 1.5000000000000002 1.5000000000000002 409.50000000000006 474.50000000000006 1.5000000000000002 23.500000000000004 10333.000000000002 4.5000000000000009 328.50000000000006 578.50000000000011
decision_type=2 2 2 2 10 10 2 10 2 2 2 8 2 2 10 10 2 8 2 2 2 2 10 10 10 10 2 2 10 10
left_child=1 12 3 5 15 6 7 14 10 -3 -8 -6 -1 -9 -2 16 17 20 19 21 -4 -19 -21 -24 25 -20 29 28 -28 -18
right_child=2 9 4 -5 11 -7 8 13 -10 -11 -12 -13 -14 -15 -16 -17 26 18 24 22 -22 -23 23 -25 -26 -27 27 -29 -30 -31
leaf_value=-0.018258652368715985 -0.0052348820391404224 -0.016509942167233047 0.067404417334032199 0.022455229214084778 -0.036997619566017402 -0.025087213163546784 0.017339277012351596 0.082115627539282351 -0.018276519757755488 0.050073125110114317 0.070299048044397031 0.047905368933968774 0.1100636618557088 -0.024442352098671707 0.041527354926474781 -0.0052168613313913472 0.01144626570072203 -0.027439171420180059 -0.015237316090102572 -0.0033859212250719095 0.0074143166199024477 0.056401390089778833 0.21700593190871223 -0.014325328292439292 0.026394025034012614 0.051721665008458172 0.082041458733886713 0.040450057023871749 0.36522516735406563 0.060322263153405151
leaf_weight=22.29619468096644 967.83743448508903 7.3984754774719468 9.2045694249682111 60.723324039950967 4.0694033140316606 71.894786803983152 37.140224197879434 9.0361953144893032 20.086754652205855 50.654960122425109 13.183736167382447 28.12539943959564 1.6226595425978292 2.8703573402017346 11.35363032389432 234.54639128129929 128.49537362577394 5.1919769458472755 195.38777746492997 77.12662810087204 417.70593051193282 24.826654968783259 1.198229301720857 1.258520809933543 16.887314109131694 5.6626897025853387 0.7913876036182026 7.721651473082602 0.67671573627740145 11.323486561886964
leaf_count=1000 48214 305 204 583 64 1190 1607 161 492 524 168 268 19 107 112 17956 3497 76 7133 772 14711 183 19 22 184 47 29 169 14 170
internal_value=0.00183755 0.0266651 0.000976764 -0.00264594 0.00467354 -0.00399076 -0.00256192 -0.00395841 0.017095 0.0415876 0.0312135 0.0371737 -0.00955324 0.0564273 -0.00469268 0.00375409 0.00608303 0.00360196 -0.00305286 0.0113013 0.00870776 0.0419005 -0.000240635 0.0985017 -0.0102716 -0.0133514 0.018645 0.0679476 0.212574 0.0154046
internal_weight=2446.3 81.9723 2364.33 1194.13 1170.2 1133.4 1061.51 991.098 70.4107 58.0534 50.324 32.1948 23.9189 11.9066 979.191 1138.01 903.459 754.45 327.54 109.602 426.91 30.0186 79.5834 2.45675 217.938 201.05 149.009 9.18975 1.4681 139.819
internal_count=100000 1848 98152 52634 45518 52051 50861 48594 2267 829 1775 332 1019 268 48326 45186 27230 23351 8436 1072 14915 259 813 41 7364 7180 3879 212 43 3667
is_linear=0
shrinkage=0.03


Tree=132
num_leaves=31
num_cat=0
split_feature=392 437 313 36 26 1 188 372 362 4 422 437 135 43 23 101 23 142 27 43 113 7 203 0 154 0 62 216 127 438
split_gain=55.581 42.94 35.3422 35.0327 31.8109 37.5028 30.2561 37.1496 34.6668 31.1798 29.0608 28.4348 30.9076 31.8825 40.2587 26.9634 41.2487 32.2145 56.0164 30.1322 35.3701 35.1042 34.2045 32.3467 30.0893 29.327 72.92 28.9666 28.8216 34.4737
threshold=-32.999999999999993 2203.5000000000005 2.5000000000000004 28.770833015441898 57.500000000000007 76.99499893188478 41.975000381469734 96.825000762939467 200.25000000000003 174.50000000000003 13.500000000000002 90.500000000000014 1.5000000000000002 1.0000000180025095e-35 2.5000000000000004 1.0000000180025095e-35 6.5000000000000009 1.5000000000000002 54.500000000000007 20.500000000000004 1.0000000180025095e-35 190.50000000000003 12.500000000000002 4834915.0000000009 12.500000000000002 4927766.5000000009 1.0000000180025095e-35 127.50000000000001 1.0000000180025095e-35 489.00000000000006
decision_type=8 2 10 8 2 2 2 10 10 8 2 2 10 10 2 10 2 8 2 8 10 10 10 2 2 2 8 10 10 2
left_child=1 3 4 -1 5 6 7 11 -8 -9 -3 -2 -13 -14 -15 16 19 -18 -19 20 21 -7 24 -23 -21 26 -25 28 29 -27
right_child=2 10 -4 -5 -6 15 8 9 -10 -11 -12 12 13 14 -16 -17 17 18 -20 22 -22 23 -24 25 -26 27 -28 -29 -30 -31
leaf_value=0.001470697870566119 -0.016337019077276169 0.11406241419872565 0.025649087349841393 0.039688837595952146 0.043143361107985313 -0.00709316016930738 0.029708560556932228 0.14007463030047249 -0.015544934798117749 0.022154634652329645 -0.018151871285230502 -0.0053497950640591886 -0.029205906020596983 0.037381496673029188 -0.034344440955827227 -0.0088772574083032952 0.030602171323637069 0.52583602226220272 0.065730742373278611 -0.0026506877248959355 0.0064597079198635173 -0.023428933043975805 0.098967857174756466 -0.031759602646592548 0.042569567338969383 0.15836887450122059 0.44714021184964253 0.20923024804997251 0.065461177652398353 -0.0065171987742493418
leaf_weight=29.834426005370915 196.91175210243091 1.5783200282603527 49.890514487400651 78.079455640166998 15.362746262922881 15.840482179075478 46.865201323758811 2.5162384617142353 22.573805690743029 10.193779977504164 28.761372856795788 745.50020423531532 11.404687670525162 44.705633956007659 8.3598716906271857 137.20463395118713 37.866303630638868 0.32305262144654878 0.9060971150174737 501.98243442643434 395.54724413715303 5.44966908218339 3.0705506280064574 0.58072366658598062 13.601916559971867 1.2653378937393416 0.56413308065384637 1.0016801357269276 23.523824921343476 11.632311561144887
leaf_count=262 10790 12 507 703 147 505 1603 51 678 223 450 37320 169 873 303 15050 1146 14 47 17840 9648 171 58 17 140 55 28 12 745 433
internal_value=0.00178234 0.0202578 0.000674011 0.0291229 0.000121392 -0.000173749 -0.00416386 -0.00546881 0.0149972 0.0454996 -0.0112739 -0.0061122 -0.00362644 0.0163016 0.0260819 0.00360364 0.00529384 0.0355085 0.186658 0.00408112 0.0097121 0.0312042 -0.000863166 0.0449861 -0.00145771 0.0546531 0.20422 0.0500775 0.0457004 0.00965913
internal_weight=2442.9 138.254 2304.64 107.914 2254.75 2239.39 1089.03 1019.59 69.439 12.71 30.3397 1006.88 809.97 64.4702 53.0655 1150.36 1013.16 39.0955 1.22915 974.06 455.405 59.8582 518.655 44.0177 515.584 38.568 1.14486 37.4232 36.4215 12.8976
internal_count=100000 1427 98573 965 98066 97919 52010 49729 2281 274 462 49455 38665 1345 1176 45909 30859 1207 61 29652 11614 1966 18038 1461 17980 1290 45 1245 1233 488
is_linear=0
shrinkage=0.03


Tree=133
num_leaves=31
num_cat=0
split_feature=438 47 344 135 134 114 29 43 11 4 310 128 125 1 14 372 335 88 369 90 38 437 437 139 400 20 0 28 9 421
split_gain=52.807 45.6206 33.5184 36.7441 34.6138 56.7065 63.4678 41.3067 55.7106 39.0414 36.8838 36.5763 36.4836 32.7989 47.7484 31.6539 30.9701 30.5845 29.1089 28.9478 28.4654 44.6191 77.559 28.4388 29.4796 28.9877 28.2839 27.7825 26.7722 73.2294
threshold=43.500000000000007 1.5000000000000002 5.5000000000000009 1.5000000000000002 1.0000000180025095e-35 1.0000000180025095e-35 90.500000000000014 26.500000000000004 1.5000000000000002 320.50000000000006 2.5000000000000004 1.0000000180025095e-35 1.0000000180025095e-35 200.24700164794925 8.5000000000000018 1647.0000000000002 13.500000000000002 2.5000000000000004 1552.5000000000002 1.5000000000000002 398.50000000000006 814.50000000000011 1298.0000000000002 9.5000000000000018 1.0000000180025095e-35 1.0000000180025095e-35 5956148.5000000009 6.5000000000000009 130.00000000000003 38.500000000000007
decision_type=2 2 10 10 8 8 10 10 8 10 10 10 10 2 2 8 10 10 10 10 8 2 2 10 10 2 2 2 8 2
left_child=1 -1 3 4 5 18 7 9 -9 11 13 -7 20 15 -15 17 -5 23 -2 -8 -10 -22 -23 24 25 27 -13 28 29 -6
right_child=2 -3 -4 16 10 6 19 8 12 -11 -12 26 -14 14 -16 -17 -18 -19 -20 -21 21 22 -24 -25 -26 -27 -28 -29 -30 -31
leaf_value=0.0031612768502317463 -0.0034704575435301195 0.048172871154703673 -0.028873782138432346 0.010315311698204 0.34161346301540807 0.042725271860897064 -0.023249082879184053 0.077800264019604951 -0.012694484045590173 0.026721889334411775 0.015636965058989958 0.20889198147662391 0.19179102680841581 0.0015752853753138178 0.034171730536024465 0.17715575147655194 0.05386338148325532 0.059435229768897098 0.0514523822286342 0.062716855047890666 -0.023236312550446475 0.41896130886514499 0.062839018040608721 -0.14404400328804803 0.026328743163429556 -0.0060405766860329784 0.10149513875634467 0.14000955884684857 0.0087718024565759233 -0.034730773542883668
leaf_weight=40.771026701200753 159.71774062374607 40.293338195420802 33.526191886514425 172.98218978336081 0.80323113314807315 5.781028390396389 24.028990231920037 13.590631965547798 27.315281024202704 9.982664527371524 109.67713634576648 3.33168091252446 0.93056740425526996 299.51892666472122 46.758520516566932 0.86442349757999082 16.062415393069386 6.7144500282593063 9.1842479975894076 4.1315240054391316 3.5433339239098123 0.66498726280406151 3.1940572550520301 1.3178089857101429 27.172163667157292 1326.9379091206938 6.5376853328198195 1.6238359808921803 42.728976981714368 1.1061238721013067
leaf_count=1630 11498 218 358 3717 31 68 1721 197 1532 225 994 62 12 12228 419 33 84 60 148 82 168 36 137 8 360 62687 70 14 1169 34
internal_value=0.00172674 0.0255345 0.000908869 0.00133811 0.000216722 0.0102158 0.0277561 0.0421962 0.0261187 0.0730797 -0.00124107 0.102649 0.00641553 -0.00229552 0.00597685 -0.00432815 0.0140154 -0.00443954 -0.000483962 -0.0106367 0.00144675 0.0536289 0.124206 -0.00474552 -0.00461443 -0.00522672 0.13775 0.0181172 0.013683 0.12359
internal_weight=2440.79 81.0644 2359.73 2326.2 2137.16 271.934 103.032 74.8719 49.2389 25.6331 1865.22 15.6504 35.6482 1755.55 346.277 1409.27 189.045 1408.4 168.902 28.1605 34.7177 7.40238 3.85904 1401.69 1400.37 1373.2 9.86937 46.2622 44.6383 1.90936
internal_count=100000 1848 98152 97794 93993 15956 4310 2507 2082 425 78037 200 1885 77043 12647 64396 3801 64363 11646 1803 1873 341 173 64303 64295 63935 132 1248 1234 65
is_linear=0
shrinkage=0.03


Tree=134
num_leaves=31
num_cat=0
split_feature=392 435 40 21 1 32 393 7 411 134 114 29 3 11 43 4 103 114 3 43 29 4 30 43 4 288 90 411 127 358
split_gain=50.4594 39.6122 33.8411 43.4345 35.3327 35.0356 30.0715 29.2998 26.566 25.7825 36.8242 42.2115 28.4243 31.5751 41.1531 28.7574 27.8202 26.2522 62.7353 50.9842 43.6102 76.5914 28.8303 28.5786 28.1979 26.2169 25.8948 25.8823 25.0433 24.9048
threshold=-32.999999999999993 0.26464414317963686 296.50000000000006 3.5000000000000004 39.004999160766609 541.50000000000011 84210.500000000015 117.50000000000001 130.50000000000003 1.0000000180025095e-35 1.0000000180025095e-35 90.500000000000014 2772.5000000000005 3.5000000000000004 26.500000000000004 399.50000000000006 1.0000000180025095e-35 1.0000000180025095e-35 1675.5000000000002 180.50000000000003 177.50000000000003 583.50000000000011 308.50000000000006 553.50000000000011 579.50000000000011 1.5000000000000002 1.5000000000000002 472.50000000000006 1.0000000180025095e-35 21.960000038146976
decision_type=8 2 10 2 2 10 8 10 8 8 8 10 2 8 10 8 10 8 2 8 10 8 10 8 8 10 10 8 10 10
left_child=1 -1 3 4 6 -4 -2 -3 -9 10 -6 12 -12 -14 15 28 -16 18 19 -11 24 22 23 -22 -20 -19 -13 -27 -15 -10
right_child=2 7 5 -5 9 -7 -8 8 29 17 11 26 13 14 16 -17 -18 25 20 -21 21 -23 -24 -25 -26 27 -28 -29 -30 -31
leaf_value=0.039668097101900474 0.011444191626364231 0.067078886390875905 -0.035006157976924378 0.025329183170049507 0.0021822055004137148 0.073945075037610386 -0.0096520079609732374 0.11205893551289312 0.0099764380268141644 0.29016080027177604 -0.031675578483818335 -0.026306715290826822 0.082550466649325027 0.041485095508549209 0.00041313697512668392 -0.00026452671053386163 0.20161834171047263 -0.00045087384348807172 -0.012625156027349684 -0.031082979198591983 0.074265666847651443 0.52526059527345959 -0.021069585410515939 0.33220585691978832 0.062068054758154058 -0.0022447928433501751 0.059399829916885138 0.046069934385980602 0.10982649725294548 -0.027390196003655585
leaf_weight=52.97063107509166 70.917875572107732 6.6393741425126782 36.292672694660723 64.670419151429087 142.44659919803962 2.866142480634152 426.74488994991407 1.9056892795488236 52.974412455223501 1.374742186628281 4.9183403244242063 17.241787101142112 14.265841610729693 9.3284794460050797 25.064459053799514 5.619401102885603 0.63412521965801616 1378.5972405211069 28.333473377861083 0.65720176510512862 6.3374122185632551 0.3224882357753821 3.0555214500054717 0.4116990640759467 5.4187665577046564 18.292431396432221 3.8881550920195869 21.957089382223785 9.9977536108344793 23.032715320587158
leaf_count=372 1593 54 910 648 9233 41 21370 26 744 26 228 1324 250 87 1252 116 7 58414 1693 43 279 13 313 23 111 232 61 207 99 231
internal_value=0.00167416 0.0193261 0.000618543 0.00109753 0.000383873 -0.0270317 -0.00664576 0.00658217 0.00142691 0.00244397 0.0117042 0.0266163 0.0378584 0.0431271 0.032022 0.0594703 0.00537797 0.000968381 0.0232953 0.186259 0.0157489 0.070349 0.0553863 0.0900001 -0.000633505 0.000245922 -0.0105357 0.0241121 0.0768391 -0.00134691
internal_weight=2437.18 137.523 2299.66 2260.5 2195.83 39.1588 497.663 84.5522 77.9128 1698.16 233.405 90.9583 69.8284 64.9101 50.6442 24.9456 25.6986 1464.76 45.9113 2.03194 43.8794 10.1271 9.80463 6.74911 33.7522 1418.85 21.1299 40.2495 19.3262 76.0071
internal_count=100000 1427 98573 97622 96974 951 22963 1055 1001 74011 12657 3424 2039 1811 1561 302 1259 61354 2501 69 2432 628 615 302 1804 58853 1385 439 186 975
is_linear=0
shrinkage=0.03


Tree=135
num_leaves=31
num_cat=0
split_feature=392 4 305 36 21 34 400 375 1 18 101 0 7 429 11 106 4 436 435 106 0 12 15 27 404 434 146 11 13 9
split_gain=47.529 38.3128 32.9908 32.0873 34.8668 39.377 37.523 31.7562 35.0432 28.9027 25.4603 26.7104 35.809 39.7517 31.8204 29.8237 25.8743 62.7214 57.2985 64.4902 25.868 25.3732 25.2984 24.9296 24.7898 24.2345 41.0924 26.7662 25.7956 24.2698
threshold=-32.999999999999993 1.0000000180025095e-35 2.5000000000000004 99.729167938232436 3.5000000000000004 35.500000000000007 1.0000000180025095e-35 10.500000000000002 39.004999160766609 3.5000000000000004 1.0000000180025095e-35 6365389.0000000009 103.00000000000001 1.0000000180025095e-35 1.5000000000000002 2.5000000000000004 580.50000000000011 -52.664523023848801 0.57033685419927027 1.0000000180025095e-35 5248697.5000000009 205.50000000000003 13.500000000000002 14.500000000000002 14.500000000000002 -0.43240492938321412 1.0000000180025095e-35 436.50000000000006 56.500000000000007 124.00000000000001
decision_type=8 10 10 10 2 10 10 10 2 2 10 2 10 2 8 10 10 2 2 8 2 8 2 2 8 2 10 10 2 8
left_child=1 -1 3 4 5 6 7 8 9 24 11 12 13 22 -13 -14 -12 18 20 -20 23 -3 -10 -18 -2 26 29 28 -27 -16
right_child=2 21 -4 -5 -6 -7 -8 -9 10 -11 16 14 15 -15 25 -17 17 -19 19 -21 -22 -23 -24 -25 -26 27 -28 -29 -30 -31
leaf_value=0.045098207415344781 -0.077692084171037595 -0.018783201789458432 0.036823567263349316 -0.015979180065015388 0.023264759212646063 -0.019774628988074139 0.038181917368213691 0.046229421703520804 0.015761162780768195 0.060132898366518063 -0.010441805324593101 0.026109600181514581 0.005648454705414808 0.087721662323889615 0.099706972118761325 -0.048155234706581271 0.33745475495072991 -0.016773575380345764 0.43074978216829646 0.06780427069049344 -0.030606797542711551 0.017313124221559222 0.11563539671784473 0.058404295524595577 -0.0075564903017628368 -0.0094109626778236324 0.070994833513630201 0.021856533373255521 0.090447660658161455 -0.00046635075051652786
leaf_weight=36.50745002925396 4.5881356704048812 22.581325341016054 22.405002730898559 104.71155828004703 61.635672665201128 83.828630392905325 24.405039663426578 13.72708818130195 78.783971996512264 5.6227658046409479 186.75727674691007 34.523530710022897 785.91907161148265 8.263850565068422 2.2648289273492983 9.382848419249056 0.40746882651001148 8.6216489979997259 0.90638957917690244 0.85740751679986726 1.8748425384983418 78.292421814519912 2.3507003169506779 0.98381092585623264 396.38215939048678 362.34824781911448 9.4110714411362988 27.629158063326031 2.3432356086559585 55.957318390719593
leaf_count=173 80 309 230 3103 628 1965 260 109 1508 43 23686 1405 28171 101 100 56 33 588 37 31 177 945 32 25 20785 12229 86 869 67 2169
internal_value=0.00162307 0.0187635 0.000597869 0.000241026 0.0010238 0.00037354 0.00120789 0.000756697 0.000442422 -0.00741185 0.00246415 0.00391602 0.00703726 0.0250392 -0.00166837 0.00501369 -0.0075274 0.0323425 0.116531 0.254317 0.0421228 0.0092327 0.0186548 0.140131 -0.00835902 -0.00375335 0.0128319 -0.00661252 -0.00876935 0.00343037
internal_weight=2434.27 137.381 2296.89 2274.49 2169.78 2108.14 2024.31 1999.91 1986.18 406.593 1579.59 1379.18 884.7 89.3985 494.477 795.302 200.409 13.6516 5.02992 1.7638 3.26612 100.874 81.1347 1.39128 400.97 459.954 67.6332 392.321 364.691 58.2221
internal_count=100000 1427 98573 98343 95240 94612 92647 92387 92278 20908 71370 46793 29868 1641 16925 28227 24577 891 303 68 235 1254 1540 58 20865 15520 2355 13165 12296 2269
is_linear=0
shrinkage=0.03


Tree=136
num_leaves=31
num_cat=0
split_feature=392 437 259 40 26 32 36 400 393 1 24 405 411 101 0 7 11 43 39 49 6 434 437 393 4 436 43 27 9 9
split_gain=44.8255 38.1285 32.1246 31.794 40.3062 33.3481 30.2342 33.3393 31.5102 32.2249 39.0788 27.058 26.5331 25.9009 26.4718 31.8203 29.9164 27.3934 47.3577 29.7023 30.7576 29.0359 24.8814 25.15 24.5817 53.1942 37.7096 32.4201 39.739 64.8639
threshold=-32.999999999999993 2203.5000000000005 23.231499671936039 296.50000000000006 13.500000000000002 541.50000000000011 59.020832061767585 1.0000000180025095e-35 19151.500000000004 43.995000839233406 9.5000000000000018 90.000000000000014 425.50000000000006 1.0000000180025095e-35 6391336.0000000009 103.00000000000001 1.5000000000000002 56.500000000000007 84.500000000000014 1.0000000180025095e-35 2.5000000000000004 -0.43441480847483033 90.500000000000014 85166.500000000015 580.50000000000011 -52.664523023848801 19.500000000000004 4.5000000000000009 333.50000000000006 204.50000000000003
decision_type=8 2 10 10 2 10 10 10 8 2 2 10 10 10 2 8 8 8 10 2 2 2 2 8 10 2 10 2 10 8
left_child=1 2 -1 4 6 -5 7 8 -2 10 11 22 -3 14 15 -11 -16 18 21 -20 -21 -18 -10 -24 -15 26 27 28 29 -26
right_child=3 12 -4 5 -6 -7 -8 -9 9 13 -12 -13 -14 24 16 -17 17 -19 19 20 -22 -23 23 -25 25 -27 -28 -29 -30 -31
leaf_value=0.031518224309931037 0.028720464776072561 0.024184215052377549 -0.029250790898432296 -0.034758642698679766 0.033942421069313063 0.070580664216296704 -0.014075910328003847 0.033281298575177323 -0.023005302464951992 0.024390942843399717 0.045266193747452908 0.15268482863587515 -0.033483915405369262 -0.010650586723758132 0.025293814769772834 0.0051737322505275773 0.028686499167090276 -0.012016498519229448 0.02630550247848602 0.27729075735161107 0.08256357354837042 -0.0039412891690613289 0.019976465560084047 -0.0072865960060917636 0.43634582427189905 -0.016503961294974768 -0.00072998480204822312 0.076556958242314746 0.47194035205963397 -0.030831548000660878
leaf_weight=98.237581511028111 36.09873768966645 11.633397058583798 8.5071584274992329 35.071270421147346 33.01026838645339 2.9308165535330764 120.3601305144839 29.083814447745681 83.164264379069209 85.751559623517096 12.826967776287345 0.94338863529264827 18.759800350293517 181.18704572087154 34.074268023949116 810.50698261614889 28.060017087031156 201.21372439386323 6.619062146637587 0.96710558608174357 2.9780389326624572 196.0826659258455 33.393846018705517 345.81778203509748 0.44784327503293675 8.4638795466162247 1.9936184822581706 1.8496120455674825 0.53525028331205238 0.66411987924948346
leaf_count=871 585 158 94 910 366 41 3551 296 4817 1499 124 11 304 23067 1352 28365 773 7956 164 26 57 5721 555 17453 18 585 196 30 13 42
internal_value=0.00157352 0.0182344 0.0266752 0.000577553 0.00103592 -0.0266346 0.000547295 0.00138433 0.000936959 0.000444723 -0.00638731 -0.00781733 -0.0114107 0.00252815 0.00398841 0.00701238 -0.00177816 -0.00389427 0.00306889 0.0651412 0.130299 0.000143325 -0.00814481 -0.00488578 -0.00769568 0.0306717 0.103396 0.162761 0.259556 0.157324
internal_weight=2431.23 137.138 106.745 2294.1 2256.09 38.0021 2223.08 2102.72 2073.64 2037.54 476.146 463.319 30.3932 1561.39 1366.25 896.259 469.995 435.921 234.707 10.5642 3.94514 224.143 462.376 379.212 195.141 13.9543 5.49044 3.49683 1.64721 1.11196
internal_count=100000 1427 965 98573 97622 951 97256 93705 93409 92824 22960 22836 462 69864 45913 29864 16049 14697 6741 247 83 6494 22825 18008 23951 884 299 103 73 60
is_linear=0
shrinkage=0.03


Tree=137
num_leaves=31
num_cat=0
split_feature=438 47 15 330 107 34 40 400 212 14 27 43 392 369 15 139 432 433 26 19 27 362 135 43 434 348 43 15 369 359
split_gain=42.9445 41.9902 29.8102 41.778 34.7215 27.3348 32.1325 27.2103 25.7494 29.4954 31.9119 69.299 33.249 28.3065 26.1064 26.0298 35.46 30.1558 28.0043 25.9619 34.5558 25.8727 28.4038 28.6531 25.1106 24.3016 49.0815 85.6162 84.3181 44.5469
threshold=43.500000000000007 1.5000000000000002 8.5000000000000018 57.577751159667976 2.5000000000000004 18.500000000000004 539.50000000000011 1.0000000180025095e-35 191.50000000000003 16.500000000000004 1.5000000000000002 1.0000000180025095e-35 -27.499999999999996 2367.5000000000005 4.5000000000000009 1.5000000000000002 5.5000000000000009 4.5000000000000009 1.0000000180025095e-35 8.5000000000000018 20.500000000000004 39.01250076293946 1.5000000000000002 308.50000000000006 -0.74603234044089717 2.5000000000000004 383.50000000000006 1.5000000000000002 39.07609939575196 375.90119934082037
decision_type=2 2 2 8 10 10 10 10 10 2 2 10 8 10 2 10 2 2 2 2 2 10 8 8 2 10 10 2 8 10
left_child=1 -1 4 -4 5 7 -7 8 9 10 11 12 -2 19 -14 21 17 18 -17 25 -21 22 -13 -24 -18 -12 -27 28 -28 -29
right_child=2 -3 3 -5 -6 6 -8 -9 -10 -11 13 15 14 -15 -16 16 24 -19 -20 20 -22 -23 23 -25 -26 26 27 29 -30 -31
leaf_value=0.0021906276874092143 0.031250832995150968 0.045770693764987935 0.032135525670644927 0.0026797058877481208 -0.024326995411663579 -0.016168674219448832 0.11066002860664417 0.028309173041310795 0.023782536030297251 -0.0096179096416319221 -0.005112886773205148 -0.0018714373529370835 -0.00044099984753841621 0.021413107107230479 0.038210579608461775 0.022800736287261498 0.11626806927972433 0.22038379695120941 0.14731880905393302 0.31870894888717483 0.038856340143341564 0.036723664033811575 0.035381339358852286 0.198391986810771 0.0158301997321568 0.0050836974355736465 0.58099539785984911 0.17316707054028271 0.094502911687186816 -0.0313792388992334
leaf_weight=41.310892178211361 33.426191224250942 38.389237406663597 62.703398745507002 140.30253046099097 52.58384331362322 109.76523101516068 1.8277791803702701 32.69775521568954 42.594065160490572 240.71956993732601 788.8061578667257 50.228929662145674 614.67800423596054 42.947211255319417 16.140305664390326 3.8130817185156065 2.5972762722522047 1.6157921059057114 2.8335167393088341 0.42826739884912868 5.4574455148540437 43.135057281237096 5.6630519987083963 1.1711746254004536 16.299709542188793 30.466932916548103 0.58823806652799127 1.4433677685447035 0.70481233391910802 2.8510395814664662
leaf_count=1630 436 218 651 7755 867 2873 17 385 677 5478 48438 2329 25078 551 120 72 21 22 23 29 219 699 67 32 332 744 28 59 18 132
internal_value=0.00152486 0.0231819 0.000789894 0.0117779 -0.000249788 0.000355148 -0.0140914 0.00116882 0.000713401 0.000197871 0.00161675 0.00597967 0.00209299 -0.00233624 0.000547951 0.026251 0.0523014 0.104142 0.0758841 -0.00356402 0.0592195 0.0191899 0.00593584 0.0633163 0.0296348 -0.004012 0.0200734 0.101809 0.315819 0.0373696
internal_weight=2428.19 79.7001 2348.49 203.006 2145.48 2092.9 111.593 1981.31 1948.61 1906.02 1665.3 791.602 664.245 873.693 630.818 127.358 27.1594 8.26239 6.6466 830.746 5.88571 100.198 57.0632 6.83423 18.897 824.861 36.0544 5.58746 1.29305 4.29441
internal_count=100000 1848 98152 8406 89746 88879 2890 85989 85604 84927 79449 29231 25634 50218 25198 3597 470 117 95 49667 248 3127 2428 99 353 49419 981 237 46 191
is_linear=0
shrinkage=0.03


Tree=138
num_leaves=31
num_cat=0
split_feature=8 396 14 12 28 15 333 26 436 11 71 348 370 30 360 415 11 119 97 15 369 0 6 410 437 183 20 11 11 39
split_gain=40.3403 55.2362 43.682 38.2919 36.8096 64.8477 44.369 37.2397 44.7382 41.2547 33.118 39.7758 35.4159 34.7284 46.055 30.7513 30.6683 48.0179 49.949 29.2881 28.0438 27.5987 29.1819 43.1114 27.3777 27.0702 27.751 26.9194 67.9736 32.1883
threshold=1.5000000000000002 -1.4999999999999998 16.500000000000004 1.5000000000000002 1.5000000000000002 13.500000000000002 1.0000000180025095e-35 1.0000000180025095e-35 -150.37614798609428 590.50000000000011 1.0000000180025095e-35 2.5000000000000004 2435.170043945313 430.50000000000006 87.002399444580092 13.000000000000002 1.5000000000000002 1.0000000180025095e-35 1.5000000000000002 14.500000000000002 649.58483886718761 7069012.0000000009 1.5000000000000002 266.50000000000006 3706.0000000000005 181.25000000000003 2.5000000000000004 477.50000000000006 493.50000000000006 365.50000000000006
decision_type=2 8 2 8 2 2 10 2 2 8 10 10 10 10 8 8 8 8 8 2 10 2 2 10 2 2 2 10 10 10
left_child=1 -1 3 -3 7 6 -6 21 9 24 16 12 15 -13 -15 -12 17 -2 -19 -7 27 -5 23 -23 -9 26 -10 -17 -29 -30
right_child=10 2 -4 4 5 19 -8 8 25 -11 11 13 -14 14 -16 20 -18 18 -20 -21 -22 22 -24 -25 -26 -27 -28 28 29 -31
leaf_value=0.042889954116815024 0.37873224753549717 0.04312729795400741 -0.0086553625868506234 0.002533424655535087 -0.01665076712583613 0.14597993584978733 0.022656838940675675 0.078505083652384858 0.0043701868100149005 0.036042869661080515 0.13288282787443206 0.020891457138565474 0.044724581991797255 0.33571320647489034 -0.030699491088200713 -0.0063058341596786945 0.0035968584945323748 0.075590921168378136 -0.0093915053342199829 0.028716139929433868 -0.025913716934350156 0.13228332081510372 0.017094787416765282 -0.031835687469343774 0.21133075396299988 0.060630280843909014 0.052901622691748348 0.19467664356768258 0.00066093875307133925 0.076602151761278534
leaf_weight=35.487010848708451 0.36643170472234488 26.726474512368441 177.4800437213853 320.55664122477174 159.15855793794617 2.0522624528966871 30.854866175446659 4.9342880025506011 104.01309944316745 36.606672297231853 1.4291767366230488 34.786872566211969 12.453967721201478 0.73067210009321448 0.53462203033268463 893.29931926866993 353.03406430454925 12.360254798084497 12.539403587114069 29.069671203847975 62.036230074707419 4.9789238483645013 31.446274872869253 2.0269564180634916 1.9479662161320446 10.05660875700414 11.807946745306252 1.8478561658412207 43.847944083623588 5.6731758187524965
leaf_count=359 36 303 3316 9329 5548 33 345 46 1712 286 15 817 97 22 33 54996 15487 388 994 611 1015 79 1064 66 24 80 122 62 2427 288
internal_value=0.00147822 0.00613929 0.00477182 0.00784184 0.00658361 -0.00369312 -0.0102679 0.0108846 0.0224802 0.0487122 -0.00173498 -0.00446202 -0.005556 0.0265069 0.180894 -0.00617714 0.00588198 0.0378111 0.032794 0.0364488 -0.00637456 0.00541428 0.0294305 0.0848001 0.1161 0.0134174 0.00931796 -0.00509142 0.016027 0.00936082
internal_weight=2424.14 989.204 953.717 776.237 749.511 221.135 190.013 528.375 169.367 43.4889 1434.94 1056.64 1020.59 36.0522 1.26529 1008.13 378.3 25.2661 24.8997 31.1219 1006.7 359.009 38.4522 7.00588 6.88225 125.878 115.821 944.668 51.369 49.5211
internal_count=100000 23323 22964 19648 19345 6537 5893 12808 2270 356 76677 59772 58900 872 55 58803 16905 1418 1382 644 58788 10538 1209 145 70 1914 1834 57773 2777 2715
is_linear=0
shrinkage=0.03


Tree=139
num_leaves=31
num_cat=0
split_feature=438 30 344 135 1 26 212 108 3 335 389 43 3 411 254 436 26 177 36 36 411 359 1 30 435 28 9 11 434 38
split_gain=39.1243 40.7198 30.6757 31.8406 29.7608 34.0703 33.5306 29.6673 30.2476 28.7465 25.5043 25.0868 24.5298 23.226 22.6966 23.3662 33.7369 22.0981 22.0624 26.1398 26.9981 26.9084 23.0747 74.0718 46.6834 21.4219 24.7576 26.6539 22.4192 21.3819
threshold=43.500000000000007 57.500000000000007 5.5000000000000009 1.5000000000000002 76.99499893188478 6.5000000000000009 157.50000000000003 1.5000000000000002 18354.500000000004 13.500000000000002 37.500000000000007 7.5000000000000009 8150.5000000000009 214.50000000000003 61.991149902343757 -114.90894571203778 1.0000000180025095e-35 1.5000000000000002 68.000000000000014 1.937499523162842 466.00000000000006 117.00500106811525 72.01050186157228 230.50000000000003 0.60737188315810708 1.5000000000000002 432.50000000000006 1.5000000000000002 -0.81181114860318082 9.5000000000000018
decision_type=2 8 10 10 2 2 10 10 2 10 10 8 2 8 8 2 2 2 10 10 10 10 2 10 2 2 10 8 2 8
left_child=1 -1 3 4 5 7 29 8 10 14 18 -7 -3 -8 -5 16 -16 -12 19 21 -21 -2 -23 -24 -25 26 27 -9 -28 -6
right_child=2 12 -4 9 6 11 13 25 -10 -11 17 -13 -14 -15 15 -17 -18 -19 -20 20 -22 22 23 24 -26 -27 28 -29 -30 -31
leaf_value=-0.021979419790386669 -0.007017107743450603 -0.0039482118872770323 -0.028236054485291495 0.038834003300601203 0.0073838826063761537 0.036519748187211272 -0.037000869357343431 0.094462958327749383 0.10197261368037383 0.051821414061063754 -0.0014849164061962186 -0.0096229747818447446 0.042214236868693557 0.043171377599051583 0.015611862194045175 0.0014695819567986071 0.11989648244230589 0.065198270060348479 -0.021545798755015843 0.032994602451957213 -0.0042913624123645626 0.0054892777970610603 0.012444124061268783 0.1318667922063359 0.63025206024654967 -0.031921315057983193 0.20082507535179908 -0.014767052864221924 0.027516748669906471 -0.0012788718614458227
leaf_weight=15.143746314104645 549.53786842152476 13.028890916146336 32.442062988877296 20.777291728183627 473.62510051392019 32.036842927336693 3.675913667306304 2.0536653245799235 2.490218575578182 15.696530662477015 8.7268557064235228 15.85099944937974 50.574484563432634 28.209992329590026 11.712165856733916 136.89778008405119 3.6657966999337068 9.1749266711994988 56.805445454549044 36.819660028908402 33.271027695853263 150.02672310639173 2.5551460846327241 0.3618106972426175 0.31766193686053157 53.944486934226006 0.75685038650408376 95.805007813498378 5.9762474838644257 559.20434156199917
leaf_count=374 34133 770 358 229 18300 346 60 38 81 84 154 138 704 268 245 3208 35 71 2035 613 706 8328 92 18 23 1295 13 2271 119 24891
internal_value=0.00143233 0.0222316 0.000733104 0.00113996 8.93078e-05 -0.00347791 0.00362904 -0.00465178 -0.00242986 0.0129475 -0.00273659 0.0212464 0.032758 0.0339289 0.00942146 0.00540826 0.0404712 0.0326912 -0.003501 -0.00217475 0.0152955 -0.00391707 0.00719851 0.0864752 0.364868 -0.0165659 -0.0086462 -0.0124747 0.0469979 0.00269361
internal_weight=2421.17 78.7471 2342.42 2309.98 2121.23 1056.51 1064.72 1008.62 850.087 188.75 847.597 47.8878 63.6034 31.8859 173.053 152.276 15.378 17.9018 829.695 772.89 70.0907 702.799 153.261 3.23462 0.679473 158.536 104.592 97.8587 6.7331 1032.83
internal_count=100000 1848 98152 97794 93993 50474 43519 49990 46254 3801 46173 484 1474 328 3717 3488 280 225 45948 43913 1319 42594 8461 133 41 3736 2441 2309 132 43191
is_linear=0
shrinkage=0.03


Tree=140
num_leaves=31
num_cat=0
split_feature=8 438 437 13 71 348 9 43 39 343 370 359 439 438 173 58 415 1 47 188 188 32 46 397 20 9 436 4 28 15
split_gain=37.3476 58.8353 39.4402 31.3014 30.8274 36.6118 44.6489 77.9262 81.8946 43.0126 33.0946 32.5454 28.2382 28.2006 28.427 42.8174 27.927 27.5865 27.4002 26.6197 25.6454 26.8642 34.4282 24.3501 26.0556 24.3033 36.0191 31.3519 26.6026 40.9208
threshold=1.5000000000000002 5456.5000000000009 595.50000000000011 52.500000000000007 1.0000000180025095e-35 2.5000000000000004 324.50000000000006 403.50000000000006 255.50000000000003 2.5000000000000004 2435.170043945313 1101.8999633789065 458.50000000000006 36962.500000000007 1.5000000000000002 1.5000000000000002 13.000000000000002 171.296501159668 1.5000000000000002 48.975000381469734 72.969997406005874 77.500000000000014 1.0000000180025095e-35 -9.4999999999999982 1.0000000180025095e-35 204.50000000000003 92.653574093417078 544.50000000000011 11.500000000000002 23.500000000000004
decision_type=2 2 2 2 10 10 10 10 8 10 10 10 2 2 2 8 8 2 2 2 2 8 2 10 2 8 2 10 2 2
left_child=1 2 3 -1 -2 10 -7 9 -9 -8 11 13 -4 16 18 -16 -6 -5 19 -15 21 22 -21 25 -25 26 -3 -27 -29 -30
right_child=4 23 12 17 5 6 7 8 -10 -11 -12 -13 -14 14 15 -17 -18 -19 -20 20 -22 -23 -24 24 -26 27 -28 28 29 -31
leaf_value=0.0018605017099145599 0.0056228160680075762 0.026481559572392923 -0.0089042225823037034 0.0073241883393563127 0.1220142046188598 -0.020449998323690495 -0.019502290374375897 0.4631452442375939 0.085780956868384578 0.066406970846390426 0.042960802782109724 -0.025191175735060901 0.026583279571639376 0.00085679681382965877 0.57440928496359434 -0.030315242654747353 -0.0069968700089656838 0.065411528967810106 0.076343320127267203 0.38411903961899529 0.031273431823620003 -0.030866097733028522 0.038495810441276118 0.027196061789513792 -0.013223557751094472 -0.011743603121222811 -0.021966423740806505 0.0081250869237665356 0.32962512496185858 0.03695595262083904
leaf_weight=230.97655760962516 379.41882389248349 71.657825061585754 22.518871479202062 15.63620409416035 1.5130437146872282 12.695344218052922 8.826629972085362 0.78811208484694306 1.5077963327057657 12.926824043504892 12.568609370850025 73.855256415437907 194.32975147943944 129.61911434866488 0.19838089169934292 0.22477548709139228 782.08887327299453 13.899073015898464 4.9443471129052332 0.6482018120586861 8.3852015445008856 0.44627073546871532 0.43243388598784804 15.668069834355263 171.08349159685895 122.83826969191432 17.10833671502769 109.30589556042105 0.57929083053022568 1.6679912763647733
leaf_count=5290 16905 1955 597 478 15 501 204 23 45 99 97 1832 3248 9891 18 25 46497 271 107 25 329 36 28 409 3660 3877 590 2880 10 58
internal_value=0.0013888 0.00587737 0.0134465 0.00557907 -0.00170774 -0.00435244 0.0250654 0.0490925 0.215318 0.0315486 -0.0054175 -0.00602411 0.022898 -0.00449952 0.00765884 0.253187 -0.00674776 0.0346596 0.00693971 0.00448036 0.0518651 0.164947 0.245812 -0.00120859 -0.00983244 0.00377509 0.0171439 -0.00128782 0.0102257 0.112398
internal_weight=2418.36 987.27 477.36 260.512 1431.09 1051.67 36.7447 24.0494 2.29591 21.7535 1014.92 1002.36 216.849 928.501 144.899 0.423156 783.602 29.5353 144.476 139.531 9.91211 1.52691 1.08064 509.909 186.752 323.158 88.7662 234.391 111.553 2.24728
internal_count=100000 23323 9884 6039 76677 59772 872 371 68 303 58900 58803 3845 56971 10459 43 46512 749 10416 10309 418 89 53 13439 4069 9370 2545 6825 2948 68
is_linear=0
shrinkage=0.03


Tree=141
num_leaves=31
num_cat=0
split_feature=392 437 36 26 34 313 400 14 12 437 437 3 341 43 30 3 43 4 48 4 437 405 71 7 105 369 13 43 3 32
split_gain=35.9084 33.1665 28.3529 28.2784 29.4511 29.0546 27.2607 26.0456 38.0736 26.9053 28.7053 35.38 41.2155 34.7598 47.8463 37.4927 50.3161 37.3594 48.9986 28.0086 27.3041 30.5846 25.3638 58.5976 39.0777 38.9472 37.0997 34.9718 52.7048 42.5645
threshold=-32.999999999999993 2203.5000000000005 28.770833015441898 51.500000000000007 37.500000000000007 2.5000000000000004 1.0000000180025095e-35 16.500000000000004 6.5000000000000009 71.500000000000014 167.50000000000003 2803.5000000000005 2.5000000000000004 525.50000000000011 12.500000000000002 3055.5000000000005 349.50000000000006 480.50000000000006 -1.0000000180025095e-35 568.50000000000011 76.500000000000014 -329.99999999999994 1.0000000180025095e-35 223.50000000000003 1.5000000000000002 344.75000000000006 52.500000000000007 167.50000000000003 17399.500000000004 89.500000000000014
decision_type=8 2 8 2 10 10 10 2 8 2 2 2 10 10 10 2 10 10 2 10 2 10 8 10 10 10 2 8 2 10
left_child=1 2 -1 4 5 6 7 8 -2 -10 11 -11 13 14 17 16 -16 20 -19 -20 21 -13 23 24 -12 -24 27 29 -29 -25
right_child=3 -3 -4 -5 -6 -7 -8 -9 9 10 22 12 -14 -15 15 -17 -18 18 19 -21 -22 -23 25 26 -26 -27 -28 28 -30 -31
leaf_value=-0.00049497448327562971 0.033439176702342172 -0.01133915153136286 0.034220579121682998 0.040811754208658589 -0.014468578730501626 0.025552271723447945 0.028812531050136238 -0.0092444606463325148 -0.0070520525424815524 -0.030607275561067109 -0.019444879538291167 0.055220927864353085 0.079039885637724364 0.054612681336350673 0.0079650468178211059 -0.021979621302615215 0.428741753975446 -0.0015784205045913584 0.092911447978991951 -0.020105529561344749 0.0017946960622777074 0.32806386109351027 0.0014503881272909737 0.022934425524940984 0.074848472737554669 -0.014453913933217023 0.049977412095796432 -0.013489893839283947 0.099734885593095624 0.14921511064950982
leaf_weight=29.519786285236478 32.552607639692724 30.097664058208466 74.88788419123739 15.521148396655915 117.14528710115701 42.445709842722863 30.133212731219828 238.99452212778851 329.18203596281819 14.54082035506144 61.150380347855389 3.4464749787002797 9.4523187554441375 17.029128391295671 0.74185205064713844 40.796573661500588 0.39034847542643547 10.708679009694608 16.171893509104851 2.2478618826717129 51.851909570861608 0.41419752873480309 930.75940106273629 63.116658132057637 4.2291376320645204 162.81767594860867 30.905443588271737 49.244900710880756 4.0006636679172507 2.4972843704745165
leaf_count=262 571 462 703 154 2782 403 393 5610 18109 914 3963 180 101 535 57 2988 10 382 325 80 2235 7 48980 3186 44 2226 800 3236 104 198
internal_value=0.00134372 0.0164069 0.0244052 0.000456063 0.000179761 0.00097796 0.000482996 7.20381e-05 0.0012833 0.000703598 0.00243269 0.0141148 0.0183581 0.0143693 0.00896342 -0.0172537 0.153036 0.02192 0.0494519 0.0791194 0.0075254 0.0844933 0.000934913 0.0103509 -0.0133454 -0.00091753 0.0206954 0.0130816 -0.00498263 0.0277407
internal_weight=2416.99 134.505 104.408 2282.49 2266.97 2149.82 2107.38 2077.24 1838.25 1805.7 1476.51 167.792 153.251 143.799 126.77 41.9288 1.1322 84.841 29.1284 18.4198 55.7126 3.86067 1308.72 215.144 65.3795 1093.58 149.765 118.86 53.2456 65.6139
internal_count=100000 1427 965 98573 98419 95637 95234 94841 89231 88660 70551 7814 6900 6799 6264 3055 67 3209 787 405 2422 187 62737 11531 4007 51206 7524 6724 3340 3384
is_linear=0
shrinkage=0.03


Tree=142
num_leaves=31
num_cat=0
split_feature=8 396 14 430 15 28 333 101 16 11 71 348 3 9 43 106 9 11 97 9 34 26 436 9 5 412 26 337 5 130
split_gain=34.7766 50.6005 38.6475 35.1085 30.101 40.3891 34.8448 34.1617 32.8159 29.9954 30.7207 35.8997 34.4605 40.969 79.1654 35.4898 28.268 28.1068 37.8152 26.56 34.8924 32.5738 42.6673 26.4684 25.7348 25.1385 24.5666 24.1559 23.6453 22.9387
threshold=1.5000000000000002 -1.4999999999999998 16.500000000000004 1.0000000180025095e-35 13.500000000000002 1.5000000000000002 1.0000000180025095e-35 1.0000000180025095e-35 21.500000000000004 202.50000000000003 1.0000000180025095e-35 2.5000000000000004 12783.500000000002 324.50000000000006 403.50000000000006 1.0000000180025095e-35 319.50000000000006 1.5000000000000002 1.5000000000000002 424.00000000000006 1.0000000180025095e-35 1.0000000180025095e-35 -150.37614798609428 470.50000000000006 149.50000000000003 230.00000000000003 5.5000000000000009 1.0000000180025095e-35 159.50000000000003 1.5000000000000002
decision_type=2 8 2 2 2 2 10 8 2 10 10 10 2 10 10 10 10 8 8 8 8 2 2 10 10 8 2 8 10 8
left_child=1 -1 3 4 5 7 -7 19 -6 10 17 25 13 -13 -15 -16 -8 18 -2 20 -3 -22 -23 -10 -19 -12 -27 -21 -9 -18
right_child=9 2 -4 -5 8 6 16 28 23 -11 11 12 -14 14 15 -17 29 24 -20 27 21 22 -24 -25 -26 26 -28 -29 -30 -31
leaf_value=0.041051901313834592 0.069934328566957818 0.13558102294686233 -0.0083933677273019414 0.020431799623981027 0.069267849429093573 -0.015382723296404841 -0.004574365888138603 -0.0058060168120223545 -0.015518977045588914 0.01338867337622129 0.12733052322458432 -0.013801400850477784 -0.032232162877230464 0.044056305675088288 0.36290542714845159 0.11406884719949081 0.0043193836898087166 0.09483538327149639 -0.0025217019025472395 0.01003896034478661 0.013385456550535054 0.10532238012155315 0.026390548122835093 0.076155852899865137 0.0014289444954380874 -0.0079419810592204869 0.019778219580975795 -0.024902862901798842 0.053501740434457733 0.087667749331108338
leaf_weight=35.011070516891778 13.285876948386431 2.3831127863377333 175.32376392744482 146.45865125209093 13.04316946398467 146.72849896596745 17.287640957161788 150.56004734104499 12.485660844016822 109.5771447904408 1.2546334154903886 8.1884252191521245 7.3442968400195232 15.282566033303739 1.0613020476885131 1.0036784266121686 4.912948929704724 2.6759727546013883 12.660249223466963 78.926734598353505 131.73623112775385 8.3794645853340644 23.30797562468797 3.6669140690937629 333.37773320009001 891.58496410655789 29.733186666853726 22.993836538866162 6.3034312296658745 7.5213470356538892
leaf_count=359 410 55 3316 1984 136 5405 209 6105 459 4997 10 340 215 178 21 23 81 42 1008 1341 2958 69 241 50 14617 54471 345 455 60 40
internal_value=0.00130195 0.0056315 0.00432889 0.00720069 0.00412596 0.00268096 -0.0093826 0.0076943 0.0338736 -0.00169265 -0.00294702 -0.00576682 0.0250363 0.041507 0.0676138 0.241959 0.0202383 0.0044955 0.0345799 0.0142079 0.0216162 0.0199543 0.0472634 0.0052928 0.00217273 -0.00686464 -0.00704738 0.00215589 -0.00342278 0.0547357
internal_weight=2414.06 987.03 952.019 776.696 630.237 601.041 176.45 424.591 29.1957 1427.03 1317.45 955.453 32.8803 25.536 17.3475 2.06498 29.7219 362 25.9461 267.727 165.807 163.424 31.6874 16.1526 336.054 922.573 921.318 101.921 156.863 12.4343
internal_count=100000 23323 22964 19648 17664 17019 5735 11284 645 76677 71680 55603 777 562 222 44 330 16077 1418 5119 3323 3268 310 509 14659 54826 54816 1796 6165 121
is_linear=0
shrinkage=0.03


Tree=143
num_leaves=31
num_cat=0
split_feature=438 435 344 7 26 7 71 13 38 4 11 9 31 9 48 29 176 32 346 329 415 81 29 11 32 6 362 27 71 11
split_gain=33.3962 36.4899 28.6385 28.9322 31.2821 29.5349 29.1678 34.5353 34.3836 42.4626 38.0871 37.0551 58.3487 34.0758 64.1315 31.293 26.4769 52.8419 32.9458 26.9291 26.3626 26.1328 37.5871 26.0065 25.5715 38.0763 25.408 27.3095 25.1616 25.0495
threshold=43.500000000000007 0.22393718230229989 5.5000000000000009 103.00000000000001 6.5000000000000009 190.50000000000003 1.0000000180025095e-35 52.500000000000007 161.50000000000003 564.50000000000011 2.5000000000000004 419.00000000000006 355.50000000000006 116.00000000000001 1.0000000180025095e-35 177.50000000000003 2.5000000000000004 449.50000000000006 7.5000000000000009 25.006950378417972 13.000000000000002 1.5000000000000002 401.50000000000006 1.5000000000000002 17.500000000000004 1.5000000000000002 246.92499542236331 1.0000000180025095e-35 1.5000000000000002 319.50000000000006
decision_type=2 2 10 10 2 10 8 2 10 10 8 10 8 8 2 10 2 8 10 8 8 8 10 8 8 2 10 2 10 10
left_child=1 -1 3 26 5 20 7 8 9 13 -11 15 -13 14 -7 -12 18 -18 24 -19 -5 -10 -23 -9 25 -8 27 -2 -20 -27
right_child=2 -3 -4 4 -6 6 16 23 21 10 11 12 -14 -15 -16 -17 17 19 28 -21 -22 22 -24 -25 -26 29 -28 -29 -30 -31
leaf_value=0.041665738057187082 0.028123801022878807 0.00041385919796734877 -0.027709092570534589 0.064606948188164828 0.022862573672628395 -0.030410626096518869 0.19342675429883424 0.073197957057959909 -0.013953487874223002 0.23014918811480831 -0.0050549663622322322 0.042064638675362961 0.45719824609397991 0.0086005095456992611 0.41093121271226812 0.16335973143200475 -0.01490528986331404 -0.034162188426867454 -0.030056856855015534 0.063525471269329226 -0.0075556240356623528 -0.030223597679076564 0.64014523990897332 0.019735743218809686 -0.0040759696201000152 0.0024870417933281308 0.03490933707660155 -0.0009832682151589959 0.03364438916063503 0.025921270019773488
leaf_weight=37.92251532478258 39.769654740579426 39.296682422747836 31.680768076330423 4.5983727127313614 52.617179362569004 0.65409156214445718 0.95922173280268808 12.541369717568157 59.582750109490007 1.2560789049603016 5.6164213959127665 0.8016299293376502 0.49157828791067015 121.47942936420441 0.54174960684031248 1.2062084008939562 18.814673482440412 2.879439190030098 51.459614705760032 21.526260184589777 497.21021857997403 0.17141507286578317 0.13421499123796821 23.596587184350938 646.69793078256771 542.45120822684839 36.327627801802009 107.23721269052476 6.259477522224187 44.413762140553445
leaf_count=314 423 1534 358 59 562 66 25 149 4107 40 207 36 24 6600 14 43 374 22 842 156 22138 25 15 1051 33300 21890 454 3654 56 1462
internal_value=0.00126226 0.0206727 0.000619796 0.00100979 2.01185e-05 -0.000561821 0.00147057 0.0113857 0.00632022 0.0148714 0.0764208 0.0526285 0.199867 0.0101692 0.16953 0.0247199 -0.000222755 0.0228749 -0.000995279 0.0520001 -0.00689436 -0.0125342 0.264164 0.0382893 4.04837e-05 0.00456922 0.0124429 0.00689104 -0.0231486 0.00426054
internal_weight=2410.2 77.2192 2332.98 2301.3 2117.96 2065.34 1563.54 228.074 191.936 132.047 9.37192 8.11584 1.29321 122.675 1.19584 6.82263 1335.46 43.2204 1292.24 24.4057 501.809 59.8884 0.30563 36.138 1234.52 587.824 183.334 147.007 57.7191 586.865
internal_count=100000 1848 98152 97794 93263 92701 70504 12377 11177 7030 350 310 60 6680 80 250 58127 552 57575 178 22197 4147 40 1200 56677 23377 4531 4077 898 23352
is_linear=0
shrinkage=0.03


Tree=144
num_leaves=31
num_cat=0
split_feature=8 438 437 135 411 13 369 47 15 4 335 438 139 27 204 438 16 3 127 15 27 33 49 20 186 43 161 27 43 26
split_gain=31.6818 52.6693 34.4095 30.0616 29.8287 28.3333 27.4766 27.2309 36.2869 35.9555 28.4452 30.0314 31.5664 28.1982 26.5911 28.2162 39.3175 54.475 65.281 74.0555 67.4054 88.542 114.149 40.2869 33.9093 31.2446 29.8052 28.6231 26.7737 39.4368
threshold=1.5000000000000002 5456.5000000000009 595.50000000000011 1.0000000180025095e-35 412.50000000000006 52.500000000000007 225.25000000000003 1.0000000180025095e-35 5.5000000000000009 366.50000000000006 6.5000000000000009 36962.500000000007 1.5000000000000002 1.0000000180025095e-35 1.5000000000000002 36962.500000000007 2.5000000000000004 9634.0000000000018 1.0000000180025095e-35 4.5000000000000009 13.500000000000002 4.5000000000000009 1.0000000180025095e-35 10.500000000000002 1652.5000000000002 65.500000000000014 1.5000000000000002 18.500000000000004 15.500000000000002 1.0000000180025095e-35
decision_type=2 2 2 8 8 2 10 2 2 10 10 2 10 2 10 2 2 2 10 2 2 10 2 2 2 10 2 2 10 2
left_child=1 2 5 -4 -3 -1 -7 10 -9 -10 13 12 -12 -2 15 24 23 18 -18 20 25 27 -23 -17 -15 28 -19 -22 -20 -30
right_child=7 4 3 -5 -6 6 -8 8 9 -11 11 -13 -14 14 -16 16 17 26 19 -21 21 22 -24 -25 -26 -27 -28 -29 29 -31
leaf_value=0.0016000466719161153 0.011820073958129363 -0.014275619941630655 -0.022212109640560463 0.024227734866612415 0.0027242317794609577 0.017284363409217306 0.086345679617750443 -0.012030787303374927 -0.016017504793580658 0.031352193039793946 0.042127101768341668 -0.041890769998343243 -0.039056979935901702 -0.0068179013781686166 0.037509449649587925 -0.0047259242938898537 0.017876624330217184 -0.0099962701633727839 0.092382580147591167 0.014462308297622444 0.30629508568753033 0.26714503727178629 1.0600686854121597 0.26445796244763603 0.051848209782811447 -0.010466798151982658 0.11974620377008847 0.017323359481359175 0.40210148536154666 0.12812741242647527
leaf_weight=230.59267122810706 150.17198537476361 122.24613935826346 13.371262525208294 203.03180084284395 386.88248075824231 23.489679694175724 6.6534454748034468 342.6648851535283 23.459957274142653 37.431182968895882 36.525785055011511 5.529248126782476 4.8872271776199332 624.11071439506486 14.814316612202672 107.00748421251774 20.526115120388567 29.193511110730473 3.2230823296122235 5.3686108072288325 0.61897377064451553 0.40241038892418135 0.27510854275897145 0.50274106860160728 8.9950144523754698 1.4724954720586536 1.6855741362087417 0.61502175638452172 0.76119107473641667 1.2482930682599542
leaf_count=5290 2540 2655 486 3359 10784 698 51 12969 552 476 321 55 40 47205 247 7923 1084 2431 45 384 22 31 30 5 60 133 38 30 45 11
internal_value=0.00122242 0.0053538 0.0125151 0.0213583 -0.00135758 0.00517558 0.0325282 -0.00164403 -0.00823863 0.0131017 0.000970368 0.0237786 0.0325464 -0.000132287 -0.00231901 -0.00305106 0.00768985 0.0260334 0.0519343 0.101921 0.156412 0.313562 0.589114 -0.00346716 -0.00598439 0.111611 -0.00291411 0.162272 0.145965 0.231909
internal_weight=2407.76 986.267 477.139 216.403 509.129 260.736 30.1431 1421.49 403.556 60.8911 1017.93 46.9423 41.413 970.993 820.821 806.006 172.901 65.3904 34.5113 13.9852 8.61658 1.91151 0.677519 107.51 633.106 6.70506 30.8791 1.234 5.23257 2.00948
internal_count=100000 23323 9884 3845 13439 6039 749 76677 13997 1028 62680 416 361 62264 59724 59477 12212 4284 1815 731 347 113 61 7928 47265 234 2469 52 101 56
is_linear=0
shrinkage=0.03


Tree=145
num_leaves=31
num_cat=0
split_feature=392 4 305 40 26 32 36 400 0 36 11 101 273 55 311 129 41 36 337 32 105 369 368 396 114 352 139 366 4 16
split_gain=30.7745 29.7612 28.9925 27.8509 33.4349 28.8122 27.7314 28.5596 26.4222 32.5368 27.8067 25.5746 25.5369 24.6438 22.2423 25.4938 21.5777 28.811 21.3609 20.9618 20.3683 19.72 18.7172 18.2557 35.2195 29.0567 24.6829 24.2275 23.4728 20.7229
threshold=-32.999999999999993 1.0000000180025095e-35 2.5000000000000004 296.50000000000006 13.500000000000002 541.50000000000011 59.020832061767585 1.0000000180025095e-35 6391336.0000000009 2.6874995231628422 1.5000000000000002 1.0000000180025095e-35 5.5000000000000009 2.5000000000000004 2.5000000000000004 3.5000000000000004 1.5000000000000002 33.979166030883796 7.5000000000000009 219.50000000000003 2.5000000000000004 2011.2500000000002 33.200799942016609 1.0000000180025095e-35 2.5000000000000004 1.0000000180025095e-35 2.5000000000000004 527.42498779296886 562.50000000000011 2.5000000000000004
decision_type=8 10 10 10 2 10 10 10 2 10 8 10 10 8 10 10 10 10 10 10 10 10 10 8 8 10 10 8 8 2
left_child=1 -1 3 4 6 -5 7 8 9 11 13 12 20 -10 15 21 17 -11 -13 -18 23 -12 -3 26 25 27 -2 -25 29 -26
right_child=2 22 -4 5 -6 -7 -8 -9 10 16 14 18 -14 -15 -16 -17 19 -19 -20 -21 -22 -23 -24 24 28 -27 -28 -29 -30 -31
leaf_value=0.040592857768656516 -0.0069645443308167052 0.012993378526706234 0.034682167238500837 -0.034381928138646704 0.031769861229578533 0.060919064421189897 -0.014382929782014039 0.030934401241350176 0.011229536476446327 0.045045057835392616 -0.006400706731415861 -0.011611418164315244 -0.036649113100743251 0.087167176732686466 0.034851016451928521 -0.047066837138866453 -0.016143906975480897 -0.0086651585188670787 0.062828947398529816 0.13378337391995876 -0.053654676825732127 0.031608165000551997 -0.021860495843914359 0.0037941012391793706 0.039636005487109299 0.027538294802790384 0.034451725330466351 -0.022138829937881771 -0.020336854781809174 0.0078268250873815438
leaf_weight=31.683835703879595 183.40814436366782 84.408459037542343 21.9382569110021 32.943671007174999 30.262476642616093 3.1260430766269556 114.04829222988337 27.946222082711756 43.057169505860656 39.378001459874213 634.36003468418494 145.41560936113819 14.142701956443487 4.2235200619325033 11.905823420733212 13.668154913000761 14.673160858917978 11.647082419134675 3.5541205746121696 0.89020293485373336 5.5016256123781195 12.527747671119867 16.592885171994567 719.14062886312604 54.334610852412879 44.629928748123348 13.934769140556453 33.953460920602083 9.7715381663292629 27.896217832807451
leaf_count=173 4297 1098 230 909 359 41 3517 283 2532 516 29836 19501 140 40 77 171 334 221 64 15 25 172 156 32359 824 853 121 700 160 276
internal_value=0.00118149 0.0152252 0.00036144 2.68523e-05 0.000452816 -0.0261225 1.88751e-05 0.000812369 0.000400131 0.00291783 -0.00422526 0.00183414 0.00340492 0.0180129 -0.00578882 -0.00652131 0.0233535 0.0327851 -0.00983542 -0.00756827 0.0039234 -0.00566462 0.00726745 0.0042148 0.00604574 0.00401873 -0.00404006 0.00262491 0.0236214 0.028845
internal_weight=2404.96 132.685 2272.28 2250.34 2214.27 36.0697 2184.01 2069.96 2042.01 1322.27 719.742 1255.68 1106.71 47.2807 672.462 660.556 66.5884 51.0251 148.97 15.5634 1092.57 646.888 101.001 1087.07 889.726 797.724 197.343 753.094 92.0024 82.2308
internal_count=100000 1427 98573 98343 97393 950 97034 93517 93234 60406 32828 59320 39755 2572 30256 30179 1086 737 19565 349 39615 30008 1254 39590 35172 33912 4418 33059 1260 1100
is_linear=0
shrinkage=0.03


Tree=146
num_leaves=31
num_cat=0
split_feature=8 438 437 411 135 439 1 11 439 4 362 189 9 4 16 369 7 29 43 434 9 384 335 239 362 23 40 424 348 411
split_gain=29.509 48.7728 31.4598 28.1782 27.9173 27.0758 30.7841 26.616 26.4695 35.5368 33.8306 30.2974 29.2753 34.2826 27.688 26.2835 27.7525 30.8873 24.2879 24.2214 22.8958 22.7422 22.4549 21.9628 21.8545 21.2792 20.0316 19.8111 19.7479 20.345
threshold=1.5000000000000002 5456.5000000000009 595.50000000000011 412.50000000000006 1.0000000180025095e-35 62375.000000000007 169.95999908447268 202.50000000000003 2196.0000000000005 564.50000000000011 323.87500000000006 41.45000076293946 116.00000000000001 511.50000000000006 1.5000000000000002 271.09785461425787 137.50000000000003 4.5000000000000009 521.50000000000011 -0.44875303067347461 124.00000000000001 211.00000000000003 25.500000000000004 2.5000000000000004 321.25000000000006 5.5000000000000009 539.50000000000011 217.00000000000003 1.0000000180025095e-35 485.50000000000006
decision_type=2 2 2 8 8 2 2 10 2 8 10 2 8 10 2 10 8 10 10 2 8 10 10 10 8 2 10 2 10 10
left_child=1 2 5 -3 -4 20 -7 8 9 10 12 22 13 -2 -11 -5 17 -17 -16 -13 -1 24 23 26 -14 -22 27 -10 29 -8
right_child=7 3 4 15 -6 6 28 -9 11 14 -12 19 21 -15 18 16 -18 -19 -20 -21 25 -23 -24 -25 -26 -27 -28 -29 -30 -31
leaf_value=0.056598865929565305 -0.030356527128752454 -0.013983438559691853 -0.021958679121569308 0.0067672776115389318 0.023205104228484891 0.0061048640536413247 0.015655375998213199 0.012493897572720231 -0.0076246850983930307 -0.013034219615326428 -0.022982827152879533 0.052911157473356688 0.0042641538979512564 0.27804812207355284 0.053179662777355391 -0.042526886422365441 -0.022437411466477829 0.037000488741095801 0.16958403406134631 0.0061748448257282597 -0.0099462794093823168 0.052289648420768151 0.054676084931601657 0.02654640730702473 0.25396374889730028 0.047548630118927099 0.081795952713411169 0.060314532028214275 0.092390685944187423 0.076705592379351831
leaf_weight=5.2801928510889402 0.55965991644188651 120.83481922140345 13.111658945679665 301.75825759209692 203.45889097219333 95.961111867334694 21.702333190478388 110.72287469101138 965.0191573984921 4.9649357902817455 37.645082799252123 11.988377177622167 172.36246512969956 0.77168977959081531 10.863264617044477 5.9478519111871746 62.455479400232434 16.83846075925976 1.8945699138566841 59.574058306869119 119.86973139131442 9.5456099156290275 5.4225010052323332 17.732719567604363 0.31604124046862025 6.0876887356862417 2.2737665828317395 3.8783892677165559 5.3456548340618602 6.3502806690521529
leaf_count=98 65 2655 486 9960 3359 1844 575 4997 55816 285 1626 309 10961 21 321 47 679 98 46 1843 3275 65 25 203 22 137 22 50 61 49
internal_value=0.00114678 0.00513415 0.0120209 -0.00133677 0.0204708 0.00499866 0.0147386 -0.00162783 -0.00282616 0.00619884 0.00292389 -0.00484915 0.00823706 0.148404 0.0470739 0.00261196 -0.012098 0.0162417 0.070466 0.0140043 -0.00460191 0.00721298 -0.00620605 -0.00653989 0.00472116 -0.00716747 -0.00714401 -0.00735273 0.0395454 0.0294753
internal_weight=2400.54 985.002 477.168 507.835 216.571 260.597 129.359 1415.54 1304.81 238.923 221.201 1065.89 183.555 1.33135 17.7228 387 85.2418 22.7863 12.7578 71.5624 131.238 182.224 994.327 988.904 172.679 125.957 971.171 968.898 33.3983 28.0526
internal_count=100000 23323 9884 13439 3845 6039 2529 76677 71680 13412 12760 58268 11134 86 652 10784 824 145 367 2152 3510 11048 56116 56091 10983 3412 55888 55866 685 624
is_linear=0
shrinkage=0.03


Tree=147
num_leaves=31
num_cat=0
split_feature=8 438 437 411 135 105 13 9 438 161 11 71 348 29 30 369 134 11 439 435 329 372 415 39 9 106 135 359 302 13
split_gain=27.7535 45.7234 29.2962 26.7095 26.124 25.8481 35.8843 28.5802 25.1801 24.9675 24.9054 25.3396 32.9426 71.3407 32.5459 24.8006 26.3629 23.4867 30.6109 23.5327 25.559 22.4011 22.1116 21.4923 21.4087 21.3643 30.6771 21.1965 22.5426 21.1945
threshold=1.5000000000000002 5456.5000000000009 595.50000000000011 412.50000000000006 1.0000000180025095e-35 1.0000000180025095e-35 22.500000000000004 124.00000000000001 3941.5000000000005 1.5000000000000002 202.50000000000003 1.0000000180025095e-35 2.5000000000000004 401.50000000000006 43.500000000000007 271.09785461425787 1.5000000000000002 1.5000000000000002 62375.000000000007 0.12931286232939912 44.559749603271491 59.127000808715827 13.000000000000002 255.50000000000003 130.00000000000003 1.5000000000000002 3.5000000000000004 53.93499946594239 1.5000000000000002 1.0000000180025095e-35
decision_type=2 2 2 8 8 8 2 10 2 2 10 10 10 8 10 10 10 8 2 2 10 10 8 8 8 10 10 10 10 2
left_child=1 2 5 -3 -4 9 7 -7 -9 27 11 17 22 14 -14 -5 24 18 -2 -19 -21 -22 -13 -15 -17 26 -24 28 -1 -10
right_child=10 3 4 15 -6 6 -8 8 29 -11 -12 12 13 23 -16 16 -18 19 -20 20 21 -23 25 -25 -26 -27 -28 -29 -30 -31
leaf_value=-0.00086809081679827178 -0.00017907591909576838 -0.013675433843692804 -0.021710748365260529 0.0065332299201199201 0.022357781989565888 0.047674625239886761 0.045774977444168204 -0.007893584848883967 0.12916259393655158 0.051214243006989742 0.012004233615540255 0.10176647558215302 0.034936937740872774 0.25510362184306257 -0.029344836092690743 0.043448917584784225 0.03047946626175627 0.03999618527848553 0.064337852045441291 -0.0025362027890139531 0.043764083290365886 -0.011860055357910333 -0.0059032501268266157 0.088948253367531746 -0.022751097008169199 -0.026024203990796212 0.082843432553899324 -0.026306217447963149 0.12810742068152739 0.018275651857858122
leaf_weight=108.56669112900272 13.620611133053901 119.86453550914302 12.867267071269453 303.16953612398356 204.81351155135781 12.556007769890128 27.292062730062753 61.487846348900348 2.1732771736569694 7.2383201099000862 111.765924426727 1.6966706309467554 18.750233060214672 1.3483158689923578 11.397585581056772 4.6991368401795617 11.446376612409948 13.941157107939942 12.875087955500929 292.1383965073619 20.865355104207996 9.4750046813860518 850.80370816797949 1.4585897624492643 68.290571266785264 48.40906798094511 3.5200192825868717 34.737480979878455 1.2334997411817301 5.4208289263769984
leaf_count=2459 1062 2655 486 9960 3359 127 590 1761 36 83 4997 15 269 20 437 34 67 270 356 14108 164 117 53879 51 723 909 23 856 11 116
internal_value=0.00111136 0.00497399 0.0116282 -0.00129891 0.0197529 0.00484446 0.0159948 0.00603909 -0.00152839 -0.00315815 -0.0015854 -0.00275349 -0.0053593 0.0241032 0.0106348 0.00252845 -0.0118508 0.00397714 0.0311717 0.00183535 0.000185615 0.0263932 -0.00643283 0.168762 -0.0184891 -0.00663619 -0.00553759 -0.00588108 0.000580825 0.0500092
internal_weight=2397.92 985.857 478.387 507.47 217.681 260.706 108.93 81.638 69.082 151.776 1412.07 1300.3 937.384 32.9547 30.1478 387.606 84.4361 362.916 26.4957 336.42 322.479 30.3404 904.429 2.80691 72.9897 902.733 854.324 144.538 109.8 7.59411
internal_count=100000 23323 9884 13439 3845 6039 2630 2040 1913 3409 76677 71680 55603 777 706 10784 824 16077 1418 14659 14389 281 54826 71 757 54811 53902 3326 2470 152
is_linear=0
shrinkage=0.03


Tree=148
num_leaves=31
num_cat=0
split_feature=392 437 40 12 305 259 0 130 101 15 107 7 334 400 411 47 436 9 436 113 20 16 14 90 334 19 9 43 337 49
split_gain=27.899 28.4183 27.2936 31.0847 26.3424 26.1333 24.3174 27.6581 26.4244 29.9027 28.8788 25.6441 27.8445 23.032 22.9248 21.8246 25.7921 29.1206 24.9568 30.8063 28.4081 65.6712 21.4504 21.4315 20.6026 20.2327 23.8341 22.3671 19.4065 19.3269
threshold=-32.999999999999993 2203.5000000000005 296.50000000000006 715.50000000000011 2.5000000000000004 23.231499671936039 6453019.0000000009 7.5000000000000009 1.0000000180025095e-35 8.5000000000000018 2.5000000000000004 137.50000000000003 3.5000000000000004 2.5000000000000004 425.50000000000006 1.0000000180025095e-35 -177.88523370608959 326.00000000000006 -65.411297782549013 1.5000000000000002 3.5000000000000004 2.5000000000000004 29.500000000000004 2.5000000000000004 8.5000000000000018 3.5000000000000004 444.50000000000006 1.5000000000000002 7.5000000000000009 1.0000000180025095e-35
decision_type=8 2 10 10 10 10 2 10 10 2 10 8 10 10 10 2 2 8 2 10 2 2 2 10 10 2 8 8 10 2
left_child=1 5 4 -4 6 22 8 13 9 10 11 12 -2 24 -3 18 17 -17 19 20 23 -22 -1 -13 -8 -11 27 -27 -10 -18
right_child=2 14 3 -5 -6 -7 7 -9 28 25 -12 15 -14 -15 -16 16 29 -19 -20 -21 21 -23 -24 -25 -26 26 -28 -29 -30 -31
leaf_value=0.031520757501087869 0.0097220533109258784 0.021006042731972568 -0.033150430359871037 0.083350633274463432 0.033642108554703391 -0.028888330939926619 -0.004375169170703447 -0.062740491824843078 -0.010895090743413867 0.029796443581612833 -0.027548519784296264 -0.010444220547590902 0.049078651099428203 0.05421717470096965 -0.032750574319374053 0.081529001161738834 -0.0034954130564827162 -0.02148919479141817 0.0081350394814402142 0.047105503621437686 0.15684848073612848 -0.0071958991503160152 -0.015645285836009638 0.075932702605952127 0.052366710448813657 0.075327553780768677 0.059927669788697131 -0.026469813302925093 0.059914135690003402 -0.024064191699797264
leaf_weight=83.54534485610202 189.98938704747707 11.894590568728747 33.067661535926163 2.1982714976184061 21.650244363583624 8.3136915657669288 729.10713609750383 7.1473261062055817 147.7297120266594 63.786630235612392 27.595376647077501 191.699268062599 17.684790693223476 6.1830221507698289 17.860712246969342 6.2780235651880476 226.2402710695751 4.0708483196794996 481.40014766249806 10.055985159706323 3.1171100353822094 7.435034804046154 9.6838902793824655 2.620574746746569 5.8049799324944606 2.1716021704487511 4.5805323394015423 18.420102205127485 3.5675675221718839 50.244430630933493
leaf_count=762 4738 158 921 30 229 94 32717 64 20099 1007 497 8791 103 64 304 113 6985 87 17808 116 78 341 109 36 34 81 123 1113 66 2332
internal_value=0.00107702 0.0145215 0.000297272 -0.0258884 0.000711645 0.0220767 0.000388593 -0.0040083 0.00264401 0.00401759 0.00279165 0.00349473 0.0130735 -0.00344187 -0.0112615 0.00147139 -0.00549285 0.0410056 0.00434013 -0.0041598 -0.00667612 0.0412629 0.0266215 -0.00927935 -0.00392697 0.0208087 -0.00196624 -0.0157343 -0.00922542 -0.00723329
internal_weight=2395.14 131.298 2263.85 35.2659 2228.58 101.543 2206.93 748.242 1458.69 1307.39 1218.43 1190.84 207.674 741.095 29.7553 983.162 286.834 10.3489 696.328 214.928 204.872 10.5521 93.2292 194.32 734.912 88.9589 25.1722 20.5917 151.297 276.485
internal_count=100000 1427 98573 951 97622 965 97393 32879 64514 44349 42025 41528 4841 32815 462 36687 9517 200 27170 9362 9246 419 871 8827 32751 2324 1317 1194 20165 9317
is_linear=0
shrinkage=0.03


Tree=149
num_leaves=31
num_cat=0
split_feature=344 392 437 21 34 103 305 40 411 417 134 114 43 126 32 4 437 105 16 437 185 364 259 272 14 127 135 4 108 90
split_gain=26.374 27.9963 28.0532 27.8215 29.0087 25.7232 24.9512 24.4325 21.7649 21.6078 22.086 43.1625 38.1626 44.9632 35.2953 32.4568 31.3872 23.0386 22.7134 94.2416 21.587 24.2372 21.5144 21.143 20.7616 19.9677 19.8677 26.5871 20.1449 50.0644
threshold=5.5000000000000009 -32.999999999999993 2203.5000000000005 3.5000000000000004 37.500000000000007 1.5000000000000002 2.5000000000000004 539.50000000000011 425.50000000000006 166.00000000000003 1.0000000180025095e-35 1.0000000180025095e-35 26.500000000000004 1.0000000180025095e-35 180.50000000000003 320.50000000000006 760.50000000000011 1.0000000180025095e-35 1.5000000000000002 2203.5000000000005 1563.5000000000002 136.32759857177737 23.231499671936039 5.5000000000000009 29.500000000000004 1.0000000180025095e-35 1.5000000000000002 320.50000000000006 1.5000000000000002 1.5000000000000002
decision_type=8 8 2 2 10 10 10 10 10 10 8 8 10 10 10 8 2 8 2 2 2 10 10 8 2 10 10 10 10 10
left_child=1 2 22 4 5 6 9 -6 -4 10 11 20 15 14 -14 25 -16 -18 19 -19 21 -3 24 -7 -1 -13 28 -28 29 -12
right_child=-2 3 8 -5 7 23 -8 -9 -10 -11 26 12 13 -15 16 -17 17 18 -20 -21 -22 -23 -24 -25 -26 -27 27 -29 -30 -31
leaf_value=0.031274131493661206 -0.026633265802486913 0.0015429458135593935 0.020190661432917745 0.020753887415985814 -0.019598215599148663 -0.010493165187279467 0.034266891974079193 0.081361704044027164 -0.032408738195282318 0.048699737194949161 -0.0019043154497509266 0.034904381618483506 -0.011111255596976993 0.099813272469853762 -0.023318980861740366 0.014435003822787496 -0.030496962169527037 0.62464668119615974 0.05984961438299434 -0.030652391316810038 0.04773306802762313 -0.032180454118118228 -0.027539069678891387 -0.066612539057905276 -0.015267168348590947 0.099031205308120041 -0.0089121715352678248 0.017288583558231388 -0.011178788485728184 0.021398640359671619
leaf_weight=82.999018543865532 30.588341359049082 141.4020894295536 12.002020519226791 60.091056327801198 83.904177324380726 19.966971133835614 20.283720760606229 2.2142431437969199 17.264623267576098 8.4507883284240943 1322.6313984603621 6.8099777088500604 42.670479629188776 4.8534138128161421 6.2494391016662147 12.923616604646666 2.4465003169607398 0.32048741821199556 14.336827750783412 0.5147772035561502 7.9032048070803276 22.190670743118972 7.159902977757155 8.6636547390371579 9.6268938621506077 12.197391325607896 50.1167730265297 114.47494575590827 177.01693868101574 88.529253917746246
leaf_count=760 359 10742 158 685 2471 230 212 17 296 119 68496 107 2416 31 597 325 233 21 337 40 109 846 84 74 109 152 1409 2156 4205 2204
internal_value=0.00104477 0.00140348 0.0149891 0.000617678 6.03465e-05 0.000765117 0.00115831 -0.0170024 -0.0108381 0.000828471 0.000628948 0.00853625 0.0238535 0.0116601 0.00523008 0.0511156 0.0344446 0.0549337 0.0687094 0.220783 -0.000692062 -0.00303149 0.022564 -0.0274749 0.026437 0.0760558 -0.000610848 0.00931068 -0.00163907 -0.000442403
internal_weight=2390.8 2360.22 129.052 2231.16 2171.07 2084.95 2056.32 86.1184 29.2666 2036.04 2027.59 274.819 103.323 71.3919 66.5385 31.931 23.868 17.6186 15.1721 0.835265 171.496 163.593 99.7858 28.6306 92.6259 19.0074 1752.77 164.592 1588.18 1411.16
internal_count=100000 99641 1407 98234 97549 95061 94757 2488 454 94545 94426 15956 4259 3675 3644 584 1228 631 398 61 11697 11588 953 304 869 259 78470 3565 74905 70700
is_linear=0
shrinkage=0.03


Tree=150
num_leaves=31
num_cat=0
split_feature=1 13 333 69 41 365 365 372 13 437 4 6 18 434 437 437 435 350 43 39 353 341 5 40 367 4 167 437 395 28
split_gain=154.993 117.731 105.779 100.674 96.6684 95.152 110.779 94.9294 76.0602 111.047 72.7974 72.2434 69.1458 62.4523 117.954 285.871 70.7102 59.3458 70.5318 62.3168 53.3302 51.4827 50.7753 51.8221 50.6815 50.2799 48.9274 62.2656 47.8438 47.266
threshold=414.83500671386724 1.0000000180025095e-35 1.0000000180025095e-35 1.0000000180025095e-35 4.5000000000000009 331.00500488281256 494.92500305175787 2571.650024414063 9.5000000000000018 197.50000000000003 555.50000000000011 2.5000000000000004 17.500000000000004 0.57568120583055971 194.00000000000003 316.00000000000006 1.5966879035605541 2.5000000000000004 14.500000000000002 5.5000000000000009 3.5000000000000004 4.5000000000000009 186.50000000000003 272.50000000000006 691.00000000000011 320.50000000000006 2.5000000000000004 847.00000000000011 -9.4999999999999982 3.5000000000000004
decision_type=2 2 10 10 8 10 10 2 2 2 8 2 2 2 2 2 2 2 8 10 10 8 8 8 8 10 2 2 8 2
left_child=1 2 -1 17 22 13 10 12 9 24 11 -7 20 14 -2 -16 -17 18 19 -4 21 26 23 -3 -8 -21 28 -28 -6 -22
right_child=5 4 3 -5 7 6 8 -9 -10 -11 -12 -13 -14 -15 15 16 -18 -19 -20 25 29 -23 -24 -25 -26 -27 27 -29 -30 -31
leaf_value=0.013264548589299589 -0.0091815480645937499 0.018972082596001909 0.10173124152123787 -0.0078295730032864348 0.30233636316925133 0.083939860606509237 0.47237451948846765 0.18087570888368382 -0.0060833049235957896 0.038305347619968795 -0.037851563140760568 0.19978998408514265 -0.055888074524401088 0.012148316469940683 0.53239145470843396 0.32332859162869998 0.027883223380726411 0.31067266805079097 0.032186851908439965 0.39255699616561196 -0.0032334272504608809 -0.045258894882794581 -0.039236090996129513 -0.024835318242772152 0.15687345838113143 0.141001119088114 -0.046585105741148235 0.14613821152377909 -0.0033681439880908185 0.20344304159281154
leaf_weight=263.05324647622183 7.2936654454097134 327.68731582444161 11.672902529593559 11.443538307212291 0.46090986300259829 10.730640309862796 0.89226992800832028 2.498124372214078 18.776029392145574 5.1199406939558685 2.4302376322448245 8.8316464303061366 22.928618287667632 131.01240591006353 1.4893525475636122 0.84639129089191545 5.2597991246730089 1.1357889613136638 11.118783172685655 1.3333602887578302 1.8830752572976046 26.2774242318701 15.804748828988521 26.250002869404852 0.9420269406400622 1.5422186553478239 2.3249309961684039 4.2978880102746189 1323.5034340864513 2.113779978826642
leaf_count=14112 223 6774 229 209 9 94 21 30 289 77 17 124 138 4727 44 36 155 22 238 25 33 340 271 649 20 29 67 58 70921 19
internal_value=0.0051322 0.00271717 0.0200425 0.0666599 -0.00025551 0.0307928 0.0675648 -0.00389064 0.0253074 0.11006 0.117004 0.136242 -0.0042242 0.0187651 0.0769869 0.159731 0.0688355 0.0984631 0.0890727 0.132548 -0.00335373 -0.00367606 0.0133738 0.0157231 0.310345 0.257644 -0.00285485 0.078483 -0.00326172 0.10607
internal_weight=2250.95 2057.33 301.3 38.2466 1756.03 193.624 47.7228 1386.29 25.7303 6.95424 21.9925 19.5623 1383.79 145.902 14.8892 7.59554 6.10619 26.8031 25.6673 14.5485 1360.86 1356.86 369.742 353.937 1.8343 2.87558 1330.59 6.62282 1323.96 3.99686
internal_count=100000 94173 14864 752 79309 5827 642 71615 407 118 235 218 71585 5185 458 235 191 543 521 283 71447 71395 7694 7423 41 54 71055 125 70930 52
is_linear=0
shrinkage=0.03


Tree=151
num_leaves=31
num_cat=0
split_feature=365 365 439 41 372 9 436 29 16 19 437 436 346 364 128 433 432 373 5 135 72 7 365 365 216 363 43 432 373 5
split_gain=120.362 147.212 100.833 72.6196 73.9163 71.6514 87.0956 58.6392 57.4831 166.456 186.252 51.9936 51.9109 50.3343 59.924 52.8221 89.7082 87.4432 49.7347 48.7348 192.854 48.5585 54.2025 69.5784 55.358 58.082 91.6008 80.9813 54.4619 48.1583
threshold=429.44999694824224 494.92500305175787 79.500000000000014 4.5000000000000009 3050.974975585938 315.50000000000006 452.9472166849452 295.50000000000006 35.500000000000007 25.500000000000004 5464.5000000000009 31.472652320274921 4.5000000000000009 61.970001220703132 1.5000000000000002 1.0000000180025095e-35 12.500000000000002 200.17635345458987 145.00000000000003 1.0000000180025095e-35 1.5000000000000002 196.00000000000003 59.058349609375007 68.250000000000014 37.500000000000007 28.97500038146973 221.50000000000003 14.500000000000002 150.25000000000003 186.50000000000003
decision_type=10 10 2 8 2 8 2 8 2 2 2 2 2 2 8 2 2 2 8 10 8 10 10 10 10 2 8 2 2 8
left_child=2 5 7 29 8 11 -7 21 9 12 -11 -2 13 18 15 16 17 -15 -5 20 -17 -1 24 -24 25 -23 27 -27 -25 -4
right_child=1 -3 3 4 -6 6 -8 -9 -10 10 -12 -13 -14 14 -16 19 -18 -19 -20 -21 -22 22 23 28 -26 26 -28 -29 -30 -31
leaf_value=0.0062553840535584972 0.30184283784102317 0.013432844923953942 0.015217527546870547 0.043774465490475624 0.14177324984033249 -0.025790214283100379 0.21309092816569777 -0.01804019687030305 -0.029912887031862064 0.011891788392798305 0.73355134079615714 0.12561707264515717 -0.021636991511993407 0.091526029521947092 -0.022687202858450238 0.037324240619493659 0.018833884095486642 0.36034225292492084 -0.0035528262394895586 0.007397572145279448 0.50794444372517578 0.020423675678753538 0.23347069382421173 0.046680495193571196 0.14717114308055734 0.066440324864464675 0.027759322370748778 0.45079733604924904 0.2476773637750147 -0.03905713887780847
leaf_weight=94.331394230481237 1.7036145823076392 45.554797968361527 355.6299585821107 20.378835656680167 3.2182007981464258 5.6757108857855192 1.8122519571334121 33.679557586554438 64.274215762270615 0.71116385422646888 0.5879915114492178 13.04229004960507 103.97117956494913 10.200057917740194 39.241688017733395 12.89629967138171 25.147906413301826 1.2192557062953699 1030.9568508535158 190.0958332461305 0.83436682168394227 155.08384963078424 2.2375264125876155 21.346575665753338 3.3436073334887615 0.88188367523252909 3.5566652906127274 1.1198075865395365 1.2863814206793893 15.348623489961026
leaf_count=4403 38 703 7392 344 54 76 18 2666 3698 101 21 145 1213 336 570 559 866 18 61665 6438 30 7435 54 651 54 30 78 42 32 270
internal_value=0.0049478 0.0443184 0.00373001 0.00108446 -0.00184825 0.1076 0.0320243 0.0193821 -0.00215628 -0.000914129 0.338511 0.145977 -0.00122143 0.000373363 0.0116855 0.0172964 0.0504975 0.120228 -0.00263545 0.0113401 0.0659223 0.0238328 0.0326125 0.0738817 0.0263535 0.0238388 0.119123 0.281461 0.0581045 0.012972
internal_weight=2259.37 67.7887 2191.58 1874.71 1503.73 22.2339 7.48796 316.867 1500.52 1436.24 1.29916 14.7459 1434.94 1330.97 279.635 240.394 36.5672 11.4193 1051.34 203.826 13.7307 283.188 188.856 24.8705 163.986 160.642 5.55836 2.00169 22.633 370.979
internal_count=100000 980 99020 83575 75913 277 94 15445 75859 72161 122 183 72039 70826 8817 8247 1220 354 62009 7027 589 12779 8376 737 7639 7585 150 72 683 7662
is_linear=0
shrinkage=0.03


Tree=152
num_leaves=31
num_cat=0
split_feature=1 13 41 437 366 372 3 434 437 98 103 1 1 22 38 181 361 364 341 34 395 134 48 152 364 364 29 437 392 133
split_gain=136.609 100.757 85.7807 78.2658 80.784 70.8787 60.705 105.899 154.635 66.3521 60.6922 59.9997 74.004 59.8475 54.5796 78.3626 80.5364 60.2287 49.4915 46.1916 46.1108 46.4759 52.1338 58.9848 59.5664 62.3237 43.8965 49.5935 45.5759 45.5597
threshold=414.83500671386724 1.0000000180025095e-35 4.5000000000000009 1437.0000000000002 425.72500610351568 2571.650024414063 13237.000000000002 0.55459186640121849 194.00000000000003 1.5000000000000002 1.0000000180025095e-35 994.47500610351574 884.51501464843761 19.500000000000004 34.500000000000007 28.97500038146973 261.22500610351568 47.925001144409187 4.5000000000000009 444.50000000000006 -11.999999999999998 1.0000000180025095e-35 -1.0000000180025095e-35 1.5000000000000002 83.911701202392592 38.60840034484864 31.500000000000004 47.500000000000007 -11.499999999999998 1.0000000180025095e-35
decision_type=2 2 8 2 10 2 2 2 2 10 10 2 2 2 10 2 2 2 8 10 8 8 2 2 2 2 8 2 10 10
left_child=1 10 26 4 6 13 -2 8 -8 -9 14 12 -6 18 15 16 19 -17 20 -1 -4 22 -22 -24 25 -25 27 -3 29 -29
right_child=3 2 5 -5 11 -7 7 9 -10 -11 -12 -13 -14 -15 -16 17 -18 -19 -20 -21 21 -23 23 24 -26 -27 -28 28 -30 -31
leaf_value=0.018350828617674741 0.012603670176520716 -0.012533780518307605 0.30299173206580432 0.0048510880303776092 0.068199020618625053 0.14118526077110713 0.012923705605498732 0.032644957236850847 0.39025208363395714 0.37985001158871279 0.22531481817395843 -0.0214759694408873 0.17326824626051843 -0.056874669452910351 -0.0017467373557794202 0.27050967214162258 0.36751322755346821 0.070459677296483267 -0.044534240435049416 0.21377468136813174 -0.017348721152478305 -0.0041084774442709318 0.016419769735199027 0.10249432335069082 0.06266228962781796 0.45897519240812434 -0.020415444466471661 0.22524091189494119 0.010960695857598348 0.033403048753585358
leaf_weight=197.75888553401455 63.390628017950803 48.170020515099168 0.44442282989621162 77.507409138604999 21.604394940659407 3.029995239339768 1.8616130813024967 20.350440334063027 2.0581976156681776 0.50772361923009057 1.2684290334582318 4.3677029344253233 8.3707860796712321 19.051081713289022 93.709280296694487 1.4889173819683517 0.60002392577007313 14.999777345452456 25.741136075230315 1.0945804705843318 25.445133408065885 1248.5143867735751 45.028868646360934 1.1093219858594228 13.720407866872845 0.73307686392217863 33.312680988572538 1.1254715928807844 179.83566560503095 111.04778365464881
leaf_count=7653 2285 1211 5 2138 298 30 55 839 40 12 13 88 72 125 6855 49 11 256 340 27 2726 65791 2248 26 297 27 788 18 3800 1877
internal_value=0.00477043 0.00247981 -0.000306881 0.0284444 0.0433708 -0.00375255 0.0281668 0.0679827 0.21105 0.0410965 0.0182211 0.082404 0.0975404 -0.00407083 0.0173728 0.0256698 0.0204737 0.088524 -0.00333155 0.0194265 -0.00253709 -0.00263883 0.0186878 0.0338211 0.0841696 0.244335 0.0124504 0.0156688 0.0203212 0.0353278
internal_weight=2267.25 2067.23 1756.31 200.019 122.511 1382.82 88.1686 24.778 3.91981 20.8582 310.92 34.3429 29.9752 1379.79 309.651 215.942 199.453 16.4887 1360.74 198.853 1335 1334.55 86.0368 60.5917 15.5628 1.8424 373.492 340.179 292.009 112.173
internal_count=100000 94173 79309 5827 3689 71615 3231 946 95 851 14864 458 370 71585 14851 7996 7691 305 71460 7680 71120 71115 5324 2598 350 53 7694 6906 5695 1895
is_linear=0
shrinkage=0.03


Tree=153
num_leaves=31
num_cat=0
split_feature=1 13 0 438 438 40 15 27 333 9 182 393 372 373 439 185 5 134 9 358 72 7 9 4 1 434 149 5 346 346
split_gain=124.976 93.6259 76.0712 139.787 117.402 71.7486 69.347 66.6428 64.6744 75.9671 75.1945 62.7801 61.4204 58.3923 52.4178 86.5866 49.4573 51.2704 49.1491 119.688 48.0923 82.8706 99.6169 58.752 84.7548 169.622 63.7576 46.6517 46.2148 45.0955
threshold=335.16549682617193 1.0000000180025095e-35 8975125.0000000019 1888.5000000000002 580.00000000000011 22.500000000000004 1.5000000000000002 1.5000000000000002 1.0000000180025095e-35 124.00000000000001 241.83500671386722 295687.00000000006 2571.650024414063 29.552900314331058 15405.500000000002 901.50000000000011 145.00000000000003 1.0000000180025095e-35 500.00000000000006 151.08574676513675 1.5000000000000002 223.50000000000003 296.50000000000006 225.50000000000003 25.79950046539307 -0.48947924429480399 2.5000000000000004 184.00000000000003 2.5000000000000004 2.5000000000000004
decision_type=2 2 2 2 2 8 2 2 10 10 2 8 2 2 2 2 8 8 10 2 10 10 10 8 2 2 2 10 2 2
left_child=1 8 -2 4 -4 7 -6 11 18 -10 13 27 16 -11 15 -5 -7 20 -1 28 23 -22 -23 24 25 -18 -26 -3 -20 -19
right_child=2 5 3 14 6 12 -8 -9 9 10 -12 -13 -14 -15 -16 -17 17 29 19 -21 21 22 -24 -25 26 -27 -28 -29 -30 -31
leaf_value=0.010489119900064622 0.012035818928560952 -0.017695648012436317 0.0406933438176144 0.045682475773367322 0.21783129421879871 0.04559322788086425 -0.028575163865018648 -0.014273187425789121 -0.0067477240776786978 0.082924471924099352 -0.027700192366681298 0.001513869819279666 0.12541059329439616 0.2214497538639037 0.014500507371174795 0.24433682879642488 0.027971416029329562 -0.0042707279352759333 -0.003970805895256788 0.59339046943670126 -0.023032136398031849 -0.033909643800932039 0.37882684929403487 -0.0055519205815522943 0.0073712543051195727 0.96046760423494726 0.10695067320244979 0.034497343200634141 0.30899976776904464 -0.022316069719130863
leaf_weight=265.87653307011351 150.52530431654304 17.124995220918208 9.1001669182442146 11.700959639158098 8.9033327745273692 17.792361508822069 1.1621062536723901 74.710331552661955 13.60099822282791 20.827716118656106 4.911958039738237 128.10336560336873 3.3041748329997054 3.1533033978193989 56.454498135484755 2.3755914447829118 0.49403921002522111 1100.3549954246264 2.2125326842069626 0.43201041407883156 2.0959704411216071 0.80214940896257791 1.530405289493501 54.751353807747364 18.027747582178566 0.27234083693474787 8.5223614838905615 154.16828736965545 0.52548947371542443 140.55728184431791
leaf_count=13761 4535 539 316 418 169 361 46 1382 219 407 77 3006 30 35 1632 29 34 62988 174 13 56 30 43 3675 1310 18 99 2743 8 1847
internal_value=0.00460379 0.00218711 0.0250677 0.0469374 0.118782 -0.000549988 0.189382 0.0110742 0.0173215 0.0517153 0.079236 0.0173993 -0.00377481 0.101139 0.0274148 0.0792078 -0.00409212 -0.0047581 0.0118892 0.129318 0.0175737 0.113872 0.23689 0.0123773 0.0483134 0.359343 0.0393354 0.0292794 0.0560955 -0.00631471
internal_weight=2274.37 2034.15 240.222 89.6967 19.1656 1722.61 10.0654 374.107 311.541 42.494 28.893 299.397 1348.51 23.981 70.531 14.0766 1345.2 1327.41 269.047 3.17003 86.4964 4.42853 2.33255 82.0678 27.3165 0.76638 26.5501 171.293 2.73802 1240.91
internal_count=100000 92855 7145 2610 531 78161 215 7670 14694 738 519 6288 70491 442 2079 447 70461 70100 13956 195 5265 129 73 5136 1461 52 1409 3282 182 64835
is_linear=0
shrinkage=0.03


Tree=154
num_leaves=31
num_cat=0
split_feature=1 13 0 438 438 40 27 393 372 38 367 64 4 7 130 365 365 4 45 0 134 438 188 167 1 13 49 13 146 38
split_gain=114.771 86.0873 74.9371 88.0872 65.7113 64.4161 60.917 57.7971 53.5617 52.3296 69.6505 56.8189 56.6486 62.6059 48.4565 51.6068 67.1764 47.4001 46.5324 53.6697 44.0314 46.0902 81.952 50.3791 46.1689 83.8015 43.6009 63.57 43.1316 42.5945
threshold=414.83500671386724 1.0000000180025095e-35 8975125.0000000019 1888.5000000000002 580.00000000000011 22.500000000000004 1.5000000000000002 295687.00000000006 2571.650024414063 29.500000000000004 59.058349609375007 1.0000000180025095e-35 174.50000000000003 194.50000000000003 1.5000000000000002 331.00500488281256 494.92500305175787 589.50000000000011 1.0000000180025095e-35 9561322.5000000019 1.0000000180025095e-35 1272.0000000000002 460.97500610351568 1.5000000000000002 29.001000404357914 1.5000000000000002 1.0000000180025095e-35 14.500000000000002 1.0000000180025095e-35 3.5000000000000004
decision_type=2 2 2 2 2 8 2 8 2 10 10 8 8 10 10 10 10 10 2 2 8 2 2 2 2 2 2 2 8 10
left_child=1 9 14 4 -4 6 7 -3 20 10 -1 -12 18 -14 15 -2 -17 -11 29 -20 21 -7 23 24 25 -23 27 -25 -18 -13
right_child=2 5 3 -5 -6 8 -8 -9 -10 17 11 12 13 -15 -16 16 28 -19 19 -21 -22 22 -24 26 -26 -27 -28 -29 -30 -31
leaf_value=0.016435531025211204 0.0075239010945072583 0.027969403351604305 0.04328166966544908 0.031022209519670971 0.15646285816803157 -0.024433299216573588 -0.013572369453106985 0.0014236814189756612 0.11304407726620205 -0.0027619395758842185 0.0002189702355160613 0.15578603428204107 -0.019292605091042272 0.088038832227930908 -0.033670410806522964 0.098436278973224392 -0.020356655757028733 0.37956979925705508 0.0024070482832823006 0.28521451248543067 -0.0050211056269757774 0.40926507438272508 0.42877544256394767 0.33518234074176323 0.0061147938872652798 0.053565564817843317 -0.032233361534121228 0.086029965496466507 0.12133095782265535 0.46838809771466861
leaf_weight=178.52507982030511 84.821687306277454 173.69987113634124 8.3532690913416463 58.653187868185341 10.320978947915135 19.104234050260857 74.672918946947902 128.37216169713065 3.5515569150447837 97.774616042152047 11.038050779141484 0.7890629619359959 6.3267891271971193 21.553473871201277 18.138375198002905 14.772509016562255 10.748565728310492 0.29271133290603657 1.6715462617576125 0.94557242235168804 1284.7157139007468 0.67868140712380309 0.45658420585095782 1.0580155667848865 53.102949417196214 4.8997673189733177 2.200494139455258 7.1505832485854626 2.3577947113662967 0.78016718197613955
leaf_count=6845 3123 3284 255 1678 181 1118 1385 3009 30 7004 306 13 186 373 261 121 191 33 47 26 66257 15 16 23 3593 335 103 141 17 31
internal_value=0.0044405 0.00230848 0.0256758 0.0490892 0.105835 -0.000301579 0.0106904 0.0166882 -0.00330914 0.0166256 0.0246994 0.0589254 0.0791335 0.0636824 0.0118381 0.0191624 0.0545725 -0.00162076 0.182035 0.104586 -0.00361004 0.0168389 0.0281761 0.0255288 0.0147395 0.0968404 0.0863537 0.118143 0.00513252 0.311201
internal_weight=2281.53 2073.36 208.166 77.3274 18.6742 1753.66 376.745 302.072 1376.92 319.697 221.63 43.1047 32.0666 27.8803 130.839 112.701 27.8789 98.0673 4.18635 2.61712 1373.37 88.6513 69.5471 69.0905 58.6814 5.57845 10.4091 8.2086 13.1064 1.56923
internal_count=100000 94173 5827 2114 436 79309 7678 6293 71631 14864 7827 982 676 559 3713 3452 329 7037 117 73 71601 5344 4226 4210 3943 350 267 164 208 44
is_linear=0
shrinkage=0.03


Tree=155
num_leaves=31
num_cat=0
split_feature=1 13 41 366 439 365 18 333 9 15 369 372 82 43 11 437 182 6 167 5 320 318 318 40 437 9 359 411 0 47
split_gain=106.494 80.3491 74.8573 65.9647 72.3374 65.1368 55.2385 52.4541 62.3073 51.9414 51.6606 77.1616 142.252 89.4734 65.7457 50.3582 49.851 46.9282 44.7752 44.308 46.8057 63.1639 60.2566 44.3098 41.0485 38.4424 57.3859 40.3646 37.5247 40.6495
threshold=335.16549682617193 1.0000000180025095e-35 4.5000000000000009 425.72500610351568 15405.500000000002 494.92500305175787 17.500000000000004 1.0000000180025095e-35 442.50000000000006 1.5000000000000002 638.47500610351574 473.44999694824224 1.0000000180025095e-35 76.500000000000014 14.500000000000002 197.50000000000003 241.83500671386722 2.5000000000000004 2.5000000000000004 186.50000000000003 31.479100227355961 88.455150604248061 30.451649665832523 272.50000000000006 847.00000000000011 500.00000000000006 230.10009765625003 183.50000000000003 9033275.0000000019 -1.0000000180025095e-35
decision_type=2 2 8 10 2 10 2 10 8 2 2 2 10 10 8 2 2 2 2 8 10 10 10 8 2 10 2 8 2 2
left_child=1 7 19 28 15 9 10 25 16 -6 11 18 14 -14 17 -5 -9 -13 -4 20 22 -22 23 -3 -20 27 -27 -1 -2 -30
right_child=3 2 6 4 5 -7 -8 8 -10 -11 -12 12 13 -15 -16 -17 -18 -19 24 -21 21 -23 -24 -25 -26 26 -28 -29 29 -31
leaf_value=0.053383919493434122 0.003495367675253068 0.013738883839420563 -0.0029485051021948343 0.18617740490345602 0.092437858912439178 -0.0058158652803845827 -0.05114817632984503 0.082062160707501372 -0.014284284411351158 0.0056832994120799328 -0.024920222347025782 -0.035272380027571153 0.4893338187392266 -0.030400185240304023 -0.014795598945595454 0.066351901967879573 -0.017806214737811427 0.12241925105932708 -0.04885052761988088 -0.038899827438430748 0.058321104409666237 -0.038077594335531248 -0.14035292700901256 -0.027993805140264543 0.11962303444300576 -0.00094520284251638188 0.23802326959569706 0.0065258734398164408 -0.0015190974845699812 0.047885823781675871
leaf_weight=17.703240785747766 117.08287555398419 292.26971510238945 1198.0968767711893 5.0141506767831734 18.399970553349707 22.154361551627517 21.874447109177709 28.473084987606853 11.602958755567668 9.3761860607191903 90.776793178636581 2.1522164661437317 1.0358621813356865 0.41856656782329071 11.802596038673071 8.520454107783733 5.3424800904467693 8.0563053297810256 1.7713839858770359 15.226813186425714 36.796770200598985 7.3372421609237781 2.4021134655922642 24.843949228525162 4.9077944485470653 1.9905551658011966 1.6575032640248535 252.95447508757934 22.391953516751528 45.332762157544494
leaf_count=333 4157 6117 68726 63 160 319 133 452 206 119 1042 35 35 43 246 119 80 99 57 271 513 132 31 625 56 155 40 13428 1219 989
internal_value=0.00428729 0.00202899 -0.000538462 0.0228386 0.0492265 0.0325511 -0.00386548 0.0158391 0.0457015 0.0631528 -0.00308135 -0.00146728 0.0524115 0.339761 0.0334243 0.110744 0.0662841 0.0891738 -0.00251669 0.0112363 0.0133356 0.0422949 0.0093355 0.0104694 0.0749422 0.0108946 0.107631 0.00959078 0.0137766 0.031551
internal_weight=2287.77 2039.49 1719.77 248.273 63.4651 49.9305 1340.89 319.724 45.4185 27.7762 1319.02 1228.24 23.4655 1.45443 22.0111 13.5346 33.8156 10.2085 1204.78 378.877 363.65 44.134 319.516 317.114 6.67918 274.306 3.64806 270.658 184.808 67.7247
internal_count=100000 92855 78161 7145 780 598 70472 14694 738 279 70339 69297 458 78 380 182 532 134 68839 7689 7418 645 6773 6742 113 13956 195 13761 6365 2208
is_linear=0
shrinkage=0.03


Tree=156
num_leaves=31
num_cat=0
split_feature=1 13 41 19 76 0 438 364 18 185 372 11 437 134 148 333 42 439 5 29 438 351 6 319 319 319 5 27 394 43
split_gain=98.1804 74.5688 70.3095 61.6214 72.4401 78.0169 90.1796 61.4061 52.1157 48.3879 72.9431 101.341 51.5285 48.0402 83.1748 46.729 47.8544 46.0871 42.3307 51.4213 42.0884 41.1388 40.6222 38.1939 57.7709 55.8797 37.529 41.1294 37.2297 36.8162
threshold=335.16549682617193 1.0000000180025095e-35 4.5000000000000009 1.0000000180025095e-35 1.5000000000000002 8975125.0000000019 2130.0000000000005 1784.9749755859377 17.500000000000004 495.50000000000006 473.44999694824224 2.5000000000000004 5464.5000000000009 1.0000000180025095e-35 6.5000000000000009 1.0000000180025095e-35 797.50000000000011 15405.500000000002 181.50000000000003 31.500000000000004 580.00000000000011 1.5000000000000002 2.5000000000000004 31.479100227355961 30.512100219726566 88.454902648925795 145.00000000000003 1.0000000180025095e-35 1.0000000180025095e-35 9.5000000000000018
decision_type=2 2 8 2 8 2 2 2 2 2 2 8 2 8 2 10 8 2 10 8 2 2 2 10 10 8 8 2 10 10
left_child=1 15 18 4 5 29 20 17 9 10 13 21 -13 14 -4 -1 -17 22 -3 23 -7 -12 -8 24 -20 28 27 -15 -25 -2
right_child=3 2 8 -5 -6 6 7 -9 -10 -11 11 12 -14 26 -16 16 -18 -19 19 -21 -22 -23 -24 25 -26 -27 -28 -29 -30 -31
leaf_value=0.010476963266250132 0.033598142456659555 -0.016146528082455681 0.0065923851978988372 -0.009229650851046085 -0.0068525845137345298 0.052164416286991699 -0.032728121812421386 0.23474926813731836 -0.049752429727600488 -0.027233099145103409 0.29689320287210957 -0.0034745262483887088 0.10036775715278132 0.067348218598859116 0.091847399847523367 -0.013971560236366096 0.059000031030258547 0.020406748395380415 0.015382327912005726 -0.022790283568341167 0.15437318707638686 0.069728722990754291 0.12072028824120064 0.049083740542265358 -0.11972684443794547 -0.038568706489634258 -0.0049209457648449429 -0.01824846738988049 0.15931264264225195 -0.0055584019050166633
leaf_weight=276.51640439312905 67.577490407042205 45.933644867036492 62.538341651903465 46.86146701965481 40.848341077566147 5.248375601135197 1.9051130218431325 1.447506746277212 21.81436019949615 70.202650516293943 1.9086397970095306 14.847856686450543 6.0544029418379059 13.402272993698718 12.329420001711695 10.386890174821017 36.549424395430833 36.204861361533403 256.93971296609379 30.167295469436795 11.730189343914388 1.1496603926643727 8.3930743234232068 34.970605242997408 2.8802016098052254 6.3199647963047019 1125.4984455264639 8.1090540289878827 2.9937379248440257 31.771128507331014
leaf_count=13956 1166 1382 4831 3443 512 127 45 16 133 890 37 329 82 107 236 189 549 657 5043 688 125 20 140 414 35 105 63519 288 22 914
internal_value=0.00414146 0.00196075 -0.000527015 0.0218088 0.0288996 0.0377895 0.0633628 0.0423246 -0.00376231 -0.00299999 -0.00163446 0.0502035 0.0266037 -0.00265098 0.0206324 0.0151749 0.0428516 0.036335 0.0108572 0.0145679 0.122779 0.211499 0.0923331 0.0182739 0.0138846 0.0440263 -0.00417074 0.0350811 0.057776 0.0210761
internal_weight=2293.5 2041.51 1718.06 251.988 205.126 164.278 64.9291 47.9506 1337.86 1316.04 1245.84 23.9606 20.9023 1221.88 74.8678 323.453 46.9363 46.503 380.205 334.272 16.9786 3.0583 10.2982 304.104 259.82 44.2843 1147.01 21.5113 37.9643 99.3486
internal_count=100000 92855 78161 7145 3702 3190 1110 858 70472 70339 69449 468 411 68981 5067 14694 738 842 7689 6307 252 57 185 5619 5078 541 63914 395 436 2080
is_linear=0
shrinkage=0.03


Tree=157
num_leaves=31
num_cat=0
split_feature=1 13 41 19 76 0 437 43 48 437 18 346 364 437 38 353 43 437 0 38 50 4 4 30 11 1 38 29 5 40
split_gain=90.4797 69.266 66.0541 56.2458 65.425 67.2142 74.0562 55.966 57.3751 51.7191 49.196 47.2538 60.0135 62.0574 105.612 105.633 73.9852 126.287 57.1167 47.4151 45.7636 45.1885 48.1234 78.3766 44.8216 45.3104 47.1262 44.3926 41.9227 41.5484
threshold=335.16549682617193 1.0000000180025095e-35 4.5000000000000009 1.0000000180025095e-35 1.5000000000000002 8975125.0000000019 758.00000000000011 197.50000000000003 1.0000000180025095e-35 57.500000000000007 17.500000000000004 3.5000000000000004 61.970001220703132 732.00000000000011 15.500000000000002 1.0000000180025095e-35 197.50000000000003 1470.0000000000002 8486230.0000000019 469.50000000000006 1.0000000180025095e-35 542.50000000000011 383.50000000000006 12.500000000000002 1.5000000000000002 52.502500534057624 532.50000000000011 295.50000000000006 186.50000000000003 272.50000000000006
decision_type=2 2 8 2 8 2 2 10 2 2 2 2 2 2 10 10 10 2 2 10 2 10 8 10 8 2 10 8 8 8
left_child=1 27 28 4 5 -2 9 -8 -9 20 11 12 -4 -14 -15 24 17 -17 -19 -13 -7 22 -11 -24 25 -16 -27 -1 29 -3
right_child=3 2 10 -5 -6 6 7 8 -10 21 -12 19 13 14 15 16 -18 18 -20 -21 -22 -23 23 -25 -26 26 -28 -29 -30 -31
leaf_value=0.018193718008560934 0.02016193807617964 0.015268829023395479 -0.0046871611354579994 -0.0090320610338143811 -0.006669411131996956 -0.01139944800695436 0.0021613029407301708 -0.019152685040616825 0.19457440345164778 0.069245385611972257 -0.048418380600546561 -0.023350223105231514 -0.0035742083369608413 0.0029595206143717069 0.25059881001528328 0.13415032977333022 0.053729438305954808 0.30893844698968559 0.73958383322137966 0.10995557240332653 0.13864817999977591 0.022993490268243585 0.12754504037643399 0.32542637018299136 0.03298869005962602 0.020535342448250938 0.24526659121034 -0.018938225639011364 -0.03875409725478423 -0.024384066699174013
leaf_weight=295.0417285845615 100.69988624937832 340.91358620626852 926.92206211481243 46.456253342796117 40.713205152656883 7.4276674697175604 23.219196765683595 1.8082640059292305 3.0157121643424034 9.6895110895857268 21.743993896991014 119.84718136396259 126.76702247653157 78.726947161369026 1.6911098151467729 1.9414880359545343 2.2607314893975854 0.52770573692396261 0.5838616001419723 2.450481863692402 2.4271801523864269 5.0486925449222317 13.046551062725483 2.0900250850245348 45.969390654237941 3.7889655688777566 1.0789468195289371 32.133258835412562 14.946892000269143 25.565327691379935
leaf_count=12107 2080 6769 59837 3443 512 166 332 67 60 187 133 1505 4622 1655 59 19 32 14 26 47 44 81 135 38 2270 220 33 2587 271 649
internal_value=0.00400234 0.0018968 -0.000515457 0.0208282 0.0274596 0.0357073 0.0588053 0.0214787 0.114459 0.0851522 -0.00366267 -0.00292124 -0.00109663 0.0115418 0.0255728 0.0563509 0.183817 0.280144 0.535139 -0.0206792 0.0255562 0.104811 0.12145 0.154868 0.0434564 0.11682 0.0703458 0.0145468 0.0104941 0.0125027
internal_weight=2298.54 2042.9 1715.73 255.642 209.186 168.473 67.7728 28.0432 4.82398 39.7296 1334.3 1312.56 1190.26 263.336 136.569 57.8422 5.31379 3.05306 1.11157 122.298 9.85485 29.8748 24.8261 15.1366 52.5284 6.55902 4.86791 327.175 381.426 366.479
internal_count=100000 92855 78161 7145 3702 3190 1110 459 127 651 70472 70339 68787 8950 4328 2673 91 59 40 1552 210 441 360 173 2582 312 253 14694 7689 7418
is_linear=0
shrinkage=0.03


Tree=158
num_leaves=31
num_cat=0
split_feature=365 365 409 439 396 28 318 128 341 29 16 364 29 20 361 372 393 438 438 125 32 439 359 435 437 4 27 29 5 7
split_gain=69.3481 79.1509 60.7925 56.1136 64.0277 52.0808 46.0998 44.5817 48.9356 43.5109 40.518 44.7434 46.8577 61.3776 144.701 86.921 43.9143 44.2519 42.8736 55.4346 43.238 108.369 43.6079 42.6228 42.5094 59.7278 180.605 41.2867 40.5099 38.3196
threshold=429.44999694824224 494.92500305175787 13.500000000000002 79.500000000000014 1.0000000180025095e-35 2.5000000000000004 29.87769985198975 1.5000000000000002 3.5000000000000004 295.50000000000006 6.5000000000000009 61.970001220703132 350.50000000000006 3.5000000000000004 255.50000000000003 225.90989685058597 220236.50000000003 5060.5000000000009 36962.500000000007 1.0000000180025095e-35 546.50000000000011 15405.500000000002 704.25000000000011 1.401133977889903 1633.5000000000002 269.50000000000006 11.500000000000002 491.50000000000006 145.00000000000003 196.00000000000003
decision_type=10 10 8 2 10 2 10 8 8 8 2 2 10 2 2 2 8 2 2 8 8 2 2 2 2 8 2 10 8 10
left_child=2 -2 -1 9 7 6 -6 8 10 29 11 16 18 24 15 -15 17 -5 20 -20 -13 22 -22 -21 -14 26 -26 -27 -9 -4
right_child=1 -3 3 4 5 -7 -8 28 -10 -11 -12 12 13 14 -16 -17 -18 -19 19 23 21 -23 -24 -25 25 27 -28 -29 -30 -31
leaf_value=-0.020678613622534495 0.071522950911676542 0.0087430307544854192 0.0034818160528632303 0.033091031651105073 0.02025592039169118 -0.038652642185796102 0.078232815406351325 0.048115837666457224 -0.032318476271615354 -0.017713084043275495 -0.009844474078804016 0.0048182481849698951 -0.012974656480838707 -0.0083283298042639824 0.73754270853520876 0.54805153104129023 -0.0005251772733015043 -0.0032552379238151088 0.026678490012464671 0.078409466401136316 0.50283506825245239 0.0074194546650478543 0.13865175928673576 0.26526282357407249 0.80194971013641581 0.11248244576134968 -0.0304069249546676 -0.034023648705066752 -0.015457225258315176 0.026306757460865308
leaf_weight=94.333788893651217 28.475621577817947 49.480396932922304 98.523516064975411 75.184957953635603 121.26471610413864 12.164827771019189 13.742087993305175 9.4385104952380043 36.349372043740004 32.522036106325686 192.55077635473572 194.29631192283705 6.7688398947939303 1.3512125867418938 0.39041608292609442 0.31084768660366524 828.39274428621866 50.328531784005463 35.020527207292616 4.1290008630603543 0.67366936895996221 3.1120005454868078 0.52772193122655153 1.4970733448863027 0.39634111011400541 4.758005327079446 0.57495893584564328 2.7213131343014538 203.96886979835108 201.7602194971405
leaf_count=1799 277 703 4329 1358 2335 150 146 95 570 2610 8293 5578 527 112 17 17 54920 1323 1205 53 26 162 22 20 27 91 56 129 4885 8165
internal_value=0.00386248 0.0316752 0.00288892 0.00393135 0.00183889 0.0208003 0.0261573 0.000150435 0.00204767 0.015248 0.00293805 0.00497144 0.0160939 0.0638144 0.217813 0.0957289 0.00198034 0.0185169 0.0126489 0.0407209 0.00690385 0.10085 0.342864 0.12813 0.0430464 0.0879185 0.309238 0.0591769 -0.0126455 0.0188179
internal_weight=2305.01 77.956 2227.05 2132.72 1799.91 147.172 135.007 1652.74 1439.33 332.806 1402.99 1210.43 256.528 17.2719 2.05248 1.66206 953.906 125.513 239.256 40.6466 198.61 4.31339 1.20139 5.62607 15.2195 8.45062 0.9713 7.47932 213.407 300.284
internal_count=100000 980 99020 97221 82117 2631 2481 79486 74506 15104 73936 65643 8042 976 146 129 57601 2681 7066 1278 5788 210 48 73 830 303 83 220 4980 12494
is_linear=0
shrinkage=0.03


Tree=159
num_leaves=31
num_cat=0
split_feature=1 369 348 15 143 438 0 320 360 262 11 13 318 361 364 110 43 38 40 43 438 362 101 38 30 27 296 366 43 135
split_gain=81.3882 62.9555 58.4605 52.0763 57.0807 58.6124 90.0943 51.0757 62.8332 57.7899 50.8482 49.2659 55.88 53.4094 52.6414 48.2438 40.2314 38.7584 37.2742 44.0932 42.9125 72.1439 69.8751 55.4414 104.395 42.7604 45.5175 42.655 110.455 44.6576
threshold=335.16549682617193 638.47500610351574 3.5000000000000004 1.5000000000000002 1.0000000180025095e-35 1888.5000000000002 8231887.5000000009 31.116300582885746 88.321601867675795 73.470699310302749 17.500000000000004 1.0000000180025095e-35 30.451649665832523 28.48499965667725 41.04280090332032 1.0000000180025095e-35 599.50000000000011 29.500000000000004 79.500000000000014 148.50000000000003 36962.500000000007 186.24500274658206 1.5000000000000002 35.500000000000007 86.500000000000014 1.5000000000000002 1.5000000000000002 201.23500061035159 1.0000000180025095e-35 1.5000000000000002
decision_type=2 2 10 2 10 2 2 10 2 10 10 2 10 2 2 8 8 10 8 8 2 2 10 10 8 2 8 10 8 8
left_child=1 2 7 4 5 6 -2 9 -9 11 15 13 18 -1 -15 16 -4 -16 19 -13 -20 -22 27 -24 -25 26 -21 28 -23 -29
right_child=3 -3 10 -5 -6 -7 -8 8 -10 -11 -12 12 -14 14 17 -17 -18 -19 20 25 21 22 23 24 -26 -27 -28 29 -30 -31
leaf_value=0.0079862719575734178 -0.013758673356415332 -0.020798482138536779 0.076666109511119657 0.00060703248118746961 -0.0069049086566457356 0.026051487449659076 0.097651776046420655 0.044876832046523422 -0.0093763900111137142 -0.04735935869494106 -0.033629661533977173 0.0067385607173595019 -0.13356292425770785 0.14899165138768566 0.053612767031194823 -0.030127833111541859 0.30771345534519329 -0.014273242898746014 -0.005158051049400726 0.22585160678512631 -0.00014764126289635524 0.46611972560181947 -0.030609231174399655 0.71052696907374935 0.1620362586456606 0.007002908470067187 0.041443908081149436 -0.015736572388612164 0.053554922198234871 0.085190559477297229
leaf_weight=248.3051390061155 8.6274527404457313 105.9561693421565 18.341049434617165 87.186096329707652 32.358765600249171 105.50555329071358 26.904414650052786 53.209361494518816 30.069642483256757 21.736824051942676 5.8486439585685721 342.58065687026829 2.8269551275297991 3.9603148964233688 26.020329304970801 3.938930000178515 0.70432064961642638 10.674241170752792 979.37321016378701 2.444514830596745 141.31669716141187 0.60149745456874459 0.68506157188676242 0.40459337970241871 1.3692267029546201 4.5857886131852865 2.3751037679612619 18.093978356570005 20.123752797022462 5.0460545741952982
leaf_count=12973 202 1376 297 2331 2403 1851 358 718 544 210 152 7296 27 100 377 85 17 411 55816 40 10063 21 50 28 45 85 17 581 1449 77
internal_value=0.00372767 0.0017208 0.0029478 0.0195202 0.0290301 0.0372748 0.0706003 0.00230968 0.0252876 0.00126545 0.0453477 0.00184914 -0.000307096 0.0132051 0.0450799 0.0654444 0.0852105 0.0338651 -5.90988e-05 0.00849791 -0.00264 0.0105027 0.0429928 0.198615 0.287142 0.0725801 0.134976 0.0342694 0.0655286 0.0062722
internal_weight=2311.17 2050.59 1944.64 260.582 173.396 141.037 35.5319 1915.8 83.279 1832.52 28.8329 1810.79 1521.83 288.96 40.6549 22.9843 19.0454 36.6946 1519 351.986 1167.01 187.641 46.3242 2.45888 1.77382 9.40541 4.81962 43.8653 20.7253 23.14
internal_count=100000 92855 91479 7145 4814 2411 560 90928 1262 89666 551 89456 75595 13861 888 399 314 788 75568 7438 68130 12314 2251 123 73 142 57 2128 1470 658
is_linear=0
shrinkage=0.03


Tree=160
num_leaves=31
num_cat=0
split_feature=409 346 365 365 3 437 3 320 157 365 318 438 135 3 3 27 152 191 437 34 29 322 8 28 135 38 4 439 437 11
split_gain=60.9591 56.1488 61.5043 63.4346 53.9853 77.9558 81.8359 72.9381 69.7616 68.2613 58.469 56.6034 71.4045 54.5053 49.5145 41.3485 62.935 40.8579 40.6696 39.3267 39.014 38.4665 37.0614 36.2299 41.9531 49.3116 101.838 35.3829 42.154 82.9283
threshold=13.500000000000002 5.5000000000000009 429.44999694824224 494.92500305175787 14649.500000000002 127.50000000000001 14626.500000000002 31.116300582885746 1.5000000000000002 34.590749740600593 30.451649665832523 4182.0000000000009 1.5000000000000002 3771.5000000000005 12931.000000000002 2.5000000000000004 1.5000000000000002 1.0000000180025095e-35 12153.000000000002 388.50000000000006 42.500000000000007 88.817649841308608 1.5000000000000002 1.5000000000000002 1.0000000180025095e-35 357.50000000000006 111.50000000000001 518.00000000000011 165.50000000000003 18.500000000000004
decision_type=8 2 10 10 2 2 2 10 2 8 10 2 10 2 2 2 2 8 2 8 10 10 2 2 8 10 8 2 2 10
left_child=-1 2 4 -4 5 15 7 8 10 -8 13 -10 14 -7 20 16 22 -3 27 -20 -13 -9 -2 24 25 -6 -27 28 29 -15
right_child=1 17 3 -5 23 6 9 21 11 -11 -12 12 -14 18 -16 -17 -18 -19 19 -21 -22 -23 -24 -25 -26 26 -28 -29 -30 -31
leaf_value=-0.020148713402184139 0.012751819139178989 0.1367408063177856 0.066743554025886137 0.010533998059068702 0.02251280409285053 -0.0053531681536180481 0.10295143136802605 0.058220018201594906 -0.017745372818065222 0.52337173922938218 -0.12682826895470811 0.01011525606536582 0.25368613593822092 0.079838902615151822 0.19813852773066995 -0.018029353307988497 0.26856691490443196 -0.018360590092697908 0.22689792546489054 -0.023711346328182371 0.084338746964466693 -0.020660602766115164 -0.0102827557850514 -0.017461627836919728 -0.0024086453446755464 0.40721069915323971 0.029545796433949108 0.0098757652666268993 0.023459283916024014 0.56268579317901446
leaf_weight=93.34858380118385 132.19999402295798 1.5502186343073845 29.33417841186747 47.055133637040854 25.290034547680992 219.75829827087 4.1728873664978883 40.204045708291233 8.8176927864551526 0.37915762001648534 2.9005854511633506 13.315597402397552 1.7691373932175327 3.3750512525439258 2.0717092319391659 132.86861270782538 0.79843383748084207 109.49007673701271 0.5725720077753067 35.784353337949142 12.225086160004137 6.4576622704043976 119.86142418859527 136.20377583056688 275.41471785982139 0.9532242589630181 1.9719299981370566 715.04506290750578 142.74597080331296 0.35367696732282627
leaf_count=1799 3027 11 260 679 1208 10024 209 450 330 33 29 316 31 217 40 10224 22 1429 5 2448 277 105 6289 8662 11310 27 145 34255 6119 20
internal_value=0.00360077 0.00459809 0.00569137 0.032119 0.00469958 0.00726462 0.0110086 0.0105291 0.00904823 0.13797 0.00768913 0.0489161 0.0689219 0.00803824 0.057084 -0.00447936 0.00264066 -0.0161952 0.0113158 -0.0197646 0.0456424 0.0473035 0.00179831 -0.00460615 0.00116062 0.036001 0.152616 0.0126275 0.0260604 0.125638
internal_weight=2316.29 2222.94 2111.9 76.3893 2035.51 1595.68 1209.95 1205.4 1158.73 4.55204 1120.54 38.1992 29.3815 1117.63 27.6124 385.728 252.86 111.04 897.877 36.3569 25.5407 46.6617 252.061 439.834 303.63 28.2152 2.92515 861.52 146.475 3.72873
internal_count=100000 98201 96761 939 95822 74470 54908 54666 54111 242 53117 994 664 53088 633 19562 9338 1440 43064 2453 593 555 9316 21352 12690 1380 172 40611 6356 237
is_linear=0
shrinkage=0.03


Tree=161
num_leaves=31
num_cat=0
split_feature=260 320 439 347 333 364 439 320 32 29 11 359 353 434 400 4 4 437 438 437 7 361 437 32 11 88 362 29 313 9
split_gain=60.7419 57.7168 57.941 55.2203 54.7368 50.4406 50.0291 45.7636 44.5292 79.3286 43.8992 40.9225 37.9966 37.9699 37.4875 37.2845 54.8873 79.6099 67.608 54.1019 61.9452 52.7083 45.9899 37.2764 39.0827 37.146 40.1629 37.1335 36.0628 35.9307
threshold=76.28025054931642 31.116300582885746 518.00000000000011 3.5000000000000004 1.0000000180025095e-35 61.970001220703132 458.50000000000006 30.39124965667725 562.50000000000011 186.50000000000003 2026.5000000000002 79.75220108032228 2.5000000000000004 -0.28016161646275234 2.5000000000000004 529.50000000000011 489.50000000000006 565.00000000000011 10977.000000000002 584.50000000000011 196.00000000000003 112.99499893188478 9.5000000000000018 1.0000000180025095e-35 111.50000000000001 1.0000000180025095e-35 154.98000335693362 5.5000000000000009 4.5000000000000009 496.00000000000006
decision_type=10 10 2 2 10 2 2 10 10 8 10 2 10 2 10 8 10 2 2 2 8 2 2 8 8 8 2 10 10 8
left_child=1 2 4 5 6 7 8 29 -1 -10 12 -3 13 -7 28 16 19 18 -18 23 -21 -20 -17 24 -15 26 -19 -12 -13 -4
right_child=-2 11 3 -5 -6 10 -8 -9 9 -11 27 14 -14 15 -16 22 17 25 21 20 -22 -23 -24 -25 -26 -27 -28 -29 -30 -31
leaf_value=0.0072488159314841464 -0.034512405815628193 0.04984316531873325 -0.0033635630962725776 -0.021926127453713994 0.041274140966275581 -0.0043736807148456935 0.10266295154783674 -0.11128456361287026 0.78441349202860999 -0.030489483598091099 0.29385338619173917 -0.018910868667229314 0.094978988508805151 0.10430302779866192 0.15755032842054276 0.10236566153472643 0.058070970342809364 0.30835799628889476 0.12718666038434168 -0.0055157910578254908 0.044714879004625445 0.32190569455618784 -0.017888692390100464 -0.020213662883396398 0.003912171065984623 -0.0095020127323914589 0.052796190103789838 0.027838751683578203 0.070077504424179773 0.0071121078989199527
leaf_weight=315.81403637561016 37.269233155064285 41.644338135141879 953.013112250017 89.635903027839959 56.144937892910093 109.8491070671007 5.0698093953542402 3.3413017531856886 0.18404424702748556 0.2585488804616034 0.91358957439660915 23.621531589888043 4.8326723854988805 4.7487062811851528 1.3633369356393803 3.0910468604415646 10.3208807236515 0.61750537017360585 4.2444696133024982 32.571067445911467 68.704404444433749 1.7740808073431251 38.663524486124516 47.829588341992348 13.168152522295712 14.722010335884987 5.3350483584217727 0.97769597824662924 4.9590511955320826 426.5744851459749
leaf_count=15467 463 521 60898 977 781 3804 101 33 14 30 14 458 37 89 10 61 173 23 94 743 1624 33 1009 1607 215 376 173 31 22 10119
internal_value=0.00347815 0.00409807 0.00324021 0.00103822 0.0139443 0.00221764 0.009169 -0.000393015 0.00767023 0.308373 0.012181 0.0306097 0.0114246 0.0102892 0.00386083 0.0168424 0.0221281 0.0551809 0.104671 0.0148032 0.0285603 0.184584 -0.00898639 -0.00638804 0.0305199 0.0160678 0.0793076 0.156338 -0.00347039 -0.00012444
internal_weight=2321.26 2283.99 2212.4 1834.93 377.471 1745.29 321.326 1382.93 316.257 0.442593 362.364 71.5883 360.472 355.64 29.9439 245.79 204.036 37.014 16.3394 167.022 101.275 6.01855 41.7546 65.7464 17.9169 20.6746 5.95255 1.89129 28.5806 1379.59
internal_count=100000 99537 98526 82133 16393 81156 15612 71050 15511 44 10106 1011 10061 10024 490 6220 5150 872 300 4278 2367 127 1070 1911 304 572 196 45 480 71017
is_linear=0
shrinkage=0.03


Tree=162
num_leaves=31
num_cat=0
split_feature=1 369 3 372 438 395 437 320 3 318 352 437 1 366 30 0 95 25 13 167 12 437 90 322 437 28 130 14 28 135
split_gain=71.7058 56.2599 54.9555 56.3205 82.6553 53.6496 53.5827 56.5236 58.2861 53.4867 48.5813 49.7291 52.1019 48.4352 47.0527 42.7865 42.5901 39.2098 56.9295 38.624 37.5137 37.939 70.0163 37.3997 36.3824 50.3338 36.0631 34.5579 34.5553 43.7443
threshold=335.16549682617193 638.47500610351574 14649.500000000002 473.44999694824224 36962.500000000007 -8.4999999999999982 150.50000000000003 31.116300582885746 3771.5000000000005 30.451649665832523 1.0000000180025095e-35 1437.0000000000002 994.47500610351574 425.72500610351568 29.500000000000004 9852777.0000000019 1.5000000000000002 1.5000000000000002 18.500000000000004 2.5000000000000004 530.50000000000011 4346.0000000000009 3.5000000000000004 88.455150604248061 1237.0000000000002 2.5000000000000004 2.5000000000000004 16.500000000000004 1.5000000000000002 1.0000000180025095e-35
decision_type=2 2 2 2 2 8 2 10 2 10 8 2 2 10 10 2 10 2 2 2 10 2 10 8 2 2 8 2 2 8
left_child=1 2 3 5 14 -1 -7 8 -8 16 11 12 13 15 -5 24 19 18 -18 20 21 27 -23 -9 -2 -26 -20 -10 29 -4
right_child=10 -3 28 4 -6 6 7 23 9 -11 -12 -13 -14 -15 -16 -17 17 -19 26 -21 -22 22 -24 -25 25 -27 -28 -29 -30 -31
leaf_value=0.16326399525353355 0.017077141107123509 -0.020037130110271112 0.036075939293913339 -0.016100508308449224 0.17414774214623804 -0.0052634570594878886 -0.0081163367828339904 0.050682425962622159 0.014937161088299206 -0.11805821362769488 -0.015847443454842028 0.0035525889052685521 -0.015094407082713188 0.065907177629035626 0.070331775586071205 0.10390229187076766 0.041278166421709353 0.025960472571411861 0.36257242640412191 0.083224628822567148 -0.059125238193013442 -0.0052762290054551055 0.28642988933469499 -0.026198642275638291 0.06461590052378792 0.35384757510791609 0.13268679646380535 -0.0050508159370005606 -0.019430754634340283 -0.0047743110013802013
leaf_weight=1.9126897500827909 82.484758647624403 103.96178799355403 25.957876933738589 11.56346304249019 4.0019679004326454 391.86188317649066 206.06385896145366 40.361266393214464 564.55139655456878 2.9416887718252829 33.35233286395669 79.175246309954673 18.02764905616641 42.108094329945743 11.119601348415015 6.1107506202533832 4.1784998811781433 19.064564335159957 0.9895536145195365 6.2463467488996676 7.3509981697425237 163.28174918773584 0.74391787126660247 6.6301987739279857 4.2690037484280756 0.62018425064161409 1.618961180560291 90.300768859684467 136.03946303902194 258.91223572171293
leaf_count=23 2708 1376 1262 176 62 19630 9390 466 29849 29 647 2320 743 406 207 157 45 227 33 94 157 8542 9 112 145 19 27 2100 8400 10639
internal_value=0.0033613 0.00146775 0.00261091 0.0052445 0.0484473 0.00448005 0.00427841 0.00763389 0.00621617 0.00964532 0.018015 0.0228664 0.0328207 0.0391912 0.02627 0.0271576 0.010083 0.048005 0.109928 0.00890536 0.0083435 0.00894916 -0.00395323 0.039835 0.0217902 0.101304 0.219895 0.0121809 -0.00699205 -0.00105196
internal_weight=2325.8 2059.65 1955.69 1534.78 26.685 1508.1 1506.19 1114.32 1067.33 861.268 266.148 232.796 153.62 135.593 22.6831 93.4847 858.327 25.8516 6.78701 832.475 826.229 818.878 164.026 46.9915 87.3739 4.88919 2.60851 654.852 420.91 284.87
internal_count=100000 92855 91479 71178 445 70733 70710 51080 50502 41112 7145 6498 4178 3435 383 3029 41083 332 105 40751 40657 40500 8551 578 2872 164 60 31949 20301 11901
is_linear=0
shrinkage=0.03


Tree=163
num_leaves=31
num_cat=0
split_feature=1 369 3 350 438 314 38 352 1 1 261 260 107 3 167 13 40 43 393 0 439 11 57 28 82 362 135 11 38 430
split_gain=66.5118 53.3971 51.6696 50.4089 82.9748 51.8191 46.1085 45.0216 44.7232 58.3603 41.9894 53.5381 40.3596 36.6398 37.3641 37.1606 41.2568 40.5591 41.2482 50.724 37.6258 33.4398 102.607 33.6122 42.0303 127.831 35.5689 36.7807 46.0468 32.7701
threshold=335.16549682617193 638.47500610351574 14649.500000000002 2.5000000000000004 36962.500000000007 2.5000000000000004 103.50000000000001 1.0000000180025095e-35 994.47500610351574 845.20999145507824 60.661949157714851 30.602700233459476 1.5000000000000002 3310.5000000000005 2.5000000000000004 1.0000000180025095e-35 79.500000000000014 148.50000000000003 288890.00000000006 9561322.5000000019 62375.000000000007 717.50000000000011 1.5000000000000002 1.5000000000000002 1.5000000000000002 189.97000122070315 1.0000000180025095e-35 15.500000000000002 298.50000000000006 1.0000000180025095e-35
decision_type=2 2 2 2 2 10 8 8 2 2 10 10 10 2 2 2 8 10 8 2 2 10 10 2 10 2 8 10 8 2
left_child=1 2 3 5 6 10 -5 8 9 -2 11 13 -8 -1 15 -15 17 18 19 29 -19 23 -23 24 26 -26 27 -4 -29 -17
right_child=7 -3 21 4 -6 -7 12 -9 -10 -11 -12 -13 -14 14 -16 16 -18 20 -20 -21 -22 22 -24 -25 25 -27 -28 28 -30 -31
leaf_value=-0.0070712969322347463 0.020396285870760551 -0.019654767737195322 0.018650785983939988 -0.025979444619906134 0.14476253242599482 0.04773088328460217 0.029639058645562849 -0.015535808838259486 -0.010781298321813697 0.065637161730569785 -0.027541756721061732 0.043367178720941209 0.14474991059456552 0.01743266632872233 0.080883011686297746 0.00064430804577466673 -0.0004366560463919183 0.21993861803888057 -0.0026615613396508662 0.054457162494650831 0.041454127959107433 0.024124611257070001 0.44170691778700749 -0.020626354132786372 -0.03039385822041878 1.0420325136639195 -0.0060767051821968895 0.077515162988644526 0.401054280749222 0.042700953861687485
leaf_weight=245.66690477728844 173.2457429477945 102.82217138679698 23.625896453391764 12.029796163085846 5.6943373973481348 24.216685546562076 17.089752126950774 33.006016057450324 32.541747267823666 30.124722190201283 38.231963748112321 30.912562117911875 3.2650325344875446 189.77700393646955 5.9157626009546211 63.91226369375363 748.22203487949446 1.5907567711547006 92.387803892605007 34.91855150507763 3.2039436548948288 7.2235254081897429 0.57148162974044669 129.59841483738273 0.35109321912750502 0.1398910004645586 254.7884660535492 2.1834686934016641 0.48358488827943791 22.560331912245601
leaf_count=11779 4862 1376 1104 271 72 196 318 647 1170 466 563 436 23 8917 96 1127 44365 31 1965 572 32 346 37 8171 43 20 10451 110 19 415
internal_value=0.00324882 0.00141822 0.00252452 0.00506641 0.0391539 0.00420194 0.0205842 0.0172813 0.0218727 0.0270977 0.00348839 0.00431278 0.0481035 0.00345543 0.00568003 0.00529537 0.00291289 0.0143791 0.0124437 0.0239399 0.100671 -0.00681628 0.0547392 -0.00798325 -0.00216405 0.275161 -0.00264848 0.0305723 0.136179 0.0116167
internal_weight=2330.3 2061.38 1958.56 1539.6 38.0789 1501.52 32.3846 268.918 235.912 203.37 1477.3 1439.07 20.3548 1408.16 1162.49 1156.57 966.796 218.574 213.779 121.391 4.7947 418.966 7.79501 411.171 281.572 0.490984 281.081 26.293 2.66705 86.4726
internal_count=100000 92855 91479 71178 684 70494 612 7145 6498 5328 70298 69735 341 69299 57520 57424 48507 4142 4079 2114 63 20301 383 19918 11747 63 11684 1233 129 1542
is_linear=0
shrinkage=0.03


Tree=164
num_leaves=31
num_cat=0
split_feature=260 320 365 346 43 32 13 320 32 363 48 139 437 3 3 3 367 9 438 432 3 186 108 11 146 9 30 437 36 350
split_gain=54.9247 48.9104 52.7365 62.5843 52.6858 54.9956 56.9047 45.0129 44.2762 42.2077 40.0711 49.8684 38.5275 44.7924 59.3078 48.9101 67.2603 43.8373 111.614 184.887 67.6804 50.8862 39.5046 38.7008 38.22 61.8918 53.6947 44.4063 37.0559 36.1801
threshold=76.28025054931642 30.632949829101566 194.23999786376956 13.500000000000002 364.50000000000006 300.50000000000006 34.500000000000007 30.39124965667725 25.500000000000004 24.946499824523929 1.0000000180025095e-35 1.5000000000000002 33.500000000000007 14649.500000000002 8909.0000000000018 14626.500000000002 59.058349609375007 500.00000000000006 171.50000000000003 3.5000000000000004 9027.5000000000018 75.09180068969728 7.5000000000000009 88.500000000000014 1.0000000180025095e-35 333.50000000000006 11.500000000000002 827.00000000000011 262.33332824707037 2.5000000000000004
decision_type=10 10 10 2 10 8 2 10 10 2 2 10 2 2 2 2 8 10 2 2 2 2 10 10 10 10 10 2 10 2
left_child=1 2 3 7 5 8 -7 9 10 12 11 -4 -1 14 -14 17 -17 22 19 -19 -20 -22 24 28 29 26 -26 -27 -15 -16
right_child=-2 -3 4 -5 -6 6 -8 -9 -10 -11 -12 -13 13 23 15 16 -18 18 20 -21 21 -23 -24 -25 25 27 -28 -29 -30 -31
leaf_value=-0.0093924999772157687 -0.033433219287614224 0.027854417369725566 0.045850774559358952 -0.037470233250146291 -0.027842152191943262 0.051910390878584386 0.24899278796715602 -0.11585550208325356 -0.028966619373878094 0.028068122693487393 0.0010668977795863124 -0.029214037116379068 9.0701920003463641e-05 -0.0097896680431777561 0.0045879924405283221 0.070521307673992645 0.46174564615856534 1.0360862833363098 0.34730772159860673 -0.030631194958997236 -0.0047388969854681726 0.2996326596552914 0.28437323770333606 0.041482973238064262 0.025841608941985925 0.069937137775609892 -0.030367332243455079 0.25208255926429085 0.058443771063791887 0.054765664863736678
leaf_weight=247.36302738590166 36.377503547351807 73.168518444057554 63.216228630393744 36.374353344552219 19.98308452963829 27.466523373965178 1.3850350081920613 2.9007149282842866 17.361479494255036 56.074585242895409 48.129785855766386 9.1134485132060927 739.84829617151991 330.32906819763593 417.02416046545841 5.4423621508758506 0.42649702122434963 0.28118236549198528 0.62852588109672058 0.30470105796121061 5.8401056246366352 0.54006507247686375 0.47535894997417827 14.658227047417311 134.01965716062114 5.1893149511888614 17.26603788882494 1.5687941657379267 7.3219417184591284 13.346681069582699
leaf_count=12292 463 1025 928 488 400 425 39 23 639 2038 505 107 34968 16878 23810 230 28 14 9 29 397 9 16 833 2364 55 480 36 227 245
internal_value=0.00314114 0.00372035 0.00292631 0.00152794 0.0181886 0.0237075 0.0613714 0.00223691 0.0158228 0.00240836 0.0222782 0.0363927 0.00166739 0.00328191 0.00578084 0.0127698 0.098952 0.0119219 0.0835376 0.481317 0.0502857 0.0210254 0.0109983 -0.00623834 0.0107774 0.0233945 0.0194266 0.112219 -0.00831003 0.0061441
internal_weight=2333.43 2297.05 2223.88 2037.22 186.656 166.673 28.8516 2000.85 137.821 1997.95 120.459 72.3297 1941.87 1694.51 1342.2 602.353 5.86886 596.485 7.59458 0.585883 7.0087 6.38017 588.89 352.309 588.415 158.044 151.286 6.75811 337.651 430.371
internal_count=100000 99537 98512 95469 3043 2643 464 94981 2179 94958 1540 1035 92920 80628 62690 27722 258 27464 458 43 415 406 27006 17938 26990 2935 2844 91 17105 24055
is_linear=0
shrinkage=0.03


Tree=165
num_leaves=31
num_cat=0
split_feature=1 409 396 439 439 41 76 434 143 333 9 437 435 369 134 369 365 392 129 401 369 114 372 438 363 0 36 133 36 31
split_gain=60.5594 48.5253 54.2664 47.3012 44.0683 43.3827 41.0321 52.5483 38.6022 37.1787 37.4981 35.0084 50.4573 34.9021 40.1585 71.2359 44.1198 34.8775 34.4252 42.8018 34.4244 32.9979 32.1587 51.9112 30.1365 29.3251 29.0886 61.7297 57.9721 29.5574
threshold=414.83500671386724 13.500000000000002 1.0000000180025095e-35 79.500000000000014 65.000000000000014 4.5000000000000009 1.5000000000000002 2.0194554761087482 1.0000000180025095e-35 1.0000000180025095e-35 442.50000000000006 113.50000000000001 1.6472809485539663 480.50000000000006 1.0000000180025095e-35 28.518549919128422 35.829099655151374 -17.499999999999996 2.5000000000000004 -7.4999999999999991 88.321601867675795 3.5000000000000004 601.25000000000011 25538.500000000004 207.97499847412112 8874241.0000000019 1.0208330154418948 1.5000000000000002 16.895833015441898 130.50000000000003
decision_type=2 8 10 2 2 10 8 2 10 10 8 2 2 2 8 2 10 8 8 8 2 10 2 2 2 2 10 10 8 8
left_child=1 -1 3 4 9 25 7 8 11 -3 -11 -2 -13 14 15 24 20 26 19 -19 -17 -15 -21 -24 -5 -4 29 -28 -29 -16
right_child=6 2 5 13 -6 -7 -8 -9 -10 10 -12 12 -14 21 17 16 -18 18 -20 22 -22 -23 23 -25 -26 -27 27 28 -30 -31
leaf_value=-0.020367887260635167 0.0067603645657620037 0.0065972666130974765 0.0090107945860430395 -0.00088595793762923753 0.26909213944877208 -0.029696705553479179 -0.013579300065473848 0.0050284377565641908 -0.0044587346588935046 0.049120197935313949 -0.015278482845220796 0.12552395348104314 0.044459314708655252 -0.021308773849398548 -0.018250416329086919 0.15678110623797201 -0.013761588368801609 0.28416611166800604 -0.015852052411378961 -0.0017340438562788584 0.061200739171939945 0.045400553127584391 -0.018539610438451298 0.085071880539892411 0.33006006733668081 0.034826588795712203 0.020431353755903651 0.045975404787746137 0.25720752603404395 0.01616182144656093
leaf_weight=88.090598516631871 18.688233968801796 256.1368946027942 73.119195309467614 53.688766161212698 0.59727103495970268 15.424118606839327 32.756587375886738 86.556665355339646 17.84477675659582 37.914653414860368 10.361533429473637 7.6740925600752226 69.441273350734264 107.83231508499011 36.090808088891208 4.2364777084440055 5.6954992846585801 0.47379262559115887 160.17425102461129 1019.0035368287936 17.00006569409743 7.1137898713350287 7.8191708885133293 9.8145729997195286 0.24878741428255935 86.390563151799142 43.201472332235426 2.8168330099433661 1.9993083737790573 59.494508066214621
leaf_count=1760 392 13271 1480 4721 17 286 479 2730 1156 484 178 62 1008 1422 610 84 125 10 3903 62096 235 37 181 89 13 1425 513 26 26 1181
internal_value=0.00303352 0.00142709 0.00237914 0.000862444 0.011654 0.018347 0.0175471 0.0226399 0.036053 0.0111489 0.0352983 0.0435989 0.0525264 -0.0012795 6.04055e-06 0.0205366 0.060383 -0.00123217 -0.0029078 -0.00090866 0.0802681 -0.0171803 -0.00103895 0.0391284 0.000640533 0.0229926 0.0127384 0.0317885 0.133663 0.00316856
internal_weight=2337.7 2104.74 2016.65 1841.71 305.01 174.934 232.962 200.205 113.648 304.413 48.2762 95.8036 77.1154 1536.7 1421.76 80.8696 26.932 1340.89 1197.29 1037.11 21.2365 114.946 1036.64 17.6337 53.9376 159.51 143.603 48.0176 4.81614 95.5853
internal_count=100000 94173 92413 89222 13950 3191 5827 5348 2618 13933 662 1462 1070 75272 73813 5178 444 68635 66279 62376 319 1459 62366 270 4734 2905 2356 565 52 1791
is_linear=0
shrinkage=0.03


Tree=166
num_leaves=31
num_cat=0
split_feature=1 369 3 437 350 438 395 320 3 320 437 4 4 1 364 366 365 437 49 30 13 365 189 366 114 39 29 7 47 322
split_gain=56.5948 47.3155 46.0794 46.046 62.182 62.8512 55.0141 51.9725 50.0532 45.9203 41.3111 47.931 63.7676 38.4488 37.9647 41.936 61.4352 43.1937 39.3914 62.1266 125.037 68.3613 39.0222 36.9776 34.614 46.3862 40.0431 33.3749 33.3344 32.1841
threshold=335.16549682617193 638.47500610351574 14649.500000000002 150.50000000000003 2.5000000000000004 4182.0000000000009 -8.4999999999999982 31.116300582885746 3771.5000000000005 30.39124965667725 1437.0000000000002 529.50000000000011 528.00000000000011 994.47500610351574 5.8117001056671151 47.063800811767585 46.251499176025398 1615.0000000000002 1.0000000180025095e-35 25.500000000000004 52.500000000000007 38.98500061035157 213.50000000000003 886.50000000000011 1.5000000000000002 74.500000000000014 2.5000000000000004 100.50000000000001 1.5000000000000002 88.817649841308608
decision_type=2 2 2 2 2 2 8 10 2 10 2 8 8 2 2 10 8 2 2 8 2 10 2 10 10 8 10 8 2 10
left_child=1 2 3 6 7 -6 -1 8 -5 14 11 12 13 23 27 16 24 18 19 22 28 -22 -17 -2 -16 26 -26 -10 -21 -9
right_child=10 -3 -4 4 5 -7 -8 29 9 -11 -12 -13 -14 -15 15 17 -18 -19 -20 20 21 -23 -24 -25 25 -27 -28 -29 -30 -31
leaf_value=0.1842019970762451 0.026750660440494175 -0.018872836699589168 -0.0066016618139931775 -0.0081934234128150651 -0.021039472930275097 0.078285777042134297 -0.0048043448968699554 0.046946511080075339 0.23566681613777721 -0.10770692201341142 -0.00018002509534884606 -0.0032125712470872279 0.099790518925088889 -0.020730066120351966 0.026807234990416828 0.02636747418999117 0.39623430883929833 -0.0053001805218897847 -0.0020769066971635438 -0.01363720156396022 0.22134732780914645 0.74661318820388178 0.15064420230070136 0.084498646926713467 0.020708773895861086 0.055961187226112007 0.32903139890968935 0.0044857451367049765 0.2371107410579745 -0.025751060103120515
leaf_weight=1.3908545440062881 99.138409041799605 100.22659107251093 416.32564402930439 203.32213521073572 7.8887441470287767 20.989017442800105 397.28882404137403 41.186802666634321 0.56254551885649462 3.0581511645577839 95.775303253903985 43.401501203887165 11.753155091311781 13.697398643940685 81.887894235318527 42.804537908406928 0.42111544543877144 85.815046024275944 28.974227542057633 1.7414988819509742 0.46973972301930178 0.4245252157561481 2.4014939879998556 11.096479644533245 0.56303821224719097 7.6162460003979504 1.1604814520105717 611.77489095064811 0.65723140910267819 6.322099218145012
leaf_count=14 2622 1376 20301 9328 215 298 19756 466 34 31 2605 1174 75 574 4337 948 13 2009 707 146 11 29 26 95 15 185 34 32456 8 112
internal_value=0.00293532 0.00123333 0.00225884 0.00464071 0.0076864 0.0511524 -0.00414497 0.00656685 0.00520813 0.00833892 0.0157238 0.0242292 0.0330069 0.0266735 0.00874812 0.0184759 0.0347169 0.00936029 0.0255993 0.0421336 0.167938 0.470701 0.0329695 0.0325637 0.0330481 0.0877655 0.228309 0.00469813 0.0550656 0.0372725
internal_weight=2340.14 2065.27 1965.05 1548.72 1150.04 28.8778 398.68 1121.16 1073.65 870.333 274.862 179.087 135.685 123.932 867.275 254.937 91.6488 163.288 77.4733 48.499 3.293 0.894265 45.206 110.235 91.2277 9.33977 1.72352 612.337 2.39873 47.5089
internal_count=100000 92855 91479 71178 51408 513 19770 50895 50317 40989 7145 4540 3366 3291 40958 8468 4584 3884 1875 1168 194 40 974 2717 4571 234 49 32490 154 578
is_linear=0
shrinkage=0.03


Tree=167
num_leaves=31
num_cat=0
split_feature=27 19 41 439 128 27 4 106 88 436 396 318 335 362 437 7 437 19 4 367 372 11 11 3 47 359 148 435 32 432
split_gain=51.6757 86.4718 50.4439 45.2026 48.6509 72.6315 56.3027 71.031 47.1252 66.5855 46.1196 49.9799 41.9909 50.7575 38.7247 48.022 45.5387 37.8426 106.775 35.4465 35.2209 36.2364 150.794 42.8117 40.1865 37.8379 51.7509 36.1532 34.1156 33.1749
threshold=124.50000000000001 25.500000000000004 4.5000000000000009 518.00000000000011 1.5000000000000002 1.0000000180025095e-35 550.50000000000011 2.5000000000000004 1.5000000000000002 -60.236623292056699 1.0000000180025095e-35 25.006950378417972 8.5000000000000018 167.59999847412112 127.50000000000001 139.50000000000003 11.500000000000002 13.500000000000002 489.50000000000006 277.25000000000006 671.75000000000011 864.50000000000011 931.50000000000011 15021.500000000002 1.0000000180025095e-35 230.10009765625003 1.5000000000000002 1.1965815103349486 574.50000000000011 21.500000000000004
decision_type=2 2 10 2 8 2 8 10 10 2 10 10 8 2 2 8 2 2 10 10 2 10 8 2 2 2 2 2 10 2
left_child=1 2 3 17 6 -6 10 8 -8 -10 12 -12 13 -5 16 -16 29 19 -19 28 21 24 -23 25 -17 26 -24 -25 -1 -15
right_child=-2 -3 -4 4 5 -7 7 -9 9 -11 11 -13 -14 14 15 20 -18 18 -20 -21 -22 22 23 27 -26 -27 -28 -29 -30 -31
leaf_value=0.010229854827133279 -0.024513876590720258 0.15435150099068165 -0.019921587724708902 0.0027568876840044342 0.0091010588081981668 -0.019961786942742258 -0.012231752101083172 0.36747772586767874 0.26532893498715815 0.015085856008570547 0.018871350926563307 0.084625577568620838 -0.035517815048870159 0.035099561488222623 -0.010789416586829897 0.029137873266179472 -0.016056188925719982 -0.030610169683229327 0.59105111210286521 0.047072785880169207 0.07069643969475424 0.4621220176427116 -0.031067954625660334 0.30437174305856135 -0.0056375819035578466 -0.015845633487791111 0.55560266269961556 0.063112933231836574 0.25048799758615509 0.22259766335992923
leaf_weight=357.75885069160722 60.567523086676374 3.4176125649828455 80.952931934501976 890.73601575312205 128.86357933748513 193.75193161820062 217.73846268630587 0.44916458427905936 1.3060722369700668 3.5802424107678226 66.211821425706148 12.343247516080735 22.077915629604831 3.086245678830891 33.13432280626148 130.81539127812721 43.939635286573321 0.69932377152144798 0.38586162496358156 25.682375511154532 16.153030992485583 0.85054968856274804 0.28715078718960274 0.89339196123182807 38.771231747698039 6.1375500084832311 0.25593595858663321 1.4935752414166925 0.53270289720967312 1.171743973623961
leaf_count=15124 4591 105 1804 48037 1388 5507 10686 7 28 65 1210 117 349 155 1021 5623 2147 56 25 340 179 28 18 39 1083 163 24 21 28 32
internal_value=0.0028363 0.00356174 0.00333572 0.00419186 0.00221025 -0.0083531 0.00449523 -0.00940368 -0.0101641 0.0819738 0.00693971 0.0292032 0.0054698 0.00624474 0.0174609 0.0226093 -0.00697855 0.0135274 0.190435 0.0130274 0.0282654 0.0244471 0.0801832 0.044357 0.0211874 0.00539232 0.245407 0.153411 0.0105871 0.0866966
internal_weight=2344.05 2283.48 2280.06 2199.11 1814.05 322.616 1491.43 223.074 222.625 4.88631 1268.36 78.5551 1189.8 1167.73 276.99 228.792 48.1976 385.059 1.08519 383.974 195.658 179.505 9.91815 9.0676 169.587 6.68064 0.543087 2.38697 358.292 4.25799
internal_count=100000 95409 95304 93500 77927 6895 71032 10786 10779 93 60246 1327 58919 58570 10533 8199 2334 15573 81 15492 7178 6999 293 265 6706 205 42 60 15152 187
is_linear=0
shrinkage=0.03


Tree=168
num_leaves=31
num_cat=0
split_feature=1 185 41 311 348 438 9 43 15 437 0 48 409 396 13 272 38 181 334 438 167 9 32 431 318 4 364 0 38 4
split_gain=51.8645 46.0144 43.7935 46.7076 44.3225 44.7463 40.0155 43.2881 38.4905 46.7333 57.389 48.6883 38.032 53.7757 39.5694 35.5015 34.5193 38.7 33.0714 32.1098 29.7126 29.2569 27.9475 26.2797 42.5011 36.5708 25.5995 36.5671 25.4552 30.842
threshold=335.16549682617193 524.97500610351574 4.5000000000000009 3.5000000000000004 2.5000000000000004 36962.500000000007 496.00000000000006 354.50000000000006 1.5000000000000002 758.00000000000011 9223756.5000000019 -1.0000000180025095e-35 13.500000000000002 1.0000000180025095e-35 1.0000000180025095e-35 5.5000000000000009 192.50000000000003 28.97500038146973 1.5000000000000002 2806.0000000000005 2.5000000000000004 122.50000000000001 546.50000000000011 1367.0000000000002 70.631000518798842 545.50000000000011 49.151350021362312 8278505.0000000009 10.500000000000002 529.50000000000011
decision_type=2 2 10 10 10 2 10 10 2 2 2 2 8 10 2 10 10 2 10 2 2 10 10 2 10 8 2 2 10 8
left_child=1 2 3 4 12 6 7 22 9 10 28 -12 -1 14 16 20 17 -14 -13 -9 -16 -10 -6 25 -25 -15 27 -19 29 -2
right_child=8 -3 -4 -5 5 -7 -8 19 21 -11 11 18 13 23 15 -17 -18 26 -20 -21 -22 -23 -24 24 -26 -27 -28 -29 -30 -31
leaf_value=-0.019057448346714734 0.039037242792487464 -0.022080532881786935 -0.019641879440485989 0.037304892459172026 -0.012762502232999552 0.094524508155832604 0.17408252442545907 -0.034365399387251298 0.13653911958629486 0.0055781523115613317 -0.01230526144582883 0.09554695182937914 0.01135687884700318 0.042337725000162599 -0.0013487548577458749 -0.068181794395313633 -0.012651250024199407 0.20387900471430889 0.020365756228838804 0.076538822751342869 0.061224593108481509 -0.0032678463953574703 0.15292971818813578 0.0044894047579307865 0.14570702331006974 -0.021924880342703679 0.037640731928628907 0.018403554629365323 -0.030125917580830375 -0.0099018126427823441
leaf_weight=77.950160871725529 43.741466341074556 74.272190275136381 80.977049702312797 34.830289537319914 29.690345707116652 7.9699332667514673 1.4268013089895237 2.924672493711113 1.3678050958551455 81.460525009315461 6.1261047297157338 25.448966425843537 203.34374974668026 58.156542051583529 1310.9570707569364 7.1223063711076966 45.92212235624902 2.1412300146184893 6.6398744974285355 11.948090876452623 6.8655185862444332 89.175582971423864 0.94535225536674161 76.838487481698394 1.9671787228435267 9.235754195135085 23.082890391349792 1.7292772922664879 8.2615536176599544 15.767473941668866
leaf_count=1601 997 1108 1843 306 664 99 15 77 26 2299 345 300 9110 1113 71035 70 3486 38 62 140 108 2305 7 1383 21 236 353 42 375 436
internal_value=0.00273896 0.00110523 0.00196798 0.00288174 0.00224407 0.0288018 0.0176417 0.0127369 0.0149059 0.0226644 0.0357969 0.0651948 0.00144521 0.00235984 0.000769552 -0.00138378 0.0110985 0.0158343 0.0799903 0.0547299 -0.00102276 -0.00115583 -0.00764959 0.0197767 0.00801454 0.0335309 0.0496128 0.121012 0.0192198 0.0260704
internal_weight=2348.29 2070.3 1996.02 1915.05 1880.22 54.9052 46.9353 45.5085 277.989 187.446 105.985 38.2149 1825.31 1747.36 1601.16 1324.94 276.219 230.297 32.0888 14.8728 1317.82 90.5434 30.6357 146.198 78.8057 67.3923 26.9534 3.87051 67.7705 59.5089
internal_count=100000 92855 91747 89904 89598 1002 903 888 7145 4814 2515 707 88596 86995 84242 71213 13029 9543 362 217 71143 2331 671 2753 1404 1349 433 80 1808 1433
is_linear=0
shrinkage=0.03


Tree=169
num_leaves=31
num_cat=0
split_feature=27 19 1 41 408 13 5 134 27 437 4 4 437 437 437 311 85 13 436 346 364 28 27 437 38 353 32 437 366 130
split_gain=48.8759 70.7146 47.4108 39.1113 49.1154 47.8199 40.9731 42.2734 39.5763 36.645 39.2611 52.0291 45.7029 41.0256 38.655 36.465 35.9752 35.5904 38.3429 35.3492 41.3307 34.3773 36.2868 34.3359 50.1035 56.3941 46.281 65.1456 48.2645 38.6405
threshold=124.50000000000001 25.500000000000004 335.16549682617193 4.5000000000000009 200.50000000000003 1.0000000180025095e-35 145.00000000000003 1.0000000180025095e-35 1.5000000000000002 1437.0000000000002 529.50000000000011 489.50000000000006 1237.0000000000002 847.00000000000011 83.500000000000014 3.5000000000000004 1.0000000180025095e-35 1.5000000000000002 -57.462672903626533 2.5000000000000004 61.970001220703132 3.5000000000000004 10.500000000000002 732.00000000000011 8.5000000000000018 1.0000000180025095e-35 271.50000000000006 827.00000000000011 293.35000610351568 1.5000000000000002
decision_type=2 2 2 10 10 2 8 8 2 2 10 10 2 2 2 8 10 2 2 2 2 2 2 2 10 8 10 2 10 10
left_child=1 2 3 4 5 16 -7 17 15 10 11 12 -4 14 -13 -6 -1 18 21 20 -9 22 -8 -22 -25 26 -26 28 -28 -29
right_child=-2 -3 9 -5 8 6 7 19 -10 -11 -12 13 -14 -15 -16 -17 -18 -19 -20 -21 23 -23 -24 24 25 -27 27 29 -30 -31
leaf_value=0.0086489962675559574 -0.024232568442518969 0.13238680602559272 0.015731200002965063 -0.019105503629343074 0.013504627992791078 0.039683476929198401 0.022576881904304985 -0.0063431908846999152 -0.0054854910547239939 -0.00029157693208157277 -0.0043018547524451781 -0.0096089675357648816 0.093458672396528289 -0.036589255352049502 0.092897987479492669 0.052949889183710921 0.059088708478105642 0.011747281313536265 0.015661232158366203 -0.020094948326073836 -0.0040060917104719641 0.0038255656485587349 0.31139171689867834 0.0023967801642961204 0.0048457150015645467 0.12547701678847817 0.09301692495667134 0.041057720800636889 0.5145642099266714 0.22014642526852241
leaf_weight=261.66054031578824 59.328659372869879 3.8157538697123519 106.56137208314613 79.408023146446794 313.26406889641657 20.148071334697306 0.53295821975916702 776.86140555026941 98.257002687081695 95.336732359603047 38.304238295648247 3.8855722257867518 7.2729445924051097 3.1653186781331888 22.384797053411603 22.615294859511778 13.376854737289248 76.881889703916386 3.1382163793314239 123.92963653756306 104.17547755432315 0.81598080974072207 1.475272655719891 64.412427528295666 25.869189369957894 6.4220161791890851 0.48337028222158807 14.971855895128103 0.49452884867787361 1.1689581428654481
leaf_count=12425 4591 105 2781 1803 6224 406 36 51577 1951 2575 1043 131 155 90 286 189 91 4552 167 1675 3738 32 41 1282 1225 79 27 686 13 24
internal_value=0.00265086 0.00334702 0.00313175 0.00152875 0.00237731 -0.000199444 -0.00274358 -0.00345496 0.0112614 0.0147695 0.0226774 0.0298905 0.0206973 0.0654427 0.0777365 0.0161605 0.0111022 0.0172232 0.0878317 -0.00498614 -0.00310404 0.168026 0.234744 0.00843906 0.0198294 0.0425552 0.0301675 0.0684328 0.306196 0.0540278
internal_weight=2350.42 2291.09 2287.27 2010.36 1930.96 1496.82 1221.78 1201.63 434.136 276.911 181.574 143.27 113.834 29.4357 26.2704 335.879 275.037 82.8443 5.96243 1118.79 994.859 2.82421 2.00823 217.998 113.822 49.4099 42.9879 17.1187 0.977899 16.1408
internal_count=100000 95409 95304 88243 86440 78076 65560 65154 8364 7061 4486 3443 2936 507 417 6413 12516 4828 276 60326 58651 109 77 7074 3336 2054 1975 750 40 710
is_linear=0
shrinkage=0.03


Tree=170
num_leaves=31
num_cat=0
split_feature=260 341 365 437 323 272 409 421 7 211 49 157 366 366 437 30 9 24 64 76 43 47 13 372 29 437 135 148 16 27
split_gain=48.6981 39.671 40.8529 38.9613 42.8585 40.4338 39.1704 37.4669 43.9347 40.6863 40.682 57.0046 50.0005 57.0647 39.9 46.0382 36.4485 36.2211 35.4346 35.403 36.4142 48.109 39.3848 33.7456 44.8108 46.9461 33.1823 39.8195 45.3275 86.4756
threshold=76.28025054931642 4.5000000000000009 194.23999786376956 33.500000000000007 27.352199554443363 7.5000000000000009 13.500000000000002 7.5000000000000009 194.50000000000003 137.50000000000003 1.0000000180025095e-35 1.5000000000000002 916.97500610351574 1056.0000000000002 1247.5000000000002 9.5000000000000018 236.50000000000003 4.5000000000000009 1.5000000000000002 1.5000000000000002 23.500000000000004 1.0000000180025095e-35 9.5000000000000018 170.99500274658206 191.50000000000003 211.50000000000003 1.0000000180025095e-35 1.5000000000000002 9.5000000000000018 78.500000000000014
decision_type=10 8 10 2 10 10 10 2 10 10 2 2 8 10 2 8 10 2 8 8 10 2 2 2 10 2 8 2 2 2
left_child=1 2 3 -1 5 6 7 8 9 16 11 12 26 -14 18 -16 23 -6 -13 20 21 22 -4 -5 -25 -26 27 -10 -29 -30
right_child=-2 -3 19 4 17 -7 -8 -9 10 -11 -12 14 13 -15 15 -17 -18 -19 -20 -21 -22 -23 -24 24 25 -27 -28 28 29 -31
leaf_value=-0.0085009089509052588 -0.032119840837680547 -0.028772643711771687 0.06439221137462689 0.0010064952737168971 0.035662495367331716 -0.095846383136341223 0.018229691932913818 -0.01385067061720088 0.012069770386052291 0.22852516470902595 -0.0014307107168659587 -0.024757706731052386 0.27359068182484708 -0.030732889441120199 0.22465439517964997 0.067856257429941752 -0.0130881723113772 -0.034092336229467869 0.086263544562412198 -0.026414895465445374 -0.0029692640346539738 -0.0045624988846839762 0.024829313892246067 0.016089447781274697 0.34081089694386457 0.075532205645937975 0.0065903988433235463 0.046536589108611442 0.35533487859524338 -0.030564325228748562
leaf_weight=259.06874301680364 35.876916999462992 34.617663578363135 35.489401075523347 303.80058981548063 58.428280571009964 3.7135243862867346 144.27606889605522 125.15359227987938 47.254414644790813 0.67866667825728555 330.42882603593171 7.3523709012661138 1.3595449854619794 0.93656523618847121 1.9680363815277786 11.73119577113539 225.89178896369413 7.5674268477596334 3.9922945024445662 15.446227779611943 42.673542497446761 29.475000770762563 62.577894835267216 6.4741920852102322 0.88328597322106395 1.8746451502665875 528.48554211622104 22.854435522807766 1.2272614431567483 0.91024689935147751
leaf_count=12670 463 497 349 11121 751 32 2704 3345 2885 9 21721 271 18 48 25 219 13566 126 40 273 1203 285 880 132 16 45 25255 943 27 81
internal_value=0.00256443 0.00310158 0.00358511 0.00239054 0.00392634 0.00304189 0.00324965 0.00191822 0.00323557 -0.00361163 0.00709031 0.0115732 0.00973137 0.149459 0.0559228 0.0903819 -0.00390396 0.027664 0.0143117 0.017073 0.0210193 0.0290455 0.0391467 0.00272358 0.0592275 0.160493 0.00919731 0.028267 0.0588924 0.191002
internal_weight=2352.47 2316.59 2281.97 2096.31 1837.24 1771.25 1767.53 1623.26 1498.1 539.603 958.501 628.072 603.028 2.29611 25.0439 13.6992 538.925 65.9957 11.3447 185.662 170.216 127.542 98.0673 313.033 9.23212 2.75793 600.732 72.2464 24.9919 2.13751
internal_count=100000 99537 99040 96050 83380 82503 82471 79767 76422 24889 51533 29812 29257 66 555 244 24880 877 311 2990 2717 1514 1229 11314 193 61 29191 3936 1051 108
is_linear=0
shrinkage=0.03


Tree=171
num_leaves=31
num_cat=0
split_feature=27 19 41 436 13 341 65 27 4 106 396 362 437 49 318 5 13 182 438 435 3 30 11 43 3 26 7 148 437 62
split_gain=45.9293 59.7262 42.7471 38.5671 39.3166 40.7472 36.6122 72.788 44.8253 61.9251 40.6912 43.8281 46.896 50.7673 40.5549 37.9902 36.0037 38.6886 32.5298 46.6892 43.4146 34.9002 47.8331 46.4127 41.789 81.7018 59.3327 78.5697 58.7951 77.5897
threshold=124.50000000000001 25.500000000000004 4.5000000000000009 -221.1372245628481 1.0000000180025095e-35 4.5000000000000009 1.5000000000000002 1.0000000180025095e-35 554.50000000000011 2.5000000000000004 1.0000000180025095e-35 196.8850021362305 8.5000000000000018 1.0000000180025095e-35 25.006950378417972 145.00000000000003 18.500000000000004 232.97499847412112 8986.5000000000018 2.5940326711184909 1978.0000000000002 39.500000000000007 3.5000000000000004 475.50000000000006 10973.500000000002 1.0000000180025095e-35 194.50000000000003 1.0000000180025095e-35 2103.5000000000005 1.0000000180025095e-35
decision_type=2 2 10 2 2 8 8 2 8 10 10 2 2 2 10 8 2 2 2 2 2 10 8 8 2 2 10 2 2 8
left_child=1 2 3 -1 -5 6 8 15 10 -10 11 -6 13 16 -12 -8 17 -13 19 -14 -21 22 -20 24 25 26 -23 28 -28 -30
right_child=-2 -3 -4 4 5 -7 7 -9 9 -11 14 12 18 -15 -16 -17 -18 -19 21 20 -22 23 -24 -25 -26 -27 27 -29 29 -31
leaf_value=-0.029956047827093695 -0.023867191652565612 0.11687626502943683 -0.018764241995612004 0.01332611324773122 0.0024324885166985156 -0.035839200515866865 0.060321382130642351 -0.018893734754294501 -0.009640988495090692 0.27914032435614783 0.01820629180540494 0.46978604132014262 -0.0052842825419086503 -0.034531951117389534 0.076250334942095002 0.0054603131250561751 0.045607147514628105 0.15715811649633799 0.061788103251731702 0.1879042271709398 0.027781611076492123 -0.0031160610514445156 0.0027441855630821674 -0.0080258217917776407 0.032040092429206378 -0.0037263118968929748 0.19378212189643856 0.13106224602363109 0.86204526350054522 0.26221036309243062
leaf_weight=30.19945190474391 58.0761242674198 4.1483664507977656 78.85229700896889 354.35247120354325 954.19967218115926 24.730188055895269 12.656885810196398 177.91028688242659 192.63671263703145 0.67062637209892173 69.913838581647724 0.65854294784367018 104.96932630403899 1.1411129217594864 12.820091959089039 110.88431551214308 0.76304632751271118 0.77614634810015559 15.11366369249299 1.6008567344397295 31.725894627161324 2.1869955561123815 67.499478314537555 11.164376502158118 19.896360199199989 5.2020082501694551 0.93231559265404829 8.2435122679453325 0.36949326377362013 0.408817567396909
leaf_count=1131 4591 105 1804 14139 50524 376 87 4846 10029 7 1267 27 4595 48 121 1247 20 15 267 25 518 189 1398 831 978 220 62 490 17 26
internal_value=0.00248063 0.0031469 0.0029411 0.00371428 0.00417998 0.00240807 0.00293228 -0.00660951 0.00484618 -0.00863914 0.00683674 0.00546349 0.0160711 0.127813 0.0272005 0.0110809 0.212106 0.300659 0.0146858 0.00453749 0.0354731 0.0253978 0.013546 0.045626 0.0617107 0.0957494 0.138371 0.169457 0.35448 0.546974
internal_weight=2354.7 2296.63 2292.48 2213.63 2183.43 1829.07 1804.34 301.451 1502.89 193.307 1309.59 1226.85 272.652 3.33885 82.7339 123.541 2.19774 1.43469 269.313 138.296 33.3268 131.017 82.6131 48.4039 37.2395 17.3431 12.1411 9.95414 1.71063 0.778311
internal_count=100000 95409 95304 93500 92369 78230 77854 6180 71674 10036 61638 60250 9726 110 1388 1334 62 42 9616 5138 543 4478 1665 2813 1982 1004 784 595 105 43
is_linear=0
shrinkage=0.03


Tree=172
num_leaves=31
num_cat=0
split_feature=409 27 30 437 7 335 112 438 1 38 135 396 4 437 5 30 311 22 341 4 337 411 437 369 43 343 38 39 39 43
split_gain=44.5675 43.4976 74.122 55.9016 58.1469 65.6768 61.6211 56.4711 51.8206 51.1036 60.017 49.6932 43.2979 61.9049 55.9927 46.5345 42.9826 60.1319 41.9891 41.5277 41.1889 43.9621 37.0361 58.3078 47.5832 61.4984 74.1423 42.3072 67.5621 36.4212
threshold=13.500000000000002 1.5000000000000002 1.0000000180025095e-35 584.50000000000011 196.00000000000003 9.5000000000000018 3.5000000000000004 36962.500000000007 159.72499847412112 22.500000000000004 1.5000000000000002 1.0000000180025095e-35 474.50000000000006 487.50000000000006 145.00000000000003 353.50000000000006 3.5000000000000004 7.5000000000000009 1.5000000000000002 529.50000000000011 1.5000000000000002 183.50000000000003 604.50000000000011 480.50000000000006 72.500000000000014 1.5000000000000002 42.500000000000007 18.500000000000004 48.500000000000007 142.50000000000003
decision_type=8 2 10 2 8 8 10 2 2 8 10 10 10 2 8 10 10 2 10 10 2 8 2 2 8 2 10 8 8 8
left_child=-1 2 11 8 7 6 9 -5 -3 -6 20 16 14 19 -10 -15 17 -2 -12 29 21 -11 -22 24 25 26 -24 -28 -29 -14
right_child=1 3 -4 4 5 -7 -8 -9 12 10 18 -13 13 15 -16 -17 -18 -19 -20 -21 22 -23 23 -25 -26 -27 27 28 -30 -31
leaf_value=-0.018339595303997949 0.001951940811969237 -0.015187744812676436 0.032466856188070964 -0.012258480218433865 0.0012858192976209131 -0.040087433443500346 0.35902255797218646 0.057573404444904074 0.22905989429694656 0.12724435962016115 0.056580255761574896 0.022635006733969506 0.077783281679457153 0.032108350642712093 -0.011671273803220967 0.43172567063914008 0.05105885142682897 -0.21238396546021115 0.18775989296885381 0.0024853154169624594 0.15786479102467998 0.0013137952952429176 -0.0058410554835990952 -0.022004279755352952 0.027060484591725859 0.026089300846060166 0.047281478562378368 0.43173128509725334 0.1706684209534278 -0.0030008609913755591
leaf_weight=89.741061111679301 876.85486737638712 334.59282373823225 97.173163311323151 196.03397797909565 196.7200027811341 21.960780994966626 0.46286954171955486 11.007450707722453 0.87967925006523728 2.5562158413231373 12.012560490285976 126.64174729119986 16.059706358704716 0.47717647161334642 75.7393066608347 0.58228279696777463 16.14677371061407 1.1796187665313471 2.6873607663437715 41.35147493192926 1.9959848846774537 104.06258825608529 2.3746522052679229 18.1980882412754 88.014779081335291 9.1039981744252128 1.4411203607451168 1.165558392647654 3.8039470931980754 7.3085938512813327
leaf_count=1799 32934 22574 1813 10008 7148 160 10 203 26 37 522 2209 296 32 3510 18 131 24 59 1668 53 8643 186 295 4534 446 39 57 163 403
internal_value=0.00239572 0.00321597 0.00743018 -0.000878856 0.00468564 0.0105573 0.0130588 -0.00854584 -0.00873698 0.0126983 0.0217723 0.00504692 0.00642037 0.024274 -0.00890739 0.25174 0.00255594 0.00166399 0.0805618 0.0205504 0.0180587 0.00433302 0.0296641 0.0276022 0.0361264 0.0807303 0.137354 0.190396 0.231899 0.0525175
internal_weight=2358.33 2268.59 1118 1150.59 673.602 466.561 444.6 207.041 476.991 444.137 247.417 1020.82 142.398 65.7792 76.619 1.05946 894.181 878.034 14.6999 64.7198 232.717 106.619 126.098 124.102 105.904 17.8893 8.78528 6.41063 4.96951 23.3683
internal_count=100000 98201 37111 61090 32563 22352 22192 10211 28527 22182 15034 35298 5953 2417 3536 50 33089 32958 581 2367 14453 8680 5773 5720 5425 891 445 259 220 699
is_linear=0
shrinkage=0.03


Tree=173
num_leaves=31
num_cat=0
split_feature=260 1 185 320 19 57 348 318 15 47 32 3 11 7 3 437 118 3 401 95 362 359 262 182 43 3 366 7 78 52
split_gain=44.8146 41.9606 42.5313 38.744 35.9875 37.2963 35.797 34.7562 34.0962 40.1616 36.5209 31.8386 36.3367 67.6202 34.6785 40.9501 37.088 47.3275 36.5428 31.6747 31.5593 30.733 34.9983 30.7025 34.1837 59.792 77.2954 51.6417 52.0035 41.7218
threshold=76.28025054931642 335.16549682617193 524.97500610351574 30.632949829101566 1.0000000180025095e-35 1.5000000000000002 3.5000000000000004 30.451649665832523 1.5000000000000002 1.0000000180025095e-35 130.50000000000003 14649.500000000002 717.50000000000011 228.50000000000003 3310.5000000000005 150.50000000000003 1.5000000000000002 12931.000000000002 -8.4999999999999982 1.5000000000000002 58.960000991821296 79.75220108032228 75.564601898193374 72.969997406005874 18.500000000000004 14411.500000000002 28.97500038146973 220.50000000000003 1.0000000180025095e-35 1.0000000180025095e-35
decision_type=10 2 2 10 2 10 10 10 2 2 10 2 10 10 2 2 10 2 8 10 2 2 10 2 10 2 10 8 8 2
left_child=1 2 3 6 5 8 7 11 9 -3 -11 14 -13 -14 -1 18 19 -18 -16 23 -19 -5 -23 -17 -25 27 -27 -26 -29 -30
right_child=-2 4 -4 21 -6 -7 -8 -9 -10 10 -12 12 13 -15 15 16 17 20 -20 -21 -22 22 -24 24 25 26 -28 28 29 -31
leaf_value=-0.0071984698584206591 -0.031166723697028813 0.037011827336370304 -0.021251574307137755 0.039711521666376551 -0.0099059787575310615 -0.020409252421172166 0.031741664819415698 -0.10101357889432924 0.00416183908946215 -0.023844910123197918 0.068530197851641633 -0.0081025582025681039 0.033580414321455247 0.39630173903344967 0.13013591191295806 0.0030086710652634063 0.026948067615387573 0.22823001407933619 -0.0050957551081444001 0.041802025455481874 0.049106724260705462 -0.017913980442220475 0.056438836230178799 -0.00095502213364822349 -0.014343379662295775 -0.030299969757053818 0.36049352386536065 0.3975645379752959 0.011372160704391711 0.049897141801400979
leaf_weight=251.4419276046101 35.438018309418112 124.48808339051902 72.423898368608207 43.344815873075277 48.333317713811994 20.228774541057646 34.197561430744827 3.0146507807075968 65.41602217592299 19.227680135518316 4.8168520852923384 378.84200644423254 8.0984202320687437 0.49058631202206093 1.8088518283329902 653.90870046429336 30.186354965902865 1.8554860991425806 311.45571135426871 23.013934620190412 1.6929574683308599 23.063581996131692 7.5669896788895121 66.560850984882563 26.419469022657722 0.79293745150789519 1.0704457149840889 0.35041957860812545 48.49570040917024 52.895327680278569
leaf_count=11874 463 1839 1107 530 3443 182 567 21 1226 359 81 19499 367 12 23 31586 393 32 16140 300 22 429 59 1363 2034 97 39 29 2727 3157
internal_value=0.00231534 0.00282557 0.00132703 0.00215686 0.0136623 0.0185267 0.00132608 0.000767587 0.0222081 0.030156 -0.00533936 0.000932607 -0.00671919 0.0542983 0.00294663 0.00503667 0.0082657 0.039131 -0.0043149 0.00707368 0.142771 0.0234565 0.000454172 0.00613395 0.0165297 0.0254803 0.194197 0.0230273 0.0327314 0.0314705
internal_weight=2360.94 2325.5 2042.99 1970.57 282.511 234.177 1896.59 1862.39 213.949 148.533 24.0445 1859.38 387.431 8.58901 1471.95 1220.51 907.243 33.7348 313.265 873.508 3.54844 73.9754 30.6306 850.494 196.585 130.024 1.86338 128.161 101.741 101.391
internal_count=100000 99537 92407 91300 7130 3687 90282 89715 3505 2279 440 89694 19878 379 69816 57942 41779 447 16163 41332 54 1018 488 41032 9446 8083 136 7947 5913 5884
is_linear=0
shrinkage=0.03


Tree=174
num_leaves=31
num_cat=0
split_feature=27 183 341 3 437 310 264 3 437 27 348 39 7 40 4 36 11 151 13 4 181 105 367 182 185 124 359 28 139 395
split_gain=42.8032 42.8111 40.6177 37.2269 43.3916 36.2791 37.9799 36.0276 38.0439 59.0696 37.0012 35.9221 32.7113 37.6744 34.9411 34.4768 31.5922 37.741 31.5194 34.5669 30.4375 29.3766 29.0602 52.3821 27.8046 26.6351 27.0653 25.9702 25.4813 29.6308
threshold=124.50000000000001 443.94999694824224 4.5000000000000009 14649.500000000002 28.500000000000004 2.5000000000000004 56.91620063781739 3771.5000000000005 5937.0000000000009 51.500000000000007 3.5000000000000004 16.500000000000004 136.00000000000003 92.500000000000014 555.50000000000011 0.062499500811100013 717.50000000000011 3.5000000000000004 57.500000000000007 174.50000000000003 108.50500106811525 1.0000000180025095e-35 58.960000991821296 696.50000000000011 524.97500610351574 1.5000000000000002 132.53074645996097 1.5000000000000002 3.5000000000000004 -8.4999999999999982
decision_type=2 2 8 2 2 10 8 2 2 2 10 10 10 10 10 8 10 2 2 8 2 10 10 2 2 10 2 2 10 8
left_child=1 2 3 4 -1 7 -7 -6 10 -10 12 20 15 14 25 -9 27 -18 -2 -20 22 -11 23 -3 -12 28 -27 -5 29 -14
right_child=18 11 -4 16 5 6 -8 8 9 21 24 -13 13 -15 -16 -17 17 -19 19 -21 -22 -23 -24 -25 -26 26 -28 -29 -30 -31
leaf_value=-0.0089549624622559474 -0.025540362222114383 0.22149196688638051 -0.03536544319111868 -0.0018693423141995075 -0.0048214668235769132 0.048192955192294794 0.0040833046011205711 0.23980237228203877 -0.012292894195485302 -0.03296353468635925 0.057591261677920454 -0.0038580027810225944 0.23268940503119828 -0.019261081434623118 -0.010489703508107833 -0.0071962072298085685 0.029543823164452896 0.23323747200667136 0.47723770670858023 -0.030372886501243732 0.012217053829959612 0.15099694387008802 0.040339970409411105 0.051641600095565648 -0.031818167276207454 0.033753531505315473 0.13828663814331243 -0.018126184829206131 0.060199104102138613 0.011589535614314991
leaf_weight=192.29214857472107 56.385829601902515 2.431232495699077 25.822152562672272 322.6681219744496 266.88693249761127 36.899050763808191 33.534665641374886 0.51070751436054707 119.02667824085802 1.0518378936685611 21.914710959186781 30.235005108173937 0.54588652029633522 37.444304009433836 60.865700088674203 123.51242570951581 8.6296644299291039 0.90445718215778548 0.23622771771624584 0.24696017196401954 27.062915238086134 3.0370431770570576 27.232857859693468 4.9844521279446781 3.6520075257867566 12.536249863915144 2.7113193217664948 121.83204811369069 9.8847310785204154 808.45859959744848
leaf_count=8865 4551 34 435 12960 11884 309 368 9 5393 47 305 731 6 818 2308 5737 354 25 17 23 285 63 196 74 91 123 29 7554 75 36331
internal_value=0.00223895 0.00287288 0.00204009 0.00248138 0.00448295 0.00615818 0.0271916 0.00515178 0.0073604 -0.00844142 0.00915836 0.0229314 0.00829535 0.0102206 0.011454 -0.00617911 -0.00516618 0.0488673 -0.0234729 0.217795 0.0360566 0.103674 0.0546769 0.107327 0.0448198 0.0130552 0.0523416 -0.00632514 0.0123237 0.0117387
internal_weight=2363.44 2306.57 2214.62 2188.8 1734.76 1542.47 70.4337 1472.04 1205.15 123.116 1082.04 91.9465 1056.47 932.447 895.002 124.023 454.034 9.53412 56.869 0.483188 61.7115 4.08888 34.6485 7.41568 25.5667 834.137 15.2476 444.5 818.889 809.004
internal_count=100000 95409 94089 93654 72761 63896 677 63219 51335 5503 45832 1320 45436 39690 38872 5746 20893 379 4591 40 589 110 304 108 396 36564 152 20514 36412 36337
is_linear=0
shrinkage=0.03


Tree=175
num_leaves=31
num_cat=0
split_feature=260 1 185 320 318 19 4 334 4 361 409 405 49 21 393 135 31 27 9 9 30 57 432 411 0 287 232 1 27 100
split_gain=42.1312 38.1976 39.7586 35.6377 33.0285 32.7737 36.4354 41.7181 34.0149 31.9568 31.5076 28.8055 33.8092 30.1782 34.3248 34.9815 34.9219 40.6853 33.7757 63.1222 62.0221 63.2924 45.2226 30.5441 28.9285 28.6103 34.7725 28.3005 28.0788 27.8829
threshold=76.28025054931642 335.16549682617193 524.97500610351574 30.632949829101566 30.451649665832523 1.0000000180025095e-35 325.50000000000006 1.5000000000000002 553.50000000000011 28.48499965667725 13.500000000000002 -269.99999999999994 1.0000000180025095e-35 2.5000000000000004 209751.50000000003 1.5000000000000002 569.50000000000011 14.500000000000002 236.50000000000003 202.00000000000003 2.5000000000000004 1.5000000000000002 17.500000000000004 534.00000000000011 9561322.5000000019 1.0000000180025095e-35 1.0000000180025095e-35 994.47500610351574 1.5000000000000002 1.0000000180025095e-35
decision_type=10 2 2 10 10 2 10 8 10 2 10 8 2 2 8 10 8 2 8 10 10 10 2 10 2 10 10 2 2 8
left_child=1 2 3 4 9 6 -3 8 27 10 11 -1 13 14 16 -16 17 -13 19 -17 -21 -22 -23 -18 -25 -15 -27 -8 -5 -11
right_child=-2 5 -4 28 -6 -7 7 -9 -10 29 -12 12 -14 25 15 18 23 -19 -20 20 21 22 -24 24 -26 26 -28 -29 -30 -31
leaf_value=-0.012890680803791082 -0.03052939908453825 0.0033867838998203085 -0.020795781091087935 0.038165883998425486 -0.097403547142361616 -0.0097031109287323107 0.053125769266490409 0.0037158946718337249 0.0025875957053295385 0.0052587555234293488 0.01219188376236794 -0.0072333230743451731 -0.0077025207793793779 -0.009318089065068683 0.00012104780938460988 0.0054910004760844403 0.02028972890182967 0.17128160566547651 0.0064272078395576889 0.0058496752795667954 0.090487131781631966 0.3956851079459856 0.12799312087024436 0.030071851638643152 0.10812096108123324 -0.16066564717684981 -0.025015455785212897 -0.013364983976281915 0.0008009983133453781 0.02791092894051013
leaf_weight=176.58953415160067 34.942727779503912 97.152086545713246 71.23253490193747 42.927595127373934 3.0511526502668849 47.86890822974965 69.516429586336017 45.597904949449003 18.855093260295689 178.19187789550051 167.93771191034466 47.920529561582953 366.86725730262697 60.427568425424397 676.32809628150426 9.5299116917885858 81.231289321091026 1.1772557906806458 28.098646401427686 2.9679203489795309 3.3481332953087986 1.4723629583604636 0.924667682731524 9.8005231563001889 7.5792896747589102 2.5775380861014119 4.9996642149053514 6.2818249072879544 31.297308220062405 67.405792137840763
leaf_count=4828 463 1696 1107 484 21 3443 988 425 450 3780 3248 1078 28780 672 42514 256 1446 38 931 63 86 34 21 175 137 21 61 128 534 2092
internal_value=0.00216784 0.00265837 0.00122308 0.00201818 0.00122087 0.0129418 0.0175078 0.0272895 0.0386457 0.00137963 -0.000123354 -0.00151905 1.94413e-05 0.00303839 0.00454221 0.00184878 0.0177198 -0.00295293 0.027064 0.0588498 0.117211 0.174739 0.292421 0.0280127 0.0641089 -0.0162086 -0.0711596 0.0476153 0.0224108 0.0114758
internal_weight=2364.1 2329.16 2043.88 1972.65 1898.43 285.272 237.403 140.251 94.6533 1895.38 1649.78 1481.84 1305.25 938.383 870.379 722.67 147.709 49.0978 46.3416 18.243 8.71308 5.74516 2.39703 98.6111 17.3798 68.0048 7.5772 75.7983 74.2249 245.598
internal_count=100000 99537 92407 91300 90282 7130 3687 1991 1566 90261 84389 81141 76313 47533 46779 43905 2874 1116 1391 460 204 141 55 1758 312 754 82 1116 1018 5872
is_linear=0
shrinkage=0.03


Tree=176
num_leaves=31
num_cat=0
split_feature=409 41 396 439 347 43 424 130 4 106 362 32 437 11 393 4 22 3 11 437 38 32 4 367 5 11 437 366 126 346
split_gain=39.5623 38.3441 42.9324 40.1418 36.5366 39.491 31.4663 31.4288 30.9782 40.9687 35.6756 46.4437 36.8414 45.9383 28.0843 28.7882 28.3052 27.9353 35.8049 29.8247 27.8283 39.0471 26.8081 26.604 26.17 25.2191 25.1381 25.8555 25.2345 24.9525
threshold=13.500000000000002 4.5000000000000009 1.0000000180025095e-35 797.00000000000011 2.5000000000000004 487.50000000000006 182.50000000000003 3.5000000000000004 554.50000000000011 2.5000000000000004 136.25000000000003 425.50000000000006 8.5000000000000018 12.500000000000002 274560.50000000006 511.50000000000006 1.0000000180025095e-35 8431.5000000000018 413.50000000000006 1294.5000000000002 29.500000000000004 586.50000000000011 593.50000000000011 212.12774658203128 145.00000000000003 3.5000000000000004 2193.5000000000005 960.50000000000011 1.5000000000000002 4.5000000000000009
decision_type=8 10 10 2 2 8 2 10 8 10 2 8 2 10 8 10 2 2 10 2 10 10 10 10 8 8 2 8 10 2
left_child=6 2 3 20 5 8 -1 24 10 -10 14 12 13 -12 16 -16 -5 25 19 -19 23 22 -22 -2 -7 -13 27 28 29 -6
right_child=1 -3 -4 4 26 7 -8 -9 9 -11 11 17 -14 -15 15 -17 -18 18 -20 -21 21 -23 -24 -25 -26 -27 -28 -29 -30 -31
leaf_value=-0.022243821615627955 0.013265879364766045 -0.018161204132762072 0.018112110015959876 0.13120351540841474 0.0023919181515911813 0.041230458683228763 0.051387028685258275 0.13663222703820901 -0.0094244615823645007 0.21937052319051886 0.03976865730712098 0.071697084081717197 0.0090164884604929003 0.26319510507178873 -0.0029325104338740202 0.014915822387142239 0.012139802774262616 -0.014648215162627315 0.24917429914383171 0.080013666317451104 -0.0028292112425154369 0.3189064113501045 0.22407136649148351 0.043854364501817983 -0.012456891152817118 -0.028705240603698695 -0.035813140304671365 0.060428999104133831 0.032453403055235509 -0.032937996989716521
leaf_weight=82.789248605957255 232.76505003450438 75.500251927878708 168.96683258237317 1.8172822054475535 33.174403770361096 8.479464552132411 5.5753618245944372 1.3138590175658453 164.51144086592831 0.70739945024251838 3.2244931380264452 3.564829108538107 261.11462550447322 1.1144858724437652 577.03378935041837 94.676666755927727 161.08436557371169 3.7303724745288553 0.95990425767376919 15.20563024538569 116.16167363594286 0.34243741352111001 0.47053627390414376 28.751141174696386 225.01006794394925 6.1118000112473974 37.386500757187605 4.9116370957344762 10.766054555773733 39.311915213707834
leaf_count=1700 7894 1738 2948 19 398 115 99 10 8831 6 89 109 9605 26 36450 4659 2894 295 39 280 7475 13 25 331 12536 355 414 45 75 527
internal_value=0.00209706 0.00286099 0.00358156 0.00237431 0.000358838 0.00163578 -0.0175981 -0.00968384 0.00368843 -0.00844486 0.00546302 0.0144301 0.0104572 0.0971567 0.00229327 -0.000416812 0.013468 0.0500919 0.0704265 0.0613654 0.0111884 -0.000974628 -0.00191381 0.0166288 -0.0105072 0.00828255 -0.0151989 -0.00645734 -0.0104034 -0.0167688
internal_weight=2366.53 2278.17 2202.67 2033.7 1655.21 1529.66 88.3646 234.803 1294.86 165.219 1129.64 295.026 265.454 4.33898 834.612 671.71 162.902 29.5725 19.8959 18.936 378.491 116.975 116.632 261.516 233.49 9.67663 125.551 88.164 83.2524 72.4863
internal_count=100000 98201 96463 93515 77777 76318 1799 12661 63657 8837 54820 10798 9720 115 44022 41109 2913 1078 614 575 15738 7513 7500 8225 12651 464 1459 1045 1000 925
is_linear=0
shrinkage=0.03


Tree=177
num_leaves=31
num_cat=0
split_feature=409 342 31 439 392 266 439 424 438 438 12 436 341 139 396 164 366 347 43 334 438 56 397 7 411 12 34 361 30 0
split_gain=37.5137 35.9882 34.1869 33.0509 33.2464 36.435 29.8734 29.5128 28.4601 36.5767 29.581 28.4589 26.7902 26.7389 43.2049 36.5783 30.5167 32.9088 27.8816 37.9492 37.5483 36.1722 27.476 26.2441 24.4475 23.8469 23.4753 23.0369 26.4771 37.5894
threshold=13.500000000000002 3.5000000000000004 14.500000000000002 518.00000000000011 -14.499999999999998 63.864000320434577 458.50000000000006 182.50000000000003 5060.5000000000009 202.00000000000003 710.50000000000011 35.506485785181518 4.5000000000000009 1.5000000000000002 1.0000000180025095e-35 1.5000000000000002 363.00500488281256 2.5000000000000004 60.500000000000007 1.5000000000000002 25538.500000000004 1.0000000180025095e-35 -1.4999999999999998 104.50000000000001 162.00000000000003 633.50000000000011 381.50000000000006 67.126850128173842 405.50000000000006 8715828.0000000019
decision_type=8 2 10 2 8 8 2 2 2 2 10 2 8 8 10 2 10 2 10 10 2 8 8 8 8 8 8 2 8 2
left_child=7 2 3 6 5 8 24 -1 9 -5 26 -3 13 16 15 22 17 27 19 21 -21 -18 23 -15 -2 -26 -11 -6 -29 -30
right_child=1 11 -4 4 12 -7 -8 -9 -10 10 -12 -13 -14 14 -16 -17 18 -19 -20 20 -22 -23 -24 -25 25 -27 -28 28 29 -31
leaf_value=-0.02185127809267692 0.044096195265911492 -0.033124050570914047 -0.0078846451017484994 -0.019762078451267175 0.0018874416979020392 -0.027364759534551475 0.079227343352402987 0.048777573896536683 0.0040630326089228551 0.044037457228735609 -0.089224335618830322 0.025899463889817679 -0.03362578183451214 0.16275530897397167 0.015241092961436534 0.050555267274428752 0.16641423207945674 -0.020468381486359179 -0.010925457046926837 -0.014504565374947072 0.040433162971732099 0.038163232358642551 -0.015795817857532424 0.014642354238802868 -0.023180547774223494 0.011659335881724691 -0.012745190557898767 0.01408413111098486 0.17376759218370544 -0.030927478383261708
leaf_weight=81.763893939787522 19.720323915593326 40.748076124116778 220.39446380827576 11.804870196152477 836.27674508118071 16.584906457923353 5.9811640214174977 5.6955244871787718 65.459045086521655 75.648904748260975 1.6484211282804597 8.9706191197037679 19.542969173984602 1.1692737257108063 69.795404652599245 8.3266180823557061 2.0641436786390832 54.376352434977889 23.895867451792583 29.877524067647755 17.907746616285294 48.110101530095562 239.27317133452743 13.596637791022658 18.715066805947572 320.19907845836133 7.1741589456796637 99.508386457106099 2.1923103546723719 1.2781314686872063
leaf_count=1700 284 579 21318 230 47484 332 91 99 1224 994 21 96 311 21 1086 88 37 769 666 330 155 766 6440 268 437 11575 110 2284 122 83
internal_value=0.00202966 0.00276921 0.0033319 0.0045617 0.00275091 0.0149826 0.0127338 -0.0172518 0.019325 0.0297018 0.0366144 -0.0224746 0.00126429 0.0017353 -0.0057364 -0.0113169 0.00396016 0.00222249 0.0181295 0.025217 0.0060836 0.0434394 -0.0133449 0.026371 0.0116249 0.00973545 0.0391189 0.00353614 0.016925 0.0983803
internal_weight=2367.7 2280.24 2230.52 2010.13 1645.51 178.32 364.616 87.4594 161.735 96.2764 84.4715 49.7187 1467.19 1447.65 332.161 262.366 1115.49 993.632 121.855 97.9595 47.7853 50.1742 254.039 14.7659 358.634 338.914 82.8231 939.256 102.979 3.47044
internal_count=100000 98201 97526 76208 63821 2911 12387 1799 2579 1355 1125 675 60910 60599 7903 6817 52696 50742 1954 1288 485 803 6729 289 12296 12012 1104 49973 2489 205
is_linear=0
shrinkage=0.03


Tree=178
num_leaves=31
num_cat=0
split_feature=27 183 341 436 439 128 27 5 4 106 40 12 42 411 7 334 82 362 118 437 7 348 11 11 346 128 439 11 4 361
split_gain=39.4511 36.2685 36.6347 33.1411 33.9213 32.183 60.7772 38.7889 34.3024 43.5934 34.3084 33.7896 33.7866 32.5017 31.5714 39.104 44.0343 78.958 32.321 36.5986 29.0947 29.0072 31.5485 97.8529 29.187 27.908 27.3846 27.2766 26.4903 27.8969
threshold=124.50000000000001 443.94999694824224 4.5000000000000009 -208.57231758992248 79.500000000000014 1.5000000000000002 1.0000000180025095e-35 145.00000000000003 554.50000000000011 1.5000000000000002 422.50000000000006 530.50000000000011 1.0000000180025095e-35 585.50000000000011 196.00000000000003 1.5000000000000002 1.5000000000000002 267.92500305175787 1.0000000180025095e-35 88.500000000000014 100.50000000000001 3.5000000000000004 864.50000000000011 914.50000000000011 3.5000000000000004 1.0000000180025095e-35 65.000000000000014 11.500000000000002 180.50000000000003 160.22499847412112
decision_type=2 2 8 2 2 8 2 8 8 10 10 10 10 10 10 10 10 2 8 2 8 10 10 10 2 8 2 10 10 2
left_child=1 2 3 -1 14 8 7 -7 10 -10 11 12 21 -14 -5 16 26 -18 -17 -20 -9 22 24 -24 -6 -11 -16 -23 29 -25
right_child=-2 -3 -4 4 5 6 -8 20 9 25 -12 -13 13 -15 15 18 17 -19 19 -21 -22 27 23 28 -26 -27 -28 -29 -30 -31
leaf_value=-0.024823573740732668 -0.022999598318661416 0.020877237765520043 -0.034519575870183804 -0.0018693721829403111 0.0040128809602673664 0.056749361719960728 -0.019241676820252778 0.12453181856369452 -0.012443962924159358 0.16938691479175144 -0.033323300606808111 -0.038366389233379788 0.016831506143741608 0.073085611282826923 0.0079663944986879259 -0.0073329174263483078 -0.0076876382333899091 0.35351240176726423 0.099924949934383001 0.035621472293794587 0.00044403588843057988 0.051988936286967692 0.2483536335955901 0.048239035637782181 -0.017949653771318772 0.030776538095443298 0.17142837276881681 -0.032208504405403071 0.0028131983775309781 0.23006477536836112
leaf_weight=40.085543870925903 55.63161089643836 93.415574647951871 24.723361544078216 114.91257923375815 1067.1569198712241 13.133897446095942 177.01908636000007 1.726630751043557 176.23958132392727 1.6215054229833157 21.178868874907494 15.843956526834516 82.437817215453833 10.410925239324568 182.65207836404443 11.297350983135402 1.3095038225874298 0.93258715188130725 10.066437758505343 38.176572944968939 112.73359820293263 19.604401365388188 1.8158888709731424 5.3619869793765274 57.387205513194203 6.7468289490789184 0.92707436205819149 4.205753913614898 19.076952887466177 0.88473718054592598
leaf_count=1503 4591 1320 435 4723 56866 88 5268 14 9716 29 420 311 1404 131 8560 151 115 36 136 482 1272 232 71 216 896 80 19 126 780 9
internal_value=0.00196528 0.0025657 0.00179505 0.00220409 0.00270687 0.00102039 -0.00786481 0.00791901 0.0028369 -0.00926728 0.0045487 0.00517329 0.00571718 0.0231392 0.0111075 0.0171851 0.0104058 0.142552 0.0383429 0.0490391 0.0023159 0.00434107 0.00366346 0.0356252 0.0028921 0.0576346 0.00879188 0.0371166 0.0203711 0.0739914
internal_weight=2368.72 2313.09 2219.67 2194.95 2154.86 1794.59 304.613 127.594 1489.97 184.608 1305.37 1284.19 1268.34 92.8487 360.274 245.362 185.821 2.24209 59.5404 48.243 114.46 1175.49 1151.68 27.1396 1124.54 8.36833 183.579 23.8102 25.3237 6.24672
internal_count=100000 95409 94089 93654 92151 77929 6642 1374 71287 9825 61462 61042 60731 1535 14222 9499 8730 151 769 618 1286 59196 58838 1076 57762 109 8579 358 1005 225
is_linear=0
shrinkage=0.03


Tree=179
num_leaves=31
num_cat=0
split_feature=260 1 185 310 1 19 4 334 264 4 342 364 188 369 135 182 11 1 346 4 436 30 352 0 13 0 364 38 432 432
split_gain=37.7794 33.7641 35.9201 33.2403 37.5934 29.4701 32.7892 36.7047 28.338 28.2848 26.9346 29.2903 27.2576 29.9991 35.3668 31.4762 27.6019 24.5875 24.0365 23.9647 43.0963 23.7726 29.5255 23.6722 22.9638 22.8938 23.4877 24.3996 25.2634 49.5893
threshold=76.28025054931642 335.16549682617193 524.97500610351574 2.5000000000000004 4.6635000705719003 1.0000000180025095e-35 325.50000000000006 1.5000000000000002 48.63805007934571 553.50000000000011 3.5000000000000004 25.954999923706058 213.50000000000003 115.95000076293947 1.0000000180025095e-35 341.22500610351568 84.500000000000014 994.47500610351574 8.5000000000000018 127.50000000000001 -98.077693549207098 4.5000000000000009 1.0000000180025095e-35 7847572.0000000009 1.0000000180025095e-35 8732931.5000000019 34.038450241088874 133.50000000000003 3.5000000000000004 14.500000000000002
decision_type=10 2 2 10 2 2 10 8 10 10 2 2 2 2 10 2 10 2 2 8 2 10 8 2 2 2 2 8 2 2
left_child=1 2 3 10 -5 6 21 9 -6 17 11 18 13 15 -15 16 25 -8 -1 20 -18 22 -3 -14 -9 26 27 28 -13 -30
right_child=-2 5 -4 4 8 -7 7 24 -10 -11 -12 12 23 14 -16 -17 19 -19 -20 -21 -22 -23 -24 -25 -26 -27 -28 -29 29 -31
leaf_value=-0.0012411175306170717 -0.029303524779868181 0.01937799009989509 -0.020195225562088647 -0.10058521800068949 0.040438608488388567 -0.0095833827122444402 0.048743570443894976 0.064778789582049967 0.006870721961573358 0.0027307809642940929 -0.023974075297477762 -0.0051685202143567322 -0.037403720401514746 0.025411061792776194 -0.012380053403627626 -0.012040413747255221 0.37180316308645955 -0.013252853551275211 0.074250277125249231 0.033220941205492689 0.072070735080316861 -0.021898361966530264 -0.036237857060387707 0.040774722234195364 -0.0040915336385978556 0.001765488444811404 0.015622730509405098 -0.031702354143323348 0.24882505251100676 0.064518088850351082
leaf_weight=1303.6502748047933 34.411081322003156 62.19759900867939 69.469101570779458 2.2995208259671918 41.735598326660693 47.635254757478833 72.004024289548397 4.8777827695012084 49.454188663512468 18.713896100409329 38.423150228336453 2.401798248989504 3.9053545361384741 27.121746169403195 125.03657255787402 48.789420587476343 0.51981230452656779 6.2577251894399515 3.8070138962939373 21.475950062507764 2.547930643893781 25.712100139819086 9.9677553912624699 32.450630937004462 40.839381795376539 125.58665868639946 138.93299574567936 2.170252792071552 1.7042397446930406 5.7356834560632706
leaf_count=72311 463 959 1107 13 356 3443 988 34 505 450 575 104 51 372 1889 2420 18 128 46 906 79 612 125 436 391 5337 5434 164 58 226
internal_value=0.00190143 0.00236122 0.00100779 0.00175255 0.0192131 0.0119751 0.0162438 0.0254167 0.022234 0.0358637 0.000886231 0.00140373 0.00729293 0.00547638 -0.0056439 0.0103127 0.013935 0.0437864 -0.0010213 0.0444249 0.122859 0.00287095 0.0116961 0.0323768 0.00325657 0.0112288 0.0191024 0.0593489 0.0794271 0.106737
internal_weight=2369.83 2335.42 2047.22 1977.75 93.4893 288.206 240.57 142.693 91.1898 96.9756 1884.26 1845.84 538.379 502.023 152.158 349.865 301.075 78.2617 1307.46 24.5437 3.06774 97.8775 72.1654 36.356 45.7172 276.532 150.945 12.012 9.84172 7.43992
internal_count=100000 99537 92407 91300 874 7130 3687 1991 861 1566 90426 89851 17494 17007 2261 14746 12326 1116 72357 1003 97 1696 1084 487 425 11323 5986 552 388 284
is_linear=0
shrinkage=0.03


Tree=180
num_leaves=31
num_cat=0
split_feature=27 19 436 3 437 437 28 437 435 62 130 182 0 92 346 355 375 1 4 4 5 337 32 9 9 15 353 32 43 9
split_gain=37.218 44.3318 32.1171 31.7922 39.4058 42.4715 58.6539 47.3271 73.4943 66.1017 169.972 111.277 67.826 45.1069 43.3466 46.1751 35.6965 35.3921 46.8972 50.9135 35.7855 34.5348 38.8428 38.1871 38.7465 36.9809 34.4749 41.2298 32.1343 68.8
threshold=124.50000000000001 25.500000000000004 -221.1372245628481 14649.500000000002 28.500000000000004 924.00000000000011 3.5000000000000004 789.50000000000011 1.6990632167294277 1.0000000180025095e-35 1.5000000000000002 223.25000000000003 9991646.5000000019 1.5000000000000002 3.5000000000000004 2.5000000000000004 8.5000000000000018 160.52500152587893 529.50000000000011 489.50000000000006 145.00000000000003 1.5000000000000002 432.50000000000006 270.50000000000006 264.50000000000006 3.5000000000000004 1.0000000180025095e-35 45.500000000000007 66.500000000000014 496.00000000000006
decision_type=2 2 2 2 2 2 2 2 2 10 10 2 2 10 2 2 8 2 10 10 8 2 10 8 8 2 8 8 8 8
left_child=1 2 -1 4 -4 6 7 17 9 16 11 12 -11 14 21 -16 -9 -6 19 20 -19 -7 23 24 26 -25 -23 -28 29 -27
right_child=-2 -3 3 -5 5 13 -8 8 -10 10 -12 -13 -14 -15 15 -17 -18 18 -20 -21 -22 22 -24 25 -26 28 27 -29 -30 -31
leaf_value=-0.029212338397427966 -0.022655906952938766 0.094893313321017747 -0.0083360025880257465 -0.0043638877776209957 0.0059061246943977914 -0.0013201159218630902 -0.012454047182618735 -0.032208090608007153 -0.025220255664572939 0.033634769320910592 1.1571737095181347 0.62305846968282319 0.63363593105677607 0.042366687425710037 -0.029102093704916159 0.12251475660657928 0.047611951186945632 0.19758197467595726 -0.008888400775991628 0.059291939404254042 0.017837112418518184 0.015078914165919562 0.052260871814228636 -0.019004851156694539 0.15599712752585246 0.047387583627240985 -0.0026472189109768385 0.18566883378892096 0.016230711879798784 0.44744923221495581
leaf_weight=28.871075010392815 54.535776569508016 4.6561345621012142 194.58515683864243 465.78328499873169 430.71407337044366 584.21557460376061 87.067779497010633 5.5004112483002245 15.141914348118005 2.8153204738628124 0.15157996769994486 0.36725663347169746 0.18043146934360255 23.160698481835425 58.913523741532117 1.8650539442896832 60.568028583424166 1.0044380938634274 38.55812718369998 36.248136067762971 132.24654498696327 47.736309768399224 21.516654126113281 51.4170442444738 2.0293832854367784 1.6775740305893125 1.8453931948170055 2.4165766243822873 14.693302453728394 0.50284702237695444
leaf_count=1144 4591 105 8760 20939 19194 25486 4424 140 404 406 18 37 14 272 758 15 1467 17 1101 685 4073 2182 915 2058 62 74 30 25 592 12
internal_value=0.00184058 0.0024173 0.00223105 0.0026287 0.00442109 0.00595099 0.0108089 0.0136085 0.0346765 0.0477106 0.174486 0.130194 0.0697723 0.00110158 -0.000110001 -0.0244496 0.0409667 0.0108141 0.0209743 0.0277676 0.019192 0.0019219 0.01509 0.00855138 0.0273968 -0.00635805 0.0223778 0.10413 0.0321789 0.139649
internal_weight=2370.99 2316.45 2311.79 2282.92 1817.14 1622.55 810.564 723.496 84.7249 69.583 3.51459 3.36301 2.99575 811.99 788.829 60.7786 66.0684 638.771 208.057 169.499 133.251 728.051 143.835 122.318 54.0277 68.2908 51.9983 4.26197 16.8737 2.18042
internal_count=100000 95409 95304 94160 73221 64461 31980 27556 2486 2082 475 457 420 32481 32209 773 1607 25070 5876 4775 4090 31436 5950 5035 2299 2736 2237 55 678 86
is_linear=0
shrinkage=0.03


Tree=181
num_leaves=31
num_cat=0
split_feature=27 2 367 437 437 346 320 358 36 348 366 1 4 4 15 5 107 318 15 31 5 1 124 111 362 121 437 261 432 129
split_gain=35.7872 55.4809 48.805 47.8633 49.9212 64.7793 44.0978 42.2214 38.0609 36.9488 36.8823 35.402 36.8986 40.643 34.7214 34.7156 32.2701 31.6703 32.1446 32.8782 32.7528 40.8305 30.2788 39.4275 29.8924 38.1684 33.6299 29.4518 27.8647 27.3246
threshold=1.5000000000000002 2.5000000000000004 25.006950378417972 584.50000000000011 924.00000000000011 5.5000000000000009 31.479100227355961 46.855699539184577 1.6041665077209475 2.5000000000000004 886.50000000000011 159.72499847412112 474.50000000000006 529.50000000000011 29.500000000000004 143.50000000000003 1.5000000000000002 30.451649665832523 4.5000000000000009 1.5000000000000002 166.50000000000003 374.96000671386724 1.5000000000000002 1.0000000180025095e-35 250.15000152587893 1.0000000180025095e-35 161.50000000000003 32.083250045776374 19.500000000000004 2.5000000000000004
decision_type=2 2 10 2 2 2 10 2 10 10 10 2 10 10 2 8 8 10 2 8 10 2 10 10 2 10 2 8 2 8
left_child=2 22 6 11 10 9 14 8 -4 -6 -5 -3 15 24 17 -13 27 18 19 -1 21 -21 -2 -24 -14 -26 -27 -10 -9 -17
right_child=1 3 7 4 5 -7 -8 28 16 -11 -12 12 13 -15 -16 29 -18 -19 -20 20 -22 -23 23 -25 25 26 -28 -29 -30 -31
leaf_value=-0.011344883974834066 -0.018726226922439575 -0.013339685175206407 0.036399590599805062 0.020374479687492085 0.003921505974803772 -0.03420408757067582 0.04130391192607822 0.021725408394373199 0.32545159059399398 0.043317370021103183 0.086542262186617702 0.21811823161331476 -0.0021606841630975216 0.0023577728975331153 -0.2323541089533783 -0.01620700324050937 0.058882783357915691 -0.093387704544489275 0.033724869824761014 -0.0034291446765480822 0.013299855430151199 0.018112510137768576 0.15674166931371783 0.0070745376787129345 0.054678475372768418 -0.030535671203098573 0.25234877941223738 0.10370707157919197 -0.009332750296684799 0.056887253123783191
leaf_weight=150.45129495579749 205.06856590392999 257.58063317090273 35.162168520269915 95.886824306799099 396.33790840092115 39.357102264650166 26.424849054776132 82.57730287220329 1.0564851108938453 22.65048056631349 8.2326595960184914 0.59906795062124729 7.1666252012364593 39.652691453462467 0.56845268048345943 67.212294455617666 2.8825766649097204 3.1115102991461745 28.765943735372275 486.50440981262363 237.51246098568663 94.585820987820625 1.7411382403224731 17.566348645370454 17.364047298207883 0.48876527650281731 1.6723505998961625 1.1007165797054761 37.944646428339183 4.941277678590267
leaf_count=2851 4424 21071 662 4753 24262 500 252 1024 21 368 69 21 429 1645 16 3348 31 22 304 24756 5010 2932 24 262 229 45 43 20 499 107
internal_value=0.00177756 -0.00191521 0.00545438 0.0012264 0.00685437 0.00259461 0.00305065 0.0208277 0.0474507 0.00605124 0.0256063 -0.00675373 0.00544218 0.0216226 0.00204133 -0.00931302 0.124553 0.00217445 0.00247244 0.00154472 0.00391371 7.72559e-05 -0.0153447 0.0205714 0.0502419 0.069476 0.188371 0.212306 0.0119472 -0.0112013
internal_weight=2372.17 1183.52 1188.65 959.143 562.465 458.345 1027.92 160.724 40.2019 418.988 104.119 396.678 139.097 66.3445 1001.5 72.7526 5.03978 1000.93 997.82 969.054 818.603 581.09 224.376 19.3075 26.6918 19.5252 2.16112 2.1572 120.522 72.1536
internal_count=100000 61600 38400 56890 29952 25130 36143 2257 734 24630 4822 26938 5867 2391 35891 3476 72 35875 35853 35549 32698 27688 4710 286 746 317 88 41 1523 3455
is_linear=0
shrinkage=0.03


Tree=182
num_leaves=31
num_cat=0
split_feature=260 436 41 262 13 347 437 4 1 1 1 435 29 405 7 334 437 146 7 434 324 329 7 4 133 36 43 437 49 7
split_gain=35.016 31.0852 30.3184 39.3877 32.3214 27.9843 29.7027 27.6908 28.6622 44.2934 46.0793 35.3022 27.5063 28.2803 26.0321 26.1245 28.8992 25.1704 33.1043 24.5838 26.3435 29.5385 24.3244 23.9485 23.3021 43.2798 72.1899 22.9045 22.7558 33.124
threshold=76.28025054931642 -221.1372245628481 4.5000000000000009 30.602700233459476 1.0000000180025095e-35 2.5000000000000004 2193.5000000000005 554.50000000000011 414.83500671386724 994.47500610351574 884.51501464843761 2.260328694915799 295.50000000000006 -449.99999999999994 192.00000000000003 1.5000000000000002 938.00000000000011 1.0000000180025095e-35 130.00000000000003 -0.72997463367376636 75.564601898193374 37.097900390625007 139.50000000000003 593.50000000000011 1.5000000000000002 127.02083206176759 76.500000000000014 866.50000000000011 1.0000000180025095e-35 194.50000000000003
decision_type=10 2 10 10 2 2 2 8 2 2 2 2 8 8 10 10 2 8 8 2 10 8 8 10 10 8 10 2 2 10
left_child=1 -1 3 4 12 7 -7 8 28 10 11 -10 13 -3 17 23 27 -15 -19 22 21 -21 -5 -16 -4 -26 -27 -17 29 -6
right_child=-2 2 24 19 5 6 -8 -9 9 -11 -12 -13 -14 14 15 16 -18 18 -20 20 -22 -23 -24 -25 25 26 -28 -29 -30 -31
leaf_value=-0.028916894879608593 -0.028553917903954673 0.21950392791539261 -0.020923851567585826 0.17142366455999003 -0.0027269871395905784 -0.0033460362323595241 -0.035574461571979993 -0.0074313222180511194 0.03796982546264277 -0.022013558452241653 0.062538151503206532 0.0035270876427544486 -0.016134001830181131 -0.01301227486166222 0.01140982202075665 0.046347950803051624 0.012311722576263459 0.069041597778157396 0.003307742499028861 0.0019946135903037847 0.078594898621518916 0.060760354285189049 0.020857645758222004 0.22687655415536626 -0.0072510677868314324 0.37089370482834866 -0.057666965870280001 0.14858576129327403 -0.0050363177664085618 0.0086572911183296491
leaf_weight=28.615017566131428 33.892789643723518 0.59780638385564089 69.395777419675142 2.0590879172086711 375.99428818793967 87.142546193441376 36.52441962948069 244.16300570452586 39.231054860632867 24.730663941241801 20.983071286231279 84.402698324993253 31.193417920963839 56.415249065728858 163.46387468744069 34.460834635421634 29.575147338677198 8.9300316791050118 30.260743206366897 36.1974285854958 6.5978804677724829 9.7774283867329341 1.8185347113758323 0.46558215189725061 3.9925173874944448 0.81386334262788185 0.62571909138932824 2.091862146742641 315.75780687341467 592.5082071153447
leaf_count=1176 463 19 1668 18 14990 1073 409 11808 643 891 247 2188 2525 2818 7326 398 395 314 779 512 35 96 31 22 70 12 36 23 22568 26447
internal_value=0.00172056 0.00215929 0.00254422 0.00317301 0.00253203 0.000913388 -0.0128645 0.00191698 0.00348722 0.0150881 0.0214327 0.0144563 0.01078 0.0133532 0.0129748 0.0184426 0.0343597 -0.000182544 0.0182859 0.0279138 0.0225371 0.0144923 0.100811 0.0120218 -0.01624 0.043597 0.184618 0.0521989 0.00195749 0.00423766
internal_weight=2372.68 2338.79 2310.17 2235.34 2178.89 1821.44 123.667 1697.77 1453.61 169.347 144.617 123.634 357.455 326.261 325.663 230.057 66.1278 95.606 39.1908 56.4504 52.5727 45.9749 3.87762 163.929 74.8279 5.4321 1.43958 36.5527 1284.26 968.502
internal_count=100000 99537 98361 96575 95883 81264 1482 79782 67974 3969 3078 2831 14619 12094 12075 8164 816 3911 1093 692 643 608 49 7348 1786 118 48 421 64005 41437
is_linear=0
shrinkage=0.03


Tree=183
num_leaves=31
num_cat=0
split_feature=27 183 185 39 12 310 15 237 436 0 342 31 13 7 6 13 43 411 38 72 30 39 103 1 20 363 409 77 181 367
split_gain=34.6334 30.0161 32.8956 28.7225 26.8935 29.2452 32.4028 29.0435 28.4411 27.7419 26.2316 26.3845 30.2146 27.104 26.9123 25.4033 30.4725 24.7768 23.9009 32.3653 56.2187 63.3476 29.2588 26.5719 30.5286 23.9615 23.9269 23.442 23.1587 23.0673
threshold=124.50000000000001 443.94999694824224 510.97500610351568 16.500000000000004 530.50000000000011 2.5000000000000004 1.5000000000000002 1.5000000000000002 -208.57231758992248 8900830.0000000019 4.5000000000000009 14.500000000000002 1.0000000180025095e-35 194.50000000000003 1.5000000000000002 57.500000000000007 467.50000000000006 202.50000000000003 192.50000000000003 1.0000000180025095e-35 199.50000000000003 282.50000000000006 1.0000000180025095e-35 30.960000038146976 1.5000000000000002 47.961750030517585 13.500000000000002 1.5000000000000002 108.50500106811525 58.960000991821296
decision_type=2 2 2 10 10 10 2 10 2 2 2 10 2 10 2 2 10 10 10 10 10 8 8 2 2 2 10 10 2 10
left_child=1 2 4 28 5 7 -7 8 -1 -8 11 12 13 -10 -15 -2 -17 18 19 26 22 -22 -21 24 -24 -25 27 -16 29 -3
right_child=15 3 -4 -5 -6 6 9 -9 10 -11 -12 -13 -14 14 17 16 -18 -19 -20 20 21 -23 23 25 -26 -27 -28 -29 -30 -31
leaf_value=-0.025486459922694927 -0.024413425117793888 0.09007879993064119 -0.016438714535335849 -0.0050975780345796032 -0.030876937716684309 0.073643851833460977 0.0327132417897101 -0.025540722389702605 -0.0010366059065946398 -0.001864814645096751 -0.031648584715281404 -0.0071845236117985302 0.0025075401065061732 0.078852425705045623 0.016607890291906232 -0.030410414810369452 0.40344905067779158 -0.0023245088972200247 -0.0055404849920505364 -0.017760034820845674 0.51644757178490264 0.095754467294457427 0.055209084073724615 0.042974834348087951 0.34392915285957798 0.1633600249348367 0.16343992491119955 0.096875974893559355 0.0096250956339831995 0.033004392807753642
leaf_weight=32.592834518523887 52.761034285416827 8.2647494161501509 88.243954849196598 30.6570362332277 21.827904395293444 8.8391128489747626 37.168101782677695 34.287459614221007 87.515607537701726 47.65828270628117 19.727349326014519 200.43399416678585 1436.9176120068878 6.5139113678596905 105.55395487276837 0.30858133966103096 0.27602262236177921 46.545951969455928 23.198894480708987 4.9071312639862361 0.49306823359802254 0.92924426263198256 0.68378963135183102 15.337407455779614 0.6363423615694046 1.6479053189977992 1.0434819422662247 3.3793845372274509 27.759692054241896 27.846238660626113
leaf_count=1455 4551 108 1195 731 495 86 351 429 3344 463 301 19566 59385 64 3774 28 12 1049 1381 143 25 61 36 413 23 19 14 17 285 196
internal_value=0.00166499 0.00221438 0.0015113 0.0187716 0.00225222 0.00259397 0.018982 0.00183495 0.00230709 0.0132861 0.00277035 0.00312111 0.00431145 0.0129984 0.0188233 -0.0222343 0.174438 0.0169098 0.0225829 0.0274297 0.0585107 0.241595 0.0472925 0.0647311 0.194381 0.0546545 0.0204676 0.019098 0.0302285 0.0460671
internal_weight=2373.96 2320.61 2226.08 94.5277 2137.84 2116.01 93.6655 2022.35 1988.06 84.8264 1955.47 1935.74 1735.3 298.386 210.87 53.3456 0.584604 204.357 157.811 134.612 24.6349 1.42231 23.2126 18.3054 1.32013 16.9853 109.977 108.933 63.8707 36.111
internal_count=100000 95409 94089 1320 92894 92399 900 91499 91070 814 89615 89314 69748 10363 7019 4591 40 6955 5906 4525 720 86 634 491 59 432 3805 3791 589 304
is_linear=0
shrinkage=0.03


Tree=184
num_leaves=31
num_cat=0
split_feature=260 3 437 346 437 95 25 0 38 118 438 411 369 30 4 337 4 87 439 43 13 28 437 435 1 334 62 39 4 43
split_gain=32.694 29.4784 32.4316 54.3769 55.0009 55.4744 42.3743 47.3994 44.6427 40.3505 35.7526 35.2199 35.0524 34.4117 33.8223 47.0052 61.4063 64.1862 43.3241 39.722 33.8026 33.4694 33.3973 55.7459 41.588 49.1402 39.0733 94.2065 204.614 209.229
threshold=76.28025054931642 14649.500000000002 127.50000000000001 13.500000000000002 924.00000000000011 1.5000000000000002 2.5000000000000004 7431176.5000000009 1.0000000180025095e-35 1.5000000000000002 25538.500000000004 183.50000000000003 186.26300048828128 84.500000000000014 224.50000000000003 1.5000000000000002 247.50000000000003 1.5000000000000002 62375.000000000007 7.5000000000000009 57.500000000000007 3.5000000000000004 789.50000000000011 1.6990632167294277 280.13000488281256 1.5000000000000002 1.0000000180025095e-35 80.500000000000014 215.50000000000003 240.50000000000003
decision_type=10 2 2 2 2 10 2 2 8 10 2 8 2 8 10 2 10 8 2 10 2 2 2 2 2 8 10 10 8 10
left_child=1 2 -1 4 21 6 12 8 -8 10 -9 -12 14 -13 -6 -16 17 -17 -18 -20 -15 22 24 26 -4 -26 -24 -28 29 -29
right_child=-2 -3 3 -5 5 -7 7 9 -10 -11 11 13 -14 20 15 16 18 -19 19 -21 -22 -23 23 -25 25 -27 27 28 -30 -31
leaf_value=-0.003517143469082907 -0.027823184852984715 -0.0046611329272125274 0.0079523317206941658 -0.034576282221306535 -0.011732705093214347 0.048249322474156461 0.41138880597846977 -0.0020935531495501784 0.081269879328102923 0.07717277685806985 0.29601992529407417 -0.0057569438343965081 -0.019067119785461637 0.04941575084868495 8.2403555175878675e-05 0.086273627488682045 -0.0075932144311862664 0.41429908151939043 -0.017975444077648874 0.055622042987028129 0.3715483576344667 -0.0071973031293619417 0.038009178922305105 -0.023722821131573733 0.042994237089631564 -0.0050462575411032856 0.030009793574617111 1.0646708791010457 -0.030276919051166844 0.064639982216246256
leaf_weight=428.83845437085256 33.484119025524706 472.68167596310377 344.33412522473373 29.290702449157834 154.72927562985569 22.420912198256701 0.48491239966824595 78.55316550983116 1.5381383469793943 8.4804319995455426 0.45470867305994034 14.41961339348927 99.067517766263336 22.016968065407131 346.90471359156072 2.6710523827932771 28.764529849868268 0.67192342225462187 8.2998937638476473 32.22639412083663 0.29712885664775868 61.634381107054651 67.528926842845976 13.028734849765895 71.54716533375904 26.173230012413114 2.9524683416821054 0.46562049118801918 0.76321184635162365 0.31613874994218349
leaf_count=20393 463 22070 14360 413 7829 285 13 3886 56 122 5 553 1198 1515 15518 75 1346 25 149 1491 10 3737 1613 381 1718 299 284 34 112 47
internal_value=0.00161105 0.00203196 0.0037248 0.00588143 0.00672143 0.00170831 0.000403256 0.0163529 0.160397 0.014007 0.0093788 0.0336119 -0.00258717 0.0303637 0.000255804 0.00467727 0.0266227 0.152205 0.0205639 0.0405491 0.0537052 0.0137207 0.0161667 0.0333819 0.0128543 0.0301272 0.0437115 0.129332 0.319139 0.660264
internal_weight=2375.04 2341.56 1868.87 1440.04 1410.75 822.001 799.58 126.245 2.02305 124.222 115.742 37.1884 673.335 36.7337 574.268 419.539 72.6338 3.34298 69.2908 40.5263 22.3141 588.744 527.11 85.0551 442.055 97.7204 72.0264 4.49744 1.54497 0.781759
internal_count=100000 99537 77467 57074 56661 34076 33791 6160 69 6091 5969 2083 27631 2078 26433 18604 3086 100 2986 1640 1525 22585 18848 2471 16377 2017 2090 477 193 81
is_linear=0
shrinkage=0.03


Tree=185
num_leaves=31
num_cat=0
split_feature=27 19 41 58 409 396 1 434 0 7 36 4 422 312 0 100 9 327 11 135 19 72 49 38 401 16 4 128 30 39
split_gain=32.7359 37.3851 31.6896 31.8378 30.1797 34.2773 34.8387 33.212 30.2251 28.9037 33.9538 36.3494 39.1542 40.774 36.0342 83.4145 114.32 33.2046 31.5963 30.8257 43.6793 43.6213 28.698 38.3673 38.5831 34.9816 44.7668 50.5094 72.4542 39.9322
threshold=124.50000000000001 25.500000000000004 4.5000000000000009 1.5000000000000002 13.500000000000002 1.0000000180025095e-35 414.83500671386724 0.82550255685068619 9143402.0000000019 194.50000000000003 1.062499523162842 160.50000000000003 62.500000000000007 1.0000000180025095e-35 7425903.5000000009 1.0000000180025095e-35 264.50000000000006 78.485649108886733 78.500000000000014 1.0000000180025095e-35 12.500000000000002 1.5000000000000002 1.0000000180025095e-35 282.50000000000006 -7.4999999999999991 2.5000000000000004 269.50000000000006 1.0000000180025095e-35 526.50000000000011 88.500000000000014
decision_type=2 2 10 10 8 10 2 2 2 10 10 8 2 8 2 10 10 10 10 8 2 10 2 8 8 2 8 10 10 8
left_child=1 2 3 4 -1 6 9 -8 -9 10 11 12 13 -6 15 -13 -17 -14 -15 20 21 -11 23 24 -21 -24 27 -27 29 -29
right_child=-2 -3 -4 -5 5 -7 7 8 -10 19 -12 14 17 18 -16 16 -18 -19 -20 22 -22 -23 25 -25 -26 26 -28 28 -30 -31
leaf_value=-0.015044339292621519 -0.021890097256005821 0.084532137075168129 -0.017150348649550024 -0.016838500717479322 0.19632636467655137 0.016832435792803836 0.037268738678262227 -0.00069648676788963357 0.025011931257268548 0.011867538565178706 0.018196755243044881 0.030866338809006286 -0.0065099499095868044 0.015639243605666632 -0.010762406910198283 0.99124149206161427 -0.03023092503016293 -0.10970531101375509 0.12438175533626106 0.1876213629512215 0.18454691086775588 0.10059928964905832 -0.012660476200662614 -0.0081901774386541684 0.0085183272641695014 -0.030680073143307209 -0.0037048578876542073 0.11607004579230994 0.36307879215487365 0.015313407893888187
leaf_weight=78.560233962954953 52.426367819542065 4.9389245058409861 75.964205540483817 73.709472753573209 1.2090053809806705 169.40460497746244 43.826239026151597 119.21420338377357 62.86111729266122 155.86647553299554 54.700660110916942 2.4086317564360793 14.13110813079402 55.943606424843892 429.55248216493055 0.20553278713487078 0.18954435479827225 3.5015714447945347 2.5128251835703841 1.0846467558294532 1.3744390259962518 5.151140888221561 199.52578730485402 151.14991100225598 550.36185771040618 5.2154886666685352 46.867095382651314 6.654124189168213 0.76016671932302493 7.5646660281345248
leaf_count=1662 4591 105 1804 2610 19 2941 834 3177 1363 8137 1017 126 255 1759 21885 22 30 30 63 13 52 67 13651 6343 23042 546 3046 227 41 542
internal_value=0.00155302 0.00208177 0.00190621 0.00255146 0.00321015 0.0038959 0.00275558 0.0138228 0.00817929 0.0012814 -0.00426435 -0.00667507 0.0122731 0.0238802 -0.0100627 0.0971385 0.501174 -0.0270029 0.0203137 0.00404725 0.0161437 0.0147062 0.00202043 0.00520031 0.00887061 -0.00636022 0.0123847 0.0497253 0.0777214 0.0624656
internal_weight=2376.84 2324.41 2319.47 2243.51 2169.8 2091.24 1921.83 225.902 182.075 1695.93 564.355 509.654 77.2981 59.6654 432.356 2.80371 0.395077 17.6327 58.4564 1131.58 162.392 161.018 969.184 702.596 551.447 266.587 67.0615 20.1944 14.979 14.2188
internal_count=100000 95409 95304 93500 90890 89228 86287 5374 4540 80913 25206 24189 2126 1841 22063 178 52 285 1822 55707 8256 8204 47451 29398 23055 18053 4402 1356 810 769
is_linear=0
shrinkage=0.03


Tree=186
num_leaves=31
num_cat=0
split_feature=27 30 2 437 437 108 15 437 43 42 437 42 135 32 32 49 15 4 1 4 1 435 39 32 9 1 11 0 409 95
split_gain=32.4139 59.9377 49.1274 43.2501 40.3874 42.17 44.4872 34.9357 34.5459 40.5176 34.3434 34.3467 34.1292 45.1263 57.5206 33.5348 38.1354 33.2241 33.7723 35.5504 33.1716 40.9995 31.9307 30.9523 30.1926 39.7402 28.8355 30.3664 28.2251 27.8686
threshold=1.5000000000000002 1.0000000180025095e-35 2.5000000000000004 584.50000000000011 924.00000000000011 1.5000000000000002 13.500000000000002 882.50000000000011 80.500000000000014 1.0000000180025095e-35 41.500000000000007 370.50000000000006 1.5000000000000002 154.50000000000003 176.50000000000003 1.0000000180025095e-35 3.5000000000000004 480.00000000000006 170.99500274658206 529.50000000000011 414.83500671386724 1.8439833603362403 421.50000000000006 584.50000000000011 510.00000000000006 38.985500335693366 66.500000000000014 9049140.0000000019 19.000000000000004 1.5000000000000002
decision_type=2 10 2 2 2 10 2 2 8 10 2 8 8 10 8 2 2 8 2 8 2 2 10 10 10 2 10 2 10 10
left_child=1 7 8 17 15 12 -7 10 9 -2 22 -12 -6 -14 -15 16 -5 -4 24 -20 26 -22 -1 -17 -19 -26 28 -28 -13 -9
right_child=2 -3 3 4 5 6 -8 29 -10 -11 11 20 13 14 -16 23 -18 18 19 -21 21 -23 -24 -25 25 -27 27 -29 -30 -31
leaf_value=-0.004919016132955264 -0.01438980836079373 0.026905146409978997 -0.014323304711761659 0.050604343023115679 0.0030334847062305952 -0.022815257149421876 0.066815920641930121 -0.0040528467880704957 -0.02795700779928452 0.024779084155106445 0.024364918509830542 -0.00071495477754539565 0.015462475681603459 0.29030403627545404 0.061130802842537947 -0.0014306690448681503 9.6390576646863876e-05 -0.010276904850623575 0.047799801805933469 0.0029253905921059818 0.078784602892452676 0.014265105243502274 0.13952353295860445 0.21356924403392316 0.22391957596947773 -0.012045467479330193 0.027139178528436468 0.20252768327966578 0.17156685962113724 0.043706699623996641
leaf_weight=165.9171675206162 90.780942192301154 102.63449760433286 223.61621649493463 46.909942624391988 326.16872539208271 77.419126635650173 5.3266922750044605 483.71492681233212 98.797634659567848 32.199062406551093 142.14513386785984 227.42461336846463 41.026258784811944 1.1080403937958152 8.9263231533113867 41.069388738134876 18.864369962597266 99.440971970790997 25.338039745343849 42.605329395504668 11.104351012967525 43.939330992754549 1.3889313868712623 0.61161678819917042 1.1603951789438718 1.4388731389772145 3.0406552702188483 1.2552142585627732 0.85908635519444843 11.251855574548243
leaf_count=5751 1939 1829 16219 1850 21793 1673 147 17630 2085 686 1900 9722 1209 20 288 2088 845 8370 604 1591 116 1122 54 39 36 118 130 17 7 122
internal_value=0.00150077 0.00498623 -0.00201967 0.000917415 0.00621792 0.00234949 -0.0170453 0.0029262 -0.0147469 -0.00413447 0.00781171 0.0123009 0.00660377 0.0294103 0.0864372 0.0227772 0.0361184 -0.00672402 0.00327295 0.0196604 0.00633878 0.0272811 -0.00371989 0.00172419 -0.00763858 0.0932968 0.00138245 0.0783861 -6.6617e-05 -0.00296715
internal_weight=2377.48 1194.68 1182.81 961.03 567.43 459.975 82.7458 1092.04 221.778 122.98 597.074 429.768 377.229 51.0606 10.0344 107.455 65.7743 393.6 169.984 67.9434 287.623 55.0437 167.306 41.681 102.04 2.59927 232.58 4.29587 228.284 494.967
internal_count=100000 38400 61600 56890 29952 25130 1820 36571 4710 2625 18819 13014 23310 1517 308 4822 2695 26938 10719 2195 11114 1238 5805 2127 8524 154 9876 147 9729 17752
is_linear=0
shrinkage=0.03


Tree=187
num_leaves=31
num_cat=0
split_feature=27 19 41 58 409 311 424 410 436 342 436 31 16 438 40 19 9 27 151 359 38 437 437 346 295 27 119 23 363 401
split_gain=30.8101 33.4082 29.1896 30.2417 27.974 29.415 25.6525 24.1761 24.0942 24.7067 30.2989 26.1022 27.6789 31.412 31.1862 31.0412 37.2502 32.6646 39.5578 58.7533 31.8619 29.1065 41.3156 37.3814 37.176 36.2477 38.2738 48.6098 34.6105 34.5272
threshold=124.50000000000001 25.500000000000004 4.5000000000000009 1.5000000000000002 13.500000000000002 3.5000000000000004 182.50000000000003 482.50000000000006 -221.1372245628481 3.5000000000000004 35.506485785181518 14.500000000000002 3.5000000000000004 102.50000000000001 271.50000000000006 1.0000000180025095e-35 203.50000000000003 36.500000000000007 3.5000000000000004 300.14370727539068 64.500000000000014 924.00000000000011 584.50000000000011 2.5000000000000004 1.5000000000000002 2.5000000000000004 1.0000000180025095e-35 1.5000000000000002 310.95001220703131 -7.4999999999999991
decision_type=2 2 10 10 8 10 2 10 2 2 2 10 2 2 10 2 10 2 2 2 8 2 2 2 10 2 8 2 2 8
left_child=1 2 3 4 6 8 -1 -4 -6 11 -11 12 13 -10 15 16 -14 18 -18 20 -20 22 25 -23 -24 29 27 -27 -28 -15
right_child=-2 -3 7 -5 5 -7 -8 -9 9 10 -12 -13 14 21 -16 -17 17 -19 19 -21 -22 23 24 -25 -26 26 28 -29 -30 -31
leaf_value=-0.019494117982263453 -0.021513454721288964 0.078705770134763112 -0.02260500942969515 -0.016612530205280657 -0.027322560501235195 0.032614857357969332 0.046314829475111841 0.031745329479097265 -0.017322385918178761 -0.032807150292312251 0.032450590289330422 -0.0066000162924366003 0.0092059549718947579 0.21559712214577526 -0.029709943310278979 -0.00063164709658845776 0.03301873178629397 -0.013802185510583051 0.31170624486214987 0.049165708675995554 0.12638470935364909 0.0021202494497250348 0.017580233203058571 -0.022948200393553993 0.075839692375351514 -0.030864394709858953 -0.013618743491026207 0.29860308929487245 0.10029728986283762 0.0082090123925671679
leaf_weight=72.021543339127675 51.438869701232761 5.0936732911504796 66.788625826127827 72.805682376027107 22.923947816016153 31.191502862609923 5.7570377746596924 8.2789132867474091 62.142960718134418 31.984193183947355 8.0061909873038513 186.97736058733426 99.495668817777187 0.72364614112302661 14.13720470946282 73.72228815802373 75.338505751919001 10.892902804072945 1.2894109673798078 9.0194511674344522 2.3689732854254544 640.14517808542587 173.26993540371768 58.421409727539867 10.452272763475774 0.79725000984035432 123.59101203666069 0.81508086388930678 2.4479249846190205 455.1628372867126
leaf_count=1563 4591 105 1618 2610 1012 315 99 186 2611 474 82 18765 1509 20 260 5779 1388 479 25 127 36 26284 5284 754 73 64 8086 51 38 15712
internal_value=0.00145187 0.00195973 0.0017913 0.00240638 0.00304357 0.00369936 -0.0146231 -0.0166109 0.00326241 0.0036059 -0.0197424 0.00407247 0.00517239 0.0035685 0.0137334 0.0159903 0.0221666 0.035204 0.041269 0.0902967 0.191702 0.00445416 0.00848789 2.37647e-05 0.0208947 0.00458171 -0.00954832 0.135691 -0.0114063 0.00853821
internal_weight=2377.5 2326.06 2320.97 2245.9 2173.1 2095.32 77.7786 75.0675 2064.13 2041.2 39.9904 2001.21 1814.23 1527.97 286.264 272.127 198.405 98.9092 88.0163 12.6778 3.65838 1465.83 767.26 698.567 183.722 583.538 127.651 1.61233 126.039 455.886
internal_count=100000 95409 95304 93500 90890 89228 1662 1804 88913 87901 556 87345 68580 58977 9603 9343 3564 2055 1576 188 61 56366 29328 27038 5357 23971 8239 115 8124 15732
is_linear=0
shrinkage=0.03


Tree=188
num_leaves=31
num_cat=0
split_feature=27 19 41 58 436 409 396 439 128 7 341 183 424 393 410 437 27 19 11 47 15 433 38 439 437 149 7 437 372 362
split_gain=29.4262 30.4868 27.6556 28.7163 26.6464 24.5646 34.5854 26.4424 29.7465 35.246 33.1319 28.0644 24.6931 36.0802 22.8734 22.7454 22.6646 33.6926 29.6168 24.6255 38.9796 20.7966 22.1105 20.6973 19.825 24.6819 26.816 24.1309 19.7545 19.4174
threshold=124.50000000000001 25.500000000000004 4.5000000000000009 1.5000000000000002 -221.1372245628481 13.500000000000002 1.0000000180025095e-35 797.00000000000011 1.5000000000000002 100.50000000000001 3.5000000000000004 60.45000076293946 133.00000000000003 970.00000000000011 482.50000000000006 7686.0000000000009 4.5000000000000009 1.0000000180025095e-35 3.5000000000000004 -1.0000000180025095e-35 13.500000000000002 4.5000000000000009 442.50000000000006 3887.0000000000005 584.50000000000011 2.5000000000000004 137.50000000000003 3288.0000000000005 607.97000122070324 192.43520355224612
decision_type=2 2 10 10 2 8 10 2 8 8 8 2 2 10 10 2 2 2 10 2 2 2 8 2 2 2 8 2 2 2
left_child=1 2 3 4 -1 12 7 15 10 -10 11 23 -6 -14 -4 16 17 18 -7 29 -21 22 -20 -9 -13 -26 -27 -28 -29 -18
right_child=-2 -3 14 -5 5 6 -8 8 9 -11 -12 24 13 -15 -16 -17 19 -19 21 20 -22 -23 -24 -25 25 26 27 28 -30 -31
leaf_value=-0.027820632309719404 -0.021236412999962741 0.074177190043085872 -0.02217526396374497 -0.016326346751930738 -0.022574238548857293 0.016573635058927783 0.017015016282448506 -0.017781655761367695 0.19616282465820037 -0.011016056926437177 -0.029693783365888897 0.0028789432919846423 0.32923539477359948 0.013051033088584329 0.030509561036073208 -0.016525972181101356 0.0012369946968891865 -0.014537595237052232 0.025071091949780983 -0.016382270596316736 0.13713067257454958 0.082878087966997083 0.1526097778205904 0.0021426254381082424 0.010651152993568332 -0.026709837274252114 0.060834891533894174 -0.0078999259252862837 0.080507119299220692 0.037089749573363487
leaf_weight=25.04127259622328 50.560013230191544 5.2401761901564887 66.051766657270491 71.873681534081697 58.714517809450626 163.8765958477743 166.76036406401545 49.135064241243526 0.74198351870290835 185.61582388635725 28.015523697249591 104.17213697335683 0.33178823255002399 15.444913365878163 8.354639584431423 26.928513837046921 34.526942147873342 25.842265546089038 22.74418380018324 56.904643553774804 1.5286301476880897 10.301466153934596 1.2929097991436709 1042.5631938946899 84.261183511931449 5.1803091354668132 29.112067620269954 10.191899935249237 2.9283421952277413 22.42556367488578
leaf_count=1104 4591 105 1618 2610 1257 4240 2864 3000 16 4556 517 3072 6 307 186 1357 2871 1986 398 2323 25 156 38 56675 2422 85 421 188 19 987
internal_value=0.00140562 0.00189776 0.00173457 0.00233056 0.00294721 0.00330564 0.00391327 0.00276834 0.00104695 -0.0101912 0.00259193 0.00327327 -0.0136208 0.0197005 -0.0162596 0.010013 0.0121184 0.0176814 0.0218819 0.00131613 -0.0123663 0.0472151 0.0319312 0.00124588 0.0126578 0.0203942 0.0377094 0.0456112 0.0118319 0.0153543
internal_weight=2376.66 2326.1 2320.86 2246.46 2174.58 2149.54 2075.05 1908.29 1541.92 186.358 1355.56 1327.54 74.4912 15.7767 74.4064 366.372 339.443 224.057 198.215 115.386 58.4333 34.3386 24.0371 1091.7 235.846 131.674 47.4126 42.2323 13.1202 56.9525
internal_count=100000 95409 95304 93500 90890 89786 88216 85352 70971 4572 66399 65882 1570 313 1804 14381 13024 6818 4832 6206 2348 592 436 59675 6207 3135 713 628 207 3858
is_linear=0
shrinkage=0.03


Tree=189
num_leaves=31
num_cat=0
split_feature=27 30 7 438 15 311 438 3 9 365 16 3 11 23 39 410 183 438 39 438 39 3 29 112 39 363 30 3 372 15
split_gain=28.6588 54.8604 37.9901 40.7992 31.0019 28.8514 26.8356 27.6424 39.5314 30.8095 30.5171 44.7784 37.9892 85.961 46.7949 29.6236 29.1224 28.8669 27.5328 44.1673 34.9152 30.5742 26.5363 25.9461 25.3823 25.3422 27.4043 35.1716 25.7458 29.1901
threshold=1.5000000000000002 1.0000000180025095e-35 196.00000000000003 36962.500000000007 45.500000000000007 3.5000000000000004 776.50000000000011 3771.5000000000005 202.00000000000003 768.31500244140636 2.5000000000000004 15987.500000000002 413.50000000000006 1.5000000000000002 411.50000000000006 528.00000000000011 307.97500610351568 2161.5000000000005 74.500000000000014 12639.000000000002 23.500000000000004 6020.0000000000009 5.5000000000000009 3.5000000000000004 25.500000000000004 107.97499847412111 40.500000000000007 12545.500000000002 27.98499965667725 1.5000000000000002
decision_type=2 10 10 2 2 10 2 2 10 10 2 2 10 2 8 10 2 2 8 2 10 2 10 10 10 2 10 2 2 2
left_child=1 4 3 -2 5 -1 -4 15 9 23 -10 12 18 14 -14 16 -8 -18 19 20 -12 -21 -3 -9 -5 26 -20 28 29 -28
right_child=2 22 6 24 -6 -7 7 8 10 -11 11 -13 13 -15 -16 -17 17 -19 25 21 -22 -23 -24 -25 -26 -27 27 -29 -30 -31
leaf_value=0.0020664374811110412 -0.012215351741331988 0.035860030095363968 -0.011154694043652224 0.047883891844330763 -0.20917938870734512 0.036861516380570114 -0.019418482616419847 -0.0095751943923394114 0.0044847325908660956 0.079425143625617242 0.045424566671079407 -0.019780437664196005 0.18492288079277339 0.040492679610730241 0.54375714079837545 0.062708105417451254 0.13604468556548999 0.0059966972486805818 -0.0096666230200575572 0.11122116357608162 0.12212164613727479 0.00011273233070182884 0.0035700222351546093 0.14429051715659477 -0.031079652387655612 0.10167063167022504 0.10633418908525501 -0.025912157298163135 0.076738198373952418 0.013613685687156086
leaf_weight=1072.4168569636531 356.48946227389388 70.635290475562215 122.95616502710618 16.636268112342808 0.62150551564991374 21.885055815801024 85.510722078150138 149.16994565189816 247.76231860835105 3.6695758453570297 18.530352720990781 21.525991780450568 1.5127516863867629 8.4031141807790828 0.41730740247294296 4.7153850039467207 2.1064440151676527 5.6740544708445668 37.194388742791489 2.4806688316166428 7.5056931539438656 21.967722160276026 33.898535199230537 0.99291611323133011 4.6983915169257662 2.8111866433173409 3.3897670402657232 10.447326004737986 10.337530427845193 31.017724408768117
leaf_count=36363 18454 798 7741 448 13 195 5225 6141 13248 32 569 1626 55 337 16 82 16 166 1503 115 218 948 1031 10 394 73 179 1146 285 2573
internal_value=0.0013603 0.00462442 -0.0019635 -0.00980366 0.002642 0.00276231 0.00173879 0.00408 0.00657349 -0.00645902 0.0112873 0.0207805 0.0263768 0.0819614 0.262508 -0.0106544 -0.0143625 0.0412051 0.0224343 0.0403435 0.0675349 0.0113864 0.0253889 -0.00855779 0.0304943 0.0129368 0.0102368 0.0236497 0.0352217 0.0227484
internal_weight=2377.38 1199.46 1177.92 377.824 1094.92 1094.3 800.099 677.143 579.136 153.832 425.304 177.542 156.016 10.3332 1.93006 98.0066 93.2912 7.7805 145.682 50.4844 26.036 24.4484 104.534 150.163 21.3347 95.1979 92.3867 55.1923 44.745 34.4075
internal_count=100000 38400 61600 19296 36571 36558 42304 34563 29074 6183 22891 9643 8017 408 71 5489 5407 182 7609 1850 787 1063 1829 6151 842 5759 5686 4183 3037 2752
is_linear=0
shrinkage=0.03


Tree=190
num_leaves=31
num_cat=0
split_feature=260 40 320 318 14 14 5 342 49 146 46 13 333 421 109 7 367 4 27 348 410 0 406 90 38 343 364 23 0 43
split_gain=28.5141 26.0879 28.6811 27.0369 26.7627 64.0864 26.6679 26.0756 24.5429 24.7825 33.9988 37.5874 28.5779 24.4418 37.3725 49.7209 35.9245 35.8202 35.3694 31.77 28.6361 28.3814 30.3159 28.724 27.6125 29.5323 38.2091 29.0462 43.132 32.7206
threshold=76.28025054931642 470.50000000000006 30.632949829101566 30.451649665832523 38.500000000000007 37.500000000000007 184.00000000000003 3.5000000000000004 1.0000000180025095e-35 1.0000000180025095e-35 1.0000000180025095e-35 2.5000000000000004 1.0000000180025095e-35 10.500000000000002 1.5000000000000002 194.50000000000003 39.999000549316413 161.50000000000003 1.0000000180025095e-35 2.5000000000000004 313.00000000000006 8981452.0000000019 1.5000000000000002 1.5000000000000002 286.50000000000006 2.5000000000000004 67.969997406005874 1.5000000000000002 8942694.0000000019 44.500000000000007
decision_type=10 10 10 10 2 2 10 2 2 10 2 2 10 2 8 10 10 8 2 10 8 2 2 8 8 2 2 2 2 10
left_child=1 2 3 4 5 7 -4 8 13 -10 12 -12 -11 14 15 17 -16 21 20 24 -15 -1 -23 -24 25 26 -17 28 -28 -30
right_child=-2 -3 6 -5 -6 -7 -8 -9 9 10 11 -13 -14 18 16 19 -18 -19 -20 -21 -22 22 23 -25 -26 -27 27 -29 29 -31
leaf_value=-0.0024128349221994891 -0.026420428899520718 -0.036211295107023013 -0.0035256911577163617 -0.085613599759715733 -0.018873821039143344 0.19822242862015929 0.034617527531356891 -0.023731338360884643 -0.0040145483478281471 -0.011929471706917489 0.077725612562245069 -0.023511185597450628 0.10337702281657142 -0.019365388641643146 0.020929934558066285 0.0083031291747039278 0.10617845253861158 -0.0071399139376059949 -0.019053342397727682 0.03847357922758942 0.016731917972841549 0.022713495319138643 0.15176808750356097 0.0012340807890367607 -0.0093823276428304167 -0.0058143494103320547 0.018408517034432043 0.0086873873897500651 0.04576552736223214 0.1121800482821272
leaf_weight=43.089627889217809 32.897058315109462 16.218776485882699 25.958985935430974 3.2109238281846038 56.562155655585229 1.4973726999014605 45.257283134385943 35.171305752592161 593.86056657251902 2.6949544050730783 4.3468615254387286 13.714789154939352 6.8554514143615961 27.324154197238386 70.474134721327573 479.25033636740409 4.7487538410350671 382.45877423346974 92.304621448507532 31.740609182976186 71.629556882195175 35.418531585717574 3.3785902783274642 1.7224146611988542 75.521970537723973 95.251565765822306 42.968234198866412 48.312723772600293 24.772277824115008 9.1395060159265977
leaf_count=1282 463 232 462 21 1367 16 542 459 34652 85 54 290 48 322 999 24762 49 17363 3627 475 806 869 70 22 5392 2407 941 1331 333 259
internal_value=0.00131578 0.0017049 0.00196898 0.00137762 0.00150153 0.00202595 0.020714 0.00189218 0.00230922 -0.00272276 0.02506 0.000853273 0.0708396 0.00434054 0.00576425 0.00455011 0.0263116 -0.0032513 -0.00569572 0.00905591 0.00676434 0.0145367 0.0325612 0.100938 0.00785143 0.00971157 0.0121582 0.0269159 0.0383711 0.0636648
internal_weight=2377.75 2344.86 2328.64 2257.42 2254.21 2197.65 71.2163 2196.15 2160.98 621.473 27.6121 18.0617 9.55041 1539.51 1348.25 1273.03 75.2229 466.068 191.258 806.957 98.9537 83.6092 40.5195 5.101 775.217 699.695 604.443 125.193 76.88 33.9118
internal_count=100000 99537 99305 98301 98280 96913 1004 96897 96438 35129 477 344 133 61309 56554 55506 1048 19606 4755 35900 1128 2243 961 92 35425 30033 27626 2864 1533 592
is_linear=0
shrinkage=0.03


Tree=191
num_leaves=31
num_cat=0
split_feature=260 436 341 3 310 437 3 71 369 350 438 3 365 43 3 437 37 130 30 15 23 16 46 30 359 31 260 11 4 108
split_gain=27.1322 25.5765 25.2182 25.2137 30.8371 28.2109 35.7786 35.7611 31.9703 32.003 32.0682 29.7744 28.2767 35.0169 27.0886 29.7288 26.8696 26.5668 28.7167 27.2274 31.2516 28.5105 33.9844 24.6266 33.9873 33.775 23.937 23.7237 24.3475 35.7436
threshold=76.28025054931642 -221.1372245628481 4.5000000000000009 14649.500000000002 2.5000000000000004 127.50000000000001 14626.500000000002 1.5000000000000002 1439.464782714844 2.5000000000000004 4182.0000000000009 1940.5000000000002 203.50000000000003 28.500000000000004 3771.5000000000005 5832.0000000000009 0.10416650027036668 3.5000000000000004 35.500000000000007 3.5000000000000004 3.5000000000000004 5.5000000000000009 1.0000000180025095e-35 573.50000000000011 209.95999908447268 13.500000000000002 75.564601898193374 717.50000000000011 359.50000000000006 1.5000000000000002
decision_type=10 2 8 2 10 2 2 8 2 2 2 2 10 10 2 2 10 10 10 2 2 2 2 8 2 10 10 10 10 10
left_child=1 -1 3 4 5 12 8 -8 9 14 -11 -10 -3 -14 -7 -16 -6 18 -17 23 21 -21 -23 -20 25 -25 27 -5 -29 -30
right_child=-2 2 -4 26 16 6 7 -9 11 10 -12 -13 13 -15 15 17 -18 -19 19 20 -22 22 -24 24 -26 -27 -28 28 29 -31
leaf_value=-0.027866267619915303 -0.025953071285216699 -0.0065212855092742191 -0.025573505216555964 -0.0054389057620697198 0.047445722228728344 -0.0045001031045463812 0.044288271973642566 0.24732780831633183 0.08897486827887699 -0.021679509764380288 0.047204497450090727 -0.02434016708814711 0.033341861939975979 -0.042070747248143789 0.0089067104495527006 -0.015473418023261959 0.0095275280731632276 0.13737373793816376 -0.0092175787253641929 0.066964749142919514 0.0046074092872166565 0.026006798321956116 0.34774023361587209 0.68328858359799127 -0.030570635455807595 0.11264995044068808 0.12972679916119209 -0.0056549306181244343 0.038228231568416718 0.20571980583801702
leaf_weight=26.125797867774963 32.490985971409827 359.86521837324835 29.507479012012482 446.45461362646893 26.033931364538148 228.64698256039992 9.2542816903442127 0.85264541581272979 2.1859111189842215 7.6551493019796899 29.607149818912148 46.093983551021665 32.25969567662105 6.6909188360441467 894.86413711518981 100.70307185873389 47.519508416531608 1.1520235240459431 22.220908032497395 4.896864334587006 6.2823256251867861 0.47305699484422781 0.78715589130297303 0.16812261706218024 0.39880914147943258 0.20989368134178221 1.2026907354593266 6.3375504100695235 4.9230073625221848 1.4949265001341698
leaf_count=1176 463 19117 493 21273 234 10126 238 12 15 218 352 634 380 210 37245 4146 503 7 1889 218 498 24 28 13 30 28 7 233 169 21
internal_value=0.0012736 0.00165086 0.00198343 0.00233863 0.00391836 0.00312091 0.00518317 0.0614172 0.00476102 0.00565258 0.033053 -0.0192097 -0.00389322 0.0203875 0.00484278 0.00691245 0.0229485 -0.00608604 -0.0073 0.0159267 0.0516818 0.0997138 0.226968 -0.00341312 0.162622 0.366441 -0.00393627 -0.00428634 0.0360547 0.077242
internal_weight=2377.36 2344.87 2318.74 2289.23 1828.82 1755.27 1356.45 10.1069 1346.35 1298.07 37.2623 48.2799 398.816 38.9506 1260.8 1032.16 73.5534 137.292 136.14 35.4371 12.4394 6.15708 1.26021 22.9977 0.776825 0.378016 460.413 459.21 12.7555 6.41793
internal_count=100000 99537 98361 97868 76165 75428 55721 250 55471 54822 570 649 19707 590 54252 44126 737 6881 6874 2728 768 270 52 1960 71 41 21703 21696 423 190
is_linear=0
shrinkage=0.03


Tree=192
num_leaves=31
num_cat=0
split_feature=27 19 40 313 261 14 14 260 3 437 437 15 7 7 346 125 316 404 63 423 437 331 367 114 9 11 251 183 3 3
split_gain=26.8133 25.4851 24.9139 24.6272 28.3095 26.3485 54.0896 25.5636 22.7645 26.3986 33.799 46.7771 38.2383 47.5051 36.3741 36.2244 36.1471 30.8774 30.1923 28.65 26.8303 27.6548 26.6085 26.1957 26.4809 25.2687 24.6713 24.4066 27.1426 23.6373
threshold=124.50000000000001 25.500000000000004 470.50000000000006 3.5000000000000004 76.28025054931642 38.500000000000007 37.500000000000007 41.025201797485359 14649.500000000002 28.500000000000004 924.00000000000011 3.5000000000000004 137.50000000000003 164.00000000000003 3.5000000000000004 1.5000000000000002 239.57534790039065 32.000000000000007 1.0000000180025095e-35 28.000000000000004 584.50000000000011 1.5000000000000002 887.00000000000011 1.0000000180025095e-35 493.00000000000006 717.50000000000011 1.5000000000000002 103.95999908447267 10727.500000000002 9355.5000000000018
decision_type=2 2 10 10 10 2 2 10 2 2 2 2 10 10 2 10 10 10 10 10 2 2 10 8 8 10 8 2 2 2
left_child=1 2 3 4 5 6 7 8 9 -1 12 14 19 17 -12 -16 18 26 -13 -11 23 22 -22 27 -25 -10 -14 -15 -29 -26
right_child=-2 -3 -4 -5 -6 -7 -8 -9 25 10 11 16 13 20 15 -17 -18 -19 -20 -21 21 -23 -24 24 29 -27 -28 28 -30 -31
leaf_value=-0.0075432482711450524 -0.020689270499034549 0.066723438447879035 -0.035917998843904279 0.031733410961559683 -0.025930930935017846 -0.018332313277239574 0.17434177342803667 0.028333743189303359 -0.0055121776777930708 -0.0060631805199386334 -0.00091548754734652031 0.027628803155137781 0.11916779385167861 0.014306244926017911 -0.031429127015765702 0.11472060676128991 -0.059201087039397943 0.007806731356994002 -0.010397803223251368 0.088955839533314929 0.013902949564124171 0.050093919648693246 0.18505248856066281 -0.0015410905784097708 0.0070444266490642367 0.037875407638181674 0.045775515343167358 0.081949671537577193 -0.023721142178602987 0.042660110981934583
leaf_weight=177.25435816473328 49.177794085582718 5.4114916287362567 15.868137569166718 24.477117743343115 33.412017440423369 56.541634685825557 1.6455645607784379 33.378242125734687 421.13067950145341 151.1522901346907 593.51629865495488 97.699051519855857 4.7550211576744914 54.869125008117408 50.668601287994534 1.573733003810047 5.3738530632108441 18.514774857321754 23.266740900930017 2.9109218111261717 117.59518221858889 24.524013030808419 0.82326684147119422 277.306724851951 53.172677611233667 12.437531588599084 30.976651194738224 10.41801905306056 2.7691770792007437 24.497704928042367
leaf_count=8626 4591 105 232 249 595 1403 16 471 20097 5205 26051 2561 65 2891 649 14 58 339 2444 35 5187 287 13 15040 1059 395 415 237 82 588
internal_value=0.00123235 0.00169544 0.00154393 0.00180164 0.00148061 0.00188789 0.00240941 0.00228025 0.00187713 0.00342277 0.00467975 0.00023826 0.0091087 0.0124314 -0.00302789 -0.0270266 0.0169325 0.0392497 0.0203147 -0.00426786 0.00986102 0.0210978 0.0150928 0.00606412 0.00279537 -0.00426754 0.0555423 0.0231137 0.0597599 0.0182778
internal_weight=2377.12 2327.94 2322.53 2306.66 2282.18 2248.77 2192.23 2190.58 2157.21 1723.64 1546.38 772.098 774.286 620.222 645.759 52.2423 126.34 54.2464 120.966 154.063 565.976 142.942 118.418 423.033 354.977 433.568 35.7317 68.0563 13.1872 77.6704
internal_count=100000 95409 95304 95072 94823 94228 92825 92809 92338 71846 63220 31777 31443 26203 26714 663 5063 819 5005 5240 25384 5487 5200 19897 16687 20492 480 3210 319 1647
is_linear=0
shrinkage=0.03


Tree=193
num_leaves=31
num_cat=0
split_feature=27 2 437 335 7 437 95 4 4 341 363 437 4 9 362 4 27 320 124 4 436 344 192 11 38 135 33 411 111 42
split_gain=26.7536 41.8775 36.0133 35.2606 38.8632 33.2974 38.9596 36.1871 31.0218 28.9716 38.8138 32.6044 30.3592 28.9121 31.659 31.671 31.5905 28.1475 25.7028 25.4375 25.4085 26.6708 25.3627 25.1309 24.3358 28.888 27.715 24.8707 23.7374 23.5228
threshold=1.5000000000000002 2.5000000000000004 584.50000000000011 8.5000000000000018 217.00000000000003 882.50000000000011 1.5000000000000002 542.50000000000011 480.00000000000006 1.0000000180025095e-35 57.975000381469734 16.500000000000004 499.50000000000006 510.00000000000006 445.18499755859381 529.50000000000011 9.5000000000000018 27.926799774169925 1.5000000000000002 111.50000000000001 -41.374382322831089 1.5000000000000002 1.0000000180025095e-35 2442.0000000000005 22.500000000000004 1.5000000000000002 1.5000000000000002 285.00000000000006 1.0000000180025095e-35 1.0000000180025095e-35
decision_type=2 2 2 8 10 2 10 8 8 10 2 2 10 10 2 10 2 10 10 8 2 2 10 8 8 10 8 8 10 10
left_child=5 18 8 4 19 7 -7 9 -3 11 20 -1 17 14 -10 16 -16 -13 29 -4 21 -11 -21 -15 -6 26 -26 -28 -20 -2
right_child=1 2 3 -5 24 6 -8 -9 13 10 -12 12 -14 23 15 -17 -18 -19 28 22 -22 -23 -24 -25 25 -27 27 -29 -30 -31
leaf_value=-0.014169030576255145 -0.022939716376947462 -0.013868132485026748 0.039000865362020291 -0.030569136302478182 0.0020644272053779388 -0.0026472365255824034 0.042241004015418901 -0.0038333932581024266 -0.0074267966444919184 0.031993381382871139 -0.021148150839149973 0.0073924315335537061 0.034509803220262272 0.0068843742118411396 0.068626831041370337 -0.0036533618866557331 -0.0020248896447142796 0.052690079495560843 0.1107537100743673 -0.010411808052924059 0.027835174193173776 0.11054355807321202 0.2018931320709727 0.14785954023807318 0.033315784938669872 0.054047520338845585 0.044694846503085583 0.0055555604577299141 0.0069961757162885592 0.0014973371266964683
leaf_weight=46.367496089776978 150.67246977519244 218.29165831534192 10.419660606188698 23.459707251284271 145.98825227073394 524.96906073135324 17.998332763556391 154.37281067157164 114.56925788871013 7.8018844900652748 11.954393954016266 312.32449665223248 49.017526811687276 2.2607742773834607 16.773179927840832 23.567177657503635 8.6244676180649531 12.85428081685677 2.2435561697930124 136.42905801627785 56.097662615124136 7.7594470968469977 0.5083154458552589 2.2916790687013417 54.932250547688454 18.014961798908189 16.022754368372262 165.93788791075349 17.181642160052434 46.359158871695399
leaf_count=1714 3398 16219 193 215 5922 18420 208 5232 9208 133 162 10640 1061 123 134 830 341 103 24 8923 642 85 10 83 1619 572 173 12325 262 1026
internal_value=0.00119339 -0.00202628 0.000666233 0.00544776 0.00698892 0.0043408 -0.00115928 0.00887556 -0.00640886 0.0127669 0.0288954 0.00956034 0.0125007 0.0032784 0.00120247 0.0213935 0.0446351 0.00918304 -0.013944 -0.00618547 0.0372438 0.0711614 -0.00962373 0.0778505 0.0118314 0.0174251 0.01464 0.00900202 0.0189799 -0.01719
internal_weight=2376.07 1174.55 958.091 571.713 548.253 1201.52 542.967 658.55 386.378 504.177 83.6134 420.564 374.196 168.087 163.534 48.9648 25.3976 325.179 216.457 147.357 71.659 15.5613 136.937 4.55245 400.896 254.908 236.893 181.961 19.4252 197.032
internal_count=100000 61600 56890 29952 29737 38400 18628 19772 26938 14540 1022 13518 11804 10719 10513 1305 475 10743 4710 9126 860 218 8933 206 20611 14689 14117 12498 286 4424
is_linear=0
shrinkage=0.03


Tree=194
num_leaves=31
num_cat=0
split_feature=27 40 342 435 409 320 320 322 261 397 1 16 48 43 3 1 57 43 437 39 109 434 0 20 0 13 126 11 49 146
split_gain=25.1717 23.7805 22.7337 23.3537 22.7314 24.0128 25.2014 24.878 23.9344 25.1838 26.9415 31.2076 30.3246 30.4083 30.7472 29.3693 34.7022 29.2653 43.499 36.7835 28.9388 28.5231 26.2177 24.9867 24.8009 24.5279 36.5338 24.3125 23.1767 24.4472
threshold=124.50000000000001 470.50000000000006 3.5000000000000004 1.2401988064372991 13.500000000000002 30.632949829101566 30.39124965667725 88.455150604248061 74.90000152587892 -1.0000000180025095e-35 4.6635000705719003 3.5000000000000004 -1.0000000180025095e-35 328.50000000000006 15257.500000000002 414.83500671386724 1.5000000000000002 302.50000000000006 6297.0000000000009 52.500000000000007 1.5000000000000002 0.82550255685068619 9164991.5000000019 11.500000000000002 7431176.5000000009 52.500000000000007 1.0000000180025095e-35 2.5000000000000004 1.0000000180025095e-35 1.0000000180025095e-35
decision_type=2 10 2 2 8 10 10 10 10 8 2 2 2 8 2 2 10 10 2 10 8 2 2 2 2 2 10 8 2 10
left_child=1 2 4 -4 -1 6 8 -7 9 -6 -11 15 20 14 17 23 21 19 -19 -14 24 -17 -23 28 -13 -15 27 -27 -12 -30
right_child=-2 -3 3 -5 5 7 -8 -9 -10 10 11 12 13 25 -16 16 -18 18 -20 -21 -22 22 -24 -25 -26 26 -28 -29 29 -31
leaf_value=-0.013717346551424415 -0.020301221176661315 -0.03551944785316552 -0.032726052998103272 0.014856387145907909 0.012871994244591707 0.027601672663220191 -0.080456981335822381 -0.023120562840347712 -0.043341495597130103 -0.053629988344997749 0.00072458731355070597 0.091620622852152625 0.048720169717702794 -0.011084975690483575 -0.016195371868957153 0.03478409497551286 -0.03293652970016548 0.066195615932587645 0.29419383272944083 0.0056314633569978113 0.032134948004870156 -0.00072696046784964609 0.024174543096152031 0.10326139770886984 -0.0036741090064103263 0.14131954713564127 0.20695624873796076 0.0017980802814456071 -0.0096843601858728322 0.024288383508504988
leaf_weight=77.317032762104645 48.209031117381528 15.430295326746998 32.523924943991005 12.991544446907936 195.49473969847895 59.412467900663614 3.309418784454464 10.196416452061383 10.248261536937205 7.925555577967315 951.84314027195796 2.4961818880401543 47.315786496270448 35.011324156541377 11.011579878628252 43.545287950895727 15.817999009508638 4.3565449793823054 0.91050898563116778 28.613549644127488 25.532730693928897 113.94587737740949 57.132439690176398 2.0402917675673953 160.46746951923706 1.317066109273578 1.0794559381902225 7.6705259233713159 371.90744925942272 20.093806321267039
leaf_count=1731 4591 232 505 177 3784 783 23 202 205 118 42857 124 809 1433 432 810 213 121 20 1006 298 3069 1235 12 9611 39 14 322 24803 421
internal_value=0.00115537 0.0015999 0.00184768 -0.0191445 0.00226933 0.00283407 0.00226455 0.0201718 0.00239394 0.00261655 0.00156689 0.00179688 0.0102495 0.0209744 0.0308464 4.99561e-05 0.00994616 0.037226 0.105609 0.0324824 0.00243835 0.0131067 0.00758902 -0.00164447 -0.00221444 0.000781303 0.04205 0.0222439 -0.00180374 -0.00794293
internal_weight=2375.17 2326.96 2311.53 45.5155 2266.01 2188.7 2119.09 69.6089 2115.78 2105.53 1910.03 1902.11 325.783 137.286 92.208 1576.33 230.442 81.1964 5.26705 75.9293 188.496 214.624 171.078 1345.88 162.964 45.0784 10.067 8.98759 1343.84 392.001
internal_count=100000 95409 95177 682 94495 92764 91779 985 91756 91551 87767 87649 14229 4196 2388 73420 5327 1956 141 1815 10033 5114 4304 68093 9735 1808 375 361 68081 25224
is_linear=0
shrinkage=0.03


Tree=195
num_leaves=31
num_cat=0
split_feature=436 342 435 256 395 40 313 337 20 31 439 32 439 65 28 16 4 106 362 392 5 266 13 397 184 4 4 11 3 411
split_gain=24.185 24.0194 23.4434 22.5896 21.3199 21.1727 21.9776 19.3065 26.135 20.2907 24.7083 22.4225 20.5822 20.3959 48.6055 27.8926 22.5041 39.28 21.8333 29.0364 25.3873 25.491 27.8323 22.1907 22.0584 21.82 20.7126 24.7552 50.7988 22.7191
threshold=-221.1372245628481 3.5000000000000004 1.2401988064372991 1221.117614746094 -8.4999999999999982 470.50000000000006 3.5000000000000004 6.5000000000000009 8.5000000000000018 14.500000000000002 518.00000000000011 574.50000000000011 458.50000000000006 1.5000000000000002 1.0000000180025095e-35 7.5000000000000009 554.50000000000011 1.5000000000000002 196.8850021362305 -14.499999999999998 184.00000000000003 63.864000320434577 18.500000000000004 -26.499999999999996 154.33760070800784 553.50000000000011 511.50000000000006 6.5000000000000009 16435.500000000004 637.00000000000011
decision_type=2 2 2 10 8 10 10 2 2 10 2 10 2 8 2 2 8 10 2 8 10 8 2 8 2 8 10 8 2 10
left_child=-1 3 -3 4 -2 6 7 9 -9 10 11 12 -6 16 -15 -16 18 -18 19 20 -12 22 23 -22 26 -20 29 28 -28 -21
right_child=1 2 -4 -5 5 -7 -8 8 -10 -11 13 -13 -14 14 15 -17 17 -19 25 24 21 -23 -24 -25 -26 -27 27 -29 -30 -31
leaf_value=-0.02768016886623452 0.082226487318182606 -0.032967116867328512 0.014294687689371423 -0.031047033311490963 0.0092854733024567565 -0.034913385626466571 0.031221962941295599 -0.019899863488031171 0.027917859472473605 -0.0063718227477753729 -0.027098053258988779 0.1793846149207744 0.061200680930640017 0.0092682998945863397 -0.020563564556726834 0.029818558219502453 -0.01066760295861373 0.056856664128475412 0.012172942726509468 -0.00077414291746888788 -0.0065363064196081256 -0.035227505197917182 0.0052575310989337884 0.04151944641364063 -0.023641251352882361 0.17864802085800677 0.05133585033410714 0.0098811007380616416 0.4398513175243064 0.16514181702561107
leaf_weight=25.957459744997323 2.9876505369320512 33.894343128660694 13.095359610859303 18.610822377726436 341.83903857367113 13.873876077122985 23.338820320554078 67.176277954364195 12.147115745348854 209.88350557885133 11.626035443972794 0.70753502240404387 7.0139918429777017 110.45358000183478 138.83330311137252 10.64810098428279 151.55496900505386 8.1714799092151207 249.90833627409302 646.54350022459403 10.094420651905237 7.2955479924567035 49.361956556793302 60.360301185399294 32.764934358652681 0.71061014593578775 6.0153864242602131 108.25519016385078 0.31894564209505905 0.74362994823604722
leaf_count=1182 26 520 177 144 11473 219 231 2337 294 21113 275 17 93 1230 4363 163 7577 108 7676 33621 121 115 946 794 517 29 365 4228 34 12
internal_value=0.00111874 0.00143708 -0.0197959 0.00187064 0.00213903 0.00203407 0.00226031 0.00195888 -0.0125773 0.00249194 0.00344439 0.0106715 0.0103293 0.00186906 -0.0058233 -0.0169747 0.0033571 -0.00721311 0.00478307 0.00267209 0.0153355 0.0192166 0.0225317 0.0346342 0.000461161 0.012645 0.0014977 0.013254 0.0708983 -0.000583532
internal_weight=2374.19 2348.23 46.9897 2301.24 2282.63 2279.64 2265.77 2242.43 79.3234 2163.1 1953.22 349.561 348.853 1603.66 259.935 149.481 1343.73 159.726 1184 933.38 138.738 127.112 119.817 70.4547 794.642 250.619 761.877 114.59 6.33433 647.287
internal_count=100000 98818 697 98121 97977 97951 97732 97501 2631 94870 73757 11583 11566 62174 5756 4526 56418 7685 48733 41028 2251 1976 1861 915 38777 7705 38260 4627 399 33633
is_linear=0
shrinkage=0.03


Tree=196
num_leaves=31
num_cat=0
split_feature=12 436 342 435 256 310 1 313 326 1 76 8 13 7 436 432 4 146 127 30 363 359 437 49 9 432 437 11 433 435
split_gain=23.6309 23.4994 23.0573 22.9669 21.3847 24.3301 30.9952 22.0283 21.303 20.7632 32.9965 26.8449 26.4047 23.9147 23.6768 29.8591 23.0601 21.6211 21.6833 20.9141 21.4101 40.2072 74.1265 23.1554 22.7061 40.9083 26.4737 21.3655 31.8394 27.0355
threshold=530.50000000000011 -221.1372245628481 3.5000000000000004 1.2401988064372991 1221.117614746094 2.5000000000000004 4.6635000705719003 3.5000000000000004 184.915397644043 280.13000488281256 1.5000000000000002 1.5000000000000002 18.500000000000004 136.00000000000003 33.566432400811216 1.0000000180025095e-35 556.50000000000011 1.0000000180025095e-35 1.0000000180025095e-35 3.5000000000000004 24.946499824523929 37.490800857543952 1224.0000000000002 1.0000000180025095e-35 500.00000000000006 14.500000000000002 1615.0000000000002 14.500000000000002 3.5000000000000004 0.51665701186727431
decision_type=10 2 2 2 10 10 2 10 10 2 10 2 2 10 2 2 10 10 10 8 2 2 2 2 10 2 2 10 2 2
left_child=1 -1 4 -4 5 7 -7 9 -8 19 11 13 14 -11 15 -13 -15 18 -16 27 23 22 -22 24 -21 26 -26 -3 -29 -30
right_child=-2 2 3 -5 -6 6 8 -9 -10 10 -12 12 -14 16 17 -17 -18 -19 -20 20 21 -23 -24 -25 25 -27 -28 28 29 -31
leaf_value=-0.02741929212640996 -0.029776892143709738 0.0040839905905204763 -0.032576423518169383 0.01449976541998908 -0.030965097185283705 -0.1033908014159913 0.033001595060684015 0.03938904759623027 0.0018601983013633754 0.0018958791755675469 -0.020388725993914933 0.23841551811133044 -0.015400950738153217 0.03266940998130631 0.021961056178932563 0.036239429009780361 -0.0012261903317647255 0.070304940368720398 -0.0042894616875353729 -0.00010300191236143214 -0.030874823582413349 0.022006474157489204 0.75743485247330822 -0.008354773492875665 0.10960755923897562 -0.0063540701663000604 -0.027543855613366895 0.0061490015864370823 0.0041399854869358316 0.082923284210979831
leaf_weight=25.237266641343012 22.123852965189144 205.81894141924568 33.118695169920102 12.983416422735898 17.457503445446491 1.8480852413922537 50.574149376247078 13.906096807681022 32.458269251510501 51.19523956021294 34.11837054323405 0.87505851965397541 52.671302075032145 97.572124351514503 44.342784277396277 2.6437014574185014 22.168243940919638 4.7686406560242167 78.374708646908402 1130.2376597723924 0.24634761456400411 22.601725440705195 0.19027363788336515 352.31078904960304 6.6325321423355508 10.32005391223356 1.5656482966151086 26.674406435340643 5.7602473306469646 12.272179245483128
leaf_count=1171 503 3903 512 172 138 10 463 110 367 1058 665 13 1892 1769 1407 93 699 65 2463 51796 24 1101 18 28006 261 524 110 409 111 167
internal_value=0.00108319 0.0013736 0.00168604 -0.0193187 0.00211084 0.00236609 0.0181235 0.00175179 0.0208281 0.00150986 0.00778948 0.0105006 0.0025378 0.0190569 0.00975018 0.0865173 0.0263941 0.00763132 0.00519591 0.000134317 -0.00118608 0.0275149 0.31266 -0.00162659 0.000436873 0.0333875 0.0834151 0.00816715 0.026965 0.0577569
internal_weight=2373.07 2350.94 2325.71 46.1021 2279.61 2262.15 84.8805 2177.27 83.0324 2163.36 388.73 354.612 183.676 170.936 131.005 3.51876 119.74 127.486 122.717 1774.63 1524.11 23.0383 0.436621 1501.07 1148.76 18.5182 8.19818 250.526 44.7068 18.0324
internal_count=100000 99497 98326 684 97642 97504 840 96664 830 96554 10124 9459 5933 3526 4041 106 2468 3935 3870 86430 81840 1143 42 80697 52691 895 371 4590 687 278
is_linear=0
shrinkage=0.03


Tree=197
num_leaves=31
num_cat=0
split_feature=27 30 437 1 20 411 335 437 437 39 42 1 435 405 437 32 43 38 0 32 88 105 437 38 16 16 29 11 439 106
split_gain=24.2075 46.6412 37.251 36.9184 32.4753 29.9822 32.6707 27.6736 27.0469 26.3692 26.0548 26.6995 31.5671 25.6616 27.949 25.7246 33.5839 29.4115 39.0086 42.2018 118.876 36.4856 29.3836 27.4557 31.7338 25.0172 23.864 31.1299 27.6744 25.7069
threshold=1.5000000000000002 1.0000000180025095e-35 584.50000000000011 159.72499847412112 13.500000000000002 359.00000000000006 8.5000000000000018 882.50000000000011 41.500000000000007 421.50000000000006 370.50000000000006 414.83500671386724 1.8439833603362403 -329.99999999999994 12153.000000000002 265.50000000000006 367.50000000000006 279.50000000000006 7888396.5000000009 286.50000000000006 1.0000000180025095e-35 1.0000000180025095e-35 590.50000000000011 128.50000000000003 3.5000000000000004 25.500000000000004 426.50000000000006 8.5000000000000018 232.00000000000003 1.0000000180025095e-35
decision_type=2 10 2 2 2 10 8 2 2 10 8 2 2 10 2 10 8 8 2 10 10 10 2 8 2 2 10 8 2 10
left_child=1 4 3 -2 7 6 13 8 9 -1 -10 -12 -13 14 15 22 17 18 19 20 -17 -20 -4 -23 -25 -7 28 29 -18 -28
right_child=2 -3 5 -5 -6 25 -8 -9 10 -11 11 12 -14 -15 -16 16 26 -19 21 -21 -22 23 -24 24 -26 -27 27 -29 -30 -31
leaf_value=-0.0048640347910067477 -0.014259016032952168 0.0229557518483877 0.081850879171643978 0.0038901738229167181 -0.21975011652400575 -0.022106853780898918 -0.028751087116789042 -0.0029632815799212776 0.0209697016658234 0.11846921448778262 0.0009220470646777554 0.067044668768747887 0.01230568159849889 0.040673126789448892 -0.028335539905124895 0.75159757051037945 0.17557766291741383 0.0072530055804277968 -0.01496909612278597 0.090317488817091465 0.028395123219304045 0.038624894698487379 0.0020246577428111416 0.038840307348052348 0.17474244319092522 0.017621230268981807 0.037672732230860373 -0.010266396963329212 -0.011878948390758846 0.14110687698210958
leaf_weight=164.27804511343129 321.86574914352968 106.85385084664449 4.1915952165145418 146.91485155420378 0.59303834661841293 70.080852331360802 25.185184586327523 492.57205592282116 144.29508503898978 1.5751571033615608 235.38805892691016 11.988644895143805 45.3421467137523 18.75102846743539 21.764412460615858 0.34519159654155274 0.72051740786991914 21.065427087945864 8.1567549940664339 4.0711642447859049 0.50209569418802857 16.334088720381263 419.04015093692578 2.847666463116183 3.383935083867982 17.911440814845264 9.7284514275379497 10.036262306850402 43.553254112135619 2.7806527281645677
leaf_count=5751 22800 1829 134 5990 8 1773 235 17749 1900 54 9871 116 1122 220 1728 27 33 1354 556 218 41 633 20280 158 100 201 526 1046 3324 223
internal_value=0.00104832 0.00403622 -0.00202558 -0.0085711 0.00219173 0.00235504 0.00470765 0.00231188 0.00662195 -0.0036927 0.0105365 0.0053935 0.0237523 0.00614253 0.00500363 0.00633075 0.0183758 0.0353561 0.0519663 0.130407 0.323034 0.0394085 0.00281524 0.0590642 0.112639 -0.0140199 0.00396548 0.0290894 -0.00882825 0.0606651
internal_weight=2372.12 1202.89 1169.23 468.781 1096.03 700.45 612.458 1095.44 602.867 165.853 437.014 292.719 57.3308 587.273 568.522 546.757 123.525 56.7063 35.6409 4.91845 0.847287 30.7224 423.232 22.5657 6.2316 87.9923 66.8191 22.5454 44.2738 12.5091
internal_count=100000 38400 61600 28790 36571 32810 30836 36563 18814 5805 13009 11109 1238 30601 30381 28653 8239 3087 1733 286 68 1447 20414 891 258 1974 5152 1795 3357 749
is_linear=0
shrinkage=0.03


Tree=198
num_leaves=31
num_cat=0
split_feature=27 12 40 436 437 3 310 16 9 437 151 355 437 369 1 15 20 362 246 27 369 436 437 346 4 4 3 3 43 333
split_gain=23.4584 22.1982 21.8761 21.8676 22.7901 27.9272 31.7205 22.9147 35.7491 30.9568 34.3166 32.8014 30.4874 36.9638 30.3367 28.1903 41.4279 28.1657 26.2789 25.5123 24.783 24.4366 59.7549 36.4379 26.2114 28.6205 31.3703 31.5191 24.1787 23.2566
threshold=124.50000000000001 530.50000000000011 470.50000000000006 -221.1372245628481 33.500000000000007 15066.500000000002 2.5000000000000004 3.5000000000000004 500.00000000000006 565.00000000000011 2.5000000000000004 1.5000000000000002 2203.5000000000005 186.26300048828128 160.52500152587893 2.5000000000000004 2.5000000000000004 89.885002136230483 1.0000000180025095e-35 51.500000000000007 1776.0000000000002 -125.68996800980592 37.500000000000007 1.0000000180025095e-35 538.50000000000011 513.50000000000011 3055.5000000000005 3310.5000000000005 316.50000000000006 1.5000000000000002
decision_type=2 10 10 2 2 2 10 2 10 2 2 2 2 2 2 2 2 2 10 2 2 2 2 2 8 10 2 2 8 10
left_child=1 2 3 -1 -5 6 7 12 9 14 11 -11 21 19 -9 -13 18 -10 -17 -14 28 22 23 -6 25 29 -27 -28 -12 -23
right_child=-2 -3 -4 4 5 -7 -8 8 17 10 20 15 13 -15 -16 16 -18 -19 -20 -21 -22 24 -24 -25 -26 26 27 -29 -30 -31
leaf_value=-0.026832611999019505 -0.019918148923411948 -0.028834730029911812 -0.034766756902514871 -0.0060210355385792559 0.049497385633455029 -0.0045083388112588654 0.026304392728906834 -0.012927718786995678 0.13811903224022221 0.004915341443577974 0.066673359336323609 -0.009808108798731438 -0.00090578356323683029 -0.023522531114297297 0.024500862163736231 0.16377308693828305 -0.0039205206788602131 -0.032100088057370697 0.065306117246210618 0.080771876787131852 -0.035330355587587105 0.0060071151607749467 -0.01723087029814499 0.47340426778964906 -0.0055480284717552043 -0.012776872378832146 0.18077572280059048 0.040312404063062954 0.0096757089165787243 0.026926918404220689
leaf_weight=23.501726832939312 47.22974944091402 21.596976404311135 14.692918302025644 264.46691065328196 0.3747750788461407 338.21198703953996 60.326180911855772 75.049763237126172 3.4207476300653061 132.77633959753439 24.334176815114915 7.4943217369727817 365.9235024980735 72.827155465260148 26.326345147565007 3.0955564277246603 6.7001886637881389 1.1755242026410995 11.50650751683861 3.4744832532014689 3.2869134070351711 577.5153824200388 54.371691704727709 0.35570899955928326 125.4245521503035 10.507355795241891 1.5038039186038066 32.743823850061744 9.2422852977178973 52.145532674621791
leaf_count=1130 4591 497 225 12329 37 15928 633 3621 72 5407 515 162 17303 837 587 29 61 65 89 80 37 26141 2361 6 5009 410 20 879 377 562
internal_value=0.00101306 0.00143837 0.00172229 0.0019566 0.00225538 0.00334973 0.00494892 0.00414453 0.0115521 0.0102792 0.0171693 0.0112103 0.00240619 -0.00398866 -0.0032079 0.0402354 0.0578411 0.0945845 0.0861806 -0.00013754 0.0432879 0.00571397 -0.0136098 0.255919 0.00704521 0.00938724 0.032568 0.0464801 0.0509841 0.00773959
internal_weight=2371.6 2324.37 2302.78 2288.08 2264.58 2000.11 1661.9 1601.58 304.409 299.812 198.436 161.573 1297.17 442.225 101.376 28.7966 21.3023 4.59627 14.6021 369.398 36.8634 854.943 55.1022 0.730484 799.84 674.416 44.755 34.2476 33.5765 629.661
internal_count=100000 95409 94912 94687 93557 81228 65300 64667 11022 10885 6677 5748 53645 18220 4208 341 179 137 118 17383 929 35425 2404 43 33021 28012 1309 899 892 26703
is_linear=0
shrinkage=0.03


Tree=199
num_leaves=31
num_cat=0
split_feature=27 30 2 363 0 437 15 437 437 4 43 42 38 113 43 438 46 437 346 366 7 157 6 4 30 106 38 101 30 106
split_gain=22.8804 42.8295 35.9354 32.6866 35.3416 34.9292 31.8692 31.8164 39.2476 47.8228 30.0949 35.4569 29.5747 29.3297 45.5047 79.0323 26.593 26.3517 41.8792 31.4598 29.2471 30.2412 29.6611 36.2403 33.1131 40.9657 35.6584 33.3089 29.3608 112.839
threshold=1.5000000000000002 1.0000000180025095e-35 2.5000000000000004 23.382550239562992 7431176.5000000009 584.50000000000011 50.500000000000007 202.50000000000003 127.50000000000001 474.50000000000006 80.500000000000014 1.0000000180025095e-35 1.5000000000000002 1.0000000180025095e-35 566.50000000000011 1888.5000000000002 1.0000000180025095e-35 971.00000000000011 5.5000000000000009 1006.9750061035157 217.00000000000003 1.5000000000000002 2.5000000000000004 513.50000000000011 526.50000000000011 1.0000000180025095e-35 116.50000000000001 1.0000000180025095e-35 191.50000000000003 1.0000000180025095e-35
decision_type=2 10 2 2 2 2 2 2 2 8 8 10 8 8 8 2 2 2 2 10 10 2 2 10 10 10 10 10 10 8
left_child=1 6 10 5 -5 7 -1 8 -4 13 11 -2 16 14 -10 -16 -11 19 20 -7 -19 22 23 24 26 -26 27 28 -22 -30
right_child=2 -3 3 4 -6 17 -8 -9 9 12 -12 -13 -14 -15 15 -17 -18 18 -20 -21 21 -23 -24 -25 25 -27 -28 -29 29 -31
leaf_value=0.0022234762883612583 -0.013011907550046607 0.021890741912662135 -0.0084224483349831479 0.12702992536275079 0.016618588258837476 0.011882256707113055 -0.21674324563260289 -0.020774818034585061 0.014229588354856007 0.20036098089462365 -0.025966399372687885 0.024145283200543155 0.035137050841472978 -0.02114249038393361 -0.030357037412471234 0.50583070331732172 0.057728562046371695 -0.010956391443388221 -0.032025740675166545 0.071643994021239943 0.064447591466997925 0.042080419354008969 0.00065852216178138943 -0.020107542025716268 -0.030397721410336677 0.31334743694392769 -0.015841408896757222 -0.030284450121453265 0.66561698198907038 -0.030595374180529513
leaf_weight=1095.1334386107046 87.388717739377171 108.17308598593809 181.3917159116827 2.7282224921509615 59.78970448160544 114.28896464873105 0.59854275919496913 121.26095347246155 3.9846858559176326 2.0340746436268118 93.05943812103942 31.424370714696124 20.06013621785678 22.198186349822212 0.48796122707426537 0.50186546286568046 2.7902464407961816 99.442581485724077 33.361893626395613 8.5186922918073815 18.063467869535103 21.598220584681258 217.32639598683454 10.543063817312939 0.48820203146897145 0.86464909603819251 8.2049795589409751 3.3231389052234581 0.34430082142352958 0.53520214231684804
leaf_count=36563 1939 1829 14467 58 1846 5415 8 8516 323 65 2085 686 800 1738 52 21 79 7080 490 60 401 379 13545 353 61 21 582 484 17 37
internal_value=0.0009808 0.00388175 -0.00201445 0.000467344 0.0214368 -0.00100299 0.00210387 -0.0083083 -0.00183278 0.0211287 -0.0131908 -0.00318436 0.0511757 -0.00638798 0.0594523 0.241503 0.117867 0.00382332 0.000203896 0.0160277 0.00302802 0.00797181 0.00513506 0.028098 0.0440682 0.1893 0.0376201 0.0573205 0.072689 0.241952
internal_weight=2369.91 1203.91 1166 954.132 62.5179 891.614 1095.73 354.71 233.449 52.0572 211.873 118.813 24.8845 27.1727 4.97451 0.989827 4.82432 536.904 414.096 122.808 380.734 281.292 259.693 42.367 31.8239 1.35285 30.4711 22.2661 18.943 0.879503
internal_count=100000 38400 61600 56890 1904 54986 36571 26061 17545 3078 4710 2625 944 2134 396 73 144 28925 23450 5475 22960 15880 15501 1956 1603 82 1521 939 455 54
is_linear=0
shrinkage=0.03


Tree=200
num_leaves=31
num_cat=0
split_feature=223 1 4 334 32 25 39 20 21 241 1 25 9 26 20 427 422 27 340 369 365 32 11 90 25 27 11 11 336 4
split_gain=274.481 230.259 161.415 1200.95 165.276 63.0369 351.262 123.841 79.2143 56.4267 136.187 48.7474 88.0535 144.58 175.037 78.5849 128.609 78.1835 70.29 406.732 118.556 68.3135 60.6406 65.5747 58.1365 72.4303 53.6318 289.597 126.684 79.8118
threshold=20.500000000000004 35.958000183105476 584.50000000000011 3.5000000000000004 67.500000000000014 128.50000000000003 3.5000000000000004 117.50000000000001 5.5000000000000009 2.5000000000000004 14.048000335693361 1.5000000000000002 328.50000000000006 1.5000000000000002 4.5000000000000009 1.0000000180025095e-35 81.500000000000014 35.500000000000007 1.5000000000000002 1330.5000000000002 71.924999237060561 15.500000000000002 8.5000000000000018 1.5000000000000002 19.500000000000004 85.500000000000014 36.500000000000007 39.500000000000007 1.5000000000000002 543.50000000000011
decision_type=10 2 10 10 10 2 8 2 2 10 2 2 10 2 2 2 2 2 8 2 8 8 8 8 2 2 10 10 2 8
left_child=2 -2 5 -4 -5 8 7 -7 11 -10 -11 -1 18 15 -15 26 -17 -16 21 20 -20 22 23 -13 -24 -26 -14 -28 29 -29
right_child=1 -3 3 4 -6 6 -8 -9 9 10 -12 12 13 14 17 16 -18 -19 19 -21 -22 -23 24 -25 25 -27 27 28 -30 -31
leaf_value=-0.0043997814081756783 -0.38331781446673069 0.032401411125114972 -0.011162209394396792 0.60843062568750605 1.2265130861538391 1.1680827555406887 0.024286988135247541 0.39234547968298228 -0.031527277139424235 -0.45688207912230255 -0.039065868866351106 0.051358903488851047 0.0093060897128650587 0.040429051870579671 0.45053209625331647 0.49948868499500948 -0.042704102112503001 0.16350283230182541 0.12272998316634934 0.54229942104680107 -0.018142070589744781 -0.010121927359430731 0.0050035154843623636 0.289187050293012 0.56535501754623252 0.081253484376807211 1.1064754649036623 0.01604988514403876 0.58672432967758348 0.24410372698737653
leaf_weight=1494.2602516259067 3.0956142619252196 1.9572750851511953 9.9351495290175045 0.89046712592244215 0.69191461335867643 0.27517422800883651 29.053344481624666 0.56655806489288807 42.683368647703901 0.98008052073419039 2.4755559070035815 15.079302507219838 145.21287983306684 5.996240063570438 1.7375880610197785 0.78652169182896503 0.78843327518552542 1.6797621436417101 7.339003009721643 1.408146965317427 20.109209368005395 380.54216731456108 157.11381515488029 1.1209676091093559 0.35129426931962271 1.3360477769747374 0.23749093618244188 14.289489734917877 0.38808750081807453 1.5289053604938097
leaf_count=63592 43 46 586 19 29 15 647 61 390 18 65 548 7562 91 28 18 26 61 95 28 463 20802 3641 35 11 186 30 730 11 123
internal_value=-0.00141465 -0.222286 -0.000937475 0.111094 0.878694 -0.0014919 0.0417905 0.645945 -0.0020551 -0.0409671 -0.157566 -0.00125763 0.00494438 0.0237683 0.138088 0.0171755 0.228063 0.309446 -0.000616664 0.0450345 0.0195238 -0.0029879 0.0125251 0.0678153 0.00688462 0.18204 0.0151209 0.0664702 0.0512299 0.0380921
internal_weight=2343.91 5.05289 2338.86 11.5175 1.58238 2327.34 29.8951 0.841732 2297.44 46.139 3.45564 2251.31 757.045 172.645 9.41359 163.232 1.57495 3.41735 584.4 28.8564 27.4482 555.544 175.001 16.2003 158.801 1.68734 161.657 16.444 16.2065 15.8184
internal_count=100000 89 99911 634 48 99277 723 76 98554 473 83 98081 34489 8680 180 8500 44 89 25809 586 558 25223 4421 583 3838 197 8456 894 864 853
is_linear=0
shrinkage=0.03


Tree=201
num_leaves=31
num_cat=0
split_feature=335 223 331 36 25 39 21 410 27 28 411 367 365 133 25 32 341 15 139 261 438 438 427 43 19 8 4 439 343 27
split_gain=251.512 211.377 174.051 137.557 56.3918 155.582 70.8392 63.5477 100.911 50.0817 48.1022 102.233 109.672 60.5435 46.7646 73.1764 151.36 250.837 91.6539 46.3314 42.3306 144.275 148.291 44.7847 86.1137 127.324 133.776 125.864 85.928 76.7552
threshold=16.500000000000004 20.500000000000004 3.5000000000000004 32.041666030883796 128.50000000000003 3.5000000000000004 5.5000000000000009 154.00000000000003 3.5000000000000004 122.50000000000001 611.50000000000011 24.023599624633793 26.969850540161136 1.5000000000000002 1.5000000000000002 96.500000000000014 3.5000000000000004 1.5000000000000002 1.5000000000000002 535.00000000000011 139.50000000000003 133.00000000000003 1.0000000180025095e-35 117.50000000000001 1.5000000000000002 1.5000000000000002 468.50000000000006 139597.50000000003 4.5000000000000009 710.50000000000011
decision_type=10 10 2 8 2 8 2 8 2 2 10 8 8 8 2 10 10 2 8 10 2 2 2 10 2 2 10 2 2 2
left_child=1 4 -2 -3 6 9 10 8 -8 -6 14 -12 -13 -14 19 16 20 -18 -19 -1 21 22 -16 24 -22 26 27 -26 29 -27
right_child=2 3 -4 -5 5 -7 7 -9 -10 -11 11 12 13 -15 15 -17 17 18 -20 -21 23 -23 -24 -25 25 28 -28 -29 -30 -31
leaf_value=-0.0049782093704474999 0.33842960411165085 0.032333218419742731 0.011954092319324388 -0.27563120975071159 0.49744171223674766 0.023239990261476946 -0.26116066606513261 -0.02459762188247306 -0.022215696572893708 0.15903586162762731 0.01405561373628578 0.49127716048477343 -0.0090489157963382933 0.2521934356973306 0.0016763867459868317 -0.0098569048378722018 0.42040265095049612 -0.025151446267829686 0.257463944867248 0.16319124092587808 0.0068353282956836597 0.24681292688709031 0.39179196882084383 -0.01124203531764943 0.097445919773584022 0.016155795717809524 0.047216859601361003 0.45083571101761294 0.58717528180630529 0.63878816018563966
leaf_weight=1476.4733405865263 3.3075913898646823 1.9033744316548107 2.644854411482811 4.1545403301715842 0.79252472892403603 29.258408947382126 2.8143428480252624 38.951231854502112 3.6585140842944384 0.78191194939427078 23.446772905532274 0.80159725248813529 1.9147615865804257 1.3694124510511754 18.934727393556393 227.09272149880417 2.1134404954500488 4.5322132885921746 1.3375587551854549 1.4759016782045353 359.78277984797023 2.8842070074751964 0.91952641494572063 100.0767079857178 1.6281353812664741 26.991801555268474 4.2526735584251583 2.0480636074207723 0.24278037389740248 0.17937569762579997
leaf_count=63460 41 46 13 43 21 656 38 400 29 56 552 19 47 39 941 15303 34 70 17 10 8450 75 17 6034 105 3210 145 75 17 37
internal_value=-0.0013942 -0.00188946 0.193367 -0.17887 -0.00143025 0.0388726 -0.00196961 -0.0390625 -0.126107 0.329379 -0.00122358 0.0381874 0.176671 0.0998821 -0.00170996 0.00437505 0.0105204 0.140154 0.0392488 -0.00481027 0.00852228 0.0485461 0.0197441 0.00668449 0.0112249 0.0559096 0.161788 0.294324 0.0252868 0.0202662
internal_weight=2346.77 2340.81 5.95245 6.05791 2334.76 30.8328 2303.92 45.4241 6.47286 1.57444 2258.5 27.5325 4.08577 3.28417 2230.97 753.017 525.924 7.98321 5.86977 1477.95 517.941 22.7385 19.8543 495.202 395.126 35.3428 7.92887 3.6762 27.414 27.1712
internal_count=100000 99946 54 89 99857 733 99124 467 67 77 98657 657 105 86 98000 34530 19227 121 87 63470 19106 1033 958 18073 12039 3589 325 180 3264 3247
is_linear=0
shrinkage=0.03


Tree=202
num_leaves=31
num_cat=0
split_feature=335 223 345 36 9 23 28 16 20 105 3 26 20 136 43 114 103 29 9 436 180 411 366 260 437 4 4 168 32 32
split_gain=201.773 173.193 105.589 95.5143 53.4257 115.588 97.3517 118.478 113.848 101.286 124.475 70.139 56.4622 54.4468 53.1511 52.8013 52.7507 134.579 63.3109 65.334 121.876 51.5215 67.8853 62.0555 57.6073 48.7836 60.4936 50.3188 56.1508 71.2794
threshold=16.500000000000004 20.500000000000004 3.5000000000000004 32.041666030883796 326.00000000000006 2.5000000000000004 4.5000000000000009 11.500000000000002 4.5000000000000009 1.0000000180025095e-35 6934.0000000000009 1.5000000000000002 9.5000000000000018 2.5000000000000004 2.5000000000000004 1.0000000180025095e-35 1.0000000180025095e-35 226.50000000000003 333.50000000000006 182.9142403846154 209.97000122070315 611.50000000000011 22.004899978637699 15.236399650573732 1689.0000000000002 266.50000000000006 269.50000000000006 1.5000000000000002 194.50000000000003 349.50000000000006
decision_type=10 10 2 8 10 2 2 2 2 10 2 2 2 10 8 8 10 8 10 2 10 10 8 8 2 10 10 10 8 8
left_child=1 4 -2 -3 21 13 7 8 25 10 -10 12 -11 16 15 -8 -6 18 19 20 -18 -1 -23 24 -24 -7 -27 28 -28 -30
right_child=2 3 -4 -5 5 6 14 -9 9 11 -12 -13 -14 -15 -16 -17 17 -19 -20 -21 -22 22 23 -25 -26 26 27 -29 29 -31
leaf_value=-0.0045530888030763765 0.25226133067559536 0.032266927114446863 0.011542712737035546 -0.21973616333704341 -0.0022478714287547026 -0.023885424491038049 0.35004946737059495 0.34741583387548053 0.58371656956095341 -0.026582752713489102 0.1679208310045856 0.29516073084953676 0.10646308497918586 0.1956514521095746 -0.014111045445951303 0.040933855986654548 0.029775086464207862 0.36862757128119211 -0.020826002986364001 0.044559258110576767 0.52901581421747967 0.011724965729690786 0.11462175644735112 0.006656583345069962 0.35938697747012827 0.33372555389127484 -0.02296943179774167 0.23984738555392507 0.19466900292958259 0.037380727919059331
leaf_weight=1766.091140225064 4.2851771377027026 1.8508588075637815 2.6567575484514236 5.0386569462716571 422.5177990545053 12.209984136512501 0.70812951494008303 1.2610412221401919 0.7790885488502689 4.80919455247931 3.8506007038522512 1.1814472191035754 7.1222846545279026 1.2824111208319653 31.504386897897348 1.6706702369265261 0.97760885721073154 1.1205184361897398 9.6915707481093687 5.3397494703531265 0.80041021574288607 24.657570614479486 2.5800009993836288 2.5690971058793357 1.302204748149961 0.64937173947692173 10.200340752722695 1.101319380570202 3.1547244172543301 14.564736568136148
leaf_count=73688 41 46 13 43 19550 714 44 17 39 240 101 13 37 11 2799 170 36 31 218 32 15 566 50 53 27 41 537 30 173 625
internal_value=-0.00136331 -0.0018423 0.160136 -0.152036 -0.0013989 0.00690895 0.0369727 0.0596559 0.0535697 0.11726 0.237891 0.0746695 0.0528366 0.000459173 -0.00378632 0.132952 -0.00010915 0.0502899 0.0290694 0.097007 0.254518 -0.00387894 0.0343931 0.121033 0.196723 0.0265874 0.0473579 0.0409502 0.0331045 0.0653839
internal_weight=2347.53 2340.59 6.94193 6.88952 2333.7 536.497 94.7673 60.8841 59.6231 17.7426 4.62969 13.1129 11.9315 441.73 33.8832 2.3788 440.448 17.9299 16.8093 7.11777 1.77802 1797.2 31.1089 6.4513 3.88221 41.8805 29.6705 29.0211 27.9198 17.7195
internal_count=100000 99946 54 89 99857 25473 5580 2567 2550 430 140 290 277 19893 3013 214 19882 332 301 83 51 74384 696 130 77 2120 1406 1365 1335 798
is_linear=0
shrinkage=0.03


Tree=203
num_leaves=31
num_cat=0
split_feature=335 223 29 1 25 21 410 241 38 16 9 26 9 16 23 7 20 435 38 227 262 114 435 411 367 12 136 438 372 427
split_gain=168.811 146.645 72.7714 71.8262 52.0848 65.1309 53.1118 75.0918 47.0742 94.9592 46.0336 117.786 81.5881 81.4702 76.7605 87.4913 60.9593 60.4654 56.8731 50.7558 58.7609 50.6593 58.6299 46.2581 61.9725 53.3921 45.2162 44.5853 162.31 79.803
threshold=16.500000000000004 20.500000000000004 5.5000000000000009 35.958000183105476 128.50000000000003 5.5000000000000009 154.00000000000003 2.5000000000000004 3.5000000000000004 203.00000000000003 328.50000000000006 1.5000000000000002 442.50000000000006 6.5000000000000009 5.5000000000000009 225.00000000000003 2.5000000000000004 0.11018229578008078 321.50000000000006 2.5000000000000004 151.98274993896487 1.5000000000000002 0.2455346009235462 611.50000000000011 24.023599624633793 293.00000000000006 2.5000000000000004 225.00000000000003 299.60000610351568 1.0000000180025095e-35
decision_type=10 10 10 2 2 2 8 10 8 2 10 2 8 2 2 8 2 2 8 10 8 8 2 10 8 8 10 2 2 2
left_child=1 4 -2 -3 5 10 7 -7 9 -6 19 13 16 26 15 -15 -13 -17 21 23 -21 22 -19 -1 -25 -26 27 28 29 -12
right_child=2 3 -4 -5 8 6 -8 -9 -10 -11 11 12 -14 14 -16 17 -18 18 -20 20 -22 -23 -24 24 25 -27 -28 -29 -30 -31
leaf_value=-0.0043939797105261658 0.011147819434249476 -0.18474204132727179 0.20441545287351034 0.032202483531186557 0.2608120174897377 -0.04828032854309533 -0.023641715116135213 -0.26256273140128106 0.0093015453231243533 0.04284449589740081 0.0081114094776270559 0.05140303598011671 -0.025934891912540364 0.0025560452428445173 -0.003040045963297904 0.71520229096131671 0.21412307777147155 0.52971199780535982 0.019032373474463848 0.0165209440496638 0.21896552438441691 0.048445316380437024 0.18567182943011784 0.012977534836813839 0.25514324508543629 0.056455650248174331 0.1695474299481361 -0.0018609126800988444 0.31140191629764069 0.24355641353829396
leaf_weight=1717.4196288075764 2.6681653410196295 5.799832582473754 5.1144117936491966 1.7996979188174007 2.239132842281836 4.8206331906840205 39.079924976453185 2.1187415923923254 20.01466263923794 9.1484582484699768 29.74403723701835 3.4667161358520353 3.3434172174893328 6.7054280617740032 14.019780175993217 0.1608852562494566 5.1504932073876262 0.48090562876313647 3.1005026958882818 3.782029586378485 1.9586503477767099 2.34609705582261 6.1075190457049757 23.835818180348728 1.8718523713760076 3.4807248911820343 1.4328626133501519 422.74206949886866 1.799627546686678 1.3546429332345713
leaf_count=74089 13 43 41 46 78 37 400 30 533 122 1880 57 90 286 1763 11 51 22 85 56 20 35 196 552 39 64 11 19288 39 23
internal_value=-0.00133249 -0.00179655 0.138156 -0.133366 -0.00136774 -0.00189161 -0.0372227 -0.113705 0.0370076 0.0857033 -0.00117036 0.0068396 0.099855 0.00456912 0.0501498 0.0896025 0.148661 0.137462 0.129738 -0.00346479 0.0855926 0.168156 0.210784 -0.0037575 0.0336924 0.125939 0.00128613 0.000756999 0.0343971 0.0183673
internal_weight=2347.11 2339.32 7.78258 7.59953 2331.73 2300.32 46.0193 6.93937 31.4023 11.3876 2254.3 501.955 11.9606 489.994 32.9211 18.9013 8.61721 12.1959 12.035 1752.35 5.74068 8.93452 6.58842 1746.61 29.1884 5.35258 457.073 455.64 32.8983 31.0987
internal_count=100000 99946 54 89 99857 99124 467 67 733 200 98657 23837 198 23639 2398 635 108 349 338 74820 76 253 218 74744 655 103 21241 21230 1942 1903
is_linear=0
shrinkage=0.03


Tree=204
num_leaves=31
num_cat=0
split_feature=335 223 222 332 25 21 19 30 410 41 9 26 16 28 16 20 7 11 227 262 57 411 367 12 335 126 29 131 33 438
split_gain=144.938 126.931 56.8004 51.3914 48.3363 60.3523 48.4868 49.2706 44.878 70.4537 43.0637 103.025 72.8291 72.6549 66.8324 46.7234 46.429 48.9996 46.0129 47.3149 43.1308 43.0584 50.5712 46.3353 40.8468 98.7646 143.083 80.9111 41.3318 39.4294
threshold=16.500000000000004 20.500000000000004 20.500000000000004 15.500000000000002 128.50000000000003 5.5000000000000009 137.50000000000003 633.50000000000011 154.00000000000003 2.5000000000000004 328.50000000000006 1.5000000000000002 6.5000000000000009 5.5000000000000009 6.5000000000000009 2.5000000000000004 225.00000000000003 5.5000000000000009 2.5000000000000004 151.98274993896487 3.5000000000000004 611.50000000000011 24.023599624633793 97.500000000000014 8.5000000000000018 1.0000000180025095e-35 15.500000000000002 1.0000000180025095e-35 2.5000000000000004 225.00000000000003
decision_type=10 10 10 2 2 2 2 8 8 8 10 2 2 2 2 2 10 8 10 8 10 10 8 8 8 8 10 10 8 2
left_child=1 4 -3 -2 5 10 -6 -8 9 -7 18 12 29 16 15 -13 -14 -18 20 -20 21 24 -23 -24 -1 26 27 28 -26 -12
right_child=3 2 -4 -5 6 8 7 -9 -10 -11 11 14 13 -15 -16 -17 17 -19 19 -21 -22 22 23 -25 25 -27 -28 -29 -30 -31
leaf_value=-0.0051610233614085548 0.18046340270961969 -0.16053609419924053 0.03213983634456228 0.028897038018591122 0.023664204608521457 -0.037773022281706689 0.099854007297007497 0.44364057445681454 -0.022870537118019257 -0.23425673063116842 0.032450275503130427 0.048273921580966661 0.019761620612668059 0.0067196071892258779 -0.034165373392401333 0.18222156406020318 -0.032488446871607103 0.15620355692445342 0.015969987254135558 0.19168080203755733 0.11252703923706704 0.01249677289241235 0.28222960287034143 0.069365086992007233 0.098868579156489333 -0.022632067405105972 0.26709529567239998 0.4386168716069021 -0.0067707697613375323 -0.0012456616360038695
leaf_weight=1672.2511875217315 5.2438442409038526 6.4627065956592542 1.7498617470264433 3.2682295143604279 28.884637862211097 4.907403701916337 2.45897712605074 0.44274493167176832 39.184128431137651 2.4687019558623433 33.743219371885061 3.904307793825863 5.0522943646647009 18.678878530394286 2.9540872965008012 5.86360336933285 1.4344856871757645 9.06984788691625 3.794932518620044 2.166744291316717 2.8709799684584132 24.007547285873446 1.140921391546726 4.7602757897693655 4.9438080375548443 18.342980372719467 2.950966451317071 0.44374904781580049 10.232374788727611 423.69947211118415
leaf_count=73125 38 43 46 16 532 40 158 43 400 27 1942 62 201 1920 89 47 80 197 56 20 31 552 15 88 74 198 38 14 609 19299
internal_value=-0.00129858 -0.00174829 -0.119482 0.122269 -0.00133343 -0.00184145 0.035408 0.152309 -0.0356493 -0.103534 -0.00114257 0.00657952 0.00439858 0.0466035 0.0908681 0.128682 0.0944922 0.130436 -0.00337096 0.0798313 -0.00365572 -0.00384752 0.0318374 0.11052 -0.00447197 0.0267431 0.0755123 0.0393178 0.0276424 0.00123992
internal_weight=2347.38 2338.87 8.21257 8.51207 2330.65 2298.87 31.7864 2.90172 46.5602 7.37611 2252.31 504.4 491.678 34.2355 12.722 9.76791 15.5566 10.5043 1747.91 5.96168 1741.94 1739.07 29.9087 5.9012 1709.17 36.9139 18.5709 15.6199 15.1762 457.443
internal_count=100000 99946 89 54 99857 99124 733 201 467 67 98657 23837 23639 2398 198 109 478 277 74820 76 74744 74713 655 103 74058 933 735 697 683 21241
is_linear=0
shrinkage=0.03


Tree=205
num_leaves=31
num_cat=0
split_feature=335 223 255 431 431 259 143 437 82 16 3 260 431 9 23 28 30 4 38 28 38 47 6 20 114 27 436 24 422 255
split_gain=126.633 111.633 46.5098 45.9801 86.0587 74.507 66.6605 78.9572 142.635 619.062 458.736 69.3807 65.2442 58.131 84.7744 71.1514 82.0829 110.223 148.992 275.776 102.086 139.486 62.0703 52.6268 48.3271 81.3983 47.5747 46.7172 48.4109 67.0443
threshold=16.500000000000004 20.500000000000004 688.94064331054699 695.50000000000011 678.50000000000011 17.122150421142582 1.5000000000000002 6297.0000000000009 1.0000000180025095e-35 1.5000000000000002 17187.500000000004 59.879299163818366 702.50000000000011 326.00000000000006 2.5000000000000004 4.5000000000000009 141.50000000000003 547.50000000000011 125.50000000000001 2.5000000000000004 454.50000000000006 1.0000000180025095e-35 2.5000000000000004 126.50000000000001 2.5000000000000004 10.500000000000002 -27.025366773847811 1.5000000000000002 24.500000000000004 39.937601089477546
decision_type=10 10 8 2 2 8 8 2 10 2 2 10 2 8 2 2 8 10 10 2 8 2 2 2 10 2 2 2 2 10
left_child=1 3 -3 4 6 -6 13 11 -9 10 -10 23 -5 -1 26 16 17 20 -19 -20 22 -22 -16 24 -8 -26 -15 -14 29 -29
right_child=-2 2 -4 12 5 -7 7 8 9 -11 -12 -13 27 14 15 -17 -18 18 19 -21 21 -23 -24 -25 25 -27 -28 28 -30 -31
leaf_value=-0.0058650392677579953 0.11009336988159618 -0.14269904576437184 0.03207893601715163 -0.18653972118180601 0.021092901220851289 0.35399407808280581 0.0067919967240943312 0.032293539117140703 0.2383179851471969 -0.0055129833034436304 1.4635399382951726 0.19710927869735978 -0.013861794565440639 -0.01091491799908645 -0.037718728968226103 -0.0049233174176994835 -0.00098229969231138406 0.1271445411250488 1.0428909133488189 0.02988956015967446 0.10137742697771472 0.50513428541623451 0.057896911401005398 0.24303633815943332 0.33951315310900843 -0.032287790906690733 0.0078539766901303196 -0.0047592994079603563 0.0018698160219999364 0.23860095187566027
leaf_weight=924.12232917989604 9.1548496782779676 7.0426197126507759 1.7013207282870988 1.8467691130936135 1.2697146828286348 1.1559205241501325 157.21701414790004 12.124251037137581 0.55826446786522799 2.6306262323632836 0.54208206827752292 1.8032456561923016 396.7337987634819 185.52270259917714 8.4091244747396576 30.697799910092726 19.022279014112428 6.2764748057816169 0.47497082827612747 0.49283224390819669 4.084767570719122 0.94898358732461918 22.352635355200619 0.86729529523290594 1.0451126205734902 1.0751222535036502 352.4657095731236 2.2396839596331111 191.32967870216817 1.8690905859693883
leaf_count=53172 54 43 46 29 30 16 7348 491 65 224 39 23 9443 9607 297 2624 1333 112 23 38 83 22 478 55 19 22 10815 45 3380 24
internal_value=-0.00126448 -0.00170054 -0.108692 -0.00129888 0.00116735 0.179735 0.00091738 0.0183152 0.0822086 0.244414 0.84192 0.0120621 -0.00850289 -0.00107277 0.00594849 0.0324354 0.0509142 0.0738509 0.180569 0.527042 0.0522533 0.177495 0.0317591 0.00997923 0.00871067 0.150981 0.00138161 -0.00794766 0.00405784 0.105946
internal_weight=2347.08 2337.92 8.74394 2329.18 1735.16 2.42564 1732.73 177.863 15.8552 3.73097 1.10035 162.008 594.019 1554.87 630.748 92.7599 62.0621 43.0398 7.24428 0.967803 35.7955 5.03375 30.7618 160.205 159.337 2.12023 537.988 592.172 195.438 4.10877
internal_count=100000 99946 89 99857 86936 46 86890 8286 819 328 104 7467 12921 78604 25432 5010 2386 1053 173 61 880 105 775 7444 7389 41 20422 12892 3449 69
is_linear=0
shrinkage=0.03


Tree=206
num_leaves=31
num_cat=0
split_feature=335 223 431 431 0 143 437 142 16 431 260 9 11 11 30 155 16 85 438 119 12 335 126 185 1 20 43 368 57 167
split_gain=112.964 99.3441 43.2512 70.3893 65.4271 60.4941 59.8351 87.8363 79.1467 56.9452 56.1016 54.5288 62.4516 135.405 53.453 71.0893 49.1916 120.104 50.79 48.0059 45.645 45.5302 102.87 87.4593 41.7073 66.9674 92.1338 67.2358 40.6896 36.988
threshold=16.500000000000004 20.500000000000004 695.50000000000011 678.50000000000011 12001551.500000002 1.5000000000000002 6297.0000000000009 1.5000000000000002 1.5000000000000002 702.50000000000011 59.879299163818366 326.00000000000006 85.500000000000014 87.500000000000014 72.500000000000014 1.0000000180025095e-35 2.5000000000000004 1.0000000180025095e-35 345.50000000000006 1.0000000180025095e-35 63.500000000000007 8.5000000000000018 1.0000000180025095e-35 513.50000000000011 159.01249694824222 2.5000000000000004 5.5000000000000009 334.50000000000006 3.5000000000000004 1.5000000000000002
decision_type=10 10 2 2 2 8 2 8 2 2 10 8 10 10 10 8 2 10 2 10 8 8 10 10 2 2 10 2 10 8
left_child=1 2 3 5 -5 11 10 8 -8 -4 24 21 20 -14 -9 19 29 18 -18 -16 -13 28 23 -23 -7 -26 27 -27 -1 -15
right_child=-2 -3 9 4 -6 6 7 14 -10 -11 -12 12 13 16 15 -17 17 -19 -20 -21 -22 22 -24 -25 25 26 -28 -29 -30 -31
leaf_value=-0.0071049260559500156 0.10114101854173123 -0.10003442934085396 -0.16919454659713251 0.026087755084992462 0.32104349121367304 -0.0014070960700197515 0.35676667597804174 0.016155063477839321 -0.031034210907287533 -0.0077527569936499544 0.16726284701310956 -0.035331180033588414 0.27270282045220506 -0.014819366416305291 0.32932750835639035 0.46846296958427114 0.12355818925967062 0.46310310505270869 0.011645236289899323 0.018760783944991526 0.0049408658756568604 0.037752046094653068 -0.046316865337257526 0.20641888650963552 0.0156611311902498 0.12635727703940103 -0.033100267057541662 0.3965221924741234 0.10288009184411953 0.075770852731632546
leaf_weight=895.83876510709524 9.6579777896404249 9.2045532651245576 1.9729677704162885 1.5809884825721376 1.183519324287772 106.22005743300542 1.6159442914649873 12.429439427796749 0.67004802310839284 589.1048220267985 2.0568307302892199 26.525473704561591 2.1408228864893308 21.102643962251022 0.57981894817203361 0.53948101773858059 5.7200934905558833 0.66707440000027496 10.083618409000335 1.9695546391885717 561.83825563220307 8.8120757783763093 8.0025911778211594 4.033262614160777 45.736298875650391 5.5023284149356169 3.0411186895798892 0.97613714635372151 3.037585482466965 5.0216725938953486
leaf_count=52674 54 89 29 29 17 5838 43 524 68 12892 23 503 38 809 9 10 85 19 532 165 23375 363 71 33 1306 127 159 14 31 71
internal_value=-0.0012478 -0.0016709 -0.00128198 0.00110341 0.152362 0.000862283 0.0172588 0.0694859 0.243098 -0.00829164 0.0115727 -0.00105248 0.0057234 0.0398939 0.0439111 0.155601 0.028193 0.0687954 0.0521517 0.0893948 0.00312526 -0.00571671 0.0381122 0.0907112 0.00958953 0.0307287 0.10312 0.167064 -0.00673325 0.00259408
internal_weight=2346.87 2337.21 2328 1736.93 2.76451 1734.16 181.337 17.8043 2.28599 591.078 163.533 1552.82 633.1 44.7359 15.5183 3.08885 42.5951 16.4708 15.8037 2.54937 588.364 919.724 20.8479 12.8453 161.476 55.2559 9.51958 6.47847 898.876 26.1243
internal_count=100000 99946 99857 86936 46 86890 8286 819 111 12921 7467 78604 25432 1554 708 184 1516 636 617 174 23878 53172 467 396 7444 1606 300 141 52705 880
is_linear=0
shrinkage=0.03


Tree=207
num_leaves=31
num_cat=0
split_feature=335 223 25 21 352 436 335 11 126 49 20 437 26 411 437 343 188 12 12 191 434 332 179 410 41 437 331 29 296 262
split_gain=101.564 88.369 43.5689 54.0609 38.0677 48.5964 47.852 78.354 77.2991 45.971 61.2814 141.867 58.1513 50.7844 44.9101 49.4105 40.4098 37.7908 66.5514 36.1797 36.0067 41.0836 48.7621 33.3421 45.1824 33.286 33.0064 31.2143 30.2827 30.2539
threshold=16.500000000000004 20.500000000000004 128.50000000000003 5.5000000000000009 1.0000000180025095e-35 182.9142403846154 8.5000000000000018 12.500000000000002 1.0000000180025095e-35 1.0000000180025095e-35 124.50000000000001 164.50000000000003 2.5000000000000004 553.00000000000011 10333.000000000002 3.5000000000000004 945.75000000000011 18.500000000000004 213.00000000000003 1.0000000180025095e-35 -0.25376672576337672 12.500000000000002 386.49000549316412 154.00000000000003 2.5000000000000004 215.50000000000003 1.0000000180025095e-35 10.500000000000002 2.5000000000000004 210.47595214843753
decision_type=10 10 2 2 10 2 8 10 8 2 2 2 2 8 2 2 10 10 10 10 2 2 8 8 8 2 2 10 10 10
left_child=1 2 3 4 6 -6 9 17 20 13 12 -12 14 29 -11 -16 25 -8 -19 -4 -9 22 -22 24 -5 -7 -17 -2 -15 -1
right_child=27 -3 19 23 5 16 7 8 -10 10 11 -13 -14 28 15 26 -18 18 -20 -21 21 -23 -24 -25 -26 -27 -28 -29 -30 -31
leaf_value=-0.0064713774494936163 0.028022850386634268 -0.091980006360214833 0.054802389793253692 -0.033652294854741846 -0.023451436426696309 -0.0363590877937559 -0.0047251231466569924 0.064658489253473922 0.019471895986339385 -0.010895123909043552 1.2314092366724796 -0.030260025475152656 0.17499961984736959 0.0054275124710618516 0.019163671201624773 0.34466413314709266 -0.031441992379262894 0.25695520667829402 -0.030720771925441259 -0.013184507697618465 0.13165655308858062 0.12147577656314519 0.41588804096741189 -0.022027917448358875 -0.17979599466460647 0.059925704953000702 0.05218800665705306 0.13600845684033347 0.053975728841338666 0.062031121402028398
leaf_weight=501.42136556934565 3.9627236276864988 9.7021381426602584 22.200554137350991 5.0379222715273499 127.43855820177123 3.9798596538603368 31.16222332441248 2.3678029451984912 7.1361940223723659 518.00120120635256 0.11889441357925434 0.24653011746704578 1.551744408905505 973.54078584327362 26.122668578987945 0.71548388246446737 9.9683028240688127 1.4028232921846204 1.4951435439288614 10.319004207849501 0.91543236724100774 2.3757919147610664 1.3360489616170523 39.265056063653901 3.0605907971039414 17.182362074032426 0.67476405017077923 6.1450609937310219 11.702532193623481 5.8703731033019713
leaf_count=11648 18 89 628 40 2495 73 959 65 44 32245 21 40 11 48692 1604 17 167 28 19 105 49 13 24 400 27 242 29 36 121 51
internal_value=-0.0012183 -0.00162884 -0.00125207 -0.00174085 -0.00107219 -0.0152431 3.90955e-06 0.0295511 0.0889392 -0.000694103 -0.00813027 0.380236 -0.00838968 0.00203333 -0.00891135 0.0284384 0.0183594 0.00491147 0.108535 0.033229 0.159808 0.208497 0.300322 -0.0334592 -0.0888829 0.041818 0.202709 0.0936731 0.00600416 -0.00567867
internal_weight=2346.42 2336.31 2326.61 2294.09 2246.73 158.569 2088.16 48.1915 14.1313 2039.97 547.431 0.365425 547.066 1492.54 545.514 27.5129 31.1305 34.0602 2.89797 32.5196 6.99508 4.62727 2.25148 47.3636 8.09851 21.1622 1.39025 10.1078 985.243 507.292
internal_count=100000 99946 99857 99124 98657 2977 95680 1201 195 94479 33967 61 33906 60512 33895 1650 482 1006 47 733 151 86 73 467 67 315 46 54 48813 11699
is_linear=0
shrinkage=0.03


Tree=208
num_leaves=31
num_cat=0
split_feature=335 223 25 39 16 20 431 431 261 39 23 9 7 25 20 3 106 43 16 55 38 43 322 342 103 3 28 24 422 255
split_gain=91.3299 79.1563 41.097 56.6001 52.1116 76.7373 37.2276 63.1192 115.339 47.3898 58.5697 101.084 79.1481 63.2544 70.2794 59.9739 113.628 81.8231 68.9278 55.0951 48.2869 46.76 45.4081 44.8482 43.3374 95.3717 41.9143 41.8356 41.316 50.9817
threshold=16.500000000000004 20.500000000000004 128.50000000000003 3.5000000000000004 76.500000000000014 9.5000000000000018 695.50000000000011 603.50000000000011 44.982599258422859 189.50000000000003 2.5000000000000004 333.50000000000006 223.50000000000003 19.500000000000004 19.500000000000004 6530.5000000000009 1.0000000180025095e-35 228.50000000000003 3.5000000000000004 2.5000000000000004 203.50000000000003 4.5000000000000009 60.782501220703132 1.5000000000000002 1.0000000180025095e-35 13751.500000000002 4.5000000000000009 1.5000000000000002 24.500000000000004 24.980449676513675
decision_type=10 10 2 8 2 2 2 2 10 10 2 10 10 2 2 2 10 8 2 10 10 8 10 2 10 2 2 2 2 10
left_child=1 2 4 -4 6 -6 7 9 -9 10 22 13 -13 19 -15 16 17 20 -17 -12 -14 -16 23 -1 -11 -26 -20 -8 29 -29
right_child=-2 -3 3 -5 5 -7 27 8 -10 24 11 12 15 14 21 18 -18 -19 26 -21 -22 -23 -24 -25 25 -27 -28 28 -30 -31
leaf_value=0.0025939011746248181 0.086790761800788124 -0.085142754487093214 0.15789156435940419 0.019805160536994045 -0.15610243102336147 -0.021133741743322099 -0.01319356970902542 0.03963320641672588 0.35766562151603298 -0.010997966173513313 -0.001826439028403881 -0.0065177190004975464 0.30168966061607094 0.65921159665041074 0.22906140391515786 -0.0083653534134228418 0.051695509549339103 0.13889654538744717 0.11565581891827624 0.085437762757890431 0.63785990198870735 -0.011513927767276898 0.060884241487392118 -0.013378885232217214 -0.030910869066582452 0.42495326515218906 0.0058093305466820335 -0.016266474950174564 0.0021472943265403092 0.18764521498809389
leaf_weight=988.80791732063517 10.57167489081621 10.159401247277854 2.9374859840609133 29.505535578588024 4.1812466057017437 40.64744091569446 389.43506357097067 9.5669123283587378 1.1496305782347906 297.1326188868843 128.67649483331479 13.184413900831712 0.89858472975902148 0.21735730883665327 1.3561799207236613 9.0192438103258628 4.0222125502768904 1.5615604855120184 14.841875066049399 6.8586070283781728 0.67223457037471235 1.5676552588120107 11.143056302797048 188.34163832454942 1.1159284990280856 0.65575351426377881 3.9605715745128682 2.0266342540271571 168.84832915780134 2.422604993917048
leaf_count=47972 54 89 77 656 34 3491 9451 172 17 21836 6821 700 46 16 29 411 229 50 305 104 23 199 142 3477 61 11 315 43 3143 26
internal_value=-0.00118738 -0.00158572 -0.00122056 0.0323079 -0.00169509 -0.0337225 -0.00105627 0.00117519 0.0737505 0.000710592 0.00306389 0.018678 0.0561223 0.00567399 0.138764 0.0797346 0.157201 0.292679 0.0598133 0.00258947 0.445554 0.100074 0.000608861 3.82864e-05 -0.0101159 0.137818 0.0925176 -0.00773697 0.00452511 0.0947632
internal_weight=2345.49 2334.91 2324.75 32.443 2292.31 44.8287 2247.48 1684.75 10.7165 1674.03 1375.13 186.837 48.1607 138.676 3.14119 34.9763 7.15459 3.13238 27.8217 135.535 1.57082 2.92384 1188.29 1177.15 298.904 1.77168 18.8024 562.733 173.298 4.44924
internal_count=100000 99946 99857 733 99124 3525 95599 82936 189 82747 60839 9248 2079 7169 244 1379 348 119 1031 6925 69 228 51591 51449 21908 72 620 12663 3212 69
is_linear=0
shrinkage=0.03


Tree=209
num_leaves=31
num_cat=0
split_feature=335 223 39 431 431 261 15 9 28 4 15 11 11 378 7 4 30 27 439 20 113 431 24 38 438 365 365 7 20 166
split_gain=83.1196 71.3087 38.6812 51.2591 53.5562 80.4641 44.2001 46.182 55.5151 51.3358 59.3383 66.853 107.485 44.4274 45.6604 78.3694 145.491 42.809 102.691 42.7807 54.9359 40.3732 42.4714 40.3107 39.9389 57.6067 99.6857 57.6203 48.8261 45.9577
threshold=16.500000000000004 20.500000000000004 392.50000000000006 695.50000000000011 603.50000000000011 65.022899627685561 151.50000000000003 326.00000000000006 1.5000000000000002 575.50000000000011 1.5000000000000002 85.500000000000014 87.500000000000014 7.5000000000000009 223.50000000000003 565.50000000000011 143.50000000000003 666.50000000000011 35332.000000000007 2.5000000000000004 1.5000000000000002 702.50000000000011 1.5000000000000002 74.500000000000014 36962.500000000007 48.960000991821296 58.469999313354499 223.50000000000003 8.5000000000000018 1.5000000000000002
decision_type=10 10 10 2 2 10 2 10 2 10 2 10 10 8 8 10 8 2 2 2 8 2 2 10 2 10 10 10 2 10
left_child=1 2 3 4 6 -6 7 8 -1 10 -9 13 -13 -12 -15 19 -17 -8 -19 -16 -21 -5 -23 -11 -10 29 27 -27 -28 -26
right_child=-2 -3 -4 21 5 -7 17 9 24 23 11 12 -14 14 15 16 -18 18 -20 20 -22 22 -24 -25 25 26 28 -29 -30 -31
leaf_value=0.0028545307684305524 0.081371169530434384 -0.079252476487273765 -0.015876109094499314 -0.13189073706228777 0.037121400073927627 0.27728089166658926 0.038830184295751899 -0.0030533006548094485 -0.016048821618413148 0.070461893439044437 0.098467071360515759 0.27002874665463023 0.047540332903818587 -0.013922853199271373 0.00049216314809301962 1.0259046699570793 -0.030610437962688735 0.83777803646864624 0.066322134506627051 0.053909365372083351 -0.033637573939176227 -0.013028104335005239 0.0041311268562759839 -0.034418176129053825 -0.013345971017540764 0.42227043479337872 -0.013013023365403895 0.1316226810869906 0.10968584968852814 0.19745543386742315
leaf_weight=806.07474064314738 10.931701295077799 10.580252625048159 150.96244663302787 2.34898658376187 9.850323898252098 1.4390070997178543 17.069884151685986 210.67825832101516 288.27167050540447 19.854707673424858 5.3412495134398341 2.1644456498324898 20.120686319423839 47.1096908939071 49.5691480897367 0.19877252820879121 0.28623046260327101 0.20733689167536695 0.61867407290264964 40.91820762376301 7.6581833134405306 386.64112947671674 195.44392312620766 3.9552288679406038 38.592629426973872 0.85713305417448582 9.6976499587763083 2.1630888532381505 4.17568325693719 0.95379819162189861
leaf_count=31948 54 89 12576 29 174 15 683 9555 18134 388 83 26 792 2659 3156 14 26 28 87 2256 96 9443 3449 189 3442 18 432 64 57 38
internal_value=-0.00115932 -0.0015459 -0.00119201 -0.000171532 0.00262434 0.0677336 0.0021581 0.00161985 -0.0014544 0.010294 0.00764392 0.0206434 0.0691495 0.0134885 0.0103741 0.0219793 0.402389 0.049037 0.259965 0.0200994 0.0401074 -0.00776753 -0.00726663 0.0530396 -0.0115304 0.0115476 0.0579198 0.214108 0.0239177 -0.00826177
internal_weight=2344.73 2333.8 2323.22 2172.26 1587.83 11.2893 1576.54 1558.64 1150.79 407.855 384.045 173.367 22.2851 151.081 145.74 98.6305 0.485003 17.8959 0.826011 98.1455 48.5764 584.434 582.085 23.8099 344.712 56.44 16.8936 3.02022 13.8733 39.5464
internal_count=100000 99946 99857 87281 74360 189 74171 73373 54133 19240 18663 9108 818 8290 8207 5548 40 798 115 5508 2352 12921 12892 577 22185 4051 571 82 489 3480
is_linear=0
shrinkage=0.03


Tree=210
num_leaves=31
num_cat=0
split_feature=335 223 411 49 8 43 23 9 334 4 155 3 367 114 15 26 335 438 23 122 437 9 114 362 38 341 3 9 437 433
split_gain=76.0097 64.547 37.6656 56.3871 59.106 53.8545 57.542 45.4537 44.0268 59.7649 53.023 54.2812 69.7689 44.8879 61.2777 42.1544 42.1923 80.8462 62.7 38.7967 38.4643 37.3704 34.2135 34.1452 34.2729 33.6454 33.3771 33.2877 45.9433 76.7764
threshold=16.500000000000004 20.500000000000004 531.50000000000011 1.0000000180025095e-35 1.5000000000000002 93.500000000000014 22.500000000000004 285.00000000000006 1.5000000000000002 584.50000000000011 2.5000000000000004 10111.500000000002 183.20999908447268 2.5000000000000004 1.5000000000000002 2.5000000000000004 8.5000000000000018 10977.000000000002 1.5000000000000002 1.5000000000000002 10333.000000000002 328.50000000000006 1.5000000000000002 348.25000000000006 275.50000000000006 3.5000000000000004 1893.5000000000002 123.50000000000001 355.00000000000006 3.5000000000000004
decision_type=10 10 8 2 2 10 2 8 10 8 8 2 10 10 2 2 10 2 2 10 2 10 8 2 10 10 2 8 2 2
left_child=1 2 25 4 5 6 19 -6 10 -10 13 22 -13 -9 -15 16 20 18 -18 27 -5 -22 -12 -23 -25 -1 -7 28 29 -4
right_child=-2 -3 3 15 7 26 -8 8 9 -11 11 12 -14 14 -16 -17 17 -19 -20 -21 21 23 -24 24 -26 -27 -28 -29 -30 -31
leaf_value=-0.0086709498989743367 0.076654690228520062 -0.074114403230452527 0.0351867174026732 -0.0099876506406147338 -0.006897148585874719 0.096006184687388141 0.17397381676515689 0.0083832388047412627 -0.010191422891800287 0.1092128885336332 -0.02607854431290409 0.086589161305397538 0.35392484787777195 0.23406175246207678 -0.0012104065629584854 0.13560354366589722 0.16563302403524899 -0.043100271486401637 0.014067237227337621 0.17429826332183881 -0.0020157816821601109 -0.0067210069618759407 0.13630919332474734 0.21439260017443285 0.067561443610786004 0.10117891872942694 -0.017941519369231593 0.021414618321045093 0.03676996515274198 0.40256508898611443
leaf_weight=531.94032488740049 11.25105172395706 10.968096209689973 1.0870973444543772 560.51482403744012 347.81915659969673 2.4678211722057304 2.4122315987478933 468.89298464753665 153.28785633435473 3.8678630935028186 5.7542575863189978 6.8848603132646531 1.0071208933368323 1.8789908578619354 2.1209781300276518 1.8729397058486927 5.2338978722691554 6.2964518237859002 4.6289955172687769 1.5751782748848189 17.380566905252639 3.7031040380243194 1.464997769333422 1.9084626012481747 5.7154671759344637 2.5212911721318951 37.010427323402837 135.88209824869409 4.4622054337523878 0.96771311713382591
leaf_count=11430 54 89 28 33647 20718 84 60 23751 2683 44 150 132 18 23 38 11 37 58 48 38 1300 325 24 30 48 22 1834 3165 77 34
internal_value=-0.00113352 -0.00150889 -0.00116572 0.000925031 0.00475077 0.0202775 0.0286637 0.00184449 0.00655729 -0.00725268 0.0110046 0.0663235 0.120705 0.00923692 0.109309 -0.00650176 -0.00694141 0.0408831 0.094498 0.026229 -0.00825299 0.0256163 0.00687467 0.0680158 0.104317 -0.00815274 -0.0108185 0.0245911 0.0908229 0.208204
internal_weight=2342.78 2331.53 2320.56 1786.1 1178.84 185.865 146.387 992.979 645.16 157.156 488.004 15.1112 7.89198 472.893 3.99997 607.255 605.382 16.1593 9.86289 143.974 589.222 28.7076 7.21926 11.327 7.62393 534.462 39.4782 142.399 6.51702 2.05481
internal_count=100000 99946 99857 88405 52901 5320 3402 47581 26863 2727 24136 324 150 23812 61 35504 35493 143 85 3342 35350 1703 174 403 78 11452 1918 3304 139 62
is_linear=0
shrinkage=0.03


Tree=211
num_leaves=31
num_cat=0
split_feature=335 129 411 25 26 16 25 32 341 9 9 438 32 7 312 32 47 405 387 136 49 8 348 12 12 9 334 122 438 9
split_gain=69.7859 60.9549 42.1251 38.8302 48.1024 41.1653 37.6616 56.9977 68.8972 55.8966 39.7398 64.9291 46.2006 50.6368 46.0139 40.1344 37.4466 36.4715 40.8458 48.9744 39.9753 55.4033 47.5324 56.0188 90.0268 52.3791 47.203 40.6374 110.384 38.6371
threshold=16.500000000000004 5.5000000000000009 523.50000000000011 128.50000000000003 5.5000000000000009 10.500000000000002 1.5000000000000002 96.500000000000014 3.5000000000000004 252.00000000000003 326.00000000000006 139.50000000000003 21.500000000000004 194.50000000000003 1.0000000180025095e-35 59.500000000000007 1.0000000180025095e-35 -269.99999999999994 275.50000000000006 2.5000000000000004 1.0000000180025095e-35 1.5000000000000002 3.5000000000000004 199.50000000000003 21.500000000000004 218.00000000000003 1.5000000000000002 1.5000000000000002 39680.500000000007 225.50000000000003
decision_type=10 10 10 2 2 2 2 10 8 8 10 2 10 10 8 8 2 10 8 10 2 2 8 8 10 10 10 10 2 8
left_child=1 3 -3 4 6 -6 17 8 10 -10 -8 15 14 -14 -13 -12 -15 18 19 -1 21 -20 26 24 -24 -25 27 -23 -29 -27
right_child=-2 2 -4 -5 5 -7 7 -9 9 -11 11 12 13 16 -16 -17 -18 -19 20 -21 -22 22 23 25 -26 29 -28 28 -30 -31
leaf_value=-0.016792045232176565 0.072507946789867439 -0.08692864573471086 0.019543297578574492 0.030466966093194072 0.03896341105966418 -0.035648016101727138 0.0031100719402454334 -0.0082709237440368958 -0.027307452399722824 0.109041346974816 -0.031313661772730046 0.19182969803259461 -0.028723386305015117 0.048137366518456175 0.0046403270676391882 0.11915603592928908 0.13844375921287599 0.0677233642334098 0.020533917177680047 0.15244367346181056 -0.0094529071009182199 0.00079721877981564038 -0.030751907380354389 -0.024534875954987392 0.57617401246264544 0.20843931060120874 -0.017933428654055283 -0.030763295758306667 0.33009487652623815 0.050710633115984512
leaf_weight=224.39679991453886 11.533141821622847 12.371239803964274 4.5834085699170819 34.644752031657845 7.5286485943943253 57.366191302891821 379.10937904892489 217.52651878620964 3.615487749455494 10.756954533979297 1.9427886605262739 1.195763323456049 5.5956398744601783 15.022597543429585 101.71072606719099 8.9213494164869171 5.7007700195536009 6.4254523115232578 123.93656077701598 1.5495881661772717 406.30289939348586 529.21587512595579 0.43533461773768067 8.8845069173257851 0.4446018491871655 1.5878980467095942 143.66175357718021 1.9900635369122019 1.2372201243415475 11.671655332436785
leaf_count=6437 54 106 100 755 57 574 13749 15262 78 159 135 19 332 739 3705 171 114 77 3616 11 22519 27347 23 254 18 24 3016 198 24 327
internal_value=-0.0011058 -0.00147028 -0.0581457 -0.00105473 -0.00153418 -0.0269921 -0.00078759 0.00467229 0.00994898 0.0747419 0.00815538 0.021809 0.0158871 0.0513567 0.00681545 0.0922482 0.0729797 -0.00359308 -0.00390796 -0.0156314 -0.0017533 0.00204758 -0.00122954 0.0411596 0.275907 0.0318314 -0.00267306 0.00144444 0.107576 0.0695994
internal_weight=2340.87 2329.33 16.9546 2312.38 2277.73 64.8948 2212.84 751.098 533.571 14.3724 519.199 140.09 129.225 26.319 102.906 10.8641 20.7234 1461.74 1455.31 225.946 1229.37 823.065 699.129 23.024 0.879936 22.1441 676.105 532.443 3.22728 13.2596
internal_count=100000 99946 206 99740 98985 631 98354 34463 19201 237 18964 5215 4909 1185 3724 306 853 63891 63814 6448 57366 34847 31231 646 41 605 30585 27569 222 351
is_linear=0
shrinkage=0.03


Tree=212
num_leaves=31
num_cat=0
split_feature=335 130 334 335 11 25 24 21 49 8 38 19 1 437 43 334 335 369 350 72 26 437 3 43 9 343 9 7 38 437
split_gain=64.2969 56.5686 41.1379 69.7338 48.4682 38.963 37.9326 34.7322 39.3259 63.173 48.8197 48.8063 51.4479 63.7627 48.5158 40.1264 44.458 47.3663 41.4927 39.9085 36.8218 36.4116 36.1888 48.647 33.0346 40.5565 31.459 33.1771 31.2635 31.1248
threshold=16.500000000000004 4.5000000000000009 5.5000000000000009 8.5000000000000018 4.5000000000000009 128.50000000000003 5.5000000000000009 4.5000000000000009 1.0000000180025095e-35 1.5000000000000002 16.500000000000004 1.5000000000000002 29.001000404357914 707.00000000000011 5.5000000000000009 1.5000000000000002 3.5000000000000004 1024.7500000000002 4.5000000000000009 1.5000000000000002 2.5000000000000004 10333.000000000002 7005.5000000000009 79.500000000000014 328.50000000000006 3.5000000000000004 511.50000000000006 101.00000000000001 3.5000000000000004 4346.0000000000009
decision_type=10 10 10 10 10 2 2 2 2 2 8 2 2 2 8 10 8 2 2 8 2 2 2 8 10 2 10 10 8 2
left_child=1 2 3 5 -5 7 -3 8 9 10 11 12 13 -1 -13 16 -11 19 -17 -18 21 -10 -21 -24 -23 -26 27 -12 -7 -14
right_child=-2 6 -4 4 -6 28 -8 -9 20 15 26 14 29 -15 -16 18 17 -19 -20 22 -22 24 23 -25 25 -27 -28 -29 -30 -31
leaf_value=0.28088921518110016 0.068829446679156553 -0.011860253110038663 -0.034217196894164296 0.0021093458694191941 0.084491355822628303 0.065929676501692722 -0.073013028326622723 -0.026226637498560801 -0.0097539046296790666 0.00098999616243430877 0.085348771631949899 0.18716434057005496 0.014203620457189776 -0.031241827646699017 -0.012715200562451354 -0.010997790390934192 0.0072341563095470688 0.22065223739419598 0.10976333578415425 0.008670884565013701 0.11985154821867811 -0.0016375351622707707 0.27048402561023033 0.076266306535304251 0.044403071696113204 0.22516363800054984 0.093551463831936937 -0.011424203656060681 0.0071711226675723995 0.052597239880547
leaf_weight=1.5273978696204715 11.781061396002768 21.278016997966915 32.750809611286968 11.440394733101131 14.668235835619269 13.729607427958397 15.988644460448993 49.624001812189817 543.55999532528222 1031.5441662212834 3.3597592830192289 3.3349725976586333 87.533417915226892 0.95876722037792195 1.6256844073068348 312.67809407878667 25.757241328945383 1.1843268293887366 2.5818507932126513 4.5236830445937795 2.0342265069484702 17.161910053109754 1.4770256178453562 5.419722082093358 10.41835544654168 1.2512771040201176 2.9560185880400232 62.511423967313021 20.052329213591293 24.273074803873897
leaf_count=40 54 283 296 115 95 215 141 486 33401 50383 50 71 1924 46 92 5750 896 21 27 49 11 1290 31 80 391 12 60 2566 523 601
internal_value=-0.00107866 -0.00143256 -0.000835884 -0.000351536 0.0483928 -0.000921955 -0.0380968 -0.00141353 -0.000840197 0.00161279 0.0179271 0.0295386 0.0255403 0.160519 0.121661 -0.000602394 0.00216931 0.0338808 -0.0100088 0.027931 -0.00755847 -0.00801128 0.07461 0.11786 0.0248424 0.0637851 -0.00219175 -0.0064883 0.0310517 0.0225388
internal_weight=2338.99 2327.2 2289.94 2257.19 26.1086 2231.08 37.2667 2197.3 2147.67 1573.25 188.081 119.253 114.293 2.48617 4.96066 1385.17 1069.91 38.362 315.26 37.1777 574.426 572.392 11.4204 6.89675 28.8315 11.6696 68.8272 65.8712 33.7819 111.806
internal_count=100000 99946 99522 99226 210 99016 424 98278 97792 62687 5450 2774 2611 86 163 57237 51460 1077 5777 1056 35105 35094 160 111 1693 403 2676 2616 738 2525
is_linear=0
shrinkage=0.03


Tree=213
num_leaves=31
num_cat=0
split_feature=335 223 36 39 411 9 6 11 3 9 49 11 11 4 4 367 43 161 135 438 129 3 13 438 114 27 122 11 29 28
split_gain=59.419 53.7111 45.1864 36.4761 44.7802 50.2792 44.5707 48.3133 65.4981 48.415 46.7199 40.9685 38.845 35.6873 121.621 106.445 50.2583 48.6806 49.4358 46.1479 45.1114 35.1497 36.0733 33.4383 74.633 69.0043 48.1277 62.6708 43.2217 33.3517
threshold=16.500000000000004 11.500000000000002 105.68750000000001 392.50000000000006 531.50000000000011 326.00000000000006 2.5000000000000004 28.500000000000004 13530.500000000002 344.50000000000006 1.0000000180025095e-35 7.5000000000000009 31.500000000000004 264.50000000000006 271.50000000000006 78.009998321533217 533.50000000000011 1.5000000000000002 1.0000000180025095e-35 141.00000000000003 2.5000000000000004 14026.500000000002 15.500000000000002 36962.500000000007 2.5000000000000004 624.50000000000011 1.5000000000000002 43.500000000000007 33.500000000000007 1.5000000000000002
decision_type=10 10 10 10 8 8 2 10 2 8 2 10 8 10 10 8 8 8 8 2 8 2 2 2 10 2 10 10 10 2
left_child=1 3 -3 4 -1 23 -7 11 9 12 21 13 -9 -8 15 16 -15 19 -19 20 -16 22 -10 29 25 26 -25 -28 -27 -6
right_child=-2 2 -4 -5 5 6 7 8 10 -11 -12 -13 -14 14 17 -17 -18 18 -20 -21 -22 -23 -24 24 -26 28 27 -29 -30 -31
leaf_value=-0.0076278897194400298 0.065540548564427703 0.0043495408973072986 -0.097149075925444986 -0.01546038613018311 -0.00043966681940990485 -0.0018316334848574854 0.00054278276115133099 0.32210771292345514 0.096896148352014183 -0.016313865063804951 -0.019042401325145789 -0.022850974425592644 0.052007187279221677 0.014945209146328776 0.039559055879429678 0.37546725556167598 0.32039716932146289 0.21852479687312448 0.046842789989285136 0.011639605561114787 0.1769474185406526 0.071127880945456121 0.2419933989791444 0.0030810839202124705 0.17151120484108925 0.46199646939725053 0.019738102573041164 0.21280974239374356 -0.030237325119134812 -0.013749768654654616
leaf_weight=527.42138632712886 11.997619166970251 6.6820078706368831 9.6464678533375245 147.2140357416356 546.92139943223447 233.58861946850084 121.96316928905435 0.50341836991719979 3.4344318080693546 17.791415966348723 3.2127650496549895 29.859532681526616 9.9659691066481173 2.593052758602425 8.9071796343196166 1.5446051217149941 0.59628413687460113 2.0186941351275864 5.9844646940473476 211.98566598887555 2.8357300935313097 9.9139729919843358 2.7987627901602536 162.45012267201673 2.5374598631169638 0.48623278131708403 4.4994847923517218 2.2797612391877919 0.23968796338886023 245.48155922640581
leaf_count=11423 54 107 47 12576 23583 8559 4244 12 23 737 125 1706 312 189 347 40 29 41 137 8177 45 237 35 9150 24 20 247 44 41 17689
internal_value=-0.00105097 -0.00139454 -0.0556134 -0.00101113 -2.71724e-05 0.00242559 0.00874247 0.0144088 0.0429279 0.0138075 0.0854366 0.0109111 0.0649949 0.0137237 0.0205221 0.171052 0.0720531 0.017447 0.0901474 0.0148464 0.0727362 0.106225 0.162046 -0.00195741 0.0100125 0.00760129 0.00634931 0.0846653 0.299468 -0.00456305
internal_weight=2337.35 2325.36 16.3285 2309.03 2161.81 1634.39 669.498 435.909 47.6207 28.2608 19.3599 388.288 10.4694 358.429 236.466 4.73394 3.18934 231.732 8.00316 223.729 11.7429 16.1472 6.23319 964.896 172.493 169.955 169.229 6.77925 0.725921 792.403
internal_count=100000 99946 154 99792 87216 75793 24995 16436 1481 1061 420 14955 324 13249 9005 258 218 8747 178 8569 392 295 58 50798 9526 9502 9441 291 61 41272
is_linear=0
shrinkage=0.03


Tree=214
num_leaves=31
num_cat=0
split_feature=130 346 333 334 39 431 25 24 143 9 370 362 30 408 78 14 404 362 87 4 103 365 9 9 9 4 27 30 20 24
split_gain=56.6718 48.2938 81.6348 41.3167 37.6322 42.5369 46.1657 41.8461 40.3691 45.0286 37.5127 47.1373 53.6618 37.0854 36.3846 34.8742 39.7287 33.6385 83.7652 51.8219 48.2609 59.8703 43.5116 49.5112 38.4576 37.1265 40.4604 46.7184 68.5033 33.5119
threshold=4.5000000000000009 13.500000000000002 1.0000000180025095e-35 5.5000000000000009 392.50000000000006 695.50000000000011 128.50000000000003 1.5000000000000002 1.5000000000000002 326.00000000000006 156.01815032958987 433.11999511718756 1.0000000180025095e-35 106.50000000000001 1.5000000000000002 23.500000000000004 36.000000000000007 132.22029876708987 1.0000000180025095e-35 268.50000000000006 1.0000000180025095e-35 112.99499893188478 344.50000000000006 333.50000000000006 493.00000000000006 481.50000000000006 12.500000000000002 141.50000000000003 1.0000000180025095e-35 4.5000000000000009
decision_type=10 2 10 10 10 2 2 2 8 8 2 2 10 8 8 2 10 2 8 10 10 8 8 10 8 8 2 8 2 2
left_child=1 3 -3 4 5 6 8 13 9 -1 -10 12 -12 -7 17 -9 -17 -11 19 -19 25 -22 23 -21 -24 -20 -27 28 -28 -2
right_child=29 2 -4 -5 -6 7 -8 15 10 14 11 -13 -14 -15 -16 16 -18 18 20 22 21 -23 24 -25 -26 26 27 -29 -30 -31
leaf_value=-0.0037536966858697164 -0.0087291535094856203 -0.023632055020812302 0.082213259940155714 -0.034387135701372161 -0.015185503565115764 0.071230851712442825 0.056600697220962212 -0.00021830712802946121 0.010328233007970452 0.0044513125511150605 0.016502526053394785 -0.0060706187435945382 0.1223965268035883 -0.013334443145937023 -0.03079039861666083 0.13344575607206688 0.022966858948936783 -0.020674349877819114 -0.012237991945342471 0.064425867911308637 0.19440933613457945 0.026788924697702134 -0.026567670250155512 0.17745028070603808 0.075549794705470824 0.0064417468424714215 0.40038500979423919 -0.03087965446793129 0.086981524336236946 -0.064262073752608798
leaf_weight=777.58238284382969 19.328693044371903 11.027410388458522 16.180903971195221 32.668110792059451 144.95487687364221 4.7271730545908213 14.436734667513518 159.66796037484892 149.01341039128602 400.42028574831784 7.4674887922592523 9.237616873579098 10.17589098215103 368.19607394258492 21.614091580267996 3.3394506932236281 23.861449180403724 5.7440159872639915 61.534429526887834 7.6565518674906361 2.6238630963489387 7.1267100763507196 4.8919269687030438 6.4072227184660733 10.323658940615132 25.839948067441583 0.69375045690685233 2.6204989801626661 6.5919742060359567 19.797095446148887
leaf_count=44022 271 209 102 298 12565 69 433 2881 7262 16644 108 114 148 9292 464 42 400 372 2275 180 38 71 351 112 195 549 20 192 162 159
internal_value=-0.00102621 -0.000416279 0.0393146 -0.000892618 -0.000403425 0.000620928 0.00320693 -0.00645627 0.00269899 0.000927349 0.0162125 0.0488318 0.0775773 -0.0122625 0.00738005 0.00513088 0.0365303 0.0089009 0.0214433 0.0617151 0.00826529 0.0718953 0.0778783 0.115918 0.0427183 0.00188757 0.0262037 0.0777518 0.116824 -0.036828
internal_weight=2335.75 2296.63 27.2083 2269.42 2236.75 2091.79 1532 559.792 1517.57 1341.67 175.894 26.881 17.6434 372.923 564.089 186.869 27.2009 542.475 142.055 35.0234 107.031 9.75057 29.2794 14.0638 15.2156 97.2806 35.7462 9.90622 7.28572 39.1258
internal_count=100000 99570 311 99259 98961 86396 73712 12684 73279 65647 7632 370 256 9361 21625 3323 442 21161 4517 1210 3307 109 838 292 546 3198 923 374 182 430
is_linear=0
shrinkage=0.03


Tree=215
num_leaves=31
num_cat=0
split_feature=222 335 21 24 253 32 25 335 72 415 369 40 23 30 438 437 148 214 364 261 130 9 108 114 411 436 227 30 42 9
split_gain=54.0214 69.4952 37.5284 62.5526 37.6289 32.1523 68.7722 52.4995 50.0991 41.4266 40.7364 38.9939 35.926 68.9414 56.9752 45.7503 36.7736 36.9657 30.8724 30.3577 29.969 28.9984 31.0384 47.9224 45.8836 32.1889 28.4586 27.8343 54.048 33.5097
threshold=2.5000000000000004 16.500000000000004 5.5000000000000009 14.500000000000002 3.5000000000000004 96.500000000000014 1.5000000000000002 5.5000000000000009 2.5000000000000004 16.500000000000004 554.42498779296886 78.500000000000014 9.5000000000000018 28.500000000000004 25538.500000000004 1594.0000000000002 10.500000000000002 31.500000000000004 35.425500869750984 452.50000000000006 2.5000000000000004 111.50000000000001 1.5000000000000002 2.5000000000000004 611.50000000000011 -32.574596614737111 1.5000000000000002 101.50000000000001 833.50000000000011 438.50000000000006
decision_type=10 10 2 2 10 10 2 10 8 10 2 10 2 10 2 2 10 10 2 10 10 8 8 8 10 2 10 10 10 10
left_child=1 5 4 -4 -2 6 9 12 10 11 -9 19 16 14 -14 18 17 20 -16 21 27 -1 23 -23 -24 -26 -22 29 -29 -8
right_child=2 -3 3 -5 -6 -7 7 8 -10 -11 -12 -13 13 -15 15 -17 -18 -19 -20 -21 26 22 24 -25 25 -27 -28 28 -30 -31
leaf_value=0.053844320575423897 -0.019320743750489425 0.075774069087138796 -0.084595220760384351 0.021381507237477761 0.022722207778187491 -0.0077531028081714963 0.0083263509225512608 0.022067174146712502 -0.062623418830155528 0.27481088458193098 0.083746640308335799 0.18978874596806566 0.043603569808797309 -0.0099284452104975111 0.2938440584955328 -0.0057366087356739903 -0.028611819857585815 0.088244779937952447 0.12803763486888906 0.11179845501844297 -0.036803088041438205 -0.00064931430340384134 -0.012678625252958797 0.147405911673852 0.1878922570953758 0.02762623604866753 0.096671986428310958 -0.010993774470571876 0.41611015086449871 0.036260671614795729
leaf_weight=8.0620625480078143 107.4576537264511 10.900491014122961 16.680033784359697 7.1662241863086811 23.316415151581168 407.97123234148603 307.40813006600365 19.428361148573458 3.7198868058621875 0.48497616499662299 19.12221157271415 0.94826530385762353 14.207926831906663 15.604673480847849 1.9346077847294498 1.17016672110185 26.761898087337613 5.0569036286324254 2.1162249823100865 2.0817805440165094 20.483369615161795 874.50073303910904 316.82574158557691 1.9720212034881104 1.6124779451638458 3.7530625136569133 1.5461791213601817 66.56039599259384 0.26773092756047745 44.206767534837127
leaf_count=254 1368 48 114 159 224 29172 9394 194 29 7 118 38 608 1690 115 90 541 62 22 12 256 40533 8551 24 17 57 17 4846 6 1434
internal_value=-0.00100102 0.00021503 -0.018136 -0.0527473 -0.0118247 -0.000164907 0.00159421 0.0103947 0.0425166 -0.00240226 0.052662 -0.00251339 0.00771827 0.0370302 0.0747459 0.159494 0.00554397 0.00759563 0.207224 -0.00266425 0.00666973 -0.00286171 -0.00324311 -0.000316197 -0.0112053 0.0757901 -0.0274349 0.00846522 -0.00928268 0.0118384
internal_weight=2333.33 2178.71 154.62 23.8463 130.774 2167.81 1759.84 549.595 42.2705 1210.24 38.5506 1209.76 507.325 35.0336 19.4289 5.221 472.291 445.529 4.05083 1208.81 440.473 1206.73 1198.66 876.473 322.191 5.36554 22.0295 418.443 66.8281 351.615
internal_count=100000 98135 1865 273 1592 98087 68915 19422 341 49493 312 49486 19081 2525 835 227 16556 16015 137 49448 15953 49436 49182 40557 8625 74 273 15680 4852 10828
is_linear=0
shrinkage=0.03


Tree=216
num_leaves=31
num_cat=0
split_feature=222 43 23 16 29 343 41 3 3 15 7 367 367 39 439 411 352 143 438 27 359 311 72 39 150 11 350 411 422 42
split_gain=51.0814 41.0994 102.612 79.1229 59.8389 49.058 39.8748 38.2203 79.3683 40.1011 66.7769 36.1983 112.698 47.0236 55.9675 45.4762 42.1097 39.2978 83.9938 35.4285 34.185 33.2813 33.1367 36.091 38.8579 38.6536 34.8768 32.9902 39.8286 31.1318
threshold=2.5000000000000004 105.50000000000001 2.5000000000000004 6.5000000000000009 20.500000000000004 3.5000000000000004 28.500000000000004 14454.500000000002 14650.000000000002 1.5000000000000002 122.50000000000001 360.94500732421881 404.47500610351568 14.500000000000002 62375.000000000007 592.50000000000011 1.0000000180025095e-35 1.5000000000000002 39680.500000000007 6.5000000000000009 311.97500610351568 3.5000000000000004 1.5000000000000002 106.50000000000001 2.5000000000000004 2147.5000000000005 5.5000000000000009 611.50000000000011 30.500000000000004 833.50000000000011
decision_type=10 10 2 2 8 2 10 2 2 2 10 8 8 8 2 10 10 10 2 2 2 10 10 8 10 10 2 10 2 10
left_child=1 2 11 7 19 -6 21 -4 20 10 -10 16 13 -13 -15 -14 17 27 -19 -5 -9 -2 23 24 25 26 -3 -1 -29 -25
right_child=6 22 3 4 5 -7 -8 8 9 -11 -12 12 15 14 -16 -17 -18 18 -20 -21 -22 -23 -24 29 -26 -27 -28 28 -30 -31
leaf_value=-0.00077828622698873846 -0.018952299771580763 0.00091795953224428596 -0.00011343077695955148 0.22643017710086097 -0.015980441832391796 0.080566344242987184 -0.075076560442064622 0.091837677278148053 0.21035038068681677 -0.012269682322847716 -0.0046171416211804707 -0.011904276359925079 0.0039227756503782572 0.079551869932638075 0.23487365927071979 0.16477091348219294 -0.020365066593813722 -0.0018889852215834058 0.19107660965976425 0.075600014127519599 0.29004549124851176 0.025492647199065389 0.020574114482165579 -0.013392690771349618 0.33308087758016502 0.26886184455691581 0.090252793900375383 0.1378551126313298 0.020197798973768794 0.23839169094002946
leaf_weight=1259.1546102673747 126.37893730099313 97.229159648995847 71.844697189051658 1.4711994067765797 13.786717417184265 7.2158744244370601 10.174840819556264 1.659494614927101 2.2912597181275514 10.903393064159898 3.0077726009767503 2.3660350646823627 96.534368553431705 5.4880621070042235 3.3700435981154442 1.6083135055378068 94.831206595990807 6.1013322970829886 3.042530242819339 29.61890416406095 1.4829615182243285 17.230907237157226 36.531751874601468 396.97108770557679 0.3276098407804956 0.50035589933395286 4.0989373046904793 2.9265152411535409 22.479110863991082 0.44245857838541169
leaf_count=48067 1591 6122 2874 25 1447 75 53 47 27 717 107 34 1626 46 49 24 1973 418 67 972 20 221 1347 31415 13 27 30 25 532 9
internal_value=-0.000975794 0.000204455 0.00256019 0.0268144 0.0563102 0.0171902 -0.0176858 0.00996473 0.0473939 0.0206326 0.0883331 0.000240141 0.0168574 0.106908 0.138644 0.00655868 -0.0010687 0.000345761 0.0623184 0.0827374 0.185374 -0.0136196 -0.00700723 -0.00902415 0.00688006 0.00583059 0.00453174 -9.53782e-05 0.0337509 -0.0131124
internal_weight=2331.07 2177.29 1641.18 143.282 52.0927 21.0026 153.785 91.1896 19.3449 16.2024 5.29903 1497.9 109.367 11.2241 8.85811 98.1427 1388.54 1293.7 9.14386 31.0901 3.14246 143.61 536.101 499.57 102.156 101.828 101.328 1284.56 25.4056 397.414
internal_count=100000 98135 59172 6311 2519 1522 1865 3792 918 851 134 52861 1779 129 95 1650 51082 49109 485 997 67 1812 38963 37616 6192 6179 6152 48624 557 31424
is_linear=0
shrinkage=0.03


Tree=217
num_leaves=31
num_cat=0
split_feature=130 335 334 335 38 4 39 23 39 38 9 7 43 438 437 55 11 3 16 11 3 11 0 39 436 438 432 24 438 312
split_gain=48.9978 61.1356 37.6361 53.792 39.6204 46.5025 31.0986 35.1196 68.9184 45.8062 50.4809 73.0767 43.8405 46.987 43.8313 39.0726 38.3695 34.2931 37.9334 36.8173 34.8041 35.4269 32.8363 29.2825 27.8946 55.7179 35.3662 27.2891 26.703 25.894
threshold=4.5000000000000009 16.500000000000004 5.5000000000000009 8.5000000000000018 100.50000000000001 270.50000000000006 392.50000000000006 2.5000000000000004 104.50000000000001 1.5000000000000002 333.50000000000006 223.50000000000003 8.5000000000000018 14870.500000000002 5464.5000000000009 2.5000000000000004 5.5000000000000009 6530.5000000000009 3.5000000000000004 16.500000000000004 3771.5000000000005 4.5000000000000009 10945747.500000002 59.500000000000007 -157.07451359852698 653.00000000000011 14.500000000000002 4.5000000000000009 17261.500000000004 1.0000000180025095e-35
decision_type=10 10 10 10 8 10 10 2 10 8 10 10 10 2 2 10 8 2 2 10 2 8 2 8 2 2 2 2 2 10
left_child=1 2 3 6 5 -5 7 -1 9 12 15 -12 13 -9 -10 24 -16 19 -19 20 -13 -22 -15 -17 25 -11 -27 29 -24 -2
right_child=27 -3 -4 4 -6 -7 -8 8 14 10 11 17 -14 22 16 23 -18 18 -20 -21 21 -23 28 -25 -26 26 -28 -29 -30 -31
leaf_value=-0.0013211896865956358 -0.055231011658145653 0.069468135817444696 -0.033296397233333046 0.1207937477131832 -0.035744628140318625 0.028529989631538986 -0.014491382061269081 0.041587982224475024 -0.025090761631073811 0.28596189237365333 -0.03219047753527475 0.05570303670241266 0.00045150003155061355 -0.0079440462703958825 0.053489155187264124 0.04327286168993625 -0.028881968522924486 -0.011236105712796311 0.070566610170511981 -0.031352982891385842 0.34816345874112381 0.14715426333525666 0.33868480656068994 0.21011763268205011 -0.0067205646918335896 0.098698438442013828 -0.060417718641914801 -0.05844525056268994 0.13702324605553531 0.017585242701097938
leaf_weight=1825.131349405041 6.842915392015132 11.221886143088339 31.489346871618181 7.2717352826148334 4.8998430091887704 15.179591972380875 139.61354534863494 13.640026168664919 60.684648511582054 0.84661256102844973 9.3156431152019632 2.6310593984089774 9.7497282822150719 1.3197706588543932 14.299970001913609 4.4189387192018321 7.9019401730038217 7.4518012523185488 16.178359638433903 1.301022147759795 1.0239901600871233 3.4404609242919832 0.64592961315065611 1.2048636865802107 86.613991214195266 2.6404953792225569 2.3997752706054598 20.21990551520139 6.9439002084545791 12.287805443629621
leaf_count=71717 92 48 296 49 59 102 12548 771 4943 28 579 125 628 119 321 69 417 313 508 64 40 92 24 15 5272 63 87 159 273 179
internal_value=-0.000952706 -0.000382212 -0.000726273 -0.000269785 0.0415452 0.0584132 -0.000785101 0.000134986 0.0105716 0.021413 0.0139576 0.0417637 0.0536054 0.0765875 -0.0118952 0.00224216 0.0241722 0.0632749 0.04477 0.115353 0.142252 0.193259 0.130169 0.0790183 -0.00242562 0.0607661 0.02294 -0.0341447 0.154186 -0.00846059
internal_weight=2328.81 2289.46 2278.24 2246.75 27.3512 22.4513 2219.4 2079.78 254.653 171.766 139.467 41.3423 32.2994 22.5496 82.8866 98.1247 22.2019 32.0267 23.6302 8.39653 7.09551 4.46445 8.9096 5.6238 92.5009 5.88688 5.04027 39.3506 7.58983 19.1307
internal_count=100000 99570 99522 99226 210 151 99016 86468 14751 9070 7255 1721 1815 1187 5681 5534 738 1142 821 321 257 132 416 84 5450 178 150 430 297 271
is_linear=0
shrinkage=0.03


Tree=218
num_leaves=31
num_cat=0
split_feature=222 43 23 29 43 11 38 72 41 30 334 367 365 34 365 367 340 1 43 251 30 72 4 438 438 43 4 130 435 27
split_gain=47.3338 37.7061 87.7804 56.5631 45.4747 60.177 49.2022 41.3121 34.9226 34.3432 33.5954 54.2498 49.8839 43.5457 44.8006 43.1265 149.235 32.4814 44.356 31.8188 31.0245 30.7415 30.9098 48.6266 73.6161 75.7588 35.5136 30.5902 30.3861 53.3881
threshold=2.5000000000000004 105.50000000000001 2.5000000000000004 95.500000000000014 56.500000000000007 5.5000000000000009 13.500000000000002 2.5000000000000004 28.500000000000004 72.500000000000014 3.5000000000000004 154.47499847412112 213.47499847412112 69.500000000000014 206.50000000000003 156.19000244140628 1.5000000000000002 107.00999832153322 2.5000000000000004 4.5000000000000009 85.500000000000014 1.5000000000000002 480.00000000000006 225.00000000000003 210.50000000000003 218.50000000000003 483.50000000000006 1.5000000000000002 0.28122059226194146 3.5000000000000004
decision_type=10 10 2 8 8 8 8 8 10 10 10 8 10 10 10 8 10 2 10 10 10 10 8 2 2 10 8 10 2 2
left_child=1 2 10 4 6 -6 7 17 19 -8 11 -1 13 14 15 16 -13 20 -19 -2 -4 22 -3 24 26 -26 -24 -17 29 -7
right_child=8 21 3 -5 5 28 9 -9 -10 -11 -12 12 -14 -15 -16 27 -18 18 -20 -21 -22 -23 23 -25 25 -27 -28 -29 -30 -31
leaf_value=-0.0008506878404606306 -0.017484566532163955 -0.014314921116948511 0.0055886205212003302 -0.019145696032008483 -0.01157703203431474 0.47425409806237223 -0.018103782552767605 -0.1500291998131251 -0.070312449191733781 0.13063598328128648 -0.018958613316898146 -0.033358329480283451 0.0031572122853631601 0.27602798917613014 0.096029461974832558 0.03072447806229639 0.54295285873039734 0.09590395530666096 0.0054874160625339452 0.033728751413580997 0.20070953131065805 0.01963817513135489 0.090426414223885282 -0.0040221510540080982 0.55292760716575839 0.11988437752636039 -0.011970382214181674 -0.023246309323292993 0.062372229366267767 0.11178470619509337
leaf_weight=1247.4790198912378 130.62228144449182 317.56183946796227 17.690975782228637 22.575317148584872 10.077452150406314 0.41510947048664038 29.864102575229484 1.0205396022647608 10.335886996705083 1.4656733917072404 77.507693461608142 1.1412119083106507 98.183428820222616 0.67318635992705722 9.0644661721307767 50.228392289951444 0.62632538005709637 15.449118369724603 7.1399185794871292 11.914313827641307 0.76511642406694491 36.950904749101028 4.3052863578777769 157.0188450855203 0.4104557314421976 3.1844324620906264 10.441270710900426 11.64246220840141 37.717141998233274 3.073540493613109
leaf_count=48529 1598 24567 931 1499 551 14 1514 8 53 62 822 41 1364 11 221 1639 15 314 139 214 12 1347 29 12014 17 84 905 219 1117 150
internal_value=-0.000929399 0.0002054 0.00244872 0.0245495 0.0324613 0.0541362 0.0173165 0.0385144 -0.0170649 -0.0111454 0.000274097 0.00132459 0.0171419 0.0358546 0.0336307 0.0247428 0.170857 0.0432023 0.0673252 -0.0132038 0.0136776 -0.00675395 -0.00873238 0.0013771 0.0475994 0.169328 0.0179246 0.0205686 0.0702072 0.154914
internal_weight=2326.55 2173.67 1643.8 147.254 124.679 51.2832 73.3954 42.0657 152.872 31.3298 1496.55 1419.04 171.559 73.376 72.7029 63.6384 1.76754 41.0451 22.589 142.537 18.4561 529.873 492.922 175.36 18.3414 3.59489 14.7466 61.8709 41.2058 3.48865
internal_count=100000 98135 59172 6311 4812 1832 2980 1404 1865 1576 52861 52039 3510 2146 2135 1914 56 1396 453 1812 943 38963 37616 13049 1035 101 934 1858 1281 164
is_linear=0
shrinkage=0.03


Tree=219
num_leaves=31
num_cat=0
split_feature=130 335 334 335 38 49 8 38 19 1 437 27 334 437 9 437 38 3 7 50 71 9 38 337 3 9 78 439 38 146
split_gain=44.7684 53.9417 35.3466 47.8623 35.0487 31.8405 59.8784 42.579 34.9462 41.1536 43.1565 32.7065 31.4279 31.3629 36.2999 31.223 28.4843 33.8258 28.022 27.6632 62.9402 27.8724 42.8891 26.8559 50.4363 46.808 63.4965 43.4872 48.3267 42.954
threshold=4.5000000000000009 16.500000000000004 5.5000000000000009 8.5000000000000018 100.50000000000001 1.0000000180025095e-35 1.5000000000000002 16.500000000000004 1.5000000000000002 29.001000404357914 707.00000000000011 3.5000000000000004 2.5000000000000004 3117.0000000000005 123.50000000000001 10333.000000000002 313.50000000000006 9485.5000000000018 101.00000000000001 1.0000000180025095e-35 1.0000000180025095e-35 328.50000000000006 299.50000000000006 2.5000000000000004 7005.5000000000009 205.50000000000003 1.0000000180025095e-35 62375.000000000007 295.50000000000006 1.0000000180025095e-35
decision_type=10 10 10 10 8 2 2 8 2 2 2 2 10 2 10 2 10 2 10 2 10 10 8 2 2 8 8 2 8 8
left_child=1 2 3 5 -5 6 7 8 9 10 -1 13 23 14 -11 -7 17 -17 -9 21 -21 22 -19 -8 -25 26 -26 28 -27 -29
right_child=-2 -3 -4 4 -6 15 12 18 -10 11 -12 -13 -14 -15 -16 16 -18 19 -20 20 -22 -23 -24 24 25 27 -28 29 -30 -31
leaf_value=0.21876210731550649 -0.032674617673390659 0.064656079286743759 -0.032649346854163992 0.054054148877779429 -0.035528166887621219 -0.008490517635060129 -0.00092677338076043207 0.081656028132268799 0.092558959772090957 0.090318431428131021 -0.031158192838434285 -0.030607965104366294 -0.015110149134896436 0.047217182657605015 0.0066215307317482545 -0.025387004231404726 -0.030970918626296196 -0.0031712719813457991 -0.0064040781969069696 0.57106159736909623 -0.030460250337654166 0.090197268933264976 0.35863027190377961 -0.015379867516028158 0.31120873581041614 -0.017485328673473192 -0.022080263498655949 0.03830244058444511 0.047847929714463437 0.11119926531779738
leaf_weight=1.8974525569938117 39.253097243141383 11.426609754562376 30.722811538726091 23.12294383067638 4.7357279583811751 539.73008196917363 1171.3915740586817 3.4250928210094562 7.0318513023667029 5.0578687544912091 0.92499812715686847 10.113373438594861 124.63578155264258 38.879243467468768 59.839995498536155 5.4249747460708084 6.653161321533843 7.3155416690278861 64.445387381361797 0.29905992979183793 0.32854711310937901 8.6019244361668807 0.30726769706234325 43.384903154335916 0.52599451644346118 24.424700352363288 23.457983616739515 41.028902000747621 17.483637443045154 8.8428858979605121
leaf_count=40 430 48 296 151 59 33605 49103 50 175 83 46 248 1920 742 1454 473 559 490 2645 17 30 121 12 2303 28 1078 1359 1842 418 175
internal_value=-0.000907926 -0.000362328 -0.000689034 -0.000251328 0.0388259 -0.000742714 0.00137071 0.0171352 0.0276084 0.0236952 0.136856 0.0208909 -0.000705129 0.0259096 0.0131445 -0.00686302 0.0234998 0.0397676 -0.00196011 0.0607417 0.25617 0.0531821 0.0114126 0.000644233 0.0122074 0.0225463 -0.0147709 0.032298 0.00977089 0.051228
internal_weight=2324.71 2285.46 2274.03 2243.31 27.8587 2215.45 1646.79 191.615 123.745 116.713 2.82245 113.89 1455.18 103.777 64.8979 568.661 28.9305 22.2773 67.8705 16.8523 0.627607 16.2247 7.62281 1330.54 159.149 115.764 23.984 91.7801 41.9083 49.8718
internal_count=100000 99570 99522 99226 210 99016 63709 5483 2788 2613 86 2527 58226 2279 1537 35307 1702 1143 2695 670 47 623 502 56306 7203 4900 1387 3513 1496 2017
is_linear=0
shrinkage=0.03


Tree=220
num_leaves=31
num_cat=0
split_feature=410 21 335 39 23 39 334 9 367 365 410 365 38 366 38 55 32 16 1 27 435 362 11 103 148 130 26 26 32 32
split_gain=43.3487 63.3164 42.1936 31.6296 34.5386 56.2134 44.7979 43.961 43.245 44.083 70.8887 71.0713 56.5474 43.5973 42.7195 42.8009 41.4313 40.9684 39.7368 39.8627 87.6169 39.2935 29.3405 94.8918 32.9357 28.6101 28.055 27.4563 27.2914 27.286
threshold=174.00000000000003 5.5000000000000009 16.500000000000004 392.50000000000006 2.5000000000000004 104.50000000000001 3.5000000000000004 333.50000000000006 139.97499847412112 213.47499847412112 176.50000000000003 180.50000000000003 38.500000000000007 186.92500305175784 1.0000000180025095e-35 2.5000000000000004 8.5000000000000018 2.5000000000000004 159.01249694824222 3.5000000000000004 0.40889102858759341 209.92499542236331 1.5000000000000002 1.0000000180025095e-35 8.5000000000000018 1.5000000000000002 127.50000000000001 1.0000000180025095e-35 55.500000000000007 6.5000000000000009
decision_type=8 2 10 10 2 10 10 10 8 10 8 10 8 10 8 10 10 2 2 2 2 2 8 10 10 10 2 2 8 10
left_child=1 -1 3 4 6 7 8 14 26 10 -10 22 13 -13 16 -16 18 -7 19 20 -6 -15 23 24 -12 28 -2 29 -9 -24
right_child=2 -3 -4 -5 5 17 -8 25 9 -11 11 12 -14 21 15 -17 -18 -19 -20 -21 -22 -23 27 -25 -26 -27 -28 -29 -30 -31
leaf_value=-0.0077099491383739605 -0.0020221868250003476 -0.068687684862406104 0.055500014631172316 -0.014302933100602978 0.41514310801022181 0.020133372834623308 -0.020562505733217513 0.0095063026467538114 0.32297601846086554 0.00012241649551433272 -0.022444314978813756 0.27838825699700942 -0.022575211310175754 -0.014097076121261388 -0.0032184380671226266 0.073402473685259498 -0.022454122039194557 -0.023961692140885279 0.12499994569126582 0.0068225822283003584 0.0083899394266092001 0.1107223850487544 0.034337246172098101 0.25210001393663967 0.12389186725004493 -0.032943468883967049 0.04026595811553673 -0.019584959768507201 0.060490269206614156 -0.018592958005641751
leaf_weight=66.78950205212459 1487.0457960853819 19.889373797923326 12.226018920540808 137.83735053485725 0.73714226461016297 28.215114967897534 99.155282933730632 12.447638131212443 0.72512259660288692 114.55206897831522 5.5678812735714001 1.1577509790659011 4.201824447605758 2.7952675234992048 97.742050367640331 7.0336347897537044 5.9631802793592206 57.830998266930692 6.9590161349624386 9.1563461062032712 1.3485548594035206 12.076059025479479 31.938714128686115 1.8895705025643108 1.8422140646725891 4.2297890437766901 14.254718356765805 24.943464034702629 39.229415495647117 12.081073724897577
leaf_count=1585 64846 113 51 12576 28 970 1165 578 13 1759 207 24 118 81 5522 90 419 4740 120 765 55 200 1013 28 23 182 193 497 1379 660
internal_value=-0.000886218 -0.0217019 -7.89989e-05 -0.000384677 0.000535392 0.0105275 -0.000956582 0.0198515 0.000176917 0.0128012 0.0274394 0.0252636 0.0753863 0.101066 0.0102179 0.00192516 0.0461749 -0.00950262 0.0686598 0.0337842 0.152148 0.0872609 0.0123069 0.0623279 0.0139361 0.0420697 -0.00162066 0.00556163 0.0482096 0.0198107
internal_weight=2321.86 86.6789 2235.18 2222.96 2085.12 270.893 1814.23 184.847 1715.07 213.771 99.2189 98.4938 20.2309 16.0291 128.94 104.776 24.1642 86.0461 18.2011 11.242 2.0857 14.8713 78.2629 9.29967 7.4101 55.9068 1501.3 68.9633 51.6771 44.0198
internal_count=100000 1698 98302 98251 85675 14848 70827 9138 69662 4623 2864 2851 423 305 6999 5612 1387 5710 968 848 83 281 2428 258 230 2139 65039 2170 1957 1673
is_linear=0
shrinkage=0.03


Tree=221
num_leaves=31
num_cat=0
split_feature=222 335 43 25 13 335 19 436 411 261 30 1 9 30 415 279 71 15 8 49 143 340 13 343 261 128 54 0 21 24
split_gain=41.8857 46.7816 32.6204 56.6114 42.3978 51.5327 41.5533 45.7049 33.8921 53.8165 33.3085 35.7996 33.4148 32.194 31.9721 31.042 28.7964 28.6969 28.3697 48.6318 29.4571 32.0999 35.6838 29.524 28.6631 29.1749 40.1921 76.2398 27.9092 49.4883
threshold=2.5000000000000004 16.500000000000004 105.50000000000001 1.5000000000000002 16.500000000000004 5.5000000000000009 1.5000000000000002 -132.20592985255931 352.50000000000006 65.022899627685561 2.5000000000000004 107.00999832153322 484.00000000000006 1.0000000180025095e-35 16.500000000000004 2.5000000000000004 1.0000000180025095e-35 3.5000000000000004 1.5000000000000002 1.0000000180025095e-35 1.5000000000000002 1.0000000180025095e-35 18.500000000000004 3.5000000000000004 452.50000000000006 1.0000000180025095e-35 1.5000000000000002 11375921.000000002 5.5000000000000009 14.500000000000002
decision_type=10 10 10 2 2 10 2 2 10 10 10 2 10 10 10 10 10 2 2 2 8 10 2 2 10 8 10 2 2 2
left_child=1 2 3 14 5 6 -5 16 15 -10 11 -9 -12 -7 18 -6 -8 -14 19 -1 23 -22 -23 -21 25 26 -20 -28 -2 -30
right_child=28 -3 -4 4 8 13 7 10 9 -11 12 -13 17 -15 -16 -17 -18 -19 24 20 21 22 -24 -25 -26 -27 27 -29 29 -31
leaf_value=0.021308075322533086 -0.010476305601933064 0.060450765760802501 -0.0066596494778180249 0.0078261011048225797 -0.012655262615667727 -0.035182558546131372 -0.033619264041675707 -0.0023681061288822673 0.01117835505340827 0.14971863360120649 -0.013469607064648698 0.092568022412725215 0.13733642685408765 0.058785485433298069 0.21921791181636013 0.19618184510645431 0.16041045392155925 -0.030451126750825057 0.0025448324048522445 -0.013133335285883408 0.0016256388874777298 0.037688477371290038 0.20216581055779492 0.12292328733245406 0.10474027780882134 -0.0086442399410065485 -0.030829283172151875 0.61413767456521695 -0.072600614449590886 0.021873851792481008
leaf_weight=113.97454857593402 126.91244966024533 11.536503061652182 521.00574176385999 294.04649920226075 114.0453047521878 3.6458782218396655 0.83309204736724485 5.3433311318513033 38.086393366102129 2.7025834554806343 17.7951115698088 10.801110763568429 2.746996908215805 32.822234406135976 0.58822256792336602 0.64420375227928062 3.963730387389659 1.3773985622683538 281.97227681404911 107.60308532556519 10.224190903361885 3.574823180679231 1.7773740720003841 1.4548239838331927 2.1549531389027825 582.6903121760115 0.40312724560499091 0.27918295096606016 17.402798734605316 6.9963634489104143
leaf_count=2811 1592 48 38956 7587 4163 37 52 642 702 41 2037 349 67 203 7 5 129 138 9066 2856 329 63 31 21 12 27734 24 25 114 159
internal_value=-0.000865106 0.000199926 -0.000122386 0.00196006 0.010034 0.0155154 0.0118486 0.0394446 -0.00312919 0.0203577 0.0284471 0.061147 0.00436261 0.0493911 -0.00189822 -0.0114822 0.126712 0.0813015 -0.00201581 0.00714516 -0.00580643 0.0327852 0.0923086 -0.0113184 -0.00453557 -0.00480769 0.00310131 0.233074 -0.0161256 -0.0455104
internal_weight=2319.4 2168.09 2156.56 1635.55 528.854 373.375 336.907 42.8608 155.478 40.789 38.0639 16.1444 21.9195 36.4681 1106.7 114.69 4.79682 4.1244 1106.11 238.609 124.634 15.5764 5.3522 109.058 867.5 865.345 282.655 0.68231 151.312 24.3992
internal_count=100000 98135 98087 59131 16152 11241 11001 3414 4911 743 3233 991 2242 240 42979 4168 181 205 42972 6111 3300 423 94 2877 36861 36849 9115 49 1865 273
is_linear=0
shrinkage=0.03


Tree=222
num_leaves=31
num_cat=0
split_feature=129 28 25 39 39 77 11 324 86 3 57 405 387 9 16 137 114 32 364 65 15 378 38 411 437 435 15 49 367 410
split_gain=40.4759 40.7469 40.2967 63.4541 63.5355 50.3576 42.9555 39.3423 38.5346 56.7105 36.5363 35.3707 35.8523 32.2413 31.8161 31.2135 30.2002 30.0392 31.5479 30.1181 28.2641 27.5052 26.9805 27.1635 26.759 34.7147 50.4047 26.475 37.8195 46.867
threshold=1.5000000000000002 1.5000000000000002 1.5000000000000002 104.50000000000001 44.500000000000007 1.5000000000000002 3.5000000000000004 10.552599906921388 1.0000000180025095e-35 12934.500000000002 1.0000000180025095e-35 -269.99999999999994 275.50000000000006 111.50000000000001 1.5000000000000002 2.5000000000000004 1.0000000180025095e-35 287.50000000000006 151.23650360107425 2.5000000000000004 193.50000000000003 7.5000000000000009 6.5000000000000009 328.50000000000006 3117.0000000000005 0.19887620317023494 2.5000000000000004 1.0000000180025095e-35 139.97499847412112 193.50000000000003
decision_type=10 2 2 10 10 10 8 10 10 2 10 10 8 8 2 10 10 10 2 10 2 10 10 8 2 2 2 2 8 8
left_child=2 7 11 4 5 17 16 13 -5 14 -8 12 15 -2 -10 -1 -6 18 19 22 -3 -20 23 -4 25 26 -12 28 -14 -30
right_child=1 20 3 8 6 -7 10 -9 9 -11 24 -13 27 -15 -16 -17 -18 -19 21 -21 -22 -23 -24 -25 -26 -27 -28 -29 29 -31
leaf_value=-0.015412952597485889 0.10100542445365782 -0.036723580181093451 -0.0016417296250425997 -0.012716066045535242 0.086377414044296885 -0.037117233161088045 -0.024898957333021689 0.032084279610565758 0.075032558625823767 0.17043206786360374 0.40079508000436592 0.067753103110404819 -0.00021141734607643751 -0.012058684817676406 -0.032201031653283328 0.10067957321332671 -0.032019718674257493 -0.012201082629757359 0.0371690279340375 -0.1885615272471709 0.037596625819827902 -0.035741583221420833 -0.0041092678654817763 0.019499122438469709 0.0083319070998194855 0.068297221433572586 0.020085451869088312 -0.0074188083172201484 0.23635036128007225 0.017926582290338937
leaf_weight=211.97803683532402 2.3067511189728966 66.251640508882701 74.358330004382879 177.41587725142017 2.4105288579594335 21.73347673076205 4.6954089151695362 22.886318240780383 4.1308556832373124 2.4649603320285669 0.69185210135765263 6.3814243464730671 625.7210603649728 142.06882246746682 6.2695857523940504 2.1050802916288367 9.9115604117978346 51.358630224596709 59.359830424189568 0.69491397589445014 4.9494138711597762 5.0530735971406093 101.87466389930341 206.89854546962306 6.6209877473302177 32.660265085054561 0.57154980790801346 365.6512691588141 0.89234433649107814 95.886676089605317
leaf_count=6420 14 1495 1068 15157 143 269 346 407 21 37 16 75 30541 2446 102 14 652 2667 829 6 115 77 5886 5377 335 1244 39 21973 18 2211
internal_value=-0.000844129 -0.0125504 0.000499365 0.00594877 0.0108889 0.00758639 0.040799 -0.00445934 -0.00908057 0.0410535 0.0543242 -0.00270367 -0.00304893 -0.0102522 0.0103901 -0.0142714 -0.00885809 0.00953109 0.0120211 0.00876073 -0.0315573 0.0314493 0.00911863 0.0139099 0.0634989 0.074266 0.228566 -0.000841021 0.00248794 0.0199405
internal_weight=2316.25 238.463 2077.79 769.175 578.894 521.331 57.5622 167.262 190.281 12.8654 45.2401 1308.62 1302.23 144.376 10.4004 214.083 12.3221 499.598 448.239 383.826 71.2011 64.4129 383.132 281.257 40.5447 33.9237 1.2634 1088.15 722.5 96.779
internal_count=100000 4477 95523 34271 18954 16179 2775 2867 15317 160 1980 61252 61177 2460 123 6434 795 15910 13243 12337 1610 906 12331 6445 1634 1299 55 54743 32770 2229
is_linear=0
shrinkage=0.03


Tree=223
num_leaves=31
num_cat=0
split_feature=222 335 39 1 25 29 32 11 30 341 72 106 16 437 25 38 39 72 438 437 11 39 52 359 32 38 128 64 150 38
split_gain=39.4409 41.6662 29.8859 28.8166 34.039 46.3647 38.2051 33.9912 33.7031 33.4827 31.292 28.8168 40.1047 28.4823 42.3324 33.699 44.4672 33.6443 39.4734 30.7941 31.2502 29.7502 29.2223 32.9253 28.6104 28.2816 27.9912 42.2109 68.1899 38.9672
threshold=2.5000000000000004 16.500000000000004 392.50000000000006 12.181499958038332 1.5000000000000002 314.50000000000006 96.500000000000014 2120.0000000000005 308.50000000000006 3.5000000000000004 2.5000000000000004 1.5000000000000002 5.5000000000000009 847.00000000000011 3.5000000000000004 65.500000000000014 57.500000000000007 1.5000000000000002 66.500000000000014 1730.5000000000002 1.5000000000000002 25.500000000000004 1.0000000180025095e-35 148.70000457763675 88.500000000000014 309.50000000000006 1.0000000180025095e-35 1.0000000180025095e-35 2.5000000000000004 421.50000000000006
decision_type=10 10 10 2 2 10 10 10 10 10 10 8 2 2 2 10 10 10 2 2 8 8 2 2 10 10 10 10 8 8
left_child=1 2 3 -1 11 6 8 -7 9 10 13 26 -13 15 19 16 -6 18 -18 -15 25 -16 23 -20 -23 -21 27 -5 29 -29
right_child=-2 -3 -4 4 5 7 -8 -9 -10 -11 -12 12 -14 14 21 -17 17 -19 22 20 -22 24 -24 -25 -26 -27 -28 28 -30 -31
leaf_value=-0.017968658171971758 -0.015661492737401903 0.056939541884178622 -0.013798623143925626 0.0028567980032458691 0.02085530831061827 -0.022746507636925525 -0.0038512500363727695 0.32675449513552218 0.21923539785209328 0.060989018757658151 -0.053385594092058959 -0.011631989531646682 0.10591441319754197 -0.023342796654504724 0.063918310123634442 -0.0031606738026065261 0.34668056451225204 0.15835495578363012 0.18645594097239016 0.036520695445574333 0.00070819098326541411 0.012121005038073934 -0.0128417143498553 0.046977661238272003 0.19357485103425714 0.18490868103321345 -0.0034592656597199579 0.022980897344930928 0.42147105231773285 0.16280435481791264
leaf_weight=70.898315841099247 150.72384180501103 11.590068340301512 134.28429891471751 371.62445052945986 165.90552385081537 49.484855618793517 154.61475155886728 0.25171890575438638 0.71423888951539893 12.735818098764865 6.5577108557336024 252.56904751248658 2.6395789515227071 48.297450741520151 14.007609222317113 45.135290364734828 0.39676415338181215 3.204318357165902 1.9068177572917173 7.3468493039254081 102.61340938555077 52.751419249223545 5.3152874438092104 7.5714465850032866 0.79381888639181752 1.3718228996731339 576.39878861210309 58.266321915085427 0.3975797793827941 1.8508105757646252
leaf_count=1940 1865 48 12576 15618 4346 3805 8738 16 38 106 64 6652 18 1564 568 2784 22 45 97 199 3135 1533 369 99 45 33 30349 3198 14 116
internal_value=-0.000823803 0.000210848 -9.49741e-05 0.000817987 0.00150289 0.00690974 0.00910704 -0.0209777 0.0133106 0.0130016 0.0116821 -0.00141062 -0.0104162 0.0126166 0.00508689 0.0200723 0.0257621 0.0700171 0.0513827 -0.00333744 0.00534117 0.0249939 0.0434628 0.0750376 0.0148111 0.0598685 0.000868227 0.00664035 0.0298754 0.0272856
internal_weight=2312.22 2161.5 2149.91 2015.62 1944.72 680.977 631.24 49.7366 476.626 475.911 463.176 1263.75 255.209 456.618 227.182 229.435 184.3 18.3946 15.1903 159.63 111.332 67.5528 14.7936 9.47826 53.5452 8.71867 1008.54 432.139 60.5147 60.1171
internal_count=100000 98135 98087 85511 83571 27606 23785 3821 15047 15009 14903 55965 6670 14839 7077 7762 4978 632 587 4931 3367 2146 565 196 1578 232 49295 18946 3328 3314
is_linear=0
shrinkage=0.03


Tree=224
num_leaves=31
num_cat=0
split_feature=411 49 12 8 11 3 337 392 39 19 359 27 337 3 437 1 46 4 139 9 43 20 3 3 11 341 16 436 100 27
split_gain=38.3379 45.9922 39.9854 34.9742 42.8619 82.6523 50.0223 42.4608 41.3524 35.8448 34.9204 32.5937 53.2717 35.3031 31.2875 40.4 33.3777 45.1623 29.74 35.3686 32.3475 41.2803 27.6612 39.2894 72.6057 53.5786 35.5223 56.9448 85.8513 33.3999
threshold=517.50000000000011 1.0000000180025095e-35 1.0000000180025095e-35 1.5000000000000002 74.500000000000014 13530.500000000002 2.5000000000000004 -15.499999999999998 178.50000000000003 1.5000000000000002 161.07009887695315 2.5000000000000004 1.5000000000000002 1974.5000000000002 3117.0000000000005 44.004999160766609 1.0000000180025095e-35 404.50000000000006 1.5000000000000002 170.50000000000003 525.50000000000011 8.5000000000000018 4272.5000000000009 5034.0000000000009 78.500000000000014 3.5000000000000004 4.5000000000000009 -102.84289352783365 1.0000000180025095e-35 11.500000000000002
decision_type=8 2 8 2 10 2 2 8 10 2 2 2 2 2 2 2 2 8 10 10 10 2 2 2 10 10 2 2 8 2
left_child=2 3 -1 8 7 -6 -7 -5 9 11 -8 12 14 -13 15 16 17 -2 19 -3 21 22 -21 24 25 -24 -25 28 -28 -29
right_child=1 18 -4 4 5 6 10 -9 -10 -11 -12 13 -14 -15 -16 -17 -18 -19 -20 20 -22 -23 23 26 -26 -27 27 29 -30 -31
leaf_value=-0.045403849367217149 0.30565193789501732 -0.02662462825866559 -0.0060956725697826437 0.019182734388428567 -0.00086815813093651158 0.0090293136269224989 0.24061690384623555 -0.0018476279138172355 -0.022724053655047514 0.070192142375049685 0.073865136273439644 0.10689232838329107 0.10117528537502112 -0.012098362219075709 0.040209353694916565 0.00081252967416039969 -0.0057687279140559069 0.070080293399722826 -0.026217678141888578 -0.017074256466568884 -0.020925881760631818 0.040561202140414081 -0.017496078566954686 -0.0011050382772039551 0.42297463388781087 0.10390092083152581 0.52390325866190901 0.084450509620324063 0.014506406125505645 -0.0042609318911584464
leaf_weight=24.424325903644785 1.0641177613288157 53.025371223106049 501.70340407523327 96.669922547414899 57.731636035488918 12.973068501334636 1.1888910382986093 813.68815689045005 21.810985636897385 12.426950206514446 22.921091861557215 2.3783141807653001 7.7858316712081423 39.746125461766496 42.800041034817696 63.892936744960025 2.227834613295272 2.3498928663320839 56.953321974957362 70.529046886367723 62.289069714723155 23.872906405944377 6.8369292719289625 284.07442037551664 0.46270254137925881 6.2752628140151501 0.5376873335335427 6.019919588230553 0.66732950764708232 10.450885911239309
leaf_count=303 33 3396 11099 1851 2778 655 24 42216 1240 365 244 35 49 1081 828 1567 86 42 2278 3886 5845 1483 713 16625 33 33 28 196 81 907
internal_value=-0.000804082 0.00129506 -0.00792047 0.00464763 0.00238482 0.0215806 0.0565292 0.000385563 0.0162237 0.0210871 0.0820879 0.0173259 0.0252887 -0.00538024 0.020029 0.00760762 0.0845608 0.143506 -0.00562706 -0.00339351 -0.000783776 0.00227834 -9.02287e-05 0.0037086 0.0536356 0.0406024 0.00146253 0.0427268 0.241803 0.0281622
internal_weight=2309.78 1783.65 526.128 1201.66 1005.17 94.8147 37.0831 910.358 196.483 174.672 24.11 162.245 120.121 42.1244 112.335 69.5348 5.64185 3.41401 581.995 525.042 472.016 409.727 385.854 315.325 13.5749 13.1122 301.75 17.6758 1.20502 16.4708
internal_count=100000 88598 11402 53094 47768 3701 923 44067 5326 4086 268 3721 2605 1116 2556 1728 161 75 35504 33226 29830 23985 22502 18616 779 746 17837 1212 109 1103
is_linear=0
shrinkage=0.03


Tree=225
num_leaves=31
num_cat=0
split_feature=410 21 334 9 16 11 28 103 136 411 125 20 367 436 438 438 13 434 38 4 43 39 404 432 432 260 138 40 8 9
split_gain=37.3836 51.9084 30.9644 30.7964 47.6308 42.3071 38.2375 35.708 39.2302 33.6364 32.8562 32.1958 31.2806 30.967 46.1106 49.8041 42.4612 37.2402 31.293 34.4127 30.4989 29.6333 27.9416 27.7083 46.3293 26.6014 26.5915 25.6783 25.4835 31.1214
threshold=174.00000000000003 5.5000000000000009 5.5000000000000009 326.00000000000006 3.5000000000000004 74.500000000000014 4.5000000000000009 1.0000000180025095e-35 1.5000000000000002 611.50000000000011 1.0000000180025095e-35 10.500000000000002 23.412750244140629 -42.188106959581923 225.00000000000003 207.00000000000003 18.500000000000004 -0.52381486777933561 226.50000000000003 568.50000000000011 3.5000000000000004 142.50000000000003 14.500000000000002 11.500000000000002 4.5000000000000009 15.236399650573732 1.5000000000000002 24.500000000000004 1.5000000000000002 333.50000000000006
decision_type=8 2 10 10 2 10 2 10 10 10 8 2 10 2 2 2 2 2 10 8 8 10 8 2 2 8 8 8 2 10
left_child=1 27 3 9 7 21 -7 8 11 23 28 13 -11 -5 15 17 -17 -15 19 22 -21 -6 -16 24 -2 -14 -12 -1 -9 -30
right_child=2 -3 -4 4 5 6 -8 10 -10 12 26 -13 25 14 18 16 -18 -19 -20 20 -22 -23 -24 -25 -26 -27 -28 -29 29 -31
leaf_value=0.015614698212343047 -0.0017145883377828975 -0.062302093266505265 -0.029818696729594949 -0.012040535029756943 0.024493539313951651 0.070991664011737954 -0.030987349221797775 0.033647523339003976 0.13973441777982246 0.012479016937823967 -0.017182321947094681 0.069017250670511981 0.12021871366424318 0.12158551990159917 0.11303045855052422 0.18947816328112288 -0.035347373540907438 0.0066966629173833472 -0.026210657056113192 0.10714575386121288 0.0064472937521285823 -0.013476022920428449 0.00096001086561317735 -0.0048565473044409873 0.019430665299380097 0.0008797028535566635 0.11831267970828482 -0.022615238475504302 0.23601286272911837 0.073696341797383894
leaf_weight=26.388855406083167 365.19069892505649 20.167748388368636 30.975580566097051 156.95723459764849 64.926028381101787 23.172479088883851 3.8603830412030211 4.8683098554611206 1.7987956255674351 27.37659368943423 8.4820790346711856 5.8761028200387946 5.1351768206804991 3.0042153119575294 2.0268535246141255 3.2828100190963587 0.98225244763307262 16.404785788152367 32.789749500341713 5.4915629210881871 5.3384144026786089 25.870294792810455 164.72335439431481 1127.8649178824853 125.23498872062191 2.4991962285712352 1.5403058174997557 39.453786987112835 1.659381346777083 2.9585134433582425
leaf_count=529 15818 113 323 9133 2432 260 296 34 13 612 203 26 56 71 31 61 31 862 2142 107 112 2333 6769 52026 4423 40 19 1056 22 47
internal_value=-0.000785813 -0.0201917 -3.40617e-05 0.000387347 0.00663627 0.0234837 0.0564287 0.00188926 -4.9936e-05 -0.0016386 0.0415186 -0.000683491 0.0274536 -0.00173098 0.00518293 0.0448773 0.1377 0.0244797 0.000715917 0.00568784 0.0575085 0.013675 0.00232223 -0.002268 0.00368506 0.0811518 0.00364144 -0.00729319 0.0815367 0.132023
internal_weight=2306.3 86.0104 2220.29 2189.32 536.014 117.829 27.0329 418.185 398.676 1653.3 19.5086 396.877 35.011 391.001 234.044 23.6741 4.26506 19.409 210.37 177.58 10.83 90.7963 166.75 1618.29 490.426 7.63437 10.0224 65.8426 9.4862 4.61789
internal_count=100000 1698 98302 97979 25004 5321 556 19683 19358 72975 325 19345 708 19319 10186 1025 92 933 9161 7019 219 4765 6800 72267 20241 96 222 1585 103 69
is_linear=0
shrinkage=0.03


Tree=226
num_leaves=31
num_cat=0
split_feature=129 24 324 43 16 29 435 11 20 4 43 3 4 424 9 367 150 143 438 16 2 405 411 139 367 1 114 24 16 15
split_gain=36.4245 40.4291 32.8498 31.3924 42.8409 36.1492 34.9168 32.889 62.6891 32.0604 42.0963 38.9252 50.7949 30.6837 29.8377 29.3858 33.8535 28.3955 52.6362 28.2186 31.6228 28.0058 27.52 27.1866 26.9922 26.9546 26.7406 25.9421 38.068 25.1626
threshold=1.5000000000000002 4.5000000000000009 5.1500000953674325 232.50000000000003 3.5000000000000004 101.50000000000001 10.276279358816707 641.50000000000011 2.5000000000000004 545.50000000000011 51.500000000000007 7663.5000000000009 343.50000000000006 62.500000000000007 111.50000000000001 88.046199798583999 2.5000000000000004 1.5000000000000002 39680.500000000007 4.5000000000000009 2.5000000000000004 -269.99999999999994 328.50000000000006 3.5000000000000004 82.969997406005874 159.01249694824222 1.0000000180025095e-35 3.5000000000000004 1.5000000000000002 213.50000000000003
decision_type=10 2 10 10 2 10 2 10 2 10 10 2 8 2 8 8 10 10 2 2 2 10 10 10 8 2 8 2 2 2
left_child=3 2 14 4 13 6 9 -7 -9 11 -11 12 19 17 -2 16 24 27 -19 -6 -21 -15 25 -24 -5 -13 -27 -1 -29 -3
right_child=1 29 -4 15 5 7 -8 8 -10 10 -12 22 -14 21 -16 -17 -18 18 -20 20 -22 -23 23 -25 -26 26 -28 28 -30 -31
leaf_value=0.00060447331091824786 0.094351274532733301 -0.046921615670563632 0.024813685331854674 -0.0049120859849082956 0.0013961790687746086 -0.014246099208234783 0.21865765147411137 0.3232063075691749 -0.030954376692830823 0.010293054733174212 0.070077060297554977 -0.01720649167504882 0.0025747068697163779 -0.015145260953466655 -0.01263973036569984 -0.027010380400859735 0.27443207439693446 0.004198091930146512 0.13702106414298507 0.015837896670900114 0.080765465579230755 0.048559958069917905 0.023990895601647404 -0.098329344768402854 0.10181396283259693 0.1023315106657578 0.0074232892885049929 -0.036008044347941144 0.073725943963608681 0.031544156938684009
leaf_weight=1213.1804321678355 2.3795048298779866 36.765680519165471 26.478269312530756 294.56672027206514 8.3481577984057349 53.149506483110599 0.7694276412948956 0.76180264400318165 1.098344412166625 21.245993139455095 21.155230351723731 67.698408426949754 36.719385417411104 151.1476885387674 166.21615915745497 58.632817611098289 0.39314092672429879 8.3626786384265852 3.955241829622536 9.3012039745226485 24.625811009667814 6.4768456206656984 48.003856054041535 1.6929881423711766 2.1483040172606698 3.1614948539063334 17.249827873893086 4.0059130955487463 9.8200502749532461 4.0871219439432016
leaf_count=51728 18 325 479 26012 250 3428 9 31 73 491 357 2894 1016 4579 3545 1957 33 544 75 122 587 53 590 24 53 66 406 55 90 110
internal_value=-0.000766325 -0.0119341 -0.00625094 0.000507949 0.00219301 0.0121874 0.0168624 -0.00990648 0.114088 0.0162634 0.0401211 0.0115974 0.0283871 -6.04994e-05 -0.0111297 -0.00760108 -0.00377075 0.00152514 0.0468471 0.0508072 0.0629654 -0.0125276 0.00197308 0.0198239 -0.00413936 -0.00809537 0.0221236 0.00107015 0.0419318 -0.0390715
internal_weight=2303.6 235.927 195.074 2067.67 1711.93 314.981 259.972 55.0097 1.86015 259.202 42.4012 216.801 78.9946 1396.95 168.596 355.741 297.108 1239.32 12.3179 42.2752 33.927 157.625 137.807 49.6968 296.715 88.1097 20.4113 1227.01 13.826 40.8528
internal_count=100000 4477 4042 95523 67468 10344 6812 3532 104 6803 848 5955 1975 57124 3563 28055 26098 52492 619 959 709 4632 3980 614 26065 3366 472 51873 145 435
is_linear=0
shrinkage=0.03


Tree=227
num_leaves=31
num_cat=0
split_feature=222 43 23 16 7 30 334 367 365 0 334 358 43 360 3 3 15 437 72 39 16 15 438 437 114 372 367 367 7 25
split_gain=35.3116 28.7583 56.8372 43.4154 36.0582 32.0008 28.6072 40.832 37.004 41.7618 39.7364 57.7929 38.303 43.2285 27.8811 34.3498 29.8691 58.4522 26.6129 27.974 25.5438 39.106 31.9388 156.33 24.9118 29.0524 24.8146 38.0334 49.4161 30.3314
threshold=2.5000000000000004 105.50000000000001 2.5000000000000004 6.5000000000000009 194.50000000000003 47.500000000000007 3.5000000000000004 154.47499847412112 213.47499847412112 11039229.000000002 2.5000000000000004 115.95000076293947 77.500000000000014 209.92499542236331 14454.500000000002 14650.000000000002 1.5000000000000002 3466.0000000000005 1.5000000000000002 106.50000000000001 2.5000000000000004 6.5000000000000009 4182.0000000000009 2492.0000000000005 2.5000000000000004 440.00000000000006 215.94999694824222 204.98500061035159 223.50000000000003 1.5000000000000002
decision_type=10 10 2 2 10 10 10 8 10 2 10 2 10 2 2 2 2 2 10 8 2 2 2 2 10 2 8 10 10 2
left_child=1 2 6 14 -5 -6 7 -1 9 -9 12 -12 13 -11 -4 -16 17 -17 19 20 21 -3 23 -22 25 -10 27 28 -15 -28
right_child=-2 18 3 4 5 -7 -8 8 24 10 11 -13 -14 26 15 16 -18 -19 -20 -21 22 -23 -24 -25 -26 -27 29 -29 -30 -31
leaf_value=-0.00059821231939201466 -0.014836908119910164 -0.008309851797058624 -0.001829353303679888 -0.015648604141800703 0.058955676808712949 -0.012788712204270263 -0.017661348587889168 -0.0044935819966676529 -0.0082252465344900896 0.0098698835166915935 0.27738202981311239 0.0073299452832405639 0.21376599766971988 0.15694918660543736 0.10867928757988853 0.030828622224491758 -0.012303741043880725 0.28912188739486305 0.018547846005982759 -0.011717224968103389 0.039816833300838607 0.30964247104844927 0.0017253436668885794 0.58497300431470978 0.099100094024617488 0.03248118521022645 -0.010845051566190624 0.18224221794006426 -0.02031256902253193 0.078360211866512153
leaf_weight=1235.1459291125648 149.66896636714227 59.761061881901696 73.557090715039521 8.9585528414463607 43.464595412835479 6.4220816341694436 75.18853232357651 22.256273117382079 76.030966872349381 28.662907634163275 1.5463493554852896 1.3237805142998693 1.0954394191503514 2.4893447319045681 4.6954133810941157 5.1139970510266748 11.035077169537542 0.93227688269689668 36.906938307336532 371.53888914198615 16.97990889125504 0.35018659848719735 24.069504402810708 0.48699460853822429 2.3494405001401892 19.912338559515774 6.0451686943415535 3.435267529450357 3.2808452807366848 7.9312537424266338
leaf_count=48529 1865 3964 2874 788 1002 729 822 503 1218 1254 28 17 41 28 67 106 717 28 1347 31424 782 12 1408 26 15 131 119 47 59 50
internal_value=-0.000747048 0.000233355 0.00216743 0.0195054 0.0397681 0.0497198 0.00036938 0.00132985 0.0148332 0.0302528 0.0441091 0.152827 0.038215 0.0345057 0.00699813 0.0368154 0.0170611 0.0706549 -0.0059882 -0.00790193 0.00604362 -0.00645758 0.0241353 0.0550163 0.00258648 0.000223079 0.0649664 0.103211 0.0561608 0.0397766
internal_weight=2300.64 2150.97 1640.87 154.179 58.8452 49.8867 1486.69 1411.51 176.359 78.0666 55.8104 2.87013 52.9402 51.8448 95.3339 21.7768 17.0814 6.04627 510.093 473.187 101.648 60.1112 41.5364 17.4669 98.2927 95.9433 23.1819 9.20546 5.77019 13.9764
internal_count=100000 98135 59172 6311 2519 1731 52861 52039 3510 2146 1643 45 1598 1557 3792 918 851 134 38963 37616 6192 3976 2216 808 1364 1349 303 134 87 169
is_linear=0
shrinkage=0.03


Tree=228
num_leaves=31
num_cat=0
split_feature=1 411 136 335 352 436 188 437 39 23 7 43 65 1 88 25 39 130 239 438 13 43 1 39 47 47 367 365 3 365
split_gain=34.1845 36.5735 32.5418 31.6701 29.2919 45.6731 35.124 29.4567 27.6215 30.9877 33.0455 33.6539 30.241 27.0425 26.5861 32.6193 26.453 26.122 25.4351 25.1914 26.3836 27.7869 31.5591 35.4525 30.1638 25.6564 24.674 52.0059 40.6589 39.4463
threshold=14.779000282287599 611.50000000000011 2.5000000000000004 16.500000000000004 1.0000000180025095e-35 182.9142403846154 945.75000000000011 215.50000000000003 277.50000000000006 2.5000000000000004 220.50000000000003 2.5000000000000004 2.5000000000000004 15.950500011444094 1.0000000180025095e-35 3.5000000000000004 94.500000000000014 2.5000000000000004 3.5000000000000004 36962.500000000007 57.500000000000007 515.50000000000011 35.652999877929695 480.50000000000006 1.5000000000000002 1.0000000180025095e-35 141.07904815673831 217.44999694824222 7104.0000000000009 180.50000000000003
decision_type=2 10 10 10 10 2 10 2 10 2 8 10 10 2 10 2 8 10 10 2 2 8 2 10 2 2 8 10 2 10
left_child=2 3 18 4 8 -6 7 -7 9 17 11 12 -11 -3 -12 -16 -17 26 -1 -10 21 22 23 25 -24 -21 -2 29 -29 -28
right_child=1 13 -4 -5 5 6 -8 -9 19 10 14 -13 -14 -15 15 16 -18 -19 -20 20 -22 -23 24 -25 -26 -27 27 28 -30 -31
leaf_value=-0.014519817367340157 -0.00064977764528055353 0.13190011416787553 0.1054917719826093 0.049431073043862454 -0.022568317513036805 -0.036786436925646697 -0.029991477626598789 0.056022055250727752 -0.016420099448600397 0.035683739066783723 0.030296135108406983 -0.02034769952601748 -0.15441299311136653 0.024555809903663437 -0.010918972962143735 0.042176850810249134 -0.011849322262499693 -0.016802679054781586 -0.069920052789274809 0.045770414003348379 0.3045096837779836 -0.02310868314707603 0.0091163263516569042 0.39186390948821492 0.27519429155821995 0.32203495362103579 0.01594886812349015 0.021814761123680634 -0.017510673300205112 0.061258378861652259
leaf_weight=111.02844478515908 1272.7156439552782 2.2789884167723384 1.9442336922511447 11.446724787354468 112.41904995730147 3.726730856113142 9.2898143134079856 17.677873915992677 150.20871801348403 17.686089413939047 86.324916355893947 46.013893397990614 0.78666320815682311 28.857250848785043 44.788973175920546 28.050668239360675 11.50081125856377 79.089424309320748 7.9956512190401545 2.809559365734458 0.26799724437296291 18.872344397357665 30.195262609282512 0.35476210340857495 0.38838418759405513 0.33905402524396766 74.177338479552418 36.063766241306439 68.808004495687783 22.550124822882935
leaf_count=2815 57097 23 12 48 2414 73 167 243 14789 815 3948 3278 8 569 2102 1173 1127 1121 39 166 14 1787 1926 29 5 22 2177 486 1108 419
internal_value=-0.000730289 0.000131967 -0.0162528 -0.000336273 -0.000603086 -0.0137127 0.0187214 0.0398633 0.000338763 0.00153018 0.0116794 -0.00661598 0.0275885 0.0324128 0.0185924 0.00661323 0.0264671 -6.19269e-06 -0.0182414 -0.0101359 0.00759842 0.00609593 0.0222651 0.107554 0.0124953 0.0755196 0.000894853 0.0106463 -0.00398727 0.0265119
internal_weight=2298.66 2177.69 120.968 2146.55 2135.11 143.113 30.6944 21.4046 1991.99 1788.56 235.152 64.4866 18.4728 31.1362 170.665 84.3405 39.5515 1553.4 119.024 203.436 53.2274 52.9594 34.087 3.50338 30.5836 3.14861 1474.31 201.599 104.872 96.7275
internal_count=100000 97134 2866 96542 96494 2897 483 316 93597 74859 12451 4101 823 592 8350 4402 2300 62408 2854 18738 3949 3935 2148 217 1931 188 61287 4190 1594 2596
is_linear=0
shrinkage=0.03


Tree=229
num_leaves=31
num_cat=0
split_feature=410 18 352 335 11 223 13 14 427 212 9 25 312 7 335 30 15 136 4 38 103 29 20 438 438 365 434 25 57 155
split_gain=32.6765 44.9023 28.6094 28.9036 39.9237 30.741 29.643 27.0792 27.8756 29.4632 26.2295 27.9104 32.7766 32.3725 34.0126 52.2322 34.0899 31.3708 29.8328 38.4718 30.7055 35.5858 32.166 26.863 60.3673 26.6014 25.0837 24.5425 23.9331 23.909
threshold=174.00000000000003 5.5000000000000009 1.5000000000000002 8.5000000000000018 12.500000000000002 1.0000000180025095e-35 18.500000000000004 22.500000000000004 1.0000000180025095e-35 17.500000000000004 326.00000000000006 2.5000000000000004 1.0000000180025095e-35 220.50000000000003 1.5000000000000002 95.500000000000014 6.5000000000000009 1.5000000000000002 575.50000000000011 74.500000000000014 1.0000000180025095e-35 242.50000000000003 10.500000000000002 225.00000000000003 207.00000000000003 335.78999328613287 -1.0010201518793156 128.50000000000003 3.5000000000000004 2.5000000000000004
decision_type=8 2 10 8 10 8 2 2 2 10 10 2 8 8 10 8 2 10 8 8 10 8 2 2 2 8 2 2 10 8
left_child=1 26 3 7 5 -5 -6 10 -9 -10 27 17 -13 -14 15 16 -15 18 20 -20 22 29 23 24 25 -12 -1 28 -2 -22
right_child=2 -3 -4 4 6 -7 -8 8 9 -11 11 12 13 14 -16 -17 -18 -19 19 -21 21 -23 -24 -25 -26 -27 -28 -29 -30 -31
leaf_value=0.10794335717312958 -0.0036421319774095078 -0.057500842537348607 -0.027428282304118014 0.15818302589845443 0.05965624598235459 -0.0031167109534540284 -0.036102486593125996 0.01111008882334723 0.03074837498033027 0.19265286619191668 -0.0086233407493897119 0.16793260469119486 -0.01402385517059547 0.087559614084078682 -0.010234717852606405 0.01222387250925281 -0.0045247343858660048 0.12162304211899298 0.0519708810813449 -0.017423865648631007 0.0028925412799118678 0.15625054953102274 0.06582670867794764 -0.0072102053203866902 0.10391623563792579 0.21968212934712281 -0.0096912322008188695 0.027190244135600682 0.075180916104017254 0.091336296609080103
leaf_weight=1.6748651096131641 1480.5235032789642 20.608857708284631 33.728365851333365 1.0920566665008664 23.752567526884381 40.510280053480528 3.3155496851541093 107.52754927845672 2.8653477150946847 1.56361314561218 17.716516404878355 1.3225471153855324 22.287748576025479 20.28364257118665 16.584477683994919 30.015178891830146 4.4037826540879896 1.9472122788429249 21.33543476019986 10.844736168626694 12.945677026174968 1.981969654560088 5.9024273678660384 310.96349620830733 6.4827538572717449 0.47154401149600644 62.882784984773025 23.894585483707488 3.4749798765406004 3.4931389205157748
leaf_count=53 69220 119 640 13 173 1022 67 2365 74 14 1293 11 1488 373 374 2401 388 13 452 500 264 19 26 16359 146 6 1526 547 31 23
internal_value=-0.000712305 -0.018947 -9.9884e-06 0.000414707 0.0195685 0.00111739 0.0479268 -0.000209002 0.0141482 0.0879076 -0.00101395 0.00502386 0.0196297 0.0175336 0.0274 0.0388099 0.0711335 0.00150672 0.000910263 0.0285848 -0.00156384 0.0361646 -0.00359872 -0.00481963 0.0253124 -0.00270429 -0.00663935 -0.0029719 -0.00345756 0.0216863
internal_weight=2296.4 85.1665 2211.23 2177.5 68.6705 41.6023 27.0681 2108.83 111.957 4.42896 1996.88 488.982 94.8974 93.5748 71.2871 54.7026 24.6874 394.085 392.138 32.1802 359.958 18.4208 341.537 335.634 24.6708 18.1881 64.5577 1507.89 1484 16.4388
internal_count=100000 1698 98302 97662 1275 1035 240 96387 2453 88 93934 24136 5035 5024 3536 3162 761 19101 19088 952 18136 306 17830 17804 1445 1299 1579 69798 69251 287
is_linear=0
shrinkage=0.03


Tree=230
num_leaves=31
num_cat=0
split_feature=1 411 12 371 25 43 29 72 9 72 25 4 9 371 29 136 421 328 11 335 16 30 214 78 366 181 108 42 1 435
split_gain=31.9024 33.9215 37.1726 29.3074 29.5843 48.7082 43.3122 33.9725 32.8694 35.4871 28.5847 59.3243 37.6024 28.4699 71.9935 27.8245 26.7606 25.8707 26.4034 27.8782 40.0616 37.27 32.9584 26.7355 25.3394 24.7174 24.0276 23.4767 23.0372 24.6982
threshold=14.779000282287599 611.50000000000011 1.0000000180025095e-35 91.95999908447267 1.5000000000000002 117.50000000000001 280.50000000000006 1.5000000000000002 477.50000000000006 2.5000000000000004 3.5000000000000004 118.50000000000001 324.50000000000006 77.155548095703139 49.500000000000007 2.5000000000000004 67.500000000000014 13.407900333404543 3.5000000000000004 5.5000000000000009 1.5000000000000002 1.5000000000000002 57.500000000000007 1.5000000000000002 102.82500076293947 27.69060039520264 2.5000000000000004 833.50000000000011 15.950500011444094 0.59941298794181719
decision_type=2 10 8 2 2 10 8 10 10 10 2 10 10 2 8 10 2 10 8 10 2 10 10 10 10 10 10 10 2 2
left_child=15 2 -2 4 13 6 8 27 9 17 11 -9 -13 16 -15 -1 26 18 23 20 -20 -21 25 -6 -25 -22 -4 -7 -3 -30
right_child=1 28 3 -5 5 7 -8 10 -10 -11 -12 12 -14 14 -16 -17 -18 -19 19 21 22 -23 -24 24 -26 -27 -28 -29 29 -31
leaf_value=-0.01765212520206641 -0.040606045857927299 0.11964749339594052 -0.00063362438209986179 -0.01409984461236416 -0.020179998827086435 -0.010717414981638579 -0.026386661391642186 0.30018778840057464 0.041844900486533256 -0.063806657291634608 -0.027560102823437235 -0.033200269469554712 0.069209046059598794 -0.013275906935265539 0.36055447050353601 0.093699315371488678 -0.02540550956395474 -0.019044438745629617 -0.015609686420090054 -0.035238132317603955 0.013215552332758023 0.05461629815504597 0.11502339305869524 0.098234433381421404 -0.029527395489411194 0.044360001724892753 -0.031420646140490921 0.18760875676619354 -0.032676435457089814 0.037198475076709973
leaf_weight=118.03080188878812 20.414232598152012 2.4365753070451346 1185.3121242758352 123.69440036918968 34.238192833843641 195.62638534163125 26.994769789860584 0.81201053666882472 32.404483413440175 5.6985468203201881 5.7757887295447281 4.7148837095592162 10.224380204454063 1.427670193370431 0.6866362690925597 2.0548220444470635 42.649334090296179 23.647428207099438 39.05357384448871 4.8554748902097336 296.68795813492034 28.778802565298975 3.0304470001719883 3.6238454105332485 2.2737422210630029 24.855548380874097 23.262624041177332 0.53865907061844964 5.6514085507951703 23.416381469927728
leaf_count=2854 346 23 58147 2800 1579 16935 1659 32 814 51 345 237 130 45 26 12 1046 230 1168 50 9631 179 23 58 44 428 533 6 129 440
internal_value=-0.000694355 0.000137562 -0.000317111 7.06872e-05 0.000948335 0.00568792 0.0106259 -0.00624687 0.0126276 0.0105992 0.0295283 0.0504619 0.0368883 -0.00186453 0.108128 -0.0157468 -0.00205039 0.0115189 0.0131712 0.015514 0.013097 0.0416448 0.0165511 -0.0100179 0.0489774 0.015623 -0.00122621 -0.0101728 0.0310406 0.0236133
internal_weight=2292.87 2172.79 2141.28 2120.87 1997.17 743.835 526.143 217.692 499.148 466.744 21.5271 15.7513 14.9393 1253.34 2.11431 120.086 1251.22 461.045 437.398 397.262 363.628 33.6343 324.574 40.1358 5.89759 321.544 1208.57 196.165 31.5044 29.0678
internal_count=100000 97134 96542 96196 93396 33599 15914 17685 14255 13441 744 399 367 59797 71 2866 59726 13390 13160 11479 11250 229 10082 1681 102 10059 58680 16941 592 569
is_linear=0
shrinkage=0.03


Tree=231
num_leaves=31
num_cat=0
split_feature=129 28 324 25 43 29 405 424 72 261 13 335 4 3 43 437 30 3 148 214 183 396 25 258 262 4 27 28 4 15
split_gain=31.063 34.8321 34.9332 28.6892 51.4664 39.9272 30.8367 30.0263 29.4257 28.0668 27.9208 41.5079 37.3614 40.9824 30.3671 28.3851 47.1839 27.8469 26.8124 31.1282 27.9069 25.6404 24.9293 24.0928 23.8789 23.8721 35.4079 23.4588 37.066 23.3498
threshold=1.5000000000000002 1.5000000000000002 10.552599906921388 1.5000000000000002 105.50000000000001 280.50000000000006 -269.99999999999994 62.500000000000007 1.5000000000000002 407.50000000000006 16.500000000000004 5.5000000000000009 513.50000000000011 1228.0000000000002 43.500000000000007 779.50000000000011 9.5000000000000018 3096.5000000000005 10.500000000000002 31.500000000000004 171.25000000000003 -18.499999999999996 128.50000000000003 17.58330059051514 210.47595214843753 100.50000000000001 3.5000000000000004 4.5000000000000009 118.50000000000001 193.50000000000003
decision_type=10 2 10 2 10 10 10 2 10 8 2 8 10 2 10 2 10 2 10 10 10 8 2 8 10 8 2 2 10 2
left_child=3 2 -2 6 5 10 7 21 -6 -9 11 18 22 -14 24 16 -16 -13 19 20 -5 -1 25 -4 -15 26 -12 28 -10 -3
right_child=1 29 23 4 8 -7 -8 9 27 -11 12 17 13 14 15 -17 -18 -19 -20 -21 -22 -23 -24 -25 -26 -27 -28 -29 -30 -31
leaf_value=0.21783646672128684 -0.0091425626852627007 -0.033603763602416507 0.051758205497439203 0.010404470655859723 -0.01009423094991712 -0.025937981960071726 0.06219800241625955 -0.017763526816526144 0.22987553160678786 0.086936160581500888 0.44777564475228787 -0.042092344144667858 0.275924709876886 0.0037197784182082839 0.43940750253655464 -0.0028141219698965903 0.092109236337397815 0.048348099268407246 -0.033717331731488394 0.087336715284205529 0.046306171501220371 -0.001087487056585948 0.04561174503335267 -0.013675130871479292 0.14376966701715679 -0.013652243869924634 -0.031130228315059013 -0.027028219306874397 0.033508056568626099 0.036223939387420433
leaf_weight=0.48168508848175406 141.03118204465136 64.422116339672357 15.673576971516013 280.50876699457876 211.50881670846138 26.150602763635106 6.649629612453281 132.80260831746273 0.91651685955003515 2.3450173772871485 0.25071959756314655 3.2857102751731864 0.58169871289282937 29.413583952700723 0.38227277994155784 2.6356805884279311 4.4563951494637877 45.416903517441824 10.907804317539556 5.1422078013420096 20.940783319296315 1145.2084798500873 7.1286748847924164 7.4820423782803127 1.1380967870354641 96.396123364567757 0.31166447047144175 5.5164020900847381 15.428894956829025 4.6189418735448262
leaf_count=20 2460 1495 238 9044 17683 1633 75 4362 28 12 18 34 12 736 19 73 141 329 181 49 285 56783 77 169 7 3163 30 361 368 115
internal_value=-0.000677736 -0.0110535 -0.00353541 0.000499317 0.00508656 0.0102141 -0.00223851 -0.00257304 -0.00666939 -0.0159468 0.0120719 0.0164583 0.000814775 0.02602 0.0221971 0.0763988 0.119547 0.0422466 0.0125026 0.0141469 0.0128985 -0.000995444 -0.00853427 0.0306154 0.00893685 -0.0125152 0.182373 0.0264653 0.0445187 -0.0289322
internal_weight=2289.13 233.228 164.187 2055.91 768.418 535.048 1287.49 1280.84 233.371 135.148 508.897 366.202 142.695 38.6077 38.026 7.47435 4.83867 48.7026 317.5 306.592 301.45 1145.69 104.087 23.1556 30.5517 96.9585 0.562384 21.8618 16.3454 69.0411
internal_count=100000 4477 2867 95523 34271 15831 61252 61177 18440 4374 14198 9922 4276 988 976 233 160 363 9559 9378 9329 56803 3288 407 743 3211 48 757 396 1610
is_linear=0
shrinkage=0.03


Tree=232
num_leaves=31
num_cat=0
split_feature=222 335 43 25 29 13 262 431 335 3 182 435 32 415 30 150 30 438 13 438 133 64 30 103 148 213 8 8 15 334
split_gain=30.6942 25.4715 23.7758 36.1765 41.7284 33.3171 32.4743 32.7493 27.7884 31.415 26.1488 31.304 27.807 25.934 25.9075 33.5082 28.7702 45.2177 33.7201 31.9907 31.8686 30.2194 44.8865 39.7693 25.5909 25.1317 27.0943 24.2357 36.754 35.7583
threshold=2.5000000000000004 16.500000000000004 105.50000000000001 1.5000000000000002 280.50000000000006 16.500000000000004 65.942901611328139 722.00000000000011 5.5000000000000009 5029.0000000000009 641.35000610351574 10.276279358816707 25.500000000000004 16.500000000000004 10.500000000000002 3.5000000000000004 24.500000000000004 221.50000000000003 30.500000000000004 17261.500000000004 1.5000000000000002 1.0000000180025095e-35 625.50000000000011 1.0000000180025095e-35 10.500000000000002 17.500000000000004 1.5000000000000002 1.5000000000000002 1.5000000000000002 1.5000000000000002
decision_type=10 10 10 2 10 2 10 2 10 2 10 2 10 10 10 10 10 2 2 2 8 10 8 10 10 10 2 2 2 10
left_child=1 2 3 13 5 8 -7 -8 24 -10 11 14 -13 27 -4 16 17 -16 -19 -18 21 -21 23 -23 25 26 -5 28 -1 -29
right_child=-2 -3 10 4 -6 6 7 -9 9 -11 -12 12 -14 -15 15 -17 19 18 -20 20 -22 22 -24 -25 -26 -27 -28 29 -30 -31
leaf_value=0.013079301834124854 -0.013889953039487585 0.045536786470948297 -0.014349117932595771 0.03451198935552377 -0.028107845206018466 -0.004406271081748573 0.15619572792593958 -0.0095314440236950824 -0.050256394001742803 0.047668580979332069 -0.024316337876191727 0.27709932726377023 0.0097155372125186119 0.18417341714888213 0.088566711409875251 0.36729537069727952 -0.010586413074573102 -0.026185463120204554 0.06105724193684342 -0.011806361473274742 0.36639474102036013 0.017855552950768603 0.40155738708079902 0.3603998977186606 -0.033469478060694557 0.08803691949733998 0.0091056948100901834 -0.00057906790957327602 -0.015710080650310012 -0.015392815519621236
leaf_weight=187.67969526327215 147.66521146683954 11.120698615908621 138.65036875754595 43.966907666297629 27.175454286043532 143.60967158805579 2.3078562268055967 2.0058587854728103 3.2241172716021529 34.482821378856897 59.862089350586757 0.67453721165656932 0.72766561084426939 0.67749452218413253 8.3835686484817433 0.22501873224973579 157.57514997932594 11.546906185802074 6.0902752917027092 39.247431593481451 0.22566612437367339 74.688129253103398 0.2774260463193049 0.30629075597971578 10.728517015697433 4.0347439344041041 268.37571623979602 660.41024762159213 50.689166569849476 188.51469915919006
leaf_count=4830 1865 48 7612 854 1666 4345 21 38 28 212 2300 12 38 7 141 3 17231 815 300 4427 10 6023 32 12 185 39 8764 32837 1281 4024
internal_value=-0.000661639 0.000252221 1.53868e-05 0.00177081 0.00811931 0.0100394 -0.0019701 0.0791333 0.0149089 0.0392955 -0.0057173 -0.00317892 0.138342 -0.00137966 -0.0036328 0.00134373 0.00106772 0.0312058 0.00394022 -0.00181204 0.0102375 0.00953567 0.0206636 0.0192546 0.0120978 0.013643 0.012682 -0.00149528 0.00695724 -0.00386865
internal_weight=2285.15 2137.48 2126.36 1627.88 539.912 512.736 147.923 4.31372 364.813 37.7069 498.481 438.618 1.4022 1087.97 437.216 298.566 298.341 26.0208 17.6372 272.32 114.745 114.519 75.2718 74.9944 327.106 316.377 312.343 1087.29 238.369 848.925
internal_count=100000 98135 98087 59131 16152 14486 4404 59 10082 240 38956 36656 50 42979 36606 28994 28991 1256 1115 27735 10504 10494 6067 6035 9842 9657 9618 42972 6111 36861
is_linear=0
shrinkage=0.03


Tree=233
num_leaves=31
num_cat=0
split_feature=410 18 334 335 22 410 11 14 130 326 36 9 25 29 213 431 38 435 20 4 38 27 9 19 38 4 82 11 40 29
split_gain=29.4147 39.8932 27.5834 38.6548 39.1468 31.5385 28.0304 25.3818 25.5324 25.0311 24.6419 24.5091 42.6841 35.6313 32.907 32.4118 34.7772 35.8953 32.659 28.8553 25.8642 30.5721 28.0084 26.2831 25.2181 24.5891 23.8034 29.2614 23.4373 23.3259
threshold=174.00000000000003 5.5000000000000009 5.5000000000000009 8.5000000000000018 2.5000000000000004 176.50000000000003 4.5000000000000009 22.500000000000004 2.5000000000000004 39.919500350952156 64.958332061767592 326.00000000000006 2.5000000000000004 309.50000000000006 25.500000000000004 1.0000000180025095e-35 35.500000000000007 0.64756735173306368 10.500000000000002 580.50000000000011 295.50000000000006 2.5000000000000004 340.00000000000006 1.5000000000000002 32.500000000000007 399.50000000000006 1.5000000000000002 121.50000000000001 24.500000000000004 602.50000000000011
decision_type=8 2 10 8 2 8 10 2 10 10 8 8 2 10 10 2 8 2 2 8 8 2 8 2 8 8 10 10 8 8
left_child=1 28 3 7 5 -5 -7 8 11 -9 -11 26 14 20 15 16 17 24 -18 -19 21 -14 23 25 -13 -22 -2 29 -1 -28
right_child=2 -3 -4 4 -6 6 -8 9 -10 10 -12 12 13 -15 -16 -17 18 19 -20 -21 22 -23 -24 -25 -26 -27 27 -29 -30 -31
leaf_value=0.01535536568832787 -0.0040992184953799133 -0.054439534846337317 -0.02877426090016592 0.19484453211443081 -0.051816603323888794 0.0060654645346119923 0.04912055260710628 0.0070422215454547764 -0.01780097521148671 0.017819833265311138 0.086557767746852449 -0.0072519286044500988 0.03641596512824033 -0.026270883590220659 0.090655630454724148 -0.0094228904408980539 -0.011929097068479385 0.01378714881822936 0.060357964586816783 0.055943719123451058 0.13046008220402228 0.0028498281646059257 0.021570389364645167 -0.031794729352378225 0.07712661222753768 0.052845934057318515 0.0024981839608145939 0.098424852430254936 -0.021595416761860092 0.15466197599173712
leaf_weight=26.321738837752491 1030.2426133869449 20.506305963732302 29.538089266046882 1.0443056905642152 5.5803703069686881 26.224882599432021 28.288774637039751 92.793984472518787 78.682227033888921 12.253498131409286 7.6081680813804295 100.84595983824693 34.902061131317168 16.053750113467686 3.5815514503046861 238.70232035429217 124.89909942355007 190.26520323054865 5.8903009667992583 15.828630781965328 5.9483325232286015 81.323170861112885 30.049687714781612 2.0483135199174276 3.2918553617782882 9.6069726198911667 16.999119504704147 4.217602376593276 37.400924333138391 0.95777190127409895
leaf_count=529 59273 119 323 11 42 843 316 2225 1330 162 78 5107 331 1407 49 6071 8692 5645 26 239 70 3312 837 168 100 91 1384 113 1050 57
internal_value=-0.00064617 -0.0180444 2.06435e-05 0.000412938 0.0239285 0.0315365 0.028408 -0.000269409 -0.00105199 0.0135846 0.0441504 -0.000364053 0.0033827 0.0163827 -4.05321e-05 -0.000518422 0.00430111 0.00977105 -0.00867354 0.0170249 0.0205611 0.0129296 0.0391739 0.0692235 -0.00458468 0.0825255 -0.0034373 0.0273158 -0.00633226 0.0106142
internal_weight=2281.9 84.229 2197.67 2168.13 61.1383 55.558 54.5137 2106.99 1994.34 112.656 19.8617 1915.65 863.237 179.932 683.305 679.723 441.021 310.232 130.789 206.094 163.879 116.225 47.6533 17.6036 104.138 15.5553 1052.42 22.1745 63.7227 17.9569
internal_count=100000 1698 98302 97979 1212 1170 1159 96767 94302 2465 240 92972 32145 6216 25929 25880 19809 11091 8718 5884 4809 3643 1166 329 5207 161 60827 1554 1579 1441
is_linear=0
shrinkage=0.03


Tree=234
num_leaves=31
num_cat=0
split_feature=411 410 49 335 8 107 392 177 43 239 43 43 43 434 0 437 50 7 343 107 142 343 30 13 14 411 431 431 411 396
split_gain=28.642 42.8546 40.4151 39.3593 31.6265 37.8915 32.8774 30.3793 30.2195 28.2214 24.6234 35.8887 34.5933 61.5919 27.9196 31.1633 27.1638 25.3582 24.3753 43.0914 23.2969 22.8824 24.3761 29.9407 22.6363 28.166 25.2844 35.0844 33.6545 34.0418
threshold=517.50000000000011 214.50000000000003 1.0000000180025095e-35 16.500000000000004 1.5000000000000002 1.5000000000000002 -15.499999999999998 1.5000000000000002 93.500000000000014 1.5000000000000002 525.50000000000011 471.50000000000006 474.50000000000006 -0.44612321541737904 10117926.500000002 6297.0000000000009 1.0000000180025095e-35 143.50000000000003 3.5000000000000004 1.5000000000000002 1.5000000000000002 1.5000000000000002 16.500000000000004 40.500000000000007 32.000000000000007 124.50000000000001 722.00000000000011 576.50000000000011 425.50000000000006 1.5000000000000002
decision_type=8 10 2 8 2 10 8 8 10 10 10 8 8 2 2 2 2 10 2 10 8 2 8 2 2 10 2 2 10 10
left_child=1 9 3 4 8 6 -6 10 21 -1 11 17 13 -13 -14 -16 -17 18 -4 -20 -12 22 23 -2 26 -26 27 28 -3 -30
right_child=2 24 7 -5 5 -7 -8 -9 -10 -11 20 12 14 -15 15 16 -18 -19 19 -21 -22 -23 -24 -25 25 -27 -28 -29 29 -31
leaf_value=-0.016329201500024627 0.038842172871129274 0.01491449039898006 -0.025505456999492918 0.043138509765919299 0.021552205665557191 -0.015336603950828417 0.0015618788588590571 -0.027163716015424354 -0.010169936397241053 -0.057189676537822157 -0.023459724073871015 0.42600882616783903 0.19547622822942548 0.0068255502964137153 0.0045019915664409865 0.047987380071669979 0.2294167512894697 -0.00039752208104897242 -0.034527680733588625 0.12238937749154299 0.10449067965462819 0.004227073801402699 0.01876237545560876 0.12467619705951584 0.13329798788604807 0.011221760986734832 -0.010804296638973625 0.05828798865365472 -0.032041328300866055 0.034288788502658339
leaf_weight=54.773318972671404 27.969493818935007 62.665919108781964 65.66695533762686 23.063044318696484 81.770389959448949 108.76202090072911 783.83252282778267 52.341927115805447 36.202700097346678 21.063158193137497 61.464900745195337 0.52322255237959325 0.78472254285588761 0.79450976219959557 45.321386151597835 9.6634260700084234 0.80454303999431509 324.87190343404654 3.5053418730385593 2.8602210804820061 1.3079854797106225 53.61202093702741 73.583398248301819 4.2077413639053693 1.7608911897987116 50.013460076646879 269.99633881123737 10.465242064092307 35.933244477491826 8.6374782803468388
leaf_count=1428 230 1372 3485 579 1623 2325 43305 1738 1909 141 6449 19 28 73 2967 291 37 20232 50 16 119 647 2437 39 28 1071 6414 171 662 115
internal_value=-0.000629976 -0.00685164 0.00118865 0.00432815 0.00356308 0.00135323 0.00345029 -0.00538331 0.0145726 -0.027678 -0.00318065 -0.000749633 0.0213165 0.173268 0.0177772 0.0152777 0.0619316 -0.00396816 -0.020072 0.0359794 -0.0207936 0.0201931 0.0282865 0.0500665 -0.00325779 0.0153737 -0.00574589 0.00585758 0.000740885 -0.019187
internal_weight=2278.22 515.309 1762.91 1193 1169.94 974.365 865.603 569.911 195.575 75.8365 517.569 454.796 57.8918 1.31773 56.5741 55.7894 10.468 396.904 72.0325 6.36556 62.7729 159.373 105.761 32.1772 439.473 51.7744 387.698 117.702 107.237 44.5707
internal_count=100000 11402 88598 53094 52515 47253 44928 35504 5262 1569 33766 27198 3415 92 3323 3295 328 23783 3551 66 6568 3353 2706 269 9833 1099 8734 2320 2149 777
is_linear=0
shrinkage=0.03


Tree=235
num_leaves=31
num_cat=0
split_feature=1 352 436 4 437 49 8 39 11 3 337 177 72 136 437 340 4 39 14 111 167 38 3 333 365 3 134 13 367 36
split_gain=28.1723 27.949 41.4068 33.8072 46.8256 32.5029 29.8642 31.1289 30.7487 57.5558 33.8665 25.9849 24.5603 24.5271 24.4181 27.4584 40.2175 28.3767 23.9639 23.9747 24.1585 23.501 24.078 21.3518 45.5872 24.0254 21.6969 20.4281 20.0812 20.9873
threshold=14.779000282287599 1.0000000180025095e-35 182.9142403846154 520.50000000000011 292.50000000000006 1.0000000180025095e-35 1.5000000000000002 178.50000000000003 74.500000000000014 13530.500000000002 2.5000000000000004 1.5000000000000002 2.5000000000000004 2.5000000000000004 10333.000000000002 1.5000000000000002 327.50000000000006 5.5000000000000009 22.500000000000004 2.5000000000000004 1.5000000000000002 313.50000000000006 9485.5000000000018 1.0000000180025095e-35 29.505200386047367 7860.0000000000009 1.0000000180025095e-35 15.500000000000002 473.47500610351568 82.916667938232436
decision_type=2 10 2 8 2 2 2 10 10 2 2 8 8 10 2 10 8 8 2 10 10 10 2 8 10 2 10 2 10 10
left_child=13 5 -3 -4 -5 6 7 12 18 -10 -11 14 23 -1 15 -7 17 -17 28 20 -20 22 -16 -2 26 -26 -25 -19 29 -8
right_child=1 2 3 4 -6 11 8 -9 9 10 -12 -13 -14 -15 21 16 -18 27 19 -21 -22 -23 -24 24 25 -27 -28 -29 -30 -31
leaf_value=-0.016718581506972446 0.015149152666391988 -0.021471521253598108 -0.021128336822502383 -0.039945594710651289 0.070719661470140943 -0.006760110946142814 0.00075969597681563045 -0.021231984082224296 -0.0011369397450143042 0.0078867361150705591 0.067968202789958784 -0.026631826010522032 -0.033344634787833671 0.086226700447199184 -0.023846171639684298 -0.0075511449566222962 -0.025218338242125167 0.032745797467173647 0.0095283476216883774 0.11565854435343798 0.094700288558653367 -0.03081706920792324 0.055296570659205027 0.0676468315770683 0.057880937860003548 0.0075148944642981575 0.21694960081156642 0.11046827485908101 -0.039441940000077218 -0.014892943824547093
leaf_weight=116.13467023102567 121.45698779635131 108.98879777314141 12.026961367111655 4.5659168348647681 13.969040459953247 425.86058033490553 1011.1207489958033 19.587447985075414 54.795604735380039 12.913361647282725 24.394652300979942 47.000614580581896 7.7685764892958096 2.120979379862546 4.3573077288456323 5.1788177723065036 9.5194382956251484 5.4536390705034155 101.46977444365621 2.04920177347958 3.0884477058425537 5.4603232594672582 16.795007611159235 1.7129562818445265 15.642990299500523 18.729727455880493 1.7928601799067101 6.8869264931418002 12.007680070819331 83.457858984358609
leaf_count=2854 3428 2431 299 56 128 30878 45572 1228 2721 643 261 1655 280 12 440 47 184 55 2219 15 42 534 639 36 101 167 40 121 254 2660
internal_value=-0.000614914 0.000166349 -0.012818 0.0180417 0.0434583 0.00106404 0.0033255 0.0145484 0.00172032 0.0184315 0.0471723 -0.00534431 0.0187425 -0.0148722 -0.00325776 -0.0048988 0.0244168 0.0513868 0.000451642 0.0140358 0.0120442 0.0246699 0.0389934 0.0212821 0.0409472 0.0304364 0.144 0.0761206 -0.000857046 -0.000433764
internal_weight=2276.31 2158.05 139.551 30.5619 18.535 2018.5 1491.99 186.692 1305.3 92.1036 37.308 526.513 167.104 118.256 479.512 452.899 27.0388 17.5194 1213.19 106.607 104.558 26.6126 21.1523 159.336 37.8785 34.3727 3.50582 12.3406 1106.59 1094.58
internal_count=100000 97134 2914 483 184 94220 59667 5280 54387 3625 904 34553 4052 2866 32898 31285 407 223 50762 2276 2261 1613 1079 3772 344 268 76 176 48486 48232
is_linear=0
shrinkage=0.03


Tree=236
num_leaves=31
num_cat=0
split_feature=1 411 12 371 25 32 335 72 421 334 371 122 438 136 72 396 216 328 438 434 173 396 38 32 19 19 1 3 372 6
split_gain=26.7401 30.5496 32.4081 25.7836 23.7237 39.674 28.5324 37.9916 25.5642 23.2735 43.7632 23.0775 55.0547 22.9161 22.5525 22.3464 22.2938 23.1997 22.0839 28.8032 28.8134 23.3914 22.0469 24.0709 30.1877 23.5762 46.8665 22.544 21.394 24.3862
threshold=14.779000282287599 611.50000000000011 1.0000000180025095e-35 91.95999908447267 1.5000000000000002 96.500000000000014 5.5000000000000009 2.5000000000000004 67.500000000000014 1.5000000000000002 75.020801544189467 1.5000000000000002 39680.500000000007 2.5000000000000004 2.5000000000000004 -18.499999999999996 7.5000000000000009 9.8034000396728533 36962.500000000007 -0.46459751366184154 1.5000000000000002 6.5000000000000009 6.5000000000000009 44.500000000000007 226.50000000000003 1.5000000000000002 86.997001647949233 17966.500000000004 500.43499755859381 2.5000000000000004
decision_type=2 10 8 2 2 10 10 8 2 10 2 10 2 10 10 8 10 10 2 2 8 10 10 10 2 2 2 2 2 2
left_child=13 2 -2 4 8 6 16 -8 9 10 11 14 -13 -1 15 -4 17 22 21 20 -20 -7 25 27 -25 -6 -27 -24 -11 -30
right_child=1 -3 3 -5 5 18 7 -9 -10 28 -12 12 -14 -15 -16 -17 -18 -19 19 -21 -22 -23 23 24 -26 26 -28 -29 29 -31
leaf_value=-0.016364832993683499 -0.038330259628151196 0.029390955819706573 0.19547451597127782 -0.013396932129277632 0.0098928817819677085 -0.012238743344374898 0.037952605545481896 -0.069109628017131025 -0.02484416797323788 -0.01082081461099609 0.1530053945333289 -0.022821284799067799 0.15232942713008743 0.082482195726866339 0.14152461102684485 0.00042146535858183902 0.038298897621848321 -0.026375837882084311 0.047675100473087643 0.0033844980762678771 0.23512009880135276 0.12465691569063797 -0.0074906963372007584 0.01943017332313237 0.29215047253252657 -0.015238510304053161 0.066714795280040706 0.043086891490949165 -0.033829208444605095 0.054530615546429982
leaf_weight=115.10158369713463 19.953567922580987 31.702801538165659 0.52892197575420141 120.38783274451271 224.26801704918034 158.3355017103022 46.313990566879511 3.1883909162133923 41.28056800714694 245.31317749526352 1.7095014695078123 3.5272772272583088 2.979447283083573 2.1502770110964766 1.0221600453369308 932.92271232954226 19.866242694668472 19.276327768340707 4.6854975083842865 32.904536243411712 0.87605072208680201 1.1313897327054281 157.95173414598685 35.112050676019862 0.36912952130660315 9.4805004766676593 18.604167269775644 8.3508646376430971 4.0110554499551627 9.396616161800921
leaf_count=2854 346 592 22 2800 4630 12103 318 25 1046 4642 52 329 52 12 23 53550 167 187 416 2336 15 38 9103 2413 16 933 598 301 26 55
internal_value=-0.000599946 0.000159021 -0.000277347 8.35686e-05 0.000901802 0.00515155 0.00934427 0.0310569 -0.00163129 -0.000833692 0.00135375 0.00107824 0.0573807 -0.0145521 0.000686211 0.000531988 0.00716533 0.00585884 -0.00634593 0.0140572 0.0772013 -0.0112675 0.00722708 -0.000164934 0.0222674 0.0131378 0.0390499 -0.00495095 -0.00880399 0.0280968
internal_weight=2272.7 2155.45 2123.75 2103.79 1983.41 740.714 542.781 49.5024 1242.69 1201.41 942.69 940.981 6.50672 117.252 934.474 933.452 493.279 473.413 197.933 38.4661 5.56155 159.467 454.136 201.784 35.4812 252.353 28.0847 166.303 258.721 13.4077
internal_count=100000 97134 96542 96196 93396 33599 18691 343 59797 58751 54028 53976 381 2866 53595 53572 18348 18181 14908 2767 431 12141 17994 11833 2429 6161 1531 9404 4723 81
is_linear=0
shrinkage=0.03


Tree=237
num_leaves=31
num_cat=0
split_feature=129 28 324 9 43 16 431 15 146 3 366 3 438 4 138 105 143 9 437 437 29 11 434 410 15 11 188 4 43 22
split_gain=25.6323 31.6696 31.7636 25.8015 23.7505 30.954 29.303 44.8931 38.0447 28.23 34.8717 32.3445 44.2134 61.9796 63.3379 44.5969 41.6923 41.0744 129.481 40.8221 26.545 26.2082 53.2073 24.9631 24.8925 24.6675 24.2258 24.7679 25.0697 24.014
threshold=1.5000000000000002 1.5000000000000002 10.552599906921388 111.50000000000001 232.50000000000003 3.5000000000000004 722.00000000000011 2.5000000000000004 1.0000000180025095e-35 12934.500000000002 791.50000000000011 14503.000000000002 750.50000000000011 118.50000000000001 1.5000000000000002 1.0000000180025095e-35 1.5000000000000002 157.50000000000003 122.50000000000001 172.50000000000003 101.50000000000001 641.50000000000011 -0.38605168820690833 174.00000000000003 1.5000000000000002 1.5000000000000002 108.72499847412111 544.50000000000011 2.5000000000000004 1.5000000000000002
decision_type=10 2 10 8 10 2 2 2 8 2 8 2 2 10 8 10 8 10 2 2 10 10 2 8 2 8 10 10 10 2
left_child=4 2 3 -2 5 6 8 -8 9 10 -1 12 17 14 15 -14 -13 18 -11 -19 23 -22 -23 -7 -21 -25 27 28 -27 -29
right_child=1 -3 -4 -5 -6 20 7 -9 -10 11 -12 16 13 -15 -16 -17 -18 19 -20 24 21 22 -24 25 -26 26 -28 29 -30 -31
leaf_value=-0.0071091271838129039 0.089866017299273807 -0.027430448006888129 0.029712801012144685 -0.010058017288669193 -0.0067597699595530929 -0.025460925003008811 -0.010755320944814389 0.024580469748637382 0.011274865840785426 0.99712695271718077 0.027277573418924655 -0.0016844206552049613 0.23617824016768205 -0.0080023737222671646 0.46247066667783526 0.011898319128086301 0.083150472673162376 -0.024094472688196304 0.036024398595948741 0.051368598803166667 -0.013238276934812616 0.27128863218302207 -0.031134449277839486 -0.02225970220996857 0.13553907015696429 0.019677147291062201 0.05532775443999436 0.04830110739500075 -0.0047633217990266053 0.011111050682747658
leaf_weight=467.98089725384489 2.3662133663892737 67.138088947045617 23.02779967430979 135.71716785198078 339.84326560981572 13.481617804616688 329.9832208212465 35.876954614883289 314.92835521604866 0.17515737237409013 28.137952540302649 151.33570700103883 1.1172755078878247 28.701643751235679 0.42295905156061042 2.7917013701517135 5.3997760815545908 4.1933876157272634 0.45095184305682778 8.3887451211921853 51.142478457884863 0.89016391988843713 1.2713979955296952 13.986624029930679 5.0754516697488716 93.675802305340767 15.239330108510329 35.710812032455578 63.293883417500183 27.783736577257514
leaf_count=26499 14 1610 407 2446 28055 130 9474 344 9064 16 510 8591 59 1538 9 234 145 317 52 177 3428 35 69 464 95 2010 184 684 2966 374
internal_value=-0.000585278 -0.0101197 -0.00290596 -0.00834571 0.000480829 0.00192706 -7.24078e-06 -0.00729023 0.00260737 -0.00126901 -0.00515885 0.00800663 0.0286788 0.00796213 0.113736 0.0760027 0.00123827 0.0661082 0.304898 0.0576411 0.0103919 -0.00891361 0.093408 0.0143022 0.0830974 0.0164491 0.0187461 0.0162174 0.00982217 0.0320276
internal_weight=2269.53 228.249 161.111 138.083 2041.28 1701.44 1384.96 365.86 1019.1 704.172 496.119 208.053 51.3173 33.0336 4.33194 3.90898 156.735 18.2837 0.626109 17.6576 316.476 53.304 2.16156 263.172 13.4642 249.69 235.704 220.464 156.97 63.4945
internal_count=100000 4477 2867 2460 95523 67468 57124 9818 47306 38242 27009 11233 2497 1840 302 293 8736 657 68 589 10344 3532 104 6812 272 6682 6218 6034 4976 1058
is_linear=0
shrinkage=0.03


Tree=238
num_leaves=31
num_cat=0
split_feature=334 335 337 130 49 8 38 334 177 9 7 24 365 367 43 43 16 148 39 11 436 4 39 11 176 27 435 72 365 39
split_gain=26.173 32.268 31.7973 30.3457 24.0575 37.6838 26.9674 25.0939 24.7508 27.3398 24.2907 23.7998 30.9086 61.5283 23.0884 34.6592 31.0367 27.2846 33.5045 27.6746 24.9244 37.441 43.9925 48.0944 27.0071 24.6559 23.6887 22.496 42.114 42.0658
threshold=5.5000000000000009 8.5000000000000018 1.5000000000000002 2.5000000000000004 1.0000000180025095e-35 1.5000000000000002 16.500000000000004 1.5000000000000002 1.5000000000000002 138.00000000000003 101.00000000000001 1.5000000000000002 180.50000000000003 186.67500305175784 525.50000000000011 471.50000000000006 4.5000000000000009 1.5000000000000002 262.50000000000006 4.5000000000000009 482.56114139208182 417.50000000000006 78.500000000000014 11.500000000000002 1.5000000000000002 10.500000000000002 0.1436001371391589 1.5000000000000002 186.14219665527347 73.500000000000014
decision_type=10 10 2 10 2 2 8 10 8 10 10 2 10 10 10 8 2 10 8 8 2 10 10 10 10 2 2 10 8 10
left_child=1 3 -3 4 5 6 -1 27 9 -6 -8 12 -9 -14 15 16 20 26 19 -19 -11 24 -23 -24 -22 -18 -17 -7 29 -29
right_child=-2 2 -4 -5 8 7 10 11 -10 14 -12 -13 13 -15 -16 17 25 18 -20 -21 21 22 23 -25 -26 -27 -28 28 -30 -31
leaf_value=0.022102578113464763 -0.028516805618043296 -0.04496726164396693 0.035788173320484389 -0.0165516969037117 -0.027325578779998676 0.0015789952658575497 0.074934684130802606 -0.016490460430325989 -0.02609277718875878 -0.0086158082972315336 -0.005936172272431651 0.0096245687978501315 0.11247628714754632 -0.0018715108031508816 -0.019380361444802874 0.27821808991944391 0.075186007708907238 0.27148211971024311 0.037952958910149812 0.066709714859635283 -0.018518093190486407 0.037491764242920701 0.086453406476574401 0.49690467151895551 0.16488777358737827 0.012026419588614803 0.0066560434780387149 -0.011535818555182214 0.15405221434287772 0.062807814210642327
leaf_weight=131.07320792926475 29.77079389244318 4.9901531841605893 36.380322847515345 103.51207523373887 39.463790696347132 1038.8485792663414 3.5350699189584693 198.21918317000382 47.445792545797303 264.83258707111236 61.430030405870639 57.915961617836729 4.9067951040342441 30.936970520531759 55.50571826309897 0.29145854187663545 6.8273225943557909 1.078203179757111 14.978359412169086 1.3226576789747921 17.993118918035183 15.858990905806424 0.72579571185633429 0.39772159047424793 0.75282534491270681 30.030812255805358 35.697460836148821 17.323551723500721 2.2003856743685892 11.329813549760727
leaf_count=2773 339 45 229 1617 2495 50602 50 4349 1696 18074 2628 669 38 519 6123 29 220 26 572 43 477 348 33 22 15 2542 2446 491 26 464
internal_value=-0.000573348 -0.000201268 0.0260474 -0.000696119 8.88186e-05 0.00197151 0.0142691 0.000201046 -0.00541135 -0.00339131 -0.00153559 -0.00759408 -0.0118546 0.013782 -0.0012749 0.00129672 -0.00225646 0.0237616 0.0546296 0.158671 -0.00544267 0.0180778 0.0503435 0.231752 -0.0111526 0.0237256 0.00885531 0.00232875 0.0275731 0.0178604
internal_weight=2265.58 2235.8 41.3705 2194.43 2090.92 1557.72 196.038 1361.68 533.203 485.757 64.9651 291.979 234.063 35.8438 446.293 390.787 337.419 53.3681 17.3792 2.40086 300.561 35.7285 16.9825 1.12352 18.7459 36.8581 35.9889 1069.7 30.8538 28.6534
internal_count=100000 99661 274 99387 97770 62609 5451 57158 35161 33465 2678 5575 4906 557 30970 24847 21731 3116 641 69 18969 895 403 55 492 2762 2475 51583 981 955
is_linear=0
shrinkage=0.03


Tree=239
num_leaves=31
num_cat=0
split_feature=334 335 341 130 49 8 333 365 177 9 437 334 24 365 367 49 324 341 72 365 39 32 43 260 262 437 39 3 38 408
split_gain=24.9924 30.4165 32.1906 28.6691 22.7746 35.1207 25.9102 26.2037 23.8932 26.416 25.621 23.7412 22.5925 29.3958 55.6448 21.8506 21.6788 21.3978 20.7159 35.9723 37.7397 23.6892 21.9664 21.6276 22.8301 19.9163 19.5086 19.4047 23.0225 19.1711
threshold=5.5000000000000009 8.5000000000000018 1.5000000000000002 2.5000000000000004 1.0000000180025095e-35 1.5000000000000002 1.0000000180025095e-35 29.505200386047367 1.5000000000000002 138.00000000000003 10333.000000000002 1.5000000000000002 1.5000000000000002 180.50000000000003 186.67500305175784 -1.0000000180025095e-35 76.183547973632827 4.5000000000000009 1.5000000000000002 186.14219665527347 73.500000000000014 3.5000000000000004 525.50000000000011 59.879299163818366 70.940498352050795 610.50000000000011 322.50000000000006 9485.5000000000018 313.50000000000006 104.00000000000001
decision_type=10 10 10 10 2 2 8 10 8 10 2 10 2 10 10 2 10 10 10 8 10 8 8 10 8 2 10 2 10 8
left_child=1 3 -3 4 5 6 15 -8 9 -6 -11 18 13 29 -15 -1 -5 -4 23 20 22 -22 -20 -7 -25 -9 -17 -12 -29 -13
right_child=-2 2 17 16 8 11 7 25 -10 10 27 12 -14 14 -16 26 -18 -19 19 -21 21 -23 -24 24 -26 -27 -28 28 -30 -31
leaf_value=-0.018671612636390878 -0.028063600065089928 -0.044272852649054201 0.042683699136947716 -0.01953594940460188 -0.027131130655988558 0.00097458008578626867 0.10867447899435842 -0.010773330614347732 -0.025824856249550214 -0.0029624674231893354 -0.024462339671120163 0.11744959811604211 0.0093162059086631926 0.10532143815146919 -0.0018175475327640719 0.015803163207093827 0.039374228164599318 -0.03780629529676735 -0.027786487496115255 0.1387052432002549 0.1451839986178356 0.037584930163844732 0.058374644196099335 0.087525602396673383 0.011926359190860327 0.039960760693405643 -0.031740509187731226 0.057504019065128982 -0.030972965940400436 -0.016851913740564418
leaf_weight=23.229789863806218 29.35043582553044 5.2266961336135855 32.802988884970546 97.102046070853248 38.567810031236149 1023.1187250961084 3.9276749305427066 9.311338650994001 46.514040233916603 421.29905140458141 4.8646917351288748 0.96131412498652935 58.036107039777562 5.0801375601440659 30.900396135402843 125.22374925296754 5.9675866304896763 3.2687414456158868 13.897806073771791 2.3677533352747551 2.2821722817607206 9.5373087537009251 3.2942783152684632 5.1973799606785178 11.661997496383266 27.622469362802804 8.2812211245764029 15.810422494309025 3.1791004086844614 194.88338908459991
leaf_count=913 339 48 186 1528 2495 50378 80 102 1696 29568 556 11 669 38 519 3578 89 40 416 26 30 434 75 51 173 200 578 573 273 4338
internal_value=-0.00056041 -0.000198977 0.0253078 -0.000679512 8.25445e-05 0.00190942 0.0137284 0.0350046 -0.00528821 -0.00331343 -0.00124988 0.000193763 -0.00742317 -0.0116138 0.0133095 0.00818162 -0.0161251 0.0353899 0.00225457 0.0262703 0.017094 0.0583608 -0.0112766 0.00152994 0.035232 0.0271702 0.0128541 0.0289968 0.0426918 -0.0161927
internal_weight=2262.77 2233.42 41.2984 2192.12 2089.05 1558.82 197.596 40.8615 530.235 483.721 445.153 1361.22 289.861 231.825 35.9805 156.735 103.07 36.0717 1071.36 31.3793 29.0116 11.8195 17.1921 1039.98 16.8594 36.9338 133.505 23.8542 18.9895 195.845
internal_count=100000 99661 274 99387 97770 62609 5451 382 35161 33465 30970 57158 5575 4906 557 5069 1617 226 51583 981 955 464 491 50602 224 302 4156 1402 846 4349
is_linear=0
shrinkage=0.03


Tree=240
num_leaves=31
num_cat=0
split_feature=1 411 12 197 49 8 352 39 177 11 3 337 4 43 43 437 30 30 3 3 0 1 7 1 43 20 3 438 437 343
split_gain=24.7018 28.3338 29.6796 24.2972 24.5101 31.7637 30.9363 29.7651 26.5521 24.4738 48.2792 29.0956 22.8963 22.2013 29.6885 28.6889 38.583 86.3106 35.9402 32.532 26.2608 29.9355 23.2298 30.9901 27.7539 24.1989 25.1452 26.1089 39.8676 22.8499
threshold=14.779000282287599 611.50000000000011 1.0000000180025095e-35 1.5000000000000002 1.0000000180025095e-35 1.5000000000000002 1.0000000180025095e-35 178.50000000000003 1.5000000000000002 74.500000000000014 13530.500000000002 2.5000000000000004 1.0000000180025095e-35 525.50000000000011 471.50000000000006 1404.5000000000002 351.50000000000006 402.50000000000006 17187.500000000004 2582.0000000000005 10117926.500000002 22.954999923706058 143.50000000000003 737.47500610351574 433.50000000000006 3.5000000000000004 9821.5000000000018 36962.500000000007 113.50000000000001 3.5000000000000004
decision_type=2 10 8 10 2 2 10 10 8 10 2 2 10 10 8 2 10 10 2 2 2 2 10 2 8 2 2 2 2 2
left_child=-1 2 -2 4 5 7 9 -4 13 -7 -11 -12 -8 14 22 20 19 -18 -19 -17 -16 -22 29 25 -25 -24 27 -27 -29 -6
right_child=1 -3 3 -5 8 6 12 -9 -10 10 11 -13 -14 -15 15 16 17 18 -20 -21 21 -23 23 24 -26 26 -28 28 -30 -31
leaf_value=-0.014038519246882384 -0.037014211260849708 0.028140160319485116 0.017432430819373099 -0.023671546411297865 -0.024779789956933817 0.00068541545298629245 0.16319427356973745 -0.021513007213728699 -0.026118824512136644 -0.0012563626942765345 0.006864799412617955 0.062248014151332791 -0.020953286610512201 -0.020094655167910449 0.15693107789021835 0.26612747961970079 0.36041858849466951 -0.016011080705287263 0.26740717707931222 0.022652240756856547 0.31635276251463368 -0.0073737533563231952 -0.0067340172717621476 0.024073674195569168 0.23832772819006159 0.014359470579230293 -0.015167148477906034 0.25119581979494732 0.054212533589275337 0.034853689991904274
leaf_weight=115.86819674260914 19.572135111084208 32.135762985795736 181.28897759364918 37.991219967138022 62.924340567551553 1139.6164014154347 0.61340523883700271 19.568262627581134 48.200664754956961 54.597938931314275 13.111682378686963 24.469665961107239 65.119291049893945 59.149790005409159 0.93206845736130972 0.50473315943964436 1.0621074985247099 2.074722414137796 0.49966764776036132 23.022504334338009 0.25924242101609962 30.853621365036815 248.20674081763718 31.681069216923788 0.55364701058715482 17.443128185579557 13.218434898531994 1.050685235299168 7.7122209349181503 6.3681620319839558
leaf_count=2866 346 592 4001 884 3473 49473 26 1239 1734 2721 643 261 1525 6556 18 38 31 242 32 993 23 2030 16611 738 12 1189 1350 29 258 66
internal_value=-0.000546625 0.000182584 -0.00024288 0.000101127 0.000540809 0.00253652 0.000817981 0.0136382 -0.00484025 0.00188807 0.0167565 0.0429255 -0.0192349 -0.00281935 -0.000540345 0.0192507 0.0419322 0.132875 0.038998 0.0278755 2.42026e-05 -0.00467636 -0.00355146 -0.00014001 0.0277536 -0.00326603 0.0185675 0.0355834 0.0778311 -0.0192993
internal_weight=2259.67 2143.8 2111.67 2092.09 2054.1 1498.39 1297.53 200.857 555.718 1231.8 92.1793 37.5813 65.7327 507.517 448.367 59.2087 27.1637 3.6365 2.57439 23.5272 32.0449 31.1129 389.158 319.866 32.2347 287.631 39.4245 26.206 8.76291 69.2925
internal_count=100000 97134 96542 96196 95312 59889 54649 5240 35423 53098 3625 904 1551 33689 27133 3407 1336 305 274 1031 2071 2053 23726 20187 750 19437 2826 1476 287 3539
is_linear=0
shrinkage=0.03


Tree=241
num_leaves=31
num_cat=0
split_feature=222 49 365 365 352 43 119 114 439 3 365 1 139 411 114 43 437 343 15 11 142 433 1 369 347 30 311 16 25 26
split_gain=24.1736 21.2165 27.1174 44.5592 29.2376 28.9332 29.3777 30.4121 29.6892 25.9704 26.5579 38.7272 24.3849 22.1915 26.6941 21.7335 27.3641 36.3615 25.5557 23.7903 22.9989 20.9025 20.4957 19.8348 24.618 20.8875 19.8018 30.6208 20.7336 18.8937
threshold=2.5000000000000004 1.0000000180025095e-35 180.50000000000003 186.14219665527347 1.0000000180025095e-35 168.50000000000003 1.5000000000000002 2.5000000000000004 27811.000000000004 15987.000000000002 209.47499847412112 96.974998474121108 1.5000000000000002 564.00000000000011 1.5000000000000002 525.50000000000011 5937.0000000000009 3.5000000000000004 151.50000000000003 1.5000000000000002 1.5000000000000002 3.5000000000000004 12.181499958038332 1504.299987792969 4.5000000000000009 81.500000000000014 2.5000000000000004 38.500000000000007 28.500000000000004 1.5000000000000002
decision_type=10 2 8 8 10 10 8 8 2 2 10 2 10 10 8 10 2 2 2 8 8 2 2 2 2 8 8 2 2 2
left_child=1 2 4 -4 22 6 7 8 9 10 11 -5 15 14 -10 16 18 19 29 -18 -17 -13 -1 24 -24 -26 -2 -28 -29 -3
right_child=26 12 3 5 -6 -7 -8 -9 13 -11 -12 21 -14 -15 -16 20 17 -19 -20 -21 -22 -23 23 -25 25 -27 27 28 -30 -31
leaf_value=-0.014957528145451867 -0.019525717000650873 -0.0048063442173090195 0.096953607576941631 -0.0074402743047551519 -0.01791205283107597 -0.024281082687849342 -0.025127279424923616 0.1292977590082626 -0.0089084878352775343 -0.029837260938723638 0.040880192765576702 0.31103241928477149 -0.024521161747792855 0.088625989531007809 0.05124117326728695 -0.022831876803242116 0.059575159580189253 0.11976997339087748 0.068746556596352301 0.0022756504144136043 0.10450588953093728 0.12156527858993454 0.0025097334802870177 -0.027958948852422949 0.043786104651021486 -0.024633916678828534 0.017394385997143449 -0.077015401460979072 0.035217057192072659 0.035063281872247526
leaf_weight=62.184610550524667 102.33025318314321 387.07443406805396 5.7518063886091104 1.1747343805618577 70.751599800423719 17.418659067945555 12.752538455184547 2.3811599798500529 40.247528648236766 4.1497435532510272 30.002322741551325 0.95797315705567632 51.059928947361186 2.7505409121513358 7.9524262323975554 57.01471329969354 8.2949101226404292 3.1981474868953219 4.4304472273215643 30.501059299218468 1.3057786687277246 1.156946077942848 1253.7871680743992 18.750600341707468 22.199330038856719 4.9025618000887325 33.796851661987603 5.8296996438875786 1.9861409133300183 11.00135984062217
leaf_count=1828 1444 23963 58 51 1698 525 116 14 1059 77 253 27 2278 27 58 6342 230 58 238 2119 107 21 56257 245 210 107 315 41 65 169
internal_value=-0.000534479 0.000275823 0.00206742 0.0153708 0.000890873 0.0114909 0.0175097 0.0234997 0.0206496 0.0409316 0.0497527 0.130672 -0.00476783 0.00574511 0.0010155 -0.00276194 -0.000502742 0.0225418 -0.00290701 0.0145268 -0.0199808 0.207386 0.00186775 0.0026728 0.00312121 0.0314094 -0.0124301 0.00501878 -0.0484952 -0.00370449
internal_weight=2257.1 2113.15 1559.27 126.696 1432.58 120.945 103.526 90.7734 88.3922 37.4417 33.292 3.28965 553.881 50.9505 48.2 502.821 444.5 41.9941 402.506 38.796 58.3205 2.11492 1361.82 1299.64 1280.89 27.1019 143.943 41.6127 7.81584 398.076
internal_count=100000 98135 62631 2286 60345 2228 1703 1587 1573 429 352 99 35504 1144 1117 33226 26777 2407 24370 2349 6449 48 58647 56819 56574 317 1865 421 106 24132
is_linear=0
shrinkage=0.03


Tree=242
num_leaves=31
num_cat=0
split_feature=334 335 337 130 411 0 410 11 36 49 431 16 431 42 8 9 89 260 39 272 11 3 3 39 54 11 435 337 27 335
split_gain=23.2539 27.2776 27.8327 26.1715 20.5531 21.673 21.0993 19.9855 19.766 19.5837 31.5524 27.3034 26.9027 27.1054 26.1442 32.1515 25.8474 25.0607 24.9333 23.9493 23.6735 57.641 56.0407 67.6118 31.8456 91.6573 30.4541 29.4631 28.2106 25.7464
threshold=5.5000000000000009 8.5000000000000018 1.5000000000000002 2.5000000000000004 562.00000000000011 10335731.000000002 263.50000000000006 4.5000000000000009 2.6041665077209477 1.0000000180025095e-35 695.50000000000011 1.5000000000000002 603.50000000000011 571.00000000000011 1.5000000000000002 296.50000000000006 1.5000000000000002 35.317649841308601 178.50000000000003 1.0000000180025095e-35 28.500000000000004 9993.5000000000018 10112.500000000002 8.5000000000000018 1.5000000000000002 254.50000000000003 0.64756735173306368 1.5000000000000002 1.5000000000000002 2.5000000000000004
decision_type=10 10 2 10 10 2 10 8 8 2 2 2 2 10 2 8 10 10 10 10 10 2 2 10 10 10 2 2 2 10
left_child=1 3 -3 9 5 8 -7 -4 -5 10 12 -12 13 14 18 -16 19 -14 -1 -13 26 28 23 -23 27 -26 -17 -24 -22 -29
right_child=-2 2 7 4 -6 6 -8 -9 -10 -11 11 16 17 -15 15 20 -18 -19 -20 -21 21 22 24 -25 25 -27 -28 29 -30 -31
leaf_value=0.017586496778014358 -0.027346493131454888 -0.044192806771861201 -0.034066764403583867 -0.048825312142814811 0.0079017002024180157 -0.04170178418864235 -0.005999479770671238 0.040734879720518993 0.043276193693544018 -0.0049284570000533798 -0.011016459524395821 0.011533410744925919 0.034005519446395412 0.238493901408805 -0.0062599036599654597 -0.0050648885542716173 -0.015661331333797743 0.16842487243961896 -0.019364766591286987 -0.026427320791065516 0.069559607981759211 0.51540010907768108 -0.0056962744813406135 0.074166352839457189 0.61461464500813834 -0.034627702659481278 0.0099853179455591523 0.064377554970014489 -0.027471072497672212 -0.024593957266359955
leaf_weight=175.07975608855486 28.713591408915818 4.7268616165965787 3.5712687671184531 2.9256027289666235 25.441147839883342 43.6617672520224 22.613611120730639 32.192671956494451 7.4058150583878142 522.36684541369323 265.31323621817864 170.08195290691219 8.8742792652919871 0.44441724941134353 288.03682098595891 203.0661512943916 52.348690496990457 1.4526077210903157 18.137362089590169 16.400066965958104 3.1232279322575804 0.49359865160658845 11.207540732109917 0.85215700045228004 0.32554174587130447 0.49067698232829571 299.43587861780543 22.191165574360642 19.747965816175565 3.3720412040129295
leaf_count=3935 339 45 52 33 422 665 384 177 113 35161 8263 3069 162 24 19714 11630 754 11 1219 204 68 20 653 57 31 14 11068 475 1199 39
internal_value=-0.000521356 -0.000175238 0.024223 -0.000627391 -0.015461 -0.0232198 -0.0295199 0.0332654 0.0171953 9.93753e-05 0.00178244 -0.00439249 0.00472948 0.00425377 0.00415421 0.00189555 0.00296597 0.0529133 0.0141179 0.00819497 0.00605831 0.0235792 0.045785 0.236003 0.0389745 0.224317 0.00390338 0.0348603 -0.0142208 0.0526413
internal_weight=2254.09 2225.38 40.4908 2184.89 102.048 76.6068 66.2754 35.7639 10.3314 2082.84 1560.48 504.144 1056.33 1046 1045.56 852.343 238.831 10.3269 193.217 186.482 564.306 61.8039 38.9327 1.34576 37.587 0.816219 502.502 36.7707 22.8712 25.5632
internal_count=100000 99661 274 99387 1617 1195 1049 229 146 97770 62609 12290 50319 50146 50122 44968 4027 173 5154 3273 25254 2556 1289 77 1212 45 22698 1167 1267 514
is_linear=0
shrinkage=0.03


Tree=243
num_leaves=31
num_cat=0
split_feature=222 39 29 23 39 87 16 4 4 437 87 334 4 130 335 4 4 20 4 4 327 439 27 9 438 7 369 139 20 20
split_gain=22.289 20.0867 22.5517 22.3275 42.445 29.6458 32.8972 33.06 32.8732 29.0181 30.0505 27.6735 21.5977 19.649 21.8718 32.7979 27.9273 24.4232 25.4707 57.7431 20.9466 19.1378 19.8446 19.137 21.7476 20.5531 33.3509 27.9499 26.4265 18.7695
threshold=2.5000000000000004 392.50000000000006 551.50000000000011 2.5000000000000004 104.50000000000001 1.0000000180025095e-35 4.5000000000000009 385.50000000000006 387.50000000000006 5464.5000000000009 1.0000000180025095e-35 3.5000000000000004 343.50000000000006 2.5000000000000004 3.5000000000000004 408.50000000000006 407.50000000000006 1.5000000000000002 264.50000000000006 289.50000000000006 44.019649505615241 1850.5000000000002 33.500000000000007 324.50000000000006 4182.0000000000009 137.50000000000003 69.25534820556642 1.5000000000000002 1.0000000180025095e-35 1.0000000180025095e-35
decision_type=10 10 10 2 10 10 2 10 10 2 8 10 10 10 8 8 10 2 10 10 10 2 2 10 2 10 2 10 2 2
left_child=1 2 3 11 5 23 7 -7 -9 29 -11 13 -8 14 -1 16 17 18 -16 -20 -15 -10 -23 24 -5 26 28 -27 -26 -6
right_child=-2 -3 -4 4 9 6 12 8 21 10 -12 -13 -14 20 15 -17 -18 -19 19 -21 -22 22 -24 -25 25 27 -28 -29 -30 -31
leaf_value=0.00042443625281636391 -0.011992025283071459 -0.011676393078881079 -0.028233848102840142 -0.025920489650923358 0.040055389075903482 -0.031340985757416458 0.043071672976807841 0.1344693115906718 0.079270223501433076 0.050578439555476799 -0.022258461430944405 -0.01771635163120746 -0.0017195551322797579 -0.026902404954429103 -0.016015289009599212 -0.0060520050015784215 0.13316141019960187 0.043305133264989408 0.15285082501034683 0.01199409327667722 0.021555535341970848 -0.015104791247669783 0.066123522249222244 0.040512609708318194 0.37049725838133235 -0.00086079936285837126 -0.033529910389710038 0.063774749612882167 0.10325934674819034 -0.025802866185295901
leaf_weight=1438.5000631578732 142.53063320880756 119.56901792658027 23.494438680354506 9.6634997120127064 4.210414995905011 30.144310270319693 24.812832409748808 1.9025526251643921 2.7963879092130837 12.327642312971877 8.692596053821033 75.439584384206682 15.895353160332887 41.101073341676965 20.640913323033601 47.775435326155275 2.1114788381382814 30.402414082083851 2.9863490064162788 21.311711038928479 9.9772014217451197 19.613542576087642 3.1402714615687719 52.913698080228642 0.37166162207722608 23.660639006062411 1.6061838967725632 8.0764433685690182 3.2041189125739038 51.940467921784148
leaf_count=65625 1865 12576 1853 808 94 1419 1102 12 25 225 484 882 1151 735 462 858 26 335 35 389 100 860 45 1566 6 1492 28 93 153 4696
internal_value=-0.000510305 0.000265918 0.000983935 0.00133324 0.00926128 0.0166234 0.00493908 -0.00965084 0.0141659 -0.00960896 0.0204579 4.34877e-05 0.025582 0.000873181 0.00147127 0.0134963 0.0255544 0.0225386 0.00848952 0.0293061 -0.017437 0.00520769 -0.00389441 0.0281678 0.0141453 0.0246324 0.0800275 0.0155876 0.131036 -0.0208646
internal_weight=2250.81 2108.28 1988.71 1965.22 274.973 197.801 98.3053 57.5971 27.4528 77.1711 21.0202 1690.25 40.7082 1614.81 1563.73 125.228 77.4529 75.3414 44.939 24.2981 51.0783 25.5502 22.7538 99.4962 46.5825 36.919 5.18196 31.7371 3.57578 56.1509
internal_count=100000 98135 85559 83706 14259 8760 4614 2361 942 5499 709 69447 2253 68565 67730 2105 1247 1221 886 424 835 930 905 4146 2580 1772 187 1585 159 4790
is_linear=0
shrinkage=0.03


Tree=244
num_leaves=31
num_cat=0
split_feature=334 335 341 410 18 434 295 90 411 367 422 341 437 18 437 30 437 431 15 27 9 13 9 436 435 9 30 3 439 439
split_gain=21.8452 23.182 27.0145 22.79 28.7609 23.8531 21.7834 21.3383 20.6951 21.6061 18.3835 18.3622 18.1666 22.9177 20.9413 59.6328 164.953 30.7617 40.3987 35.591 41.3666 39.2602 31.9428 30.794 64.3119 50.9183 33.0702 31.3103 40.9821 24.9949
threshold=6.5000000000000009 8.5000000000000018 1.5000000000000002 174.00000000000003 5.5000000000000009 -1.0010201518793156 3.5000000000000004 7.5000000000000009 611.50000000000011 23.412750244140629 96.500000000000014 4.5000000000000009 12153.000000000002 1.0000000180025095e-35 5832.0000000000009 609.50000000000011 5937.0000000000009 321.50000000000006 1.5000000000000002 52.500000000000007 266.50000000000006 1.5000000000000002 328.50000000000006 -60.269201999482647 0.44034058228491751 300.00000000000006 81.500000000000014 12687.500000000002 139597.50000000003 139597.50000000003
decision_type=10 10 10 8 2 2 10 10 10 10 2 10 2 2 2 10 2 2 2 2 10 2 8 2 2 10 8 2 2 2
left_child=1 3 -3 4 5 -1 7 8 12 -10 -11 -4 14 -14 -5 17 -17 18 19 20 -16 -22 -20 24 26 29 -23 28 -25 -26
right_child=-2 2 11 6 -6 -7 -8 -9 9 10 -12 -13 13 -15 15 16 -18 -19 22 -21 21 23 -24 27 25 -27 -28 -29 -30 -31
leaf_value=0.10386895534523639 -0.0340154263572695 -0.043502171901282777 0.038089137978289625 -0.0012147830967376894 -0.048353997581246387 -0.0094603057669930095 0.032527826585159569 -0.056913002041172653 0.0093046021720847184 0.037879491571399297 0.13784661149355004 -0.037694856793847618 -0.026633678284001937 0.1051183535758889 -0.002769942158939154 1.0053914931049392 -0.03040882421243208 -0.014212729614364613 -0.01660245010531056 0.29059455235109388 -0.0037141684764526424 0.094474798340807839 0.027408363222598386 0.12390917249722889 0.18128323837636101 0.081259330110397501 0.0029977812553105099 0.007799132772215822 -0.012130427272424478 0.38000329357807222
leaf_weight=1.7211744431406248 17.365641937823966 4.939398579299449 32.437382647767663 1817.9268260748358 19.262769274413586 57.904330373974517 18.299232979305089 5.9846893562935284 26.680880903732032 6.3168377559632045 2.2436428824439645 3.1575754433870307 33.783094850485213 1.2315433195326466 28.583417962538078 0.20275380671955545 0.43577292538248003 43.395704066148028 47.17480254243128 0.46234789490699668 13.26701461127959 7.8432385353371474 21.655375039204955 5.9190966046880984 1.1174914622679344 2.2434031709562987 6.5080359198618689 15.786915147677062 3.0046951894182712 1.1619857663754374
leaf_count=53 197 48 195 85087 115 1509 289 74 558 67 30 40 2705 10 1462 24 57 1556 3062 8 415 200 689 174 38 84 420 659 140 35
internal_value=-0.000498083 -0.00023715 0.0222432 -0.000653212 -0.0164847 -0.0061889 -6.16531e-05 -0.000346595 -0.00018438 0.0226101 0.0640802 0.0313665 -0.000575913 -0.0219997 -0.000203945 0.00904143 0.298493 0.00810857 0.0143689 0.028091 0.0266704 0.0414721 -0.00275575 0.0552266 0.0840799 0.182724 0.0529917 0.0331883 0.0781038 0.282583
internal_weight=2248.02 2230.65 40.5344 2190.12 78.8883 59.6255 2111.23 2092.93 2086.94 35.2414 8.56048 35.595 2051.7 35.0146 2016.69 198.762 0.638527 198.124 154.728 85.8976 85.4353 56.8519 68.8302 43.5849 18.8742 4.52288 14.3513 24.7107 8.92379 2.27948
internal_count=100000 99803 283 99520 1677 1562 97843 97554 97480 655 97 235 96825 2715 94110 9023 81 8942 7386 3635 3627 2165 3751 1750 777 157 620 973 314 73
is_linear=0
shrinkage=0.03


Tree=245
num_leaves=31
num_cat=0
split_feature=26 26 16 352 39 25 39 431 431 260 113 114 322 4 23 180 362 437 30 27 31 23 434 343 405 422 36 49 4 333
split_gain=21.3512 36.4373 31.6084 22.023 20.2266 25.5555 29.1121 28.629 40.4206 30.7588 29.5627 29.0228 25.4495 24.8801 24.6099 22.1825 28.7647 28.4967 70.8706 134.376 24.8907 25.6573 33.7279 22.1526 21.8732 23.512 34.6223 21.8288 25.1382 29.9187
threshold=127.50000000000001 5.5000000000000009 10.500000000000002 1.5000000000000002 277.50000000000006 3.5000000000000004 100.50000000000001 717.50000000000011 603.50000000000011 35.317649841308601 1.5000000000000002 2.5000000000000004 66.491699218750014 142.50000000000003 5.5000000000000009 146.2289962768555 240.25000000000003 5464.5000000000009 564.50000000000011 23.500000000000004 26.500000000000004 1.5000000000000002 0.72693136137946934 4.5000000000000009 -269.99999999999994 41.500000000000007 0.64583298563957225 1.0000000180025095e-35 580.50000000000011 1.0000000180025095e-35
decision_type=2 2 2 10 10 2 10 2 2 10 10 10 10 8 2 8 2 2 10 2 8 2 2 2 10 2 10 2 10 8
left_child=1 3 -3 4 5 7 -7 8 10 -10 11 12 14 -13 27 16 -6 20 -19 -20 -18 22 -22 -12 25 26 -9 28 -1 -30
right_child=-2 2 -4 -5 15 6 -8 24 9 -11 23 13 -14 -15 -16 -17 17 18 19 -21 21 -23 -24 -25 -26 -27 -28 -29 29 -31
leaf_value=0.0033912028937819554 0.038535748351200855 0.03710692730713204 -0.02789892302636484 -0.025103888019492988 -0.011085394613512959 0.016677005606153344 -0.020781024349314756 -0.015929214414355762 0.029862983371311148 0.14068473576465537 -0.021597699766146609 0.13029826284500962 0.0518788880542334 0.024384613880532355 0.044309897967420263 -0.024956790806139627 -0.00064817435716122177 0.043722223468418309 0.89147877629447247 -0.030594542293297174 -0.030272404954731616 0.021924452333805793 0.53579404094298977 0.036467691752932171 0.034516977389688341 -0.0088098943365201663 0.066291826594068612 -0.0042130123185566805 0.0080391809092838253 0.063272672437264352
leaf_weight=779.57858235028107 12.547808235511182 7.4854530468583098 66.875182707794011 30.991005971794948 97.45747557177674 155.2508833266329 21.226672649732791 9.0830390574410576 9.4052086072042567 2.9645118303596965 67.354749097023159 2.7848261520266506 9.3709319706540537 7.0483347899280497 12.389829133404417 55.310151218669489 27.764528693398464 9.088266509585079 0.2602196915540852 0.31374892592430115 0.14748127316124637 0.5635829254752025 0.2648610349278897 6.4824625877663484 11.515338368713854 423.22894904320128 9.3581689398270083 372.1941192150116 23.938389271264896 13.981462768279014
leaf_count=35176 193 57 642 669 13419 5858 2123 202 189 19 1050 16 110 60 229 2318 2626 341 14 33 21 63 31 44 106 11331 133 22069 771 87
internal_value=-0.00048829 -0.000707509 -0.0213552 3.53589e-06 0.00036913 0.00128787 0.0121716 0.000196966 0.00244914 0.0564224 0.00193364 0.00304811 0.00263146 0.0543802 0.00224754 -0.00894057 -0.00242019 0.0195702 0.0641405 0.387445 0.00458609 0.153498 0.333331 -0.0164999 -0.00630083 -0.00736504 0.0257946 0.00180949 0.00455144 0.0284044
internal_weight=2246.23 2233.68 74.3606 2159.32 2128.33 1937.16 176.478 1760.68 1307.49 12.3697 1295.12 1221.29 1211.45 9.83316 1202.08 191.17 135.86 38.4027 9.66224 0.573969 28.7405 0.975925 0.412342 73.8372 453.185 441.67 18.4412 1189.69 817.498 37.9199
internal_count=100000 99807 699 99108 98439 79573 7981 71592 59820 208 59612 58518 58442 76 58332 18866 16548 3129 388 47 2741 115 52 1094 11772 11666 335 58103 36034 858
is_linear=0
shrinkage=0.03


Tree=246
num_leaves=31
num_cat=0
split_feature=334 411 410 335 392 437 437 15 337 29 29 89 131 410 241 23 26 11 437 14 0 435 316 431 431 411 411 86 4 9
split_gain=20.647 21.5455 34.654 29.1908 31.4531 27.0155 29.0388 47.6531 49.424 32.4269 48.3276 30.221 26.2439 24.5158 23.6292 21.8587 21.1191 27.1422 26.5909 19.8289 23.3725 23.9832 22.4793 20.0873 28.6347 30.9491 31.0427 19.658 27.1306 20.5625
threshold=6.5000000000000009 517.50000000000011 214.50000000000003 8.5000000000000018 -10.499999999999998 12153.000000000002 5832.0000000000009 1.5000000000000002 2.5000000000000004 487.50000000000006 601.50000000000011 1.5000000000000002 2.5000000000000004 635.50000000000011 1.5000000000000002 2.5000000000000004 1.0000000180025095e-35 10.500000000000002 10333.000000000002 32.000000000000007 10264380.000000002 0.70646083565224671 309.65249633789068 722.00000000000011 576.50000000000011 425.50000000000006 352.50000000000006 1.0000000180025095e-35 490.50000000000006 324.50000000000006
decision_type=10 8 10 8 8 2 2 2 2 8 10 10 10 10 10 2 2 8 2 2 2 2 10 2 2 10 8 8 8 10
left_child=1 2 14 4 12 6 13 8 15 11 -11 16 -3 -6 -1 27 17 -10 -19 23 21 -21 -22 24 25 26 -4 28 -8 -30
right_child=-2 3 19 -5 5 -7 7 -9 9 10 -12 -13 -14 -15 -16 -17 -18 18 -20 20 22 -23 -24 -25 -26 -27 -28 -29 29 -31
leaf_value=-0.014454965550748157 -0.033421549704217013 0.016870993073903811 0.0067957499344824647 0.022910345487436139 -0.0014239856873275931 -0.02739727203801242 0.013645550111057095 -0.0062076136921778366 -0.031641990057585903 0.056561328371215851 0.44774376506720676 0.19200609631769383 -0.1148205111913298 0.21222732783889747 -0.053029641171235271 0.13062229091194655 0.013483309000744551 0.083776322309551329 0.25061792768927665 0.013334295766521759 0.0011339614658442206 0.15163148929529699 0.065439513301048122 -0.0095120633963114796 0.051355979471053741 -0.018657754440361076 0.074498418528861909 -0.012891458677328138 -0.014930220142707189 0.099028035292976282
leaf_weight=52.736553386319429 16.992429143982008 119.83663988858461 56.134009127505124 54.792777089169249 1353.8447258948581 32.879997191717848 44.878510242793709 71.624545114347711 1.4271210380829904 0.6585407678503532 0.50007676891982555 1.4455133005976684 1.3775887135416258 0.48354074312373896 19.604750335216522 1.4614198766648758 7.6034793453291059 4.6456560452934355 1.0549750737845895 2.3353562997654072 41.398684697458521 2.1839415747672319 5.5481491712853304 259.4069276873488 11.066870298702268 43.94559115008451 6.8377019744366399 18.846247396664694 1.8426058127079139 6.2883393159136176
leaf_count=1438 197 2435 1253 1121 74577 2697 2520 3811 88 38 11 11 15 9 119 44 128 79 31 33 985 33 45 6392 171 777 116 657 93 76
internal_value=-0.000477925 -0.000226524 -0.00570199 0.00136392 0.000657276 -0.00049402 8.92425e-05 0.0120817 0.0265321 0.0720871 0.225402 0.0611064 0.0153743 -0.0013477 -0.0249088 0.0157609 0.0482617 0.0853614 0.114653 -0.00246211 0.0150061 0.0801661 0.00873355 -0.00484431 0.00541848 0.000663547 0.0141472 0.0134248 0.0227809 0.0732032
internal_weight=2243.68 2226.69 501.199 1725.49 1670.7 1549.49 1516.61 162.277 90.6525 17.3354 1.15862 16.1767 121.214 1354.33 72.3413 73.3171 14.7312 7.12775 5.70063 428.857 51.4661 4.5193 46.9468 377.391 117.984 106.917 62.9717 71.8557 53.0095 8.13095
internal_count=100000 99803 11362 88441 87320 84870 82173 7587 3776 386 49 337 2450 74586 1557 3390 326 198 110 9805 1096 66 1030 8709 2317 2146 1369 3346 2689 169
is_linear=0
shrinkage=0.03


Tree=247
num_leaves=31
num_cat=0
split_feature=26 21 371 439 211 437 405 222 25 32 216 328 29 437 437 337 439 23 88 3 34 114 3 227 9 344 371 437 437 437
split_gain=20.6738 36.8755 20.8099 19.2487 19.0895 21.121 19.6945 18.4825 18.2246 32.3634 21.9128 20.9216 20.9118 23.9662 20.4231 50.5908 44.4003 24.5725 44.566 22.7415 30.1612 27.411 20.5289 21.531 20.6479 21.646 33.4898 20.3778 26.1978 40.6772
threshold=127.50000000000001 5.5000000000000009 91.95999908447267 62375.000000000007 1.0000000180025095e-35 12153.000000000002 -269.99999999999994 2.5000000000000004 1.5000000000000002 96.500000000000014 22.500000000000004 7.8418998718261728 103.50000000000001 7686.0000000000009 5832.0000000000009 2.5000000000000004 62375.000000000007 1.5000000000000002 1.0000000180025095e-35 16115.500000000002 77.500000000000014 1.0000000180025095e-35 15205.500000000002 1.5000000000000002 111.50000000000001 1.5000000000000002 75.020801544189467 796.50000000000011 549.00000000000011 576.00000000000011
decision_type=2 2 2 2 10 2 10 8 2 10 10 10 10 2 2 2 2 2 8 2 10 8 2 10 8 2 2 2 2 2
left_child=1 2 4 -3 5 6 8 -5 14 10 11 12 27 -14 19 -16 -17 18 -18 22 -21 -22 23 24 -1 26 -26 28 -10 -30
right_child=-2 3 -4 7 -6 -7 -8 -9 9 -11 -12 -13 13 -15 15 16 17 -19 -20 20 21 -23 -24 -25 25 -27 -28 -29 29 -31
leaf_value=0.046302452981728456 0.038362793197271067 -0.041574390132946115 -0.012457308516200263 0.016657977976197568 -0.026021876080530186 -0.023538002955387341 0.040874650445905977 -0.030179995947525535 0.012513399128262158 -0.0057353771157236432 0.0443799113938491 -0.022725007871121583 -0.01012352991132427 0.046907853295060149 0.001912424964856842 -0.01634027997332041 0.30535508753029716 0.052202858986896798 0.087929882628688269 -0.015758360792893569 0.19671804174562174 -0.031862661739377213 0.016376388917328944 0.042291144812949467 -0.0010602015068954093 -0.013448558037322266 0.1388144419064829 0.0048136797380801191 0.12173305628588731 0.028557977357818939
leaf_weight=7.7848027800209811 12.27310023177415 28.869032945949584 115.08737480314448 14.789098287466912 23.867138096131384 31.17439777625259 11.280483090784399 15.560068017803134 167.79921133304015 190.06428909488022 15.030969567596911 19.653125989250839 74.544461842160672 7.2790728179970747 109.86513065802865 6.0811927802860746 1.0658256753813482 10.146891171578316 4.1600899170152843 130.98874016664922 1.152081310749054 0.80004314170218882 58.892937456723303 9.8265030384063703 775.56551616033539 143.91938353562728 1.5436191954649974 206.9560487306444 4.6947161669377229 41.433122806251049
leaf_count=242 193 200 2808 169 671 2637 107 147 5368 14947 135 207 5690 326 5397 377 38 138 117 6673 15 38 2904 124 39821 3855 43 5716 88 809
internal_value=-0.000466761 -0.000680476 -4.32674e-05 -0.0240375 0.000651771 0.000965116 0.00134695 -0.00735593 0.0011228 0.00490458 0.00866773 0.0076401 0.00882722 -0.00504998 -0.0010575 0.0101409 0.0522784 0.0794226 0.132274 -0.00235833 -0.0140139 0.103038 -0.00080499 -0.001883 -0.00235035 -0.00276157 -0.00078236 0.0115251 0.0180178 0.038041
internal_weight=2242.15 2229.88 2170.66 59.2182 2055.57 2031.7 2000.53 30.3492 1989.25 727.455 537.391 522.36 502.707 81.8235 1261.79 131.319 21.454 15.3728 5.22592 1130.47 132.941 1.95212 997.533 938.64 928.813 921.029 777.109 420.883 213.927 46.1278
internal_count=100000 99807 99291 516 96483 95812 93175 316 93068 33286 18339 18204 17997 6016 59782 6067 670 293 155 53715 6726 53 46989 44085 43961 43719 39864 11981 6265 897
is_linear=0
shrinkage=0.03


Tree=248
num_leaves=31
num_cat=0
split_feature=1 411 12 136 371 77 25 38 29 7 9 9 105 438 72 1 11 421 30 1 43 436 14 438 27 39 434 20 28 29
split_gain=19.9595 23.0028 24.6234 20.8033 20.1363 18.5119 24.6496 35.0817 33.6949 30.255 40.7518 56.1352 31.4975 52.1453 28.6004 24.0644 32.7187 22.9677 22.9543 48.2842 22.7126 26.9189 22.6667 28.1391 22.5642 21.4766 21.1634 22.7908 37.0149 26.9828
threshold=14.779000282287599 611.50000000000011 1.0000000180025095e-35 2.5000000000000004 91.95999908447267 1.5000000000000002 1.5000000000000002 69.500000000000014 309.50000000000006 217.00000000000003 266.50000000000006 270.50000000000006 1.0000000180025095e-35 6178.5000000000009 1.0000000180025095e-35 125.20949935913087 178.50000000000003 67.500000000000014 184.50000000000003 19.508000373840336 308.50000000000006 -80.052457638164739 23.500000000000004 39680.500000000007 31.500000000000004 61.500000000000007 1.4447269856306628 8.5000000000000018 2.5000000000000004 18.500000000000004
decision_type=2 10 8 10 2 10 2 10 8 10 10 10 10 2 10 2 10 2 10 2 10 2 2 2 2 10 2 2 2 10
left_child=3 2 -2 -1 5 6 17 8 15 -9 -11 12 13 -12 -13 16 18 -4 24 -20 -18 -22 23 -21 26 -7 27 28 29 -8
right_child=1 -3 4 -5 -6 25 7 9 -10 10 11 14 -14 -15 -16 -17 20 -19 19 22 21 -23 -24 -25 -26 -27 -28 -29 -30 -31
leaf_value=-0.014504813055569261 -0.034203203810402857 0.025098939345834174 -0.00063659524526845702 0.079414751640577305 -0.012143620198786391 -0.038443789888073107 0.017940682078113189 -0.023585667084654885 -0.024592077024392551 -0.018467992256038533 -0.030386222750093821 -0.01986988776355561 0.077988169242619879 0.49267831094897119 0.017528924190242556 0.023646524518946742 0.039704714738874013 -0.023989392759579998 0.23539608816779409 -0.019670732334181103 0.35287840395548914 0.031749974861766971 0.098967348528344545 0.1805213240336758 -0.022382142356705267 0.021120191099575469 -0.03757142885953775 0.031776942216373422 -0.016742276060127351 -0.0086618736844600395
leaf_weight=111.32381384633482 18.984650352504104 32.873320058453828 1187.9055780969793 2.163825897499918 113.90299710072577 21.217943148221824 139.8537721389439 54.461213630042039 23.75412894890178 57.425063720904291 0.25730259646661502 23.315902380156331 1.3477428751066327 0.51458405121229589 87.347565304953605 119.11463072546758 16.631760563235733 39.153092819731683 1.1125892898999143 6.6442919992841762 0.46690933266654611 0.47285587037913401 2.8565312409773469 0.69833160052075971 26.246814454090782 7.3301787727978072 9.3935114163905364 32.56518119876273 54.346038162708282 45.472020944347605
leaf_count=2854 346 592 58740 12 2800 283 2767 4869 1672 5608 33 1874 90 27 5841 2379 369 1045 39 581 11 39 21 55 1464 148 114 427 2965 1935
internal_value=-0.00045586 0.000198596 -0.000192535 -0.0127141 0.000118815 0.000831466 0.00118594 0.00565946 0.010242 -0.00412335 0.00210397 0.0125785 0.165507 0.318319 0.0096493 0.012057 0.00795776 -0.00138174 0.00576375 0.0477352 0.0478123 0.191298 0.0272639 -0.000631156 0.00422167 -0.0231498 0.00670104 0.00822866 0.00502905 0.0114134
internal_weight=2239.15 2125.67 2092.79 113.488 2073.81 1959.91 1931.36 704.299 479.629 224.669 170.208 112.783 2.11963 0.771887 110.663 455.875 336.761 1227.06 319.189 11.3117 17.5715 0.939765 10.1992 7.34262 307.877 28.5481 281.631 272.237 239.672 185.326
internal_count=100000 97134 96542 2866 96196 93396 92965 33180 14838 18342 13473 7865 150 60 7715 13166 10787 59785 10368 696 419 50 657 636 9672 431 8208 8094 7667 4702
is_linear=0
shrinkage=0.03


Tree=249
num_leaves=31
num_cat=0
split_feature=334 1 335 77 435 126 136 49 431 431 408 24 14 8 43 3 40 72 38 11 3 337 343 333 188 365 108 139 365 4
split_gain=19.7117 19.5007 20.6457 22.5674 28.6027 21.5434 19.4826 18.7713 24.2237 37.712 25.3438 27.0953 23.1282 21.3032 21.2232 28.4959 21.1528 26.9284 23.0249 21.591 35.0648 26.9731 21.0179 23.5141 20.4758 24.1987 20.2109 19.8668 19.5799 20.1242
threshold=6.5000000000000009 14.779000282287599 8.5000000000000018 1.5000000000000002 0.20397148140432367 1.0000000180025095e-35 2.5000000000000004 1.0000000180025095e-35 717.50000000000011 603.50000000000011 106.50000000000001 1.5000000000000002 35.500000000000007 1.5000000000000002 7.5000000000000009 17748.500000000004 4.5000000000000009 1.5000000000000002 1.0000000180025095e-35 74.500000000000014 13530.500000000002 2.5000000000000004 1.5000000000000002 1.0000000180025095e-35 47.975000381469734 423.62500000000006 1.5000000000000002 1.5000000000000002 180.50000000000003 425.50000000000006
decision_type=10 2 10 10 2 8 10 2 2 2 8 2 2 2 10 2 8 10 8 10 2 2 2 8 10 8 10 10 8 10
left_child=1 6 3 7 -5 -4 -1 8 9 13 -10 14 -13 22 -12 -16 18 19 -15 26 28 -22 23 -3 25 -19 -18 -9 -21 -30
right_child=-2 2 5 4 -6 -7 -8 27 10 -11 11 12 -14 16 15 -17 17 24 -20 20 21 -23 -24 -25 -26 -27 -28 -29 29 -31
leaf_value=-0.014138277313541859 -0.032930151498161926 0.013451244973479003 0.03930718470012242 0.096897434036525829 -0.038498720114806241 -0.009537048046269125 0.076398999218356911 -0.0027036247538479328 0.051723135689922727 0.058636655281822311 -0.011278311176258158 0.0016549406846886718 0.038676951673784384 0.014160549790990346 0.012650336338870057 0.15709723555139485 -0.0014636467553013745 0.0068212422974798775 -0.042764061805025906 -0.0095291243490846812 0.0069124554686107375 0.065298111799431013 -0.0014757883946468944 0.045336153648114774 0.064960960044649602 0.13430647453148059 -0.01720434965446007 -0.023192240624393404 0.078485054918126962 -0.03945070867947649
leaf_weight=110.16104681394063 16.686849750345573 107.86960935313255 24.123209547251463 1.5030894412193472 21.349413902964443 12.255961180664597 2.1814766563475123 469.044891245896 7.3343892893753946 11.48427317664027 295.05470430245623 138.9985948370304 17.049534934572875 152.75577221764252 11.272616864414884 1.3795882696285833 487.2968944584718 30.41376230772585 6.6744083063676944 43.575755490339361 12.8519316802267 15.97093449346721 62.460869014961645 25.793673858046532 8.4555751737207157 1.4017909243702877 86.436112911207601 46.847977465717122 4.7469796845689407 1.7944121442269532
leaf_count=2842 197 3867 152 27 392 109 12 32872 93 158 8185 2529 258 2820 376 25 34174 985 77 2466 634 207 1059 234 130 14 2724 2247 86 49
internal_value=-0.000446155 -0.000201825 0.000447759 5.39844e-05 -0.0295932 0.0228518 -0.0123802 0.000384969 0.00205258 0.00456821 -0.00360775 -0.00448282 0.0056999 0.00397599 -0.0096468 0.0284007 0.00192478 -0.000342089 0.0117774 -0.00181111 0.012899 0.0392643 0.0128908 0.0196042 0.0234662 0.0124382 -0.00383507 -0.00456419 -0.00226395 0.0461333
internal_weight=2235.23 2218.54 2106.2 2069.82 22.8525 36.3792 112.343 2046.97 1531.07 1059.98 471.089 463.755 156.048 1048.5 307.707 12.6522 852.374 692.944 159.43 652.673 78.94 28.8229 196.124 133.663 40.2711 31.8156 573.733 515.893 50.1171 6.54139
internal_count=100000 99803 96949 96688 419 261 2854 96269 61150 49684 11466 11373 2787 49526 8586 401 44366 41469 2897 40340 3442 841 5160 4101 1129 999 36898 35119 2601 135
is_linear=0
shrinkage=0.03


end of trees

feature_importances:
card1_fq_enc=253
card2=250
card1=225
C13=192
TransactionAmt=190
card2_fq_enc=181
D15=178
addr1=173
C1=163
D2=158
TransactionDT=155
dist1=133
card5=126
D10=122
C14=118
TransactionAmt_diff_mean_card1=97
P_emaildomain_fq_enc=97
P_emaildomain=96
D4=92
C11=84
D1=75
card6=74
R_emaildomain=74
V313=74
id_20=74
D11=73
V283=71
C2=69
C6=62
C9=62
V317=62
M5=61
TransactionAmt_to_mean_card1=61
C12=58
D8=57
V315=57
C5=55
M4=53
TransactionAmt_zscore_card1=53
card3=50
V282=50
id_01=49
V62=48
V310=48
V83=46
DeviceInfo=46
M6=45
V87=42
V312=42
dist2=41
C10=41
D12=41
V320=39
ProductCD=38
V294=38
V54=37
V53=36
V61=34
V78=34
V314=34
id_19=33
V291=32
V13=31
V67=31
V20=30
V281=30
V289=29
C8=28
V285=28
id_05=28
id_09=28
id_33=28
V307=27
id_02=27
C4=26
V296=26
id_14=26
C7=25
V76=25
D13=24
V56=24
V268=23
hour=23
V82=22
V38=21
V208=21
id_13=21
D3=20
id_18=20
id_31=20
V36=19
V45=19
V309=19
card4=18
V77=18
V133=18
V300=18
id_06=18
id_17=18
id_32=18
M3=17
V207=17
V19=16
V55=16
V130=16
D6=15
V131=15
V136=15
V156=15
V259=15
D14=14
V49=14
V129=14
V258=14
V266=14
V30=13
V75=13
V91=13
V128=13
V171=13
D9=12
V44=12
V51=12
V70=12
V96=12
V124=12
V160=12
V170=12
V270=12
V319=12
id_30=12
V24=11
V47=11
V72=11
V74=11
V84=11
V86=11
V209=11
V301=11
V311=11
V318=11
V321=11
D5=10
V5=10
V66=10
V99=10
V109=10
V143=10
V272=10
DeviceType=10
day_cycle=10
V12=9
V94=9
V127=9
V161=9
V189=9
V210=9
V243=9
V261=9
V290=9
V308=9
V4=8
V25=8
V37=8
V48=8
V79=8
V81=8
V115=8
V197=8
V223=8
V278=8
V295=8
V298=8
id_03=8
id_24=8
addr2=7
V7=7
V22=7
V64=7
V125=7
V149=7
V164=7
V262=7
V277=7
V292=7
V326=7
V23=6
V26=6
V69=6
V90=6
V137=6
V162=6
V245=6
V253=6
V267=6
V288=6
V303=6
V323=6
V336=6
id_04=6
V10=5
V43=5
V52=5
V58=5
V103=5
V105=5
V145=5
V152=5
V199=5
V203=5
V276=5
V286=5
V3=4
V6=4
V35=4
V73=4
V98=4
V100=4
V150=4
V158=4
V163=4
V175=4
V187=4
V198=4
V204=4
V220=4
V234=4
V244=4
V260=4
V287=4
V306=4
V335=4
id_10=4
id_36=4
id_38=4
M7=3
V9=3
V33=3
V34=3
V46=3
V57=3
V59=3
V60=3
V71=3
V85=3
V97=3
V102=3
V134=3
V139=3
V142=3
V151=3
V155=3
V165=3
V194=3
V201=3
V202=3
V215=3
V274=3
V275=3
V279=3
V280=3
V316=3
V337=3
M2=2
M9=2
V2=2
V16=2
V17=2
V29=2
V40=2
V108=2
V121=2
V126=2
V135=2
V141=2
V159=2
V167=2
V172=2
V176=2
V180=2
V188=2
V200=2
V206=2
V212=2
V214=2
V218=2
V222=2
V230=2
V235=2
V236=2
V251=2
V264=2
V271=2
V299=2
V332=2
V339=2
id_08=2
id_15=2
id_21=2
id_25=2
V11=1
V42=1
V63=1
V112=1
V114=1
V116=1
V132=1
V140=1
V144=1
V166=1
V174=1
V181=1
V185=1
V190=1
V192=1
V205=1
V213=1
V216=1
V221=1
V226=1
V227=1
V232=1
V233=1
V239=1
V246=1
V248=1
V250=1
V255=1
V256=1
V257=1
V263=1
V273=1
V284=1
V293=1
V302=1
V304=1
V322=1
V324=1
V327=1
V333=1
V338=1
id_07=1
id_11=1
id_26=1
id_37=1

parameters:
[boosting: gbdt]
[objective: binary]
[metric: binary_logloss]
[tree_learner: serial]
[device_type: cpu]
[data_sample_strategy: bagging]
[data: ]
[valid: ]
[num_iterations: 50]
[learning_rate: 0.03]
[num_leaves: 31]
[num_threads: 4]
[seed: 42]
[deterministic: 0]
[force_col_wise: 0]
[force_row_wise: 0]
[histogram_pool_size: -1]
[max_depth: -1]
[min_data_in_leaf: 20]
[min_sum_hessian_in_leaf: 0.001]
[bagging_fraction: 0.8]
[pos_bagging_fraction: 1]
[neg_bagging_fraction: 1]
[bagging_freq: 0]
[bagging_seed: 400]
[bagging_by_query: 0]
[feature_fraction: 0.8]
[feature_fraction_bynode: 1]
[feature_fraction_seed: 30056]
[extra_trees: 0]
[extra_seed: 12879]
[early_stopping_round: 0]
[early_stopping_min_delta: 0]
[first_metric_only: 0]
[max_delta_step: 0]
[lambda_l1: 0]
[lambda_l2: 0]
[linear_lambda: 0]
[min_gain_to_split: 0]
[drop_rate: 0.1]
[max_drop: 50]
[skip_drop: 0.5]
[xgboost_dart_mode: 0]
[uniform_drop: 0]
[drop_seed: 17869]
[top_rate: 0.2]
[other_rate: 0.1]
[min_data_per_group: 100]
[max_cat_threshold: 32]
[cat_l2: 10]
[cat_smooth: 10]
[max_cat_to_onehot: 4]
[top_k: 20]
[monotone_constraints: ]
[monotone_constraints_method: basic]
[monotone_penalty: 0]
[feature_contri: ]
[forcedsplits_filename: ]
[refit_decay_rate: 0.9]
[cegb_tradeoff: 1]
[cegb_penalty_split: 0]
[cegb_penalty_feature_lazy: ]
[cegb_penalty_feature_coupled: ]
[path_smooth: 0]
[interaction_constraints: ]
[verbosity: 1]
[saved_feature_importance_type: 0]
[use_quantized_grad: 0]
[num_grad_quant_bins: 4]
[quant_train_renew_leaf: 0]
[stochastic_rounding: 1]
[linear_tree: 0]
[max_bin: 255]
[max_bin_by_feature: ]
[min_data_in_bin: 3]
[bin_construct_sample_cnt: 200000]
[data_random_seed: 175]
[is_enable_sparse: 1]
[enable_bundle: 1]
[use_missing: 1]
[zero_as_missing: 0]
[feature_pre_filter: 1]
[pre_partition: 0]
[two_round: 0]
[header: 0]
[label_column: ]
[weight_column: ]
[group_column: ]
[ignore_column: ]
[categorical_feature: ]
[forcedbins_filename: ]
[precise_float_parser: 0]
[parser_config_file: ]
[objective_seed: 16083]
[num_class: 1]
[is_unbalance: 0]
[scale_pos_weight: 1]
[sigmoid: 1]
[boost_from_average: 1]
[reg_sqrt: 0]
[alpha: 0.9]
[fair_c: 1]
[poisson_max_delta_step: 0.7]
[tweedie_variance_power: 1.5]
[lambdarank_truncation_level: 30]
[lambdarank_norm: 1]
[label_gain: ]
[lambdarank_position_bias_regularization: 0]
[eval_at: ]
[multi_error_top_k: 1]
[auc_mu_weights: ]
[num_machines: 1]
[local_listen_port: 12400]
[time_out: 120]
[machine_list_filename: ]
[machines: ]
[gpu_platform_id: -1]
[gpu_device_id: -1]
[gpu_device_id_list: ]
[gpu_use_dp: 0]
[num_gpu: 1]

end of parameters

pandas_categorical:[]
